Time,TrueAlt,EstAlt,TrueVel,EstVel,EstAngle,TrueLat,TrueLon,EstLat,EstLon
0.01,0.00846344,0.0084493,0.846344,0.84493,0.000679044,28.6084,-80.6043,28.6084,-80.6043
0.02,0.0253903,0.0253567,1.69269,1.69074,-0.000297767,28.6084,-80.6043,28.6084,-80.6043
0.03,0.0507806,0.0507443,2.53903,2.53876,0.000107012,28.6084,-80.6043,28.6084,-80.6043
0.04,0.0846342,0.0845813,3.38536,3.3837,0.000850632,28.6084,-80.6043,28.6084,-80.6043
0.05,0.126951,0.126893,4.23169,4.23121,0.000236619,28.6084,-80.6043,28.6084,-80.6043
0.06,0.177731,0.177688,5.078,5.07943,0.000381115,28.6084,-80.6043,28.6084,-80.6043
0.07,0.236974,0.236953,5.9243,5.92654,-0.000328023,28.6084,-80.6043,28.6084,-80.6043
0.08,0.30468,0.304664,6.77059,6.77113,-0.000391874,28.6084,-80.6043,28.6084,-80.6043
0.09,0.380849,0.380824,7.61686,7.61591,-0.00123434,28.6084,-80.6043,28.6084,-80.6043
0.1,0.46548,0.192769,8.46311,8.46052,-0.00214471,28.6084,-80.6043,28.6084,-80.6043
0.11,0.558573,0.285842,9.30933,9.3073,-0.00198708,28.6084,-80.6043,28.6084,-80.6043
0.12,0.660128,0.387389,10.1555,10.1547,-0.00281686,28.6084,-80.6043,28.6084,-80.6043
0.13,0.770145,0.497399,11.0017,11.001,-0.00310054,28.6084,-80.6043,28.6084,-80.6043
0.14,0.888624,0.61586,11.8479,11.8461,-0.00248972,28.6084,-80.6043,28.6084,-80.6043
0.15,1.01556,0.74277,12.694,12.691,-0.002795,28.6084,-80.6043,28.6084,-80.6043
0.16,1.15096,0.878136,13.54,13.5366,-0.0025473,28.6084,-80.6043,28.6084,-80.6043
0.17,1.29482,1.02197,14.3861,14.3835,-0.00273691,28.6084,-80.6043,28.6084,-80.6043
0.18,1.44715,1.17427,15.2321,15.2297,-0.00290186,28.6084,-80.6043,28.6084,-80.6043
0.19,1.60793,1.33503,16.078,16.0759,-0.00307352,28.6084,-80.6043,28.6084,-80.6043
0.2,1.77717,1.82768,16.924,16.9207,-0.00257351,28.6084,-80.6043,28.6084,-80.6043
0.21,1.95486,2.00534,17.7698,17.7661,-0.00267061,28.6084,-80.6043,28.6084,-80.6043
0.22,2.14102,2.19146,18.6157,18.6121,-0.00194651,28.6084,-80.6043,28.6084,-80.6043
0.23,2.33564,2.38606,19.4614,19.4595,-0.00161806,28.6084,-80.6043,28.6084,-80.6043
0.24,2.53871,2.58913,20.3071,20.307,-0.00259579,28.6084,-80.6043,28.6084,-80.6043
0.25,2.75023,2.80066,21.1528,21.1535,-0.00243943,28.6084,-80.6043,28.6084,-80.6043
0.26,2.97022,3.02067,21.9984,22.0008,-0.00286371,28.6084,-80.6043,28.6084,-80.6043
0.27,3.19866,3.24913,22.844,22.8459,-0.00383519,28.6084,-80.6043,28.6084,-80.6043
0.28,3.43555,3.48605,23.6894,23.6926,-0.0033643,28.6084,-80.6043,28.6084,-80.6043
0.29,3.6809,3.73142,24.5349,24.537,-0.00311301,28.6084,-80.6043,28.6084,-80.6043
0.3,3.9347,4.06922,25.3802,25.3841,-0.00292663,28.6084,-80.6043,28.6084,-80.6043
0.31,4.19696,4.3315,26.2255,26.2275,-0.00330998,28.6084,-80.6043,28.6084,-80.6043
0.32,4.46767,4.60222,27.0707,27.0724,-0.00411131,28.6084,-80.6043,28.6084,-80.6043
0.33,4.74682,4.8814,27.9158,27.9184,-0.0031484,28.6084,-80.6043,28.6084,-80.6043
0.34,5.03443,5.16904,28.7609,28.7635,-0.0022672,28.6084,-80.6043,28.6084,-80.6043
0.35,5.33049,5.46513,29.6059,29.6094,-0.00146043,28.6084,-80.6043,28.6084,-80.6043
0.36,5.635,5.76969,30.4508,30.4552,-0.00209461,28.6084,-80.6043,28.6084,-80.6043
0.37,5.94795,6.08268,31.2956,31.2998,-0.00191532,28.6084,-80.6043,28.6084,-80.6043
0.38,6.26936,6.40411,32.1403,32.1429,-0.00270947,28.6084,-80.6043,28.6084,-80.6043
0.39,6.59921,6.73399,32.9849,32.9877,-0.00348234,28.6084,-80.6043,28.6084,-80.6043
0.4,6.9375,6.84176,33.8295,33.8335,-0.00426505,28.6084,-80.6043,28.6084,-80.6043
0.41,7.28424,7.18852,34.6739,34.6761,-0.0042932,28.6084,-80.6043,28.6084,-80.6043
0.42,7.63942,7.54371,35.5183,35.5187,-0.00345309,28.6084,-80.6043,28.6084,-80.6043
0.43,8.00305,7.90733,36.3625,36.3618,-0.00384747,28.6084,-80.6043,28.6084,-80.6043
0.44,8.37512,8.27939,37.2067,37.2062,-0.00453848,28.6084,-80.6043,28.6084,-80.6043
0.45,8.75562,8.65991,38.0508,38.0518,-0.00440857,28.6084,-80.6043,28.6084,-80.6043
0.46,9.14457,9.04888,38.8947,38.8966,-0.00499992,28.6084,-80.6043,28.6084,-80.6043
0.47,9.54196,9.4463,39.7386,39.7424,-0.00437831,28.6084,-80.6043,28.6084,-80.6043
0.48,9.94778,9.85218,40.5823,40.5879,-0.00343661,28.6084,-80.6043,28.6084,-80.6043
0.49,10.362,10.2665,41.4259,41.4308,-0.00269506,28.6084,-80.6043,28.6084,-80.6043
0.5,10.7847,9.94856,42.2694,42.2751,-0.00323967,28.6084,-80.6043,28.6084,-80.6043
0.51,11.2159,10.3798,43.1128,43.1189,-0.00290689,28.6084,-80.6043,28.6084,-80.6043
0.52,11.6554,10.8194,43.9561,43.9609,-0.0019316,28.6084,-80.6043,28.6084,-80.6043
0.53,12.1034,11.2674,44.7993,44.8052,-0.00149464,28.6084,-80.6043,28.6084,-80.6043
0.54,12.5598,11.7239,45.6423,45.6466,-0.00133208,28.6084,-80.6043,28.6084,-80.6043
0.55,13.0247,12.1888,46.4852,46.4908,-0.0020442,28.6084,-80.6043,28.6084,-80.6043
0.56,13.498,12.6621,47.328,47.3343,-0.00241811,28.6084,-80.6043,28.6084,-80.6043
0.57,13.9797,13.1439,48.1706,48.1758,-0.00221579,28.6084,-80.6043,28.6084,-80.6043
0.58,14.4698,13.6341,49.0131,49.0184,-0.00220834,28.6084,-80.6043,28.6084,-80.6043
0.59,14.9684,14.1327,49.8555,49.8594,-0.00183052,28.6084,-80.6043,28.6084,-80.6043
0.6,15.4753,14.6825,50.6977,50.7012,-0.00140687,28.6084,-80.6043,28.6084,-80.6043
0.61,15.9907,15.1979,51.5398,51.5429,-0.00100442,28.6084,-80.6043,28.6084,-80.6043
0.62,16.5146,15.7218,52.3818,52.3837,-0.000935974,28.6084,-80.6043,28.6084,-80.6043
0.63,17.0468,16.254,53.2236,53.2262,-0.000864996,28.6084,-80.6043,28.6084,-80.6043
0.64,17.5874,16.7947,54.0653,54.0675,-0.00111622,28.6084,-80.6043,28.6084,-80.6043
0.65,18.1365,17.3438,54.9068,54.9101,-0.00210948,28.6084,-80.6043,28.6084,-80.6043
0.66,18.694,17.9013,55.7482,55.7505,-0.00225034,28.6084,-80.6043,28.6084,-80.6043
0.67,19.2599,18.4672,56.5894,56.5905,-0.00275583,28.6084,-80.6043,28.6084,-80.6043
0.68,19.8342,19.0415,57.4305,57.4303,-0.00193608,28.6084,-80.6043,28.6084,-80.6043
0.69,20.4169,19.6242,58.2714,58.2706,-0.00137575,28.6084,-80.6043,28.6084,-80.6043
0.7,21.008,19.8969,59.1121,59.1123,-0.00139095,28.6084,-80.6043,28.6084,-80.6043
0.71,21.6076,20.4965,59.9527,59.9528,-0.00100431,28.6084,-80.6043,28.6084,-80.6043
0.72,22.2155,21.1044,60.7931,60.7914,-0.000835397,28.6084,-80.6043,28.6084,-80.6043
0.73,22.8318,21.7207,61.6333,61.6305,-0.00141679,28.6084,-80.6043,28.6084,-80.6043
0.74,23.4566,22.3454,62.4734,62.4696,-0.00122327,28.6084,-80.6043,28.6084,-80.6043
0.75,24.0897,22.9785,63.3133,63.3112,-0.000875774,28.6084,-80.6043,28.6084,-80.6043
0.76,24.7312,23.62,64.1531,64.1498,-0.000631066,28.6084,-80.6043,28.6084,-80.6043
0.77,25.3811,24.2699,64.9926,64.9909,-0.000161009,28.6084,-80.6043,28.6084,-80.6043
0.78,26.0395,24.9282,65.832,65.8294,-0.000320169,28.6084,-80.6043,28.6084,-80.6043
0.79,26.7062,25.5949,66.6712,66.6672,1.74631e-05,28.6084,-80.6043,28.6084,-80.6043
0.8,27.3813,25.3537,67.5102,67.5049,-0.000695736,28.6084,-80.6043,28.6084,-80.6043
0.81,28.0648,26.0372,68.3491,68.3455,-0.00102615,28.6084,-80.6043,28.6084,-80.6043
0.82,28.7566,26.729,69.1877,69.1828,-0.000402036,28.6084,-80.6043,28.6084,-80.6043
0.83,29.4569,27.4292,70.0262,70.0202,-0.000353757,28.6084,-80.6043,28.6084,-80.6043
0.84,30.1656,28.1378,70.8644,70.8589,0.000609572,28.6084,-80.6043,28.6084,-80.6043
0.85,30.8826,28.8548,71.7025,71.695,-0.000283446,28.6084,-80.6043,28.6084,-80.6043
0.86,31.608,29.5801,72.5404,72.531,0.000136273,28.6084,-80.6043,28.6084,-80.6043
0.87,32.3418,30.3137,73.378,73.3672,0.000368602,28.6084,-80.6043,28.6084,-80.6043
0.88,33.0839,31.0558,74.2155,74.2063,1.90516e-05,28.6084,-80.6043,28.6084,-80.6043
0.89,33.8344,31.8062,75.0528,75.0451,2.63748e-05,28.6084,-80.6043,28.6084,-80.6043
0.9,34.5933,32.2282,75.8898,75.8811,0.000152934,28.6084,-80.6043,28.6084,-80.6043
0.91,35.3606,32.9954,76.7267,76.7188,4.93543e-05,28.6084,-80.6043,28.6084,-80.6043
0.92,36.1362,33.7709,77.5634,77.5552,-0.00062437,28.6084,-80.6043,28.6084,-80.6043
0.93,36.9202,34.5549,78.3998,78.3931,-0.000465321,28.6084,-80.6043,28.6084,-80.6043
0.94,37.7126,35.3472,79.236,79.2307,-0.00136086,28.6084,-80.6043,28.6084,-80.6043
0.95,38.5133,36.1479,80.072,80.0676,-0.000840112,28.6084,-80.6043,28.6084,-80.6043
0.96,39.3224,36.9569,80.9078,80.904,-0.00172467,28.6084,-80.6043,28.6084,-80.6043
0.97,40.1398,37.7743,81.7434,81.7413,-0.00176976,28.6084,-80.6043,28.6084,-80.6043
0.98,40.9656,38.6001,82.5787,82.5759,-0.00184939,28.6084,-80.6043,28.6084,-80.6043
0.99,41.7998,39.4342,83.4138,83.4093,-0.00228129,28.6084,-80.6043,28.6084,-80.6043
1,42.6422,40.1537,84.2487,84.2441,-0.00303495,28.6084,-80.6043,28.6084,-80.6043
1.01,43.4931,41.0045,85.0834,85.078,-0.00355676,28.6084,-80.6043,28.6084,-80.6043
1.02,44.3523,41.8636,85.9178,85.9138,-0.00336246,28.6084,-80.6043,28.6084,-80.6043
1.03,45.2198,42.7311,86.752,86.7492,-0.00359299,28.6084,-80.6043,28.6084,-80.6043
1.04,46.0956,43.6069,87.586,87.5824,-0.00323423,28.6084,-80.6043,28.6084,-80.6043
1.05,46.9798,44.4911,88.4197,88.4174,-0.00275201,28.6084,-80.6043,28.6084,-80.6043
1.06,47.8724,45.3836,89.2532,89.2523,-0.00234886,28.6084,-80.6043,28.6084,-80.6043
1.07,48.7732,46.2845,90.0865,90.0848,-0.00199991,28.6084,-80.6043,28.6084,-80.6043
1.08,49.6824,47.1937,90.9195,90.9188,-0.00291279,28.6084,-80.6043,28.6084,-80.6043
1.09,50.5999,48.1112,91.7522,91.7513,-0.00307437,28.6084,-80.6043,28.6084,-80.6043
1.1,51.5258,48.1692,92.5847,92.5822,-0.00333259,28.6084,-80.6043,28.6084,-80.6043
1.11,52.46,49.1034,93.417,93.4161,-0.00267043,28.6084,-80.6043,28.6084,-80.6043
1.12,53.4025,50.0459,94.249,94.2499,-0.00229499,28.6084,-80.6043,28.6084,-80.6043
1.13,54.3533,50.9967,95.0807,95.0809,-0.00311597,28.6084,-80.6043,28.6084,-80.6043
1.14,55.3124,51.9558,95.9122,95.9104,-0.00312718,28.6084,-80.6043,28.6084,-80.6043
1.15,56.2798,52.9232,96.7434,96.741,-0.00225637,28.6084,-80.6043,28.6084,-80.6043
1.16,57.2556,53.8989,97.5744,97.5723,-0.00147053,28.6084,-80.6043,28.6084,-80.6043
1.17,58.2396,54.883,98.4051,98.404,-0.00210047,28.6084,-80.6043,28.6084,-80.6043
1.18,59.232,55.8753,99.2356,99.2353,-0.00281729,28.6084,-80.6043,28.6084,-80.6043
1.19,60.2326,56.876,100.066,100.065,-0.00305134,28.6084,-80.6043,28.6084,-80.6043
1.2,61.2416,57.2461,100.896,100.897,-0.00359582,28.6084,-80.6043,28.6084,-80.6043
1.21,62.2588,58.2634,101.725,101.726,-0.00349903,28.6084,-80.6043,28.6084,-80.6043
1.22,63.2844,59.2889,102.555,102.557,-0.00363919,28.6084,-80.6043,28.6084,-80.6043
1.23,64.3182,60.3228,103.384,103.386,-0.00396957,28.6084,-80.6043,28.6084,-80.6043
1.24,65.3603,61.365,104.212,104.216,-0.00358308,28.6084,-80.6043,28.6084,-80.6043
1.25,66.4108,62.4154,105.041,105.046,-0.00309151,28.6084,-80.6043,28.6084,-80.6043
1.26,67.4694,63.4741,105.869,105.872,-0.00301795,28.6084,-80.6043,28.6084,-80.6043
1.27,68.5364,64.5411,106.697,106.701,-0.00244868,28.6084,-80.6043,28.6084,-80.6043
1.28,69.6117,65.6164,107.525,107.53,-0.0018454,28.6084,-80.6043,28.6084,-80.6043
1.29,70.6952,66.7,108.352,108.359,-0.00216744,28.6084,-80.6043,28.6084,-80.6043
1.3,71.787,67.4147,109.179,109.184,-0.0017204,28.6084,-80.6043,28.6084,-80.6043
1.31,72.887,68.5148,110.006,110.013,-0.00175965,28.6084,-80.6043,28.6084,-80.6043
1.32,73.9954,69.6232,110.833,110.838,-0.00130614,28.6084,-80.6043,28.6084,-80.6043
1.33,75.112,70.7398,111.659,111.664,-0.00110907,28.6084,-80.6043,28.6084,-80.6043
1.34,76.2368,71.8647,112.485,112.489,-0.000916054,28.6084,-80.6043,28.6084,-80.6043
1.35,77.3699,72.9979,113.31,113.316,-0.00124562,28.6084,-80.6043,28.6084,-80.6043
1.36,78.5113,74.1393,114.136,114.14,-0.00149623,28.6084,-80.6043,28.6084,-80.6043
1.37,79.6609,75.2889,114.961,114.964,-0.00109116,28.6084,-80.6043,28.6084,-80.6043
1.38,80.8187,76.4468,115.785,115.791,-0.000951175,28.6084,-80.6043,28.6084,-80.6043
1.39,81.9848,77.613,116.61,116.615,-0.000631375,28.6084,-80.6043,28.6084,-80.6043
1.4,83.1592,77.7205,117.434,117.438,-0.00103648,28.6084,-80.6043,28.6084,-80.6043
1.41,84.3417,78.9031,118.258,118.263,-0.00201734,28.6084,-80.6043,28.6084,-80.6043
1.42,85.5326,80.094,119.081,119.087,-0.00170322,28.6084,-80.6043,28.6084,-80.6043
1.43,86.7316,81.2931,119.904,119.911,-0.00204408,28.6084,-80.6043,28.6084,-80.6043
1.44,87.9389,82.5005,120.727,120.736,-0.00116118,28.6084,-80.6043,28.6084,-80.6043
1.45,89.1544,83.716,121.549,121.557,-0.000315383,28.6084,-80.6043,28.6084,-80.6043
1.46,90.3781,84.9398,122.372,122.381,-0.000248451,28.6084,-80.6043,28.6084,-80.6043
1.47,91.61,86.1718,123.193,123.201,0.000134289,28.6084,-80.6043,28.6084,-80.6043
1.48,92.8502,87.412,124.015,124.021,0.000400934,28.6084,-80.6043,28.6084,-80.6043
1.49,94.0985,88.6605,124.836,124.843,0.00090482,28.6084,-80.6043,28.6084,-80.6043
1.5,95.3551,89.6721,125.657,125.664,0.000177453,28.6084,-80.6043,28.6084,-80.6043
1.51,96.6199,90.9369,126.478,126.482,-7.95509e-05,28.6084,-80.6043,28.6084,-80.6043
1.52,97.8928,92.2099,127.298,127.304,0.000522382,28.6084,-80.6043,28.6084,-80.6043
1.53,99.174,93.4912,128.118,128.125,7.98977e-05,28.6084,-80.6043,28.6084,-80.6043
1.54,100.463,94.7806,128.937,128.945,-0.000485738,28.6084,-80.6043,28.6084,-80.6043
1.55,101.761,96.0782,129.756,129.764,-0.00105038,28.6084,-80.6043,28.6084,-80.6043
1.56,103.067,97.3841,130.575,130.581,-0.000878825,28.6084,-80.6043,28.6084,-80.6043
1.57,104.381,98.6981,131.394,131.4,-0.000505395,28.6084,-80.6043,28.6084,-80.6043
1.58,105.703,100.02,132.212,132.218,-0.001328,28.6084,-80.6043,28.6084,-80.6043
1.59,107.033,101.351,133.03,133.037,-0.00165112,28.6084,-80.6043,28.6084,-80.6043
1.6,108.372,102.417,133.847,133.853,-0.00143981,28.6084,-80.6043,28.6084,-80.6043
1.61,109.718,103.763,134.664,134.669,-0.00115894,28.6084,-80.6043,28.6084,-80.6043
1.62,111.073,105.118,135.481,135.488,-0.000497557,28.6084,-80.6043,28.6084,-80.6043
1.63,112.436,106.481,136.297,136.303,9.34881e-05,28.6084,-80.6043,28.6084,-80.6043
1.64,113.807,107.852,137.113,137.12,0.000560246,28.6084,-80.6043,28.6084,-80.6043
1.65,115.186,109.232,137.929,137.937,0.000774635,28.6084,-80.6043,28.6084,-80.6043
1.66,116.574,110.619,138.744,138.753,0.000381309,28.6084,-80.6043,28.6084,-80.6043
1.67,117.969,112.015,139.559,139.567,0.000118622,28.6084,-80.6043,28.6084,-80.6043
1.68,119.373,113.419,140.374,140.38,0.000344723,28.6084,-80.6043,28.6084,-80.6043
1.69,120.785,114.831,141.188,141.196,0.00026874,28.6084,-80.6043,28.6084,-80.6043
1.7,122.205,115.773,142.002,142.009,-0.000636853,28.6084,-80.6043,28.6084,-80.6043
1.71,123.633,117.201,142.815,142.822,-2.4181e-05,28.6084,-80.6043,28.6084,-80.6043
1.72,125.069,118.637,143.628,143.634,-0.00068015,28.6084,-80.6043,28.6084,-80.6043
1.73,126.514,120.082,144.441,144.448,4.21148e-05,28.6084,-80.6043,28.6084,-80.6043
1.74,127.966,121.534,145.253,145.261,-0.000884239,28.6084,-80.6043,28.6084,-80.6043
1.75,129.427,122.995,146.065,146.072,-0.000257221,28.6084,-80.6043,28.6084,-80.6043
1.76,130.896,124.464,146.877,146.885,-0.00104277,28.6084,-80.6043,28.6084,-80.6043
1.77,132.373,125.941,147.688,147.697,-0.000957244,28.6084,-80.6043,28.6084,-80.6043
1.78,133.858,127.426,148.499,148.508,-0.000750332,28.6084,-80.6043,28.6084,-80.6043
1.79,135.351,128.919,149.309,149.317,-0.0015216,28.6084,-80.6043,28.6084,-80.6043
1.8,136.852,130.017,150.12,150.127,-0.00105642,28.6084,-80.6043,28.6084,-80.6043
1.81,138.361,131.526,150.929,150.937,-0.00192265,28.6084,-80.6043,28.6084,-80.6043
1.82,139.879,133.044,151.738,151.745,-0.00275573,28.6084,-80.6043,28.6084,-80.6043
1.83,141.404,134.569,152.547,152.554,-0.00199527,28.6084,-80.6043,28.6084,-80.6043
1.84,142.938,136.103,153.356,153.363,-0.00125689,28.6084,-80.6043,28.6084,-80.6043
1.85,144.479,137.644,154.164,154.173,-0.00218263,28.6084,-80.6043,28.6084,-80.6043
1.86,146.029,139.194,154.972,154.981,-0.00171508,28.6084,-80.6043,28.6084,-80.6043
1.87,147.587,140.752,155.779,155.787,-0.00108262,28.6084,-80.6043,28.6084,-80.6043
1.88,149.153,142.318,156.586,156.595,-0.00192933,28.6084,-80.6043,28.6084,-80.6043
1.89,150.727,143.892,157.392,157.4,-0.00159807,28.6084,-80.6043,28.6084,-80.6043
1.9,152.309,145.101,158.198,158.207,-0.00231768,28.6084,-80.6043,28.6084,-80.6043
1.91,153.899,146.692,159.004,159.012,-0.00142142,28.6084,-80.6043,28.6084,-80.6043
1.92,155.497,148.29,159.809,159.819,-0.00235815,28.6084,-80.6043,28.6084,-80.6043
1.93,157.103,149.896,160.614,160.624,-0.00326641,28.6084,-80.6043,28.6084,-80.6043
1.94,158.717,151.51,161.419,161.427,-0.00409265,28.6084,-80.6043,28.6084,-80.6043
1.95,160.339,153.133,162.223,162.232,-0.00343654,28.6084,-80.6043,28.6084,-80.6043
1.96,161.97,154.763,163.026,163.037,-0.00274585,28.6084,-80.6043,28.6084,-80.6043
1.97,163.608,156.401,163.83,163.842,-0.0037279,28.6084,-80.6043,28.6084,-80.6043
1.98,165.254,158.048,164.633,164.645,-0.00320991,28.6084,-80.6043,28.6084,-80.6043
1.99,166.909,159.702,165.435,165.448,-0.00342097,28.6084,-80.6043,28.6084,-80.6043
2,168.571,160.769,166.237,166.25,-0.00323783,28.6084,-80.6043,28.6083,-80.6043
2.01,170.241,162.439,167.038,167.05,-0.00262367,28.6084,-80.6043,28.6083,-80.6043
2.02,171.92,164.118,167.84,167.85,-0.00219437,28.6084,-80.6043,28.6083,-80.6043
2.03,173.606,165.804,168.64,168.65,-0.00255077,28.6084,-80.6043,28.6083,-80.6043
2.04,175.301,167.499,169.44,169.449,-0.00339517,28.6084,-80.6043,28.6083,-80.6043
2.05,177.003,169.201,170.24,170.248,-0.00436951,28.6084,-80.6043,28.6083,-80.6043
2.06,178.713,170.912,171.04,171.046,-0.00372648,28.6084,-80.6043,28.6083,-80.6043
2.07,180.432,172.63,171.839,171.843,-0.00421562,28.6084,-80.6043,28.6083,-80.6043
2.08,182.158,174.357,172.637,172.643,-0.00354129,28.6084,-80.6043,28.6083,-80.6043
2.09,183.892,176.091,173.435,173.44,-0.00287347,28.6084,-80.6043,28.6083,-80.6043
2.1,185.635,176.994,174.233,174.238,-0.00194897,28.6084,-80.6043,28.6083,-80.6043
2.11,187.385,178.745,175.03,175.037,-0.00150648,28.6084,-80.6043,28.6083,-80.6043
2.12,189.143,180.503,175.827,175.833,-0.00130197,28.6084,-80.6043,28.6083,-80.6043
2.13,190.91,182.269,176.623,176.629,-0.000324179,28.6084,-80.6043,28.6083,-80.6043
2.14,192.684,184.044,177.419,177.425,0.000331595,28.6084,-80.6043,28.6083,-80.6043
2.15,194.466,185.826,178.215,178.222,0.000323318,28.6084,-80.6043,28.6083,-80.6043
2.16,196.256,187.616,179.01,179.019,0.000682712,28.6084,-80.6043,28.6083,-80.6043
2.17,198.054,189.414,179.804,179.814,0.000865818,28.6084,-80.6043,28.6083,-80.6043
2.18,199.86,191.22,180.598,180.606,0.00186435,28.6084,-80.6043,28.6083,-80.6043
2.19,201.674,193.034,181.392,181.401,0.00123364,28.6084,-80.6043,28.6083,-80.6043
2.2,203.496,193.817,182.185,182.193,0.00162712,28.6084,-80.6043,28.6083,-80.6043
2.21,205.326,195.647,182.978,182.985,0.002138,28.6084,-80.6043,28.6083,-80.6043
2.22,207.163,197.485,183.77,183.777,0.00313623,28.6084,-80.6043,28.6083,-80.6043
2.23,209.009,199.33,184.562,184.57,0.00340221,28.6084,-80.6043,28.6083,-80.6043
2.24,210.862,201.184,185.354,185.362,0.00295244,28.6084,-80.6043,28.6083,-80.6043
2.25,212.724,203.045,186.144,186.154,0.00330426,28.6084,-80.6043,28.6083,-80.6043
2.26,214.593,204.915,186.935,186.944,0.00293722,28.6084,-80.6043,28.6083,-80.6043
2.27,216.47,206.792,187.725,187.732,0.00210755,28.6084,-80.6043,28.6083,-80.6043
2.28,218.356,208.677,188.514,188.523,0.0012318,28.6084,-80.6043,28.6083,-80.6043
2.29,220.249,210.571,189.303,189.313,0.0013359,28.6084,-80.6043,28.6083,-80.6043
2.3,222.15,211.348,190.092,190.103,0.000779839,28.6084,-80.6043,28.6083,-80.6043
2.31,224.058,213.257,190.88,190.891,0.00157871,28.6084,-80.6043,28.6083,-80.6043
2.32,225.975,215.173,191.668,191.676,0.00186799,28.6084,-80.6043,28.6083,-80.6043
2.33,227.9,217.098,192.455,192.465,0.00227683,28.6084,-80.6043,28.6083,-80.6043
2.34,229.832,219.031,193.242,193.253,0.00161263,28.6084,-80.6043,28.6083,-80.6043
2.35,231.772,220.971,194.028,194.039,0.000859351,28.6084,-80.6043,28.6083,-80.6043
2.36,233.72,222.919,194.814,194.824,0.000172549,28.6084,-80.6043,28.6083,-80.6043
2.37,235.676,224.875,195.599,195.61,-0.000311998,28.6084,-80.6043,28.6083,-80.6043
2.38,237.64,226.839,196.384,196.396,-0.000700274,28.6084,-80.6043,28.6083,-80.6043
2.39,239.612,228.811,197.168,197.178,-0.00165164,28.6084,-80.6043,28.6083,-80.6043
2.4,241.591,230.155,197.952,197.964,-0.00111832,28.6084,-80.6043,28.6083,-80.6043
2.41,243.579,232.143,198.735,198.747,-0.000438542,28.6084,-80.6043,28.6083,-80.6043
2.42,245.574,234.138,199.518,199.53,0.000444953,28.6084,-80.6043,28.6083,-80.6043
2.43,247.577,236.141,200.301,200.314,8.19418e-05,28.6084,-80.6043,28.6083,-80.6043
2.44,249.588,238.152,201.083,201.096,0.00060217,28.6084,-80.6043,28.6083,-80.6043
2.45,251.606,240.171,201.864,201.878,0.00144767,28.6084,-80.6043,28.6083,-80.6043
2.46,253.633,242.197,202.645,202.658,0.00132747,28.6084,-80.6043,28.6083,-80.6043
2.47,255.667,244.232,203.425,203.44,0.00221257,28.6084,-80.6043,28.6083,-80.6043
2.48,257.709,246.274,204.205,204.219,0.00250792,28.6084,-80.6043,28.6083,-80.6043
2.49,259.759,248.324,204.985,205,0.00252093,28.6084,-80.6043,28.6083,-80.6043
2.5,261.817,249.419,205.764,205.777,0.00331132,28.6084,-80.6043,28.6083,-80.6043
2.51,263.882,251.485,206.542,206.557,0.00344746,28.6084,-80.6043,28.6083,-80.6043
2.52,265.955,253.558,207.32,207.333,0.00435673,28.6084,-80.6043,28.6083,-80.6043
2.53,268.036,255.639,208.097,208.112,0.00358391,28.6084,-80.6043,28.6083,-80.6043
2.54,270.125,257.728,208.874,208.89,0.00413398,28.6084,-80.6043,28.6083,-80.6043
2.55,272.222,259.825,209.651,209.668,0.00410633,28.6084,-80.6043,28.6083,-80.6043
2.56,274.326,261.929,210.427,210.446,0.00454661,28.6084,-80.6043,28.6083,-80.6043
2.57,276.438,264.041,211.202,211.22,0.00541534,28.6084,-80.6043,28.6083,-80.6043
2.58,278.558,266.161,211.977,211.996,0.00520945,28.6084,-80.6043,28.6083,-80.6043
2.59,280.685,268.289,212.752,212.77,0.00497399,28.6084,-80.6043,28.6083,-80.6043
2.6,282.82,269.476,213.526,213.545,0.00467582,28.6084,-80.6043,28.6083,-80.6043
2.61,284.963,271.619,214.299,214.319,0.00426416,28.6084,-80.6043,28.6083,-80.6043
2.62,287.114,273.77,215.072,215.093,0.0046962,28.6084,-80.6043,28.6083,-80.6043
2.63,289.273,275.928,215.844,215.867,0.00448533,28.6084,-80.6043,28.6083,-80.6043
2.64,291.439,278.095,216.616,216.638,0.00546669,28.6084,-80.6043,28.6083,-80.6043
2.65,293.613,280.269,217.388,217.408,0.00644197,28.6084,-80.6043,28.6083,-80.6043
2.66,295.794,282.451,218.158,218.178,0.00715763,28.6084,-80.6043,28.6083,-80.6043
2.67,297.983,284.64,218.929,218.946,0.00645912,28.6084,-80.6043,28.6083,-80.6043
2.68,300.18,286.837,219.698,219.717,0.00570727,28.6084,-80.6043,28.6083,-80.6043
2.69,302.385,289.042,220.468,220.485,0.00572086,28.6084,-80.6043,28.6083,-80.6043
2.7,304.597,290.503,221.237,221.252,0.0059526,28.6084,-80.6043,28.6083,-80.6043
2.71,306.818,292.723,222.005,222.02,0.00634147,28.6084,-80.6043,28.6083,-80.6043
2.72,309.045,294.951,222.773,222.787,0.00603472,28.6084,-80.6043,28.6083,-80.6043
2.73,311.281,297.187,223.54,223.553,0.0067586,28.6084,-80.6043,28.6083,-80.6043
2.74,313.524,299.43,224.306,224.32,0.00581661,28.6084,-80.6043,28.6083,-80.6043
2.75,315.774,301.681,225.073,225.086,0.00563477,28.6084,-80.6043,28.6083,-80.6043
2.76,318.033,303.939,225.838,225.851,0.00564881,28.6084,-80.6043,28.6083,-80.6043
2.77,320.299,306.205,226.603,226.614,0.0048937,28.6084,-80.6043,28.6083,-80.6043
2.78,322.573,308.479,227.368,227.378,0.00474646,28.6084,-80.6043,28.6083,-80.6043
2.79,324.854,310.76,228.132,228.142,0.00462554,28.6084,-80.6043,28.6083,-80.6043
2.8,327.143,312.651,228.895,228.906,0.00429076,28.6084,-80.6043,28.6083,-80.6043
2.81,329.439,314.947,229.658,229.67,0.00397695,28.6084,-80.6043,28.6083,-80.6043
2.82,331.744,317.252,230.421,230.433,0.00358844,28.6084,-80.6043,28.6083,-80.6043
2.83,334.055,319.564,231.183,231.195,0.0044206,28.6084,-80.6043,28.6083,-80.6043
2.84,336.375,321.883,231.944,231.958,0.0043636,28.6084,-80.6043,28.6083,-80.6043
2.85,338.702,324.211,232.705,232.719,0.0039875,28.6084,-80.6043,28.6083,-80.6043
2.86,341.037,326.545,233.465,233.478,0.00344028,28.6084,-80.6043,28.6083,-80.6043
2.87,343.379,328.888,234.225,234.238,0.00352546,28.6084,-80.6043,28.6083,-80.6043
2.88,345.729,331.238,234.984,234.997,0.0037408,28.6084,-80.6043,28.6083,-80.6043
2.89,348.086,333.595,235.743,235.755,0.00343456,28.6084,-80.6043,28.6083,-80.6043
2.9,350.451,335.382,236.501,236.514,0.0037957,28.6084,-80.6043,28.6083,-80.6043
2.91,352.824,337.755,237.259,237.273,0.00422047,28.6084,-80.6043,28.6083,-80.6043
2.92,355.204,340.135,238.016,238.031,0.00477325,28.6084,-80.6043,28.6083,-80.6043
2.93,357.592,342.523,238.772,238.786,0.00421472,28.6084,-80.6043,28.6083,-80.6043
2.94,359.987,344.919,239.528,239.541,0.00492453,28.6084,-80.6043,28.6083,-80.6043
2.95,362.39,347.322,240.283,240.297,0.00562769,28.6084,-80.6043,28.6083,-80.6043
2.96,364.8,349.732,241.038,241.051,0.00642055,28.6084,-80.6043,28.6083,-80.6043
2.97,367.218,352.15,241.793,241.806,0.00688982,28.6084,-80.6043,28.6083,-80.6043
2.98,369.643,354.576,242.546,242.559,0.00699792,28.6084,-80.6043,28.6083,-80.6043
2.99,372.076,357.009,243.299,243.313,0.00766812,28.6084,-80.6043,28.6083,-80.6043
3,374.517,358.614,244.052,244.064,0.00838637,28.6084,-80.6043,28.6083,-80.6043
3.01,376.965,361.063,244.804,244.814,0.00859609,28.6084,-80.6043,28.6083,-80.6043
3.02,379.421,363.518,245.556,245.567,0.00955038,28.6084,-80.6043,28.6083,-80.6043
3.03,381.884,365.981,246.307,246.316,0.00960183,28.6084,-80.6043,28.6083,-80.6043
3.04,384.354,368.452,247.057,247.067,0.00932297,28.6084,-80.6043,28.6083,-80.6043
3.05,386.832,370.93,247.807,247.816,0.0095354,28.6084,-80.6043,28.6083,-80.6043
3.06,389.318,373.416,248.556,248.564,0.00928913,28.6084,-80.6043,28.6083,-80.6043
3.07,391.811,375.909,249.305,249.314,0.00899493,28.6084,-80.6043,28.6083,-80.6043
3.08,394.311,378.41,250.053,250.061,0.0087555,28.6084,-80.6043,28.6083,-80.6043
3.09,396.819,380.918,250.801,250.807,0.00907682,28.6084,-80.6043,28.6083,-80.6043
3.1,399.335,382.599,251.548,251.554,0.00976171,28.6084,-80.6043,28.6083,-80.6043
3.11,401.858,385.122,252.294,252.3,0.00955468,28.6084,-80.6043,28.6083,-80.6043
3.12,404.388,387.652,253.04,253.047,0.00950554,28.6084,-80.6043,28.6083,-80.6043
3.13,406.926,390.19,253.786,253.793,0.0101087,28.6084,-80.6043,28.6083,-80.6043
3.14,409.471,392.736,254.531,254.538,0.0106985,28.6084,-80.6043,28.6083,-80.6043
3.15,412.024,395.288,255.275,255.281,0.0098588,28.6084,-80.6043,28.6083,-80.6043
3.16,414.584,397.849,256.019,256.025,0.0100968,28.6084,-80.6043,28.6083,-80.6043
3.17,417.152,400.416,256.762,256.77,0.00990133,28.6084,-80.6043,28.6083,-80.6043
3.18,419.727,402.991,257.504,257.513,0.00980339,28.6084,-80.6043,28.6083,-80.6043
3.19,422.309,405.574,258.246,258.253,0.00882857,28.6084,-80.6043,28.6083,-80.6043
3.2,424.899,407.674,258.988,258.995,0.00930648,28.6084,-80.6043,28.6083,-80.6043
3.21,427.497,410.271,259.728,259.735,0.00943829,28.6084,-80.6043,28.6083,-80.6043
3.22,430.101,412.876,260.469,260.475,0.00903384,28.6084,-80.6043,28.6083,-80.6043
3.23,432.713,415.488,261.208,261.217,0.00944769,28.6084,-80.6043,28.6083,-80.6043
3.24,435.333,418.107,261.947,261.958,0.00889352,28.6084,-80.6043,28.6083,-80.6043
3.25,437.96,420.734,262.686,262.696,0.00860098,28.6084,-80.6043,28.6083,-80.6043
3.26,440.594,423.369,263.424,263.436,0.00949269,28.6084,-80.6043,28.6083,-80.6043
3.27,443.236,426.011,264.161,264.172,0.00917003,28.6084,-80.6043,28.6083,-80.6043
3.28,445.885,428.66,264.898,264.909,0.00836562,28.6084,-80.6043,28.6083,-80.6043
3.29,448.541,431.316,265.634,265.646,0.00781207,28.6084,-80.6043,28.6083,-80.6043
3.3,451.205,432.898,266.37,266.382,0.0086627,28.6084,-80.6043,28.6083,-80.6043
3.31,453.876,435.569,267.105,267.118,0.00936394,28.6084,-80.6043,28.6083,-80.6043
3.32,456.554,438.247,267.84,267.85,0.00991443,28.6084,-80.6043,28.6083,-80.6043
3.33,459.24,440.933,268.573,268.584,0.00928123,28.6084,-80.6043,28.6083,-80.6043
3.34,461.933,443.626,269.307,269.318,0.0102628,28.6084,-80.6043,28.6083,-80.6043
3.35,464.633,446.327,270.04,270.052,0.0111376,28.6084,-80.6043,28.6083,-80.6043
3.36,467.341,449.035,270.772,270.783,0.0111141,28.6084,-80.6043,28.6083,-80.6043
3.37,470.056,451.75,271.503,271.514,0.0108232,28.6084,-80.6043,28.6083,-80.6043
3.38,472.778,454.472,272.234,272.245,0.0101168,28.6084,-80.6043,28.6083,-80.6043
3.39,475.508,457.202,272.965,272.975,0.0104315,28.6084,-80.6043,28.6083,-80.6043
3.4,478.245,458.956,273.695,273.705,0.0107649,28.6084,-80.6043,28.6083,-80.6043
3.41,480.989,461.7,274.424,274.435,0.0116907,28.6084,-80.6043,28.6083,-80.6043
3.42,483.741,464.452,275.152,275.165,0.0108314,28.6084,-80.6043,28.6083,-80.6043
3.43,486.5,467.211,275.88,275.891,0.0112403,28.6084,-80.6043,28.6083,-80.6043
3.44,489.266,469.977,276.608,276.618,0.0113702,28.6084,-80.6043,28.6083,-80.6043
3.45,492.039,472.75,277.335,277.345,0.0122541,28.6084,-80.6043,28.6083,-80.6043
3.46,494.82,475.531,278.061,278.072,0.0122148,28.6084,-80.6043,28.6083,-80.6043
3.47,497.607,478.319,278.787,278.8,0.0121417,28.6084,-80.6043,28.6083,-80.6043
3.48,500.403,481.114,279.512,279.526,0.0114937,28.6084,-80.6043,28.6083,-80.6043
3.49,503.205,483.917,280.237,280.25,0.0120393,28.6084,-80.6043,28.6083,-80.6043
3.5,506.015,486.295,280.96,280.972,0.0114166,28.6084,-80.6043,28.6083,-80.6043
3.51,508.831,489.112,281.684,281.697,0.0116736,28.6084,-80.6043,28.6083,-80.6043
3.52,511.655,491.936,282.407,282.418,0.0107158,28.6084,-80.6043,28.6083,-80.6043
3.53,514.487,494.767,283.129,283.141,0.01071,28.6084,-80.6043,28.6083,-80.6043
3.54,517.325,497.606,283.85,283.864,0.0106529,28.6084,-80.6043,28.6083,-80.6043
3.55,520.171,500.452,284.571,284.583,0.010051,28.6084,-80.6043,28.6083,-80.6043
3.56,523.024,503.305,285.292,285.302,0.00930444,28.6084,-80.6043,28.6083,-80.6043
3.57,525.884,506.165,286.011,286.02,0.00867198,28.6084,-80.6043,28.6083,-80.6043
3.58,528.751,509.033,286.731,286.738,0.00919752,28.6084,-80.6043,28.6083,-80.6043
3.59,531.626,511.907,287.449,287.456,0.00970231,28.6084,-80.6043,28.6083,-80.6043
3.6,534.507,514.28,288.167,288.174,0.00954089,28.6084,-80.6043,28.6083,-80.6043
3.61,537.396,517.169,288.885,288.891,0.00936467,28.6084,-80.6043,28.6083,-80.6043
3.62,540.282,520.055,288.614,288.622,0.00967448,28.6084,-80.6043,28.6083,-80.6043
3.63,543.166,522.938,288.343,288.352,0.00898504,28.6084,-80.6043,28.6083,-80.6043
3.64,546.047,525.819,288.073,288.081,0.00935753,28.6084,-80.6043,28.6083,-80.6043
3.65,548.925,528.697,287.803,287.811,0.00887209,28.6084,-80.6043,28.6083,-80.6043
3.66,551.8,531.573,287.534,287.541,0.009817,28.6084,-80.6043,28.6083,-80.6043
3.67,554.673,534.445,287.265,287.272,0.00940487,28.6084,-80.6043,28.6083,-80.6043
3.68,557.543,537.315,286.997,287.004,0.0102819,28.6084,-80.6043,28.6083,-80.6043
3.69,560.41,540.183,286.728,286.738,0.00972023,28.6084,-80.6043,28.6083,-80.6043
3.7,563.274,542.855,286.461,286.468,0.00906311,28.6084,-80.6043,28.6083,-80.6043
3.71,566.136,545.717,286.193,286.2,0.00852265,28.6084,-80.6043,28.6083,-80.6043
3.72,568.996,548.577,285.926,285.933,0.00835566,28.6084,-80.6043,28.6083,-80.6043
3.73,571.852,551.433,285.659,285.669,0.00934308,28.6084,-80.6043,28.6083,-80.6043
3.74,574.706,554.287,285.393,285.401,0.0091132,28.6084,-80.6043,28.6083,-80.6043
3.75,577.557,557.139,285.127,285.135,0.00933215,28.6084,-80.6043,28.6083,-80.6043
3.76,580.406,559.987,284.862,284.868,0.00998193,28.6084,-80.6043,28.6083,-80.6043
3.77,583.252,562.833,284.596,284.603,0.0108076,28.6084,-80.6043,28.6083,-80.6043
3.78,586.095,565.677,284.331,284.338,0.0111452,28.6084,-80.6043,28.6083,-80.6043
3.79,588.936,568.517,284.067,284.073,0.0103432,28.6084,-80.6043,28.6083,-80.6043
3.8,591.774,570.563,283.803,283.807,0.0105389,28.6084,-80.6043,28.6083,-80.6043
3.81,594.609,573.398,283.539,283.542,0.00961736,28.6084,-80.6043,28.6083,-80.6043
3.82,597.442,576.231,283.276,283.28,0.0100832,28.6084,-80.6043,28.6083,-80.6043
3.83,600.272,579.061,283.013,283.018,0.0103596,28.6084,-80.6043,28.6083,-80.6043
3.84,603.1,581.889,282.75,282.758,0.00951976,28.6084,-80.6043,28.6083,-80.6043
3.85,605.925,584.714,282.488,282.496,0.00908908,28.6084,-80.6043,28.6083,-80.6043
3.86,608.747,587.536,282.226,282.234,0.00816791,28.6084,-80.6043,28.6083,-80.6043
3.87,611.567,590.356,281.964,281.973,0.00861924,28.6084,-80.6043,28.6083,-80.6043
3.88,614.384,593.173,281.703,281.71,0.0092087,28.6084,-80.6043,28.6083,-80.6043
3.89,617.198,595.987,281.442,281.451,0.00904274,28.6084,-80.6043,28.6083,-80.6043
3.9,620.01,598.865,281.182,281.189,0.0090508,28.6084,-80.6043,28.6083,-80.6043
3.91,622.819,601.675,280.921,280.93,0.00808584,28.6084,-80.6043,28.6083,-80.6043
3.92,625.626,604.481,280.662,280.67,0.00797665,28.6084,-80.6043,28.6083,-80.6043
3.93,628.43,607.285,280.402,280.412,0.0088334,28.6084,-80.6043,28.6083,-80.6043
3.94,631.231,610.087,280.143,280.153,0.0092314,28.6084,-80.6043,28.6083,-80.6043
3.95,634.03,612.886,279.884,279.894,0.010064,28.6084,-80.6043,28.6083,-80.6043
3.96,636.826,615.682,279.626,279.636,0.0101949,28.6084,-80.6043,28.6083,-80.6043
3.97,639.62,618.476,279.368,279.379,0.0100291,28.6084,-80.6043,28.6083,-80.6043
3.98,642.411,621.267,279.11,279.121,0.00946975,28.6084,-80.6043,28.6083,-80.6043
3.99,645.2,624.056,278.853,278.863,0.00971632,28.6084,-80.6043,28.6083,-80.6043
4,647.985,625.972,278.596,278.604,0.0100239,28.6084,-80.6043,28.6084,-80.6044
4.01,650.769,628.756,278.339,278.349,0.0099336,28.6084,-80.6043,28.6084,-80.6044
4.02,653.55,631.537,278.083,278.093,0.00997034,28.6084,-80.6043,28.6084,-80.6044
4.03,656.328,634.315,277.827,277.837,0.00908375,28.6084,-80.6043,28.6084,-80.6044
4.04,659.104,637.091,277.571,277.58,0.00906358,28.6084,-80.6043,28.6084,-80.6044
4.05,661.877,639.864,277.316,277.323,0.0096259,28.6084,-80.6043,28.6084,-80.6044
4.06,664.647,642.635,277.061,277.07,0.0101469,28.6084,-80.6043,28.6084,-80.6044
4.07,667.415,645.403,276.806,276.816,0.0101064,28.6084,-80.6043,28.6084,-80.6044
4.08,670.181,648.169,276.552,276.562,0.00957789,28.6084,-80.6043,28.6084,-80.6044
4.09,672.944,650.932,276.298,276.307,0.00886524,28.6084,-80.6043,28.6084,-80.6044
4.1,675.704,652.969,276.044,276.055,0.00982167,28.6084,-80.6043,28.6084,-80.6044
4.11,678.462,655.727,275.791,275.802,0.00921878,28.6084,-80.6043,28.6084,-80.6044
4.12,681.218,658.483,275.538,275.551,0.0101541,28.6084,-80.6043,28.6084,-80.6044
4.13,683.971,661.236,275.285,275.297,0.0103215,28.6084,-80.6043,28.6084,-80.6044
4.14,686.721,663.986,275.033,275.046,0.00991737,28.6084,-80.6043,28.6084,-80.6044
4.15,689.469,666.734,274.781,274.792,0.0100338,28.6084,-80.6043,28.6084,-80.6044
4.16,692.214,669.48,274.529,274.54,0.00960997,28.6084,-80.6043,28.6084,-80.6044
4.17,694.957,672.222,274.278,274.288,0.0104453,28.6084,-80.6043,28.6084,-80.6044
4.18,697.697,674.963,274.027,274.038,0.00978043,28.6084,-80.6043,28.6084,-80.6044
4.19,700.435,677.701,273.777,273.785,0.00925107,28.6084,-80.6043,28.6084,-80.6044
4.2,703.17,680.083,273.526,273.534,0.0100354,28.6084,-80.6043,28.6084,-80.6044
4.21,705.903,682.816,273.276,273.283,0.0102388,28.6084,-80.6043,28.6084,-80.6044
4.22,708.633,685.546,273.027,273.034,0.0101624,28.6084,-80.6043,28.6084,-80.6044
4.23,711.361,688.274,272.777,272.786,0.00925532,28.6084,-80.6043,28.6084,-80.6044
4.24,714.086,690.999,272.528,272.537,0.00953252,28.6084,-80.6043,28.6084,-80.6044
4.25,716.809,693.722,272.28,272.287,0.00886497,28.6084,-80.6043,28.6084,-80.6044
4.26,719.529,696.443,272.031,272.04,0.00831145,28.6084,-80.6043,28.6084,-80.6044
4.27,722.247,699.161,271.783,271.791,0.00921268,28.6084,-80.6043,28.6084,-80.6044
4.28,724.962,701.876,271.536,271.543,0.00957236,28.6084,-80.6043,28.6084,-80.6044
4.29,727.675,704.589,271.288,271.297,0.0100718,28.6084,-80.6043,28.6084,-80.6044
4.3,730.386,706.662,271.041,271.05,0.00988959,28.6084,-80.6043,28.6084,-80.6044
4.31,733.094,709.37,270.794,270.802,0.00992912,28.6084,-80.6043,28.6084,-80.6044
4.32,735.799,712.076,270.548,270.554,0.0104329,28.6084,-80.6043,28.6084,-80.6044
4.33,738.502,714.779,270.302,270.309,0.00978824,28.6084,-80.6043,28.6084,-80.6044
4.34,741.203,717.479,270.056,270.065,0.0106465,28.6084,-80.6043,28.6084,-80.6044
4.35,743.901,720.178,269.811,269.818,0.00996218,28.6084,-80.6043,28.6084,-80.6044
4.36,746.597,722.873,269.565,269.574,0.0103052,28.6084,-80.6043,28.6084,-80.6044
4.37,749.29,725.567,269.321,269.331,0.0100916,28.6084,-80.6043,28.6084,-80.6044
4.38,751.981,728.258,269.076,269.086,0.0108011,28.6084,-80.6043,28.6084,-80.6044
4.39,754.669,730.946,268.832,268.844,0.0100962,28.6084,-80.6043,28.6084,-80.6044
4.4,757.355,733.085,268.588,268.602,0.00942601,28.6084,-80.6043,28.6084,-80.6044
4.41,760.038,735.768,268.344,268.356,0.00894808,28.6084,-80.6043,28.6084,-80.6044
4.42,762.719,738.449,268.101,268.111,0.00905693,28.6084,-80.6043,28.6084,-80.6044
4.43,765.398,741.128,267.858,267.87,0.0099206,28.6084,-80.6043,28.6084,-80.6044
4.44,768.074,743.804,267.615,267.627,0.0102391,28.6084,-80.6043,28.6084,-80.6044
4.45,770.748,746.478,267.373,267.384,0.0101454,28.6084,-80.6043,28.6084,-80.6044
4.46,773.419,749.15,267.131,267.142,0.0108664,28.6084,-80.6043,28.6084,-80.6044
4.47,776.088,751.819,266.889,266.901,0.0107017,28.6084,-80.6043,28.6084,-80.6044
4.48,778.754,754.485,266.648,266.659,0.0110967,28.6084,-80.6043,28.6084,-80.6044
4.49,781.418,757.149,266.406,266.418,0.0110506,28.6084,-80.6043,28.6084,-80.6044
4.5,784.08,759.436,266.166,266.178,0.011176,28.6084,-80.6043,28.6084,-80.6044
4.51,786.739,762.096,265.925,265.937,0.0109179,28.6084,-80.6043,28.6084,-80.6044
4.52,789.396,764.753,265.685,265.698,0.0118134,28.6084,-80.6043,28.6084,-80.6044
4.53,792.051,767.407,265.445,265.457,0.0124139,28.6084,-80.6043,28.6084,-80.6044
4.54,794.703,770.06,265.205,265.216,0.0116241,28.6084,-80.6043,28.6084,-80.6044
4.55,797.352,772.709,264.966,264.978,0.0110758,28.6084,-80.6043,28.6084,-80.6044
4.56,800,775.357,264.727,264.738,0.0105282,28.6084,-80.6043,28.6084,-80.6044
4.57,802.644,778.002,264.488,264.499,0.0110526,28.6084,-80.6043,28.6084,-80.6044
4.58,805.287,780.644,264.25,264.259,0.0105302,28.6084,-80.6043,28.6084,-80.6044
4.59,807.927,783.284,264.012,264.019,0.0111828,28.6084,-80.6043,28.6084,-80.6044
4.6,810.565,785.943,263.774,263.781,0.0112217,28.6084,-80.6043,28.6084,-80.6044
4.61,813.2,788.578,263.536,263.544,0.0103003,28.6084,-80.6043,28.6084,-80.6044
4.62,815.833,791.211,263.299,263.308,0.011276,28.6084,-80.6043,28.6084,-80.6044
4.63,818.464,793.842,263.062,263.072,0.0109052,28.6084,-80.6043,28.6084,-80.6044
4.64,821.092,796.47,262.825,262.835,0.0109133,28.6084,-80.6043,28.6084,-80.6044
4.65,823.718,799.096,262.589,262.6,0.0116597,28.6084,-80.6043,28.6084,-80.6044
4.66,826.341,801.72,262.353,262.366,0.0111562,28.6084,-80.6043,28.6084,-80.6044
4.67,828.963,804.341,262.117,262.131,0.0119375,28.6084,-80.6043,28.6084,-80.6044
4.68,831.581,806.96,261.881,261.895,0.0118876,28.6084,-80.6043,28.6084,-80.6044
4.69,834.198,809.577,261.646,261.662,0.0120456,28.6084,-80.6043,28.6084,-80.6044
4.7,836.812,812.232,261.411,261.427,0.0114692,28.6084,-80.6043,28.6084,-80.6044
4.71,839.424,814.844,261.177,261.193,0.0115068,28.6084,-80.6043,28.6084,-80.6044
4.72,842.033,817.454,260.942,260.959,0.0121738,28.6084,-80.6043,28.6084,-80.6044
4.73,844.64,820.061,260.708,260.726,0.0124042,28.6084,-80.6043,28.6084,-80.6044
4.74,847.245,822.666,260.474,260.493,0.0120785,28.6084,-80.6043,28.6084,-80.6044
4.75,849.847,825.268,260.241,260.258,0.0113823,28.6084,-80.6043,28.6084,-80.6044
4.76,852.447,827.869,260.008,260.026,0.0107302,28.6084,-80.6043,28.6084,-80.6044
4.77,855.045,830.467,259.775,259.791,0.0112603,28.6084,-80.6043,28.6084,-80.6044
4.78,857.641,833.062,259.542,259.56,0.0110127,28.6084,-80.6043,28.6084,-80.6044
4.79,860.234,835.656,259.31,259.327,0.0108423,28.6084,-80.6043,28.6084,-80.6044
4.8,862.824,838.531,259.077,259.094,0.0100484,28.6084,-80.6043,28.6084,-80.6044
4.81,865.413,841.119,258.846,258.861,0.0106041,28.6084,-80.6043,28.6084,-80.6044
4.82,867.999,843.705,258.614,258.629,0.0115554,28.6084,-80.6043,28.6084,-80.6044
4.83,870.583,846.289,258.383,258.397,0.011024,28.6084,-80.6043,28.6084,-80.6044
4.84,873.164,848.871,258.152,258.166,0.0114102,28.6084,-80.6043,28.6084,-80.6044
4.85,875.744,851.45,257.921,257.935,0.011093,28.6084,-80.6043,28.6084,-80.6044
4.86,878.321,854.027,257.691,257.704,0.0120228,28.6084,-80.6043,28.6084,-80.6044
4.87,880.895,856.602,257.461,257.475,0.0114087,28.6084,-80.6043,28.6084,-80.6044
4.88,883.467,859.175,257.231,257.246,0.0114198,28.6084,-80.6043,28.6084,-80.6044
4.89,886.037,861.745,257.001,257.018,0.0105391,28.6084,-80.6043,28.6084,-80.6044
4.9,888.605,864.425,256.772,256.789,0.00954848,28.6084,-80.6043,28.6084,-80.6044
4.91,891.171,866.99,256.543,256.562,0.00868113,28.6084,-80.6043,28.6084,-80.6044
4.92,893.734,869.553,256.314,256.333,0.00913087,28.6084,-80.6043,28.6084,-80.6044
4.93,896.295,872.115,256.086,256.105,0.00979438,28.6084,-80.6043,28.6084,-80.6044
4.94,898.853,874.673,255.857,255.875,0.0101864,28.6084,-80.6043,28.6084,-80.6044
4.95,901.409,877.23,255.629,255.649,0.010181,28.6084,-80.6043,28.6084,-80.6044
4.96,903.964,879.784,255.402,255.42,0.0106064,28.6084,-80.6043,28.6084,-80.6044
4.97,906.515,882.336,255.174,255.193,0.00995314,28.6084,-80.6043,28.6084,-80.6044
4.98,909.065,884.886,254.947,254.968,0.0109129,28.6084,-80.6043,28.6084,-80.6044
4.99,911.612,887.433,254.72,254.742,0.0112303,28.6084,-80.6043,28.6084,-80.6044
5,914.157,890.412,254.494,254.515,0.0103691,28.6084,-80.6043,28.6083,-80.6044
5.01,916.7,892.954,254.267,254.287,0.0112885,28.6084,-80.6043,28.6083,-80.6044
5.02,919.24,895.495,254.041,254.059,0.0106347,28.6084,-80.6043,28.6083,-80.6044
5.03,921.778,898.033,253.815,253.832,0.00977191,28.6084,-80.6043,28.6083,-80.6044
5.04,924.314,900.569,253.59,253.604,0.0106112,28.6084,-80.6043,28.6083,-80.6044
5.05,926.848,903.103,253.364,253.377,0.0108347,28.6084,-80.6043,28.6083,-80.6044
5.06,929.379,905.635,253.139,253.153,0.0109897,28.6084,-80.6043,28.6083,-80.6044
5.07,931.908,908.164,252.915,252.928,0.011558,28.6084,-80.6043,28.6083,-80.6044
5.08,934.435,910.691,252.69,252.703,0.0113147,28.6084,-80.6043,28.6083,-80.6044
5.09,936.96,913.216,252.466,252.477,0.0112572,28.6084,-80.6043,28.6083,-80.6044
5.1,939.482,915.725,252.242,252.252,0.0103112,28.6084,-80.6043,28.6083,-80.6044
5.11,942.002,918.246,252.018,252.029,0.00932492,28.6084,-80.6043,28.6083,-80.6044
5.12,944.52,920.764,251.795,251.805,0.00975558,28.6084,-80.6043,28.6083,-80.6044
5.13,947.036,923.279,251.572,251.581,0.00963976,28.6084,-80.6043,28.6083,-80.6044
5.14,949.549,925.793,251.349,251.359,0.0102873,28.6084,-80.6043,28.6083,-80.6044
5.15,952.061,928.304,251.126,251.136,0.0111766,28.6084,-80.6043,28.6083,-80.6044
5.16,954.57,930.814,250.904,250.916,0.0119107,28.6084,-80.6043,28.6083,-80.6044
5.17,957.077,933.32,250.681,250.691,0.0111312,28.6084,-80.6043,28.6083,-80.6044
5.18,959.581,935.825,250.459,250.471,0.0102857,28.6084,-80.6043,28.6083,-80.6044
5.19,962.084,938.328,250.238,250.248,0.01107,28.6084,-80.6043,28.6083,-80.6044
5.2,964.584,940.502,250.016,250.026,0.0115339,28.6084,-80.6043,28.6083,-80.6044
5.21,967.082,943,249.795,249.805,0.0108848,28.6084,-80.6043,28.6083,-80.6044
5.22,969.577,945.496,249.574,249.583,0.0100112,28.6084,-80.6043,28.6083,-80.6044
5.23,972.071,947.99,249.354,249.363,0.0102156,28.6084,-80.6043,28.6083,-80.6044
5.24,974.562,950.481,249.133,249.142,0.0105053,28.6084,-80.6043,28.6083,-80.6044
5.25,977.051,952.97,248.913,248.923,0.00986358,28.6084,-80.6043,28.6083,-80.6044
5.26,979.538,955.457,248.693,248.704,0.0101356,28.6084,-80.6043,28.6083,-80.6044
5.27,982.023,957.942,248.474,248.484,0.00996935,28.6084,-80.6043,28.6083,-80.6044
5.28,984.506,960.425,248.254,248.263,0.0109571,28.6084,-80.6043,28.6083,-80.6044
5.29,986.986,962.905,248.035,248.043,0.0117424,28.6084,-80.6043,28.6083,-80.6044
5.3,989.464,965.843,247.816,247.823,0.0109325,28.6084,-80.6043,28.6083,-80.6044
5.31,991.94,968.319,247.598,247.606,0.0101397,28.6084,-80.6043,28.6083,-80.6044
5.32,994.414,970.793,247.379,247.389,0.00961022,28.6084,-80.6043,28.6083,-80.6044
5.33,996.886,973.265,247.161,247.17,0.00873079,28.6084,-80.6043,28.6083,-80.6044
5.34,999.355,975.734,246.943,246.951,0.00851683,28.6084,-80.6043,28.6083,-80.6044
5.35,1001.82,978.201,246.726,246.734,0.00884489,28.6084,-80.6043,28.6083,-80.6044
5.36,1004.29,980.667,246.508,246.515,0.00978031,28.6084,-80.6043,28.6083,-80.6044
5.37,1006.75,983.13,246.291,246.3,0.00927207,28.6084,-80.6043,28.6083,-80.6044
5.38,1009.21,985.59,246.074,246.083,0.00944606,28.6084,-80.6043,28.6083,-80.6044
5.39,1011.67,988.049,245.857,245.868,0.00877891,28.6084,-80.6043,28.6083,-80.6044
5.4,1014.13,990.412,245.641,245.65,0.00969784,28.6084,-80.6043,28.6083,-80.6044
5.41,1016.58,992.866,245.425,245.436,0.00972038,28.6084,-80.6043,28.6083,-80.6044
5.42,1019.03,995.318,245.209,245.219,0.0105625,28.6084,-80.6043,28.6083,-80.6044
5.43,1021.48,997.768,244.993,245.003,0.0104329,28.6084,-80.6043,28.6083,-80.6044
5.44,1023.93,1000.22,244.778,244.789,0.0112346,28.6084,-80.6043,28.6083,-80.6044
5.45,1026.38,1002.66,244.563,244.574,0.0115217,28.6084,-80.6043,28.6083,-80.6044
5.46,1028.82,1005.11,244.348,244.357,0.0117894,28.6084,-80.6043,28.6083,-80.6044
5.47,1031.26,1007.55,244.133,244.143,0.0115871,28.6084,-80.6043,28.6083,-80.6044
5.48,1033.7,1009.99,243.918,243.93,0.011875,28.6084,-80.6043,28.6083,-80.6044
5.49,1036.14,1012.42,243.704,243.716,0.0112904,28.6084,-80.6043,28.6083,-80.6044
5.5,1038.57,1015.38,243.49,243.501,0.010671,28.6084,-80.6043,28.6083,-80.6044
5.51,1041,1017.82,243.276,243.287,0.0100211,28.6084,-80.6043,28.6083,-80.6044
5.52,1043.43,1020.25,243.063,243.074,0.010872,28.6084,-80.6043,28.6083,-80.6044
5.53,1045.86,1022.68,242.849,242.862,0.0107052,28.6084,-80.6043,28.6083,-80.6044
5.54,1048.29,1025.1,242.636,242.647,0.0116617,28.6084,-80.6043,28.6083,-80.6044
5.55,1050.71,1027.53,242.423,242.434,0.0125814,28.6084,-80.6043,28.6083,-80.6044
5.56,1053.14,1029.95,242.211,242.222,0.013356,28.6084,-80.6043,28.6083,-80.6044
5.57,1055.56,1032.37,241.998,242.009,0.013859,28.6084,-80.6043,28.6083,-80.6044
5.58,1057.97,1034.79,241.786,241.796,0.0142187,28.6084,-80.6043,28.6083,-80.6044
5.59,1060.39,1037.2,241.574,241.585,0.0138054,28.6084,-80.6043,28.6083,-80.6044
5.6,1062.8,1039.66,241.363,241.372,0.013223,28.6084,-80.6043,28.6083,-80.6044
5.61,1065.21,1042.07,241.151,241.16,0.0138079,28.6084,-80.6043,28.6083,-80.6044
5.62,1067.62,1044.48,240.94,240.951,0.014125,28.6084,-80.6043,28.6083,-80.6044
5.63,1070.03,1046.89,240.729,240.739,0.0138891,28.6084,-80.6043,28.6083,-80.6044
5.64,1072.44,1049.29,240.518,240.53,0.0146344,28.6084,-80.6043,28.6083,-80.6044
5.65,1074.84,1051.7,240.308,240.32,0.0141476,28.6084,-80.6043,28.6083,-80.6044
5.66,1077.24,1054.1,240.097,240.109,0.0146424,28.6084,-80.6043,28.6083,-80.6044
5.67,1079.64,1056.5,239.887,239.9,0.0140464,28.6084,-80.6043,28.6083,-80.6044
5.68,1082.04,1058.89,239.677,239.69,0.0136653,28.6084,-80.6043,28.6083,-80.6044
5.69,1084.43,1061.29,239.468,239.48,0.0136408,28.6084,-80.6043,28.6083,-80.6044
5.7,1086.82,1064.18,239.258,239.271,0.0131481,28.6084,-80.6043,28.6083,-80.6044
5.71,1089.21,1066.57,239.049,239.061,0.0131447,28.6084,-80.6043,28.6083,-80.6044
5.72,1091.6,1068.96,238.84,238.851,0.0140754,28.6084,-80.6043,28.6083,-80.6044
5.73,1093.99,1071.34,238.632,238.641,0.0143453,28.6084,-80.6043,28.6083,-80.6044
5.74,1096.37,1073.73,238.423,238.431,0.0141216,28.6084,-80.6043,28.6083,-80.6044
5.75,1098.76,1076.11,238.215,238.224,0.014553,28.6084,-80.6043,28.6083,-80.6044
5.76,1101.14,1078.49,238.007,238.015,0.0148254,28.6084,-80.6043,28.6083,-80.6044
5.77,1103.51,1080.87,237.799,237.808,0.0156065,28.6084,-80.6043,28.6083,-80.6044
5.78,1105.89,1083.24,237.591,237.598,0.0165137,28.6084,-80.6043,28.6083,-80.6044
5.79,1108.26,1085.62,237.384,237.392,0.0174041,28.6084,-80.6043,28.6083,-80.6044
5.8,1110.63,1088.18,237.177,237.185,0.0164308,28.6084,-80.6043,28.6083,-80.6044
5.81,1113,1090.55,236.97,236.977,0.0172432,28.6084,-80.6043,28.6083,-80.6044
5.82,1115.37,1092.92,236.763,236.77,0.0178091,28.6084,-80.6043,28.6083,-80.6044
5.83,1117.74,1095.29,236.557,236.562,0.0182442,28.6084,-80.6043,28.6083,-80.6044
5.84,1120.1,1097.65,236.35,236.355,0.0190465,28.6084,-80.6043,28.6083,-80.6044
5.85,1122.46,1100.01,236.144,236.151,0.0192243,28.6084,-80.6043,28.6083,-80.6044
5.86,1124.82,1102.37,235.938,235.945,0.0191633,28.6084,-80.6043,28.6083,-80.6044
5.87,1127.18,1104.73,235.733,235.74,0.019042,28.6084,-80.6043,28.6083,-80.6044
5.88,1129.53,1107.09,235.527,235.535,0.0186291,28.6084,-80.6043,28.6083,-80.6044
5.89,1131.89,1109.44,235.322,235.33,0.0177007,28.6084,-80.6043,28.6083,-80.6044
5.9,1134.24,1111.68,235.117,235.124,0.0175281,28.6084,-80.6043,28.6083,-80.6044
5.91,1136.59,1114.03,234.912,234.918,0.0184986,28.6084,-80.6043,28.6083,-80.6044
5.92,1138.94,1116.38,234.708,234.712,0.0191909,28.6084,-80.6043,28.6083,-80.6044
5.93,1141.28,1118.73,234.503,234.51,0.0200211,28.6084,-80.6043,28.6083,-80.6044
5.94,1143.62,1121.07,234.299,234.307,0.0199507,28.6084,-80.6043,28.6083,-80.6044
5.95,1145.96,1123.41,234.095,234.105,0.018977,28.6084,-80.6043,28.6083,-80.6044
5.96,1148.3,1125.75,233.892,233.902,0.0196463,28.6084,-80.6043,28.6083,-80.6044
5.97,1150.64,1128.09,233.688,233.698,0.0196886,28.6084,-80.6043,28.6083,-80.6044
5.98,1152.97,1130.42,233.485,233.493,0.0189973,28.6084,-80.6043,28.6083,-80.6044
5.99,1155.31,1132.75,233.282,233.291,0.0199002,28.6084,-80.6043,28.6083,-80.6044
6,1157.64,1135.51,233.079,233.087,0.0196618,28.6084,-80.6043,28.6083,-80.6043
6.01,1159.97,1137.84,232.876,232.884,0.0187406,28.6084,-80.6043,28.6083,-80.6043
6.02,1162.29,1140.16,232.674,232.682,0.0182974,28.6084,-80.6043,28.6083,-80.6043
6.03,1164.62,1142.49,232.472,232.479,0.0192506,28.6084,-80.6043,28.6083,-80.6043
6.04,1166.94,1144.81,232.27,232.278,0.0187382,28.6084,-80.6043,28.6083,-80.6043
6.05,1169.26,1147.13,232.068,232.078,0.0191472,28.6084,-80.6043,28.6083,-80.6043
6.06,1171.58,1149.45,231.866,231.874,0.0199487,28.6084,-80.6043,28.6083,-80.6043
6.07,1173.9,1151.77,231.665,231.674,0.0207113,28.6084,-80.6043,28.6083,-80.6043
6.08,1176.21,1154.08,231.464,231.472,0.0208074,28.6084,-80.6043,28.6083,-80.6043
6.09,1178.52,1156.4,231.263,231.272,0.0200149,28.6084,-80.6043,28.6083,-80.6043
6.1,1180.84,1158.93,231.062,231.071,0.0196775,28.6084,-80.6043,28.6083,-80.6043
6.11,1183.14,1161.24,230.862,230.871,0.0196487,28.6084,-80.6043,28.6083,-80.6043
6.12,1185.45,1163.54,230.661,230.67,0.0194175,28.6084,-80.6043,28.6083,-80.6043
6.13,1187.76,1165.85,230.461,230.471,0.0200127,28.6084,-80.6043,28.6083,-80.6043
6.14,1190.06,1168.15,230.261,230.272,0.019425,28.6084,-80.6043,28.6083,-80.6043
6.15,1192.36,1170.45,230.061,230.074,0.0197744,28.6084,-80.6043,28.6083,-80.6043
6.16,1194.66,1172.75,229.862,229.874,0.0191144,28.6084,-80.6043,28.6083,-80.6043
6.17,1196.95,1175.05,229.663,229.674,0.0195687,28.6084,-80.6043,28.6083,-80.6043
6.18,1199.25,1177.34,229.463,229.475,0.018997,28.6084,-80.6043,28.6083,-80.6043
6.19,1201.54,1179.63,229.265,229.275,0.0197654,28.6084,-80.6043,28.6083,-80.6043
6.2,1203.83,1181.98,229.066,229.075,0.020721,28.6084,-80.6043,28.6083,-80.6043
6.21,1206.12,1184.27,228.867,228.879,0.0209158,28.6084,-80.6043,28.6083,-80.6043
6.22,1208.41,1186.56,228.669,228.682,0.0208003,28.6084,-80.6043,28.6083,-80.6043
6.23,1210.69,1188.84,228.471,228.482,0.0213002,28.6084,-80.6043,28.6083,-80.6043
6.24,1212.97,1191.12,228.273,228.284,0.0213564,28.6084,-80.6043,28.6083,-80.6043
6.25,1215.26,1193.4,228.075,228.085,0.0206983,28.6084,-80.6043,28.6083,-80.6043
6.26,1217.53,1195.68,227.878,227.889,0.0208319,28.6084,-80.6043,28.6083,-80.6043
6.27,1219.81,1197.96,227.68,227.692,0.0205229,28.6084,-80.6043,28.6083,-80.6043
6.28,1222.09,1200.23,227.483,227.494,0.0202936,28.6084,-80.6043,28.6083,-80.6043
6.29,1224.36,1202.51,227.286,227.296,0.0200618,28.6084,-80.6043,28.6083,-80.6043
6.3,1226.63,1204.49,227.09,227.098,0.020722,28.6084,-80.6043,28.6083,-80.6043
6.31,1228.9,1206.76,226.893,226.903,0.0198572,28.6084,-80.6043,28.6083,-80.6043
6.32,1231.17,1209.03,226.697,226.706,0.0189226,28.6084,-80.6043,28.6083,-80.6043
6.33,1233.43,1211.29,226.501,226.509,0.0195893,28.6084,-80.6043,28.6083,-80.6043
6.34,1235.69,1213.55,226.305,226.315,0.0195048,28.6084,-80.6043,28.6083,-80.6043
6.35,1237.95,1215.81,226.109,226.121,0.020287,28.6084,-80.6043,28.6083,-80.6043
6.36,1240.21,1218.07,225.913,225.925,0.0201041,28.6084,-80.6043,28.6083,-80.6043
6.37,1242.47,1220.33,225.718,225.731,0.0210574,28.6084,-80.6043,28.6083,-80.6043
6.38,1244.73,1222.59,225.523,225.536,0.0210505,28.6084,-80.6043,28.6083,-80.6043
6.39,1246.98,1224.84,225.328,225.341,0.0202147,28.6084,-80.6043,28.6083,-80.6043
6.4,1249.23,1227.16,225.133,225.147,0.0206019,28.6084,-80.6043,28.6083,-80.6043
6.41,1251.48,1229.41,224.938,224.95,0.0201646,28.6084,-80.6043,28.6083,-80.6043
6.42,1253.73,1231.66,224.744,224.755,0.0198096,28.6084,-80.6043,28.6083,-80.6043
6.43,1255.97,1233.91,224.55,224.562,0.0198978,28.6084,-80.6043,28.6083,-80.6043
6.44,1258.22,1236.15,224.356,224.369,0.0206758,28.6084,-80.6043,28.6083,-80.6043
6.45,1260.46,1238.39,224.162,224.174,0.0207549,28.6084,-80.6043,28.6083,-80.6043
6.46,1262.7,1240.63,223.968,223.98,0.0206384,28.6084,-80.6043,28.6083,-80.6043
6.47,1264.94,1242.87,223.775,223.785,0.0202667,28.6084,-80.6043,28.6083,-80.6043
6.48,1267.17,1245.11,223.582,223.592,0.0211325,28.6084,-80.6043,28.6083,-80.6043
6.49,1269.41,1247.34,223.389,223.398,0.020495,28.6084,-80.6043,28.6083,-80.6043
6.5,1271.64,1249.41,223.196,223.206,0.0197392,28.6084,-80.6043,28.6083,-80.6043
6.51,1273.87,1251.64,223.003,223.015,0.0204767,28.6084,-80.6043,28.6083,-80.6043
6.52,1276.1,1253.87,222.811,222.823,0.02089,28.6084,-80.6043,28.6083,-80.6043
6.53,1278.32,1256.09,222.618,222.63,0.02032,28.6084,-80.6043,28.6083,-80.6043
6.54,1280.55,1258.32,222.426,222.439,0.021206,28.6084,-80.6043,28.6083,-80.6043
6.55,1282.77,1260.54,222.234,222.249,0.0218699,28.6084,-80.6043,28.6083,-80.6043
6.56,1284.99,1262.76,222.043,222.055,0.0212497,28.6084,-80.6043,28.6083,-80.6043
6.57,1287.21,1264.98,221.851,221.863,0.0210698,28.6084,-80.6043,28.6083,-80.6043
6.58,1289.42,1267.2,221.66,221.673,0.0215993,28.6084,-80.6043,28.6083,-80.6043
6.59,1291.64,1269.41,221.468,221.48,0.0220905,28.6084,-80.6043,28.6083,-80.6043
6.6,1293.85,1271.5,221.277,221.288,0.022403,28.6084,-80.6043,28.6083,-80.6043
6.61,1296.06,1273.71,221.087,221.095,0.0229147,28.6084,-80.6043,28.6083,-80.6043
6.62,1298.27,1275.92,220.896,220.904,0.022523,28.6084,-80.6043,28.6083,-80.6043
6.63,1300.48,1278.13,220.705,220.714,0.0226673,28.6084,-80.6043,28.6083,-80.6043
6.64,1302.68,1280.33,220.515,220.524,0.022533,28.6084,-80.6043,28.6083,-80.6043
6.65,1304.89,1282.54,220.325,220.334,0.0219351,28.6084,-80.6043,28.6083,-80.6043
6.66,1307.09,1284.74,220.135,220.145,0.0220612,28.6084,-80.6043,28.6083,-80.6043
6.67,1309.29,1286.94,219.946,219.957,0.0216455,28.6084,-80.6043,28.6083,-80.6043
6.68,1311.48,1289.13,219.756,219.769,0.0208622,28.6084,-80.6043,28.6083,-80.6043
6.69,1313.68,1291.33,219.567,219.578,0.0216048,28.6084,-80.6043,28.6083,-80.6043
6.7,1315.87,1293.86,219.377,219.387,0.0224306,28.6084,-80.6043,28.6083,-80.6043
6.71,1318.07,1296.05,219.188,219.199,0.0216977,28.6084,-80.6043,28.6083,-80.6043
6.72,1320.26,1298.24,219,219.01,0.0208244,28.6084,-80.6043,28.6083,-80.6043
6.73,1322.44,1300.43,218.811,218.823,0.0207957,28.6084,-80.6043,28.6083,-80.6043
6.74,1324.63,1302.62,218.623,218.636,0.0198702,28.6084,-80.6043,28.6083,-80.6043
6.75,1326.81,1304.8,218.434,218.446,0.020542,28.6084,-80.6043,28.6083,-80.6043
6.76,1329,1306.98,218.246,218.258,0.0213375,28.6084,-80.6043,28.6083,-80.6043
6.77,1331.18,1309.16,218.058,218.069,0.0221816,28.6084,-80.6043,28.6083,-80.6043
6.78,1333.36,1311.34,217.87,217.882,0.02268,28.6084,-80.6043,28.6083,-80.6043
6.79,1335.53,1313.52,217.683,217.694,0.0217187,28.6084,-80.6043,28.6083,-80.6043
6.8,1337.71,1315.64,217.495,217.506,0.0219357,28.6084,-80.6043,28.6083,-80.6043
6.81,1339.88,1317.81,217.308,217.319,0.0219395,28.6084,-80.6043,28.6083,-80.6043
6.82,1342.05,1319.98,217.121,217.134,0.0228091,28.6084,-80.6043,28.6083,-80.6043
6.83,1344.22,1322.15,216.934,216.948,0.023765,28.6084,-80.6043,28.6083,-80.6043
6.84,1346.39,1324.32,216.748,216.762,0.0240192,28.6084,-80.6043,28.6083,-80.6043
6.85,1348.55,1326.49,216.561,216.577,0.0245492,28.6084,-80.6043,28.6083,-80.6043
6.86,1350.72,1328.65,216.375,216.392,0.023598,28.6084,-80.6043,28.6083,-80.6043
6.87,1352.88,1330.81,216.189,216.205,0.0243924,28.6084,-80.6043,28.6083,-80.6043
6.88,1355.04,1332.97,216.003,216.02,0.0246316,28.6084,-80.6043,28.6083,-80.6043
6.89,1357.2,1335.13,215.817,215.835,0.0255515,28.6084,-80.6043,28.6083,-80.6043
6.9,1359.36,1337.05,215.631,215.651,0.0256356,28.6084,-80.6043,28.6083,-80.6043
6.91,1361.51,1339.21,215.446,215.465,0.0260738,28.6084,-80.6043,28.6083,-80.6043
6.92,1363.66,1341.36,215.26,215.28,0.0255653,28.6084,-80.6043,28.6083,-80.6043
6.93,1365.81,1343.51,215.075,215.095,0.0263801,28.6084,-80.6043,28.6083,-80.6043
6.94,1367.96,1345.66,214.89,214.909,0.0272035,28.6084,-80.6043,28.6083,-80.6043
6.95,1370.11,1347.81,214.706,214.724,0.0279435,28.6084,-80.6043,28.6083,-80.6043
6.96,1372.25,1349.95,214.521,214.541,0.0269791,28.6084,-80.6043,28.6083,-80.6043
6.97,1374.4,1352.1,214.336,214.358,0.0276851,28.6084,-80.6043,28.6083,-80.6043
6.98,1376.54,1354.24,214.152,214.174,0.0281751,28.6084,-80.6043,28.6083,-80.6043
6.99,1378.68,1356.38,213.968,213.991,0.0276853,28.6084,-80.6043,28.6083,-80.6043
7,1380.82,1358.97,213.784,213.807,0.0275335,28.6084,-80.6043,28.6083,-80.6044
7.01,1382.95,1361.11,213.6,213.622,0.0276495,28.6084,-80.6043,28.6083,-80.6044
7.02,1385.09,1363.24,213.417,213.439,0.0277353,28.6084,-80.6043,28.6083,-80.6044
7.03,1387.22,1365.38,213.233,213.257,0.0272042,28.6084,-80.6043,28.6083,-80.6044
7.04,1389.35,1367.51,213.05,213.073,0.0274009,28.6084,-80.6043,28.6083,-80.6044
7.05,1391.48,1369.64,212.867,212.891,0.0276422,28.6084,-80.6043,28.6083,-80.6044
7.06,1393.6,1371.76,212.684,212.71,0.0274858,28.6084,-80.6043,28.6083,-80.6044
7.07,1395.73,1373.89,212.501,212.527,0.0267043,28.6084,-80.6043,28.6083,-80.6044
7.08,1397.85,1376.01,212.319,212.344,0.0257922,28.6084,-80.6043,28.6083,-80.6044
7.09,1399.97,1378.13,212.136,212.163,0.0252956,28.6084,-80.6043,28.6083,-80.6044
7.1,1402.09,1380.68,211.954,211.979,0.0257881,28.6084,-80.6043,28.6083,-80.6044
7.11,1404.21,1382.8,211.772,211.796,0.0257705,28.6084,-80.6043,28.6083,-80.6044
7.12,1406.33,1384.92,211.59,211.615,0.0266602,28.6084,-80.6043,28.6083,-80.6044
7.13,1408.44,1387.03,211.408,211.432,0.0260361,28.6084,-80.6043,28.6083,-80.6044
7.14,1410.55,1389.15,211.227,211.248,0.0266107,28.6084,-80.6043,28.6083,-80.6044
7.15,1412.66,1391.26,211.045,211.068,0.0256509,28.6084,-80.6043,28.6083,-80.6044
7.16,1414.77,1393.36,210.864,210.886,0.026498,28.6084,-80.6043,28.6083,-80.6044
7.17,1416.88,1395.47,210.683,210.706,0.0273243,28.6084,-80.6043,28.6083,-80.6044
7.18,1418.98,1397.58,210.502,210.526,0.0282182,28.6084,-80.6043,28.6083,-80.6044
7.19,1421.09,1399.68,210.321,210.343,0.0281403,28.6084,-80.6043,28.6083,-80.6044
7.2,1423.19,1402.21,210.14,210.164,0.0284493,28.6084,-80.6043,28.6083,-80.6044
7.21,1425.29,1404.31,209.96,209.983,0.0278145,28.6084,-80.6043,28.6083,-80.6044
7.22,1427.39,1406.41,209.78,209.803,0.0281259,28.6084,-80.6043,28.6083,-80.6044
7.23,1429.48,1408.51,209.6,209.621,0.0279133,28.6084,-80.6043,28.6083,-80.6044
7.24,1431.58,1410.6,209.42,209.443,0.0274897,28.6084,-80.6043,28.6083,-80.6044
7.25,1433.67,1412.7,209.24,209.262,0.0265142,28.6084,-80.6043,28.6083,-80.6044
7.26,1435.76,1414.79,209.06,209.084,0.0267764,28.6084,-80.6043,28.6083,-80.6044
7.27,1437.85,1416.88,208.881,208.906,0.0276221,28.6084,-80.6043,28.6083,-80.6044
7.28,1439.94,1418.96,208.701,208.727,0.0285503,28.6084,-80.6043,28.6083,-80.6044
7.29,1442.02,1421.05,208.522,208.55,0.0286411,28.6084,-80.6043,28.6083,-80.6044
7.3,1444.1,1423.17,208.343,208.372,0.0295947,28.6084,-80.6043,28.6083,-80.6044
7.31,1446.19,1425.25,208.164,208.195,0.0299733,28.6084,-80.6043,28.6083,-80.6044
7.32,1448.27,1427.33,207.986,208.017,0.0299658,28.6084,-80.6043,28.6083,-80.6044
7.33,1450.34,1429.41,207.807,207.839,0.0306913,28.6084,-80.6043,28.6083,-80.6044
7.34,1452.42,1431.49,207.629,207.663,0.0307645,28.6084,-80.6043,28.6083,-80.6044
7.35,1454.5,1433.56,207.45,207.485,0.0302896,28.6084,-80.6043,28.6083,-80.6044
7.36,1456.57,1435.64,207.272,207.308,0.0306892,28.6084,-80.6043,28.6083,-80.6044
7.37,1458.64,1437.71,207.094,207.131,0.0307184,28.6084,-80.6043,28.6083,-80.6044
7.38,1460.71,1439.78,206.917,206.955,0.0298596,28.6084,-80.6043,28.6083,-80.6044
7.39,1462.78,1441.84,206.739,206.777,0.0292888,28.6084,-80.6043,28.6083,-80.6044
7.4,1464.84,1444.27,206.562,206.598,0.0291573,28.6084,-80.6043,28.6083,-80.6044
7.41,1466.9,1446.34,206.384,206.42,0.0285781,28.6084,-80.6043,28.6083,-80.6044
7.42,1468.97,1448.4,206.207,206.241,0.0287775,28.6084,-80.6043,28.6083,-80.6044
7.43,1471.03,1450.46,206.03,206.063,0.0279218,28.6084,-80.6043,28.6083,-80.6044
7.44,1473.09,1452.52,205.853,205.884,0.0286908,28.6084,-80.6043,28.6083,-80.6044
7.45,1475.14,1454.57,205.677,205.706,0.0278124,28.6084,-80.6043,28.6083,-80.6044
7.46,1477.2,1456.63,205.5,205.529,0.0282889,28.6084,-80.6043,28.6083,-80.6044
7.47,1479.25,1458.68,205.324,205.355,0.0273177,28.6084,-80.6043,28.6083,-80.6044
7.48,1481.3,1460.73,205.148,205.178,0.0278224,28.6084,-80.6043,28.6083,-80.6044
7.49,1483.35,1462.79,204.972,205.004,0.0286445,28.6084,-80.6043,28.6083,-80.6044
7.5,1485.4,1465.38,204.796,204.827,0.028113,28.6084,-80.6043,28.6083,-80.6044
7.51,1487.45,1467.43,204.62,204.652,0.0289353,28.6084,-80.6043,28.6083,-80.6044
7.52,1489.49,1469.47,204.444,204.476,0.029727,28.6084,-80.6043,28.6083,-80.6044
7.53,1491.53,1471.52,204.269,204.302,0.0301399,28.6084,-80.6043,28.6083,-80.6044
7.54,1493.57,1473.56,204.094,204.125,0.0295246,28.6084,-80.6043,28.6083,-80.6044
7.55,1495.61,1475.6,203.918,203.949,0.0291305,28.6084,-80.6043,28.6083,-80.6044
7.56,1497.65,1477.63,203.743,203.772,0.0288327,28.6084,-80.6043,28.6083,-80.6044
7.57,1499.69,1479.67,203.569,203.597,0.0291002,28.6084,-80.6043,28.6083,-80.6044
7.58,1501.72,1481.7,203.394,203.422,0.0290812,28.6084,-80.6043,28.6083,-80.6044
7.59,1503.75,1483.74,203.219,203.249,0.0289013,28.6084,-80.6043,28.6083,-80.6044
7.6,1505.78,1486.41,203.045,203.075,0.0295807,28.6084,-80.6043,28.6083,-80.6044
7.61,1507.81,1488.43,202.871,202.902,0.0300394,28.6084,-80.6043,28.6083,-80.6044
7.62,1509.84,1490.46,202.697,202.73,0.0303436,28.6084,-80.6043,28.6083,-80.6044
7.63,1511.86,1492.49,202.523,202.556,0.0311721,28.6084,-80.6043,28.6083,-80.6044
7.64,1513.89,1494.51,202.349,202.382,0.0316748,28.6084,-80.6043,28.6083,-80.6044
7.65,1515.91,1496.53,202.175,202.207,0.0313409,28.6084,-80.6043,28.6083,-80.6044
7.66,1517.93,1498.55,202.002,202.034,0.0304602,28.6084,-80.6043,28.6083,-80.6044
7.67,1519.95,1500.57,201.828,201.862,0.0306935,28.6084,-80.6043,28.6083,-80.6044
7.68,1521.96,1502.59,201.655,201.687,0.0303414,28.6084,-80.6043,28.6083,-80.6044
7.69,1523.98,1504.6,201.482,201.514,0.0298091,28.6084,-80.6043,28.6083,-80.6044
7.7,1525.99,1506.51,201.309,201.341,0.0288691,28.6084,-80.6043,28.6083,-80.6044
7.71,1528,1508.53,201.136,201.168,0.0287657,28.6084,-80.6043,28.6083,-80.6044
7.72,1530.01,1510.54,200.964,200.997,0.0284485,28.6084,-80.6043,28.6083,-80.6044
7.73,1532.02,1512.54,200.791,200.826,0.0288094,28.6084,-80.6043,28.6083,-80.6044
7.74,1534.03,1514.55,200.619,200.655,0.0287659,28.6084,-80.6043,28.6083,-80.6044
7.75,1536.03,1516.56,200.447,200.482,0.0291252,28.6084,-80.6043,28.6083,-80.6044
7.76,1538.03,1518.56,200.275,200.311,0.0286241,28.6084,-80.6043,28.6083,-80.6044
7.77,1540.04,1520.56,200.103,200.14,0.0284402,28.6084,-80.6043,28.6083,-80.6044
7.78,1542.03,1522.56,199.931,199.969,0.0285131,28.6084,-80.6043,28.6083,-80.6044
7.79,1544.03,1524.56,199.759,199.799,0.0284781,28.6084,-80.6043,28.6083,-80.6044
7.8,1546.03,1527.02,199.588,199.629,0.0280867,28.6084,-80.6043,28.6083,-80.6044
7.81,1548.02,1529.01,199.417,199.456,0.0289303,28.6084,-80.6043,28.6083,-80.6044
7.82,1550.01,1531,199.245,199.286,0.0295023,28.6084,-80.6043,28.6083,-80.6044
7.83,1552.01,1532.99,199.074,199.114,0.0295963,28.6084,-80.6043,28.6083,-80.6044
7.84,1553.99,1534.98,198.903,198.941,0.0300173,28.6084,-80.6043,28.6083,-80.6044
7.85,1555.98,1536.97,198.733,198.771,0.0295927,28.6084,-80.6043,28.6083,-80.6044
7.86,1557.97,1538.96,198.562,198.6,0.0286433,28.6084,-80.6043,28.6083,-80.6044
7.87,1559.95,1540.94,198.392,198.429,0.0293786,28.6084,-80.6043,28.6083,-80.6044
7.88,1561.93,1542.92,198.221,198.26,0.0301181,28.6084,-80.6043,28.6083,-80.6044
7.89,1563.91,1544.9,198.051,198.09,0.0300028,28.6084,-80.6043,28.6083,-80.6044
7.9,1565.89,1547.24,197.881,197.92,0.0296003,28.6084,-80.6043,28.6083,-80.6044
7.91,1567.87,1549.22,197.711,197.749,0.0304423,28.6084,-80.6043,28.6083,-80.6044
7.92,1569.85,1551.2,197.541,197.58,0.0301832,28.6084,-80.6043,28.6083,-80.6044
7.93,1571.82,1553.17,197.372,197.41,0.0303385,28.6084,-80.6043,28.6083,-80.6044
7.94,1573.79,1555.14,197.202,197.242,0.029623,28.6084,-80.6043,28.6083,-80.6044
7.95,1575.76,1557.11,197.033,197.074,0.0287356,28.6084,-80.6043,28.6083,-80.6044
7.96,1577.73,1559.08,196.864,196.906,0.0293431,28.6084,-80.6043,28.6083,-80.6044
7.97,1579.7,1561.05,196.695,196.739,0.0296888,28.6084,-80.6043,28.6083,-80.6044
7.98,1581.66,1563.01,196.526,196.568,0.0295353,28.6084,-80.6043,28.6083,-80.6044
7.99,1583.63,1564.98,196.357,196.4,0.0300552,28.6084,-80.6043,28.6083,-80.6044
8,1585.59,1567.17,196.188,196.229,0.031016,28.6084,-80.6043,28.6084,-80.6044
8.01,1587.55,1569.13,196.02,196.06,0.0303553,28.6084,-80.6043,28.6084,-80.6044
8.02,1589.51,1571.09,195.851,195.892,0.0302193,28.6084,-80.6043,28.6084,-80.6044
8.03,1591.46,1573.05,195.683,195.724,0.029363,28.6084,-80.6043,28.6084,-80.6044
8.04,1593.42,1575.01,195.515,195.556,0.0285002,28.6084,-80.6043,28.6084,-80.6044
8.05,1595.37,1576.96,195.347,195.39,0.0279734,28.6084,-80.6043,28.6084,-80.6044
8.06,1597.32,1578.91,195.179,195.222,0.0278739,28.6084,-80.6043,28.6084,-80.6044
8.07,1599.27,1580.86,195.011,195.056,0.027458,28.6084,-80.6043,28.6084,-80.6044
8.08,1601.22,1582.81,194.844,194.889,0.0278503,28.6084,-80.6043,28.6084,-80.6044
8.09,1603.17,1584.76,194.676,194.721,0.027809,28.6084,-80.6043,28.6084,-80.6044
8.1,1605.11,1586.31,194.509,194.553,0.0272582,28.6084,-80.6043,28.6084,-80.6044
8.11,1607.06,1588.26,194.342,194.385,0.0275538,28.6084,-80.6043,28.6084,-80.6044
8.12,1609,1590.2,194.175,194.219,0.0271726,28.6084,-80.6043,28.6084,-80.6044
8.13,1610.94,1592.14,194.008,194.053,0.0278231,28.6084,-80.6043,28.6084,-80.6044
8.14,1612.88,1594.08,193.841,193.886,0.0281703,28.6084,-80.6043,28.6084,-80.6044
8.15,1614.81,1596.02,193.675,193.722,0.0286695,28.6084,-80.6043,28.6084,-80.6044
8.16,1616.75,1597.95,193.508,193.556,0.0277382,28.6084,-80.6043,28.6084,-80.6044
8.17,1618.68,1599.89,193.342,193.39,0.0269286,28.6084,-80.6043,28.6084,-80.6044
8.18,1620.61,1601.82,193.175,193.223,0.0271177,28.6084,-80.6043,28.6084,-80.6044
8.19,1622.54,1603.75,193.009,193.058,0.027182,28.6084,-80.6043,28.6084,-80.6044
8.2,1624.47,1605.87,192.843,192.892,0.0281062,28.6084,-80.6043,28.6084,-80.6044
8.21,1626.4,1607.79,192.678,192.728,0.0286588,28.6084,-80.6043,28.6084,-80.6044
8.22,1628.33,1609.72,192.512,192.562,0.0289192,28.6084,-80.6043,28.6084,-80.6044
8.23,1630.25,1611.64,192.346,192.396,0.0291423,28.6084,-80.6043,28.6084,-80.6044
8.24,1632.17,1613.56,192.181,192.229,0.030087,28.6084,-80.6043,28.6084,-80.6044
8.25,1634.09,1615.48,192.016,192.065,0.0296106,28.6084,-80.6043,28.6084,-80.6044
8.26,1636.01,1617.4,191.85,191.9,0.0295785,28.6084,-80.6043,28.6084,-80.6044
8.27,1637.93,1619.32,191.685,191.733,0.0302407,28.6084,-80.6043,28.6084,-80.6044
8.28,1639.84,1621.24,191.52,191.567,0.0311046,28.6084,-80.6043,28.6084,-80.6044
8.29,1641.75,1623.15,191.356,191.402,0.0317158,28.6084,-80.6043,28.6084,-80.6044
8.3,1643.67,1624.73,191.191,191.239,0.0310685,28.6084,-80.6043,28.6084,-80.6044
8.31,1645.58,1626.65,191.026,191.074,0.0314665,28.6084,-80.6043,28.6084,-80.6044
8.32,1647.49,1628.55,190.862,190.91,0.0313162,28.6084,-80.6043,28.6084,-80.6044
8.33,1649.39,1630.46,190.698,190.745,0.0308951,28.6084,-80.6043,28.6084,-80.6044
8.34,1651.3,1632.37,190.534,190.583,0.0316571,28.6084,-80.6043,28.6084,-80.6044
8.35,1653.2,1634.27,190.37,190.418,0.0325135,28.6084,-80.6043,28.6084,-80.6044
8.36,1655.1,1636.17,190.206,190.256,0.0315692,28.6084,-80.6043,28.6084,-80.6044
8.37,1657,1638.08,190.042,190.091,0.0316669,28.6084,-80.6043,28.6084,-80.6044
8.38,1658.9,1639.97,189.878,189.927,0.032273,28.6084,-80.6043,28.6084,-80.6044
8.39,1660.8,1641.87,189.715,189.764,0.0322183,28.6084,-80.6043,28.6084,-80.6044
8.4,1662.7,1644.41,189.551,189.601,0.0330587,28.6084,-80.6043,28.6084,-80.6044
8.41,1664.59,1646.3,189.388,189.44,0.0321125,28.6084,-80.6043,28.6084,-80.6044
8.42,1666.48,1648.2,189.225,189.278,0.0316227,28.6084,-80.6043,28.6084,-80.6044
8.43,1668.37,1650.09,189.062,189.117,0.0311272,28.6084,-80.6043,28.6084,-80.6044
8.44,1670.26,1651.98,188.899,188.952,0.0318988,28.6084,-80.6043,28.6084,-80.6044
8.45,1672.15,1653.87,188.736,188.789,0.0319578,28.6084,-80.6043,28.6084,-80.6044
8.46,1674.03,1655.75,188.574,188.628,0.0312129,28.6084,-80.6043,28.6084,-80.6044
8.47,1675.92,1657.64,188.411,188.464,0.0307569,28.6084,-80.6043,28.6084,-80.6044
8.48,1677.8,1659.52,188.249,188.301,0.0305227,28.6084,-80.6043,28.6084,-80.6044
8.49,1679.68,1661.4,188.087,188.138,0.0301269,28.6084,-80.6043,28.6084,-80.6044
8.5,1681.56,1663.04,187.925,187.976,0.0294414,28.6084,-80.6043,28.6084,-80.6044
8.51,1683.44,1664.91,187.763,187.813,0.029139,28.6084,-80.6043,28.6084,-80.6044
8.52,1685.31,1666.79,187.601,187.652,0.0284641,28.6084,-80.6043,28.6084,-80.6044
8.53,1687.19,1668.66,187.439,187.489,0.0283201,28.6084,-80.6043,28.6084,-80.6044
8.54,1689.06,1670.54,187.277,187.328,0.028902,28.6084,-80.6043,28.6084,-80.6044
8.55,1690.93,1672.41,187.116,187.166,0.0291612,28.6084,-80.6043,28.6084,-80.6044
8.56,1692.8,1674.28,186.954,187.006,0.0289114,28.6084,-80.6043,28.6084,-80.6044
8.57,1694.67,1676.15,186.793,186.845,0.0282497,28.6084,-80.6043,28.6084,-80.6044
8.58,1696.54,1678.02,186.632,186.683,0.0286643,28.6084,-80.6043,28.6084,-80.6044
8.59,1698.4,1679.88,186.471,186.521,0.028104,28.6084,-80.6043,28.6084,-80.6044
8.6,1700.26,1682.08,186.31,186.359,0.0286226,28.6084,-80.6043,28.6084,-80.6044
8.61,1702.13,1683.94,186.149,186.196,0.029328,28.6084,-80.6043,28.6084,-80.6044
8.62,1703.99,1685.8,185.989,186.035,0.0296971,28.6084,-80.6043,28.6084,-80.6044
8.63,1705.84,1687.66,185.828,185.873,0.0298332,28.6084,-80.6043,28.6084,-80.6044
8.64,1707.7,1689.51,185.668,185.715,0.0305732,28.6084,-80.6043,28.6084,-80.6044
8.65,1709.56,1691.37,185.508,185.556,0.029988,28.6084,-80.6043,28.6084,-80.6044
8.66,1711.41,1693.22,185.347,185.396,0.0291361,28.6084,-80.6043,28.6084,-80.6044
8.67,1713.26,1695.08,185.187,185.237,0.0295258,28.6084,-80.6043,28.6084,-80.6044
8.68,1715.11,1696.93,185.027,185.076,0.0293358,28.6084,-80.6043,28.6084,-80.6044
8.69,1716.96,1698.78,184.868,184.916,0.0283694,28.6084,-80.6043,28.6084,-80.6044
8.7,1718.81,1700.54,184.708,184.757,0.0292888,28.6084,-80.6043,28.6084,-80.6044
8.71,1720.65,1702.38,184.548,184.599,0.0291184,28.6084,-80.6043,28.6084,-80.6044
8.72,1722.5,1704.23,184.389,184.438,0.0290429,28.6084,-80.6043,28.6084,-80.6044
8.73,1724.34,1706.07,184.23,184.278,0.0287025,28.6084,-80.6043,28.6084,-80.6044
8.74,1726.18,1707.91,184.071,184.119,0.0282185,28.6084,-80.6043,28.6084,-80.6044
8.75,1728.02,1709.75,183.911,183.958,0.0287167,28.6084,-80.6043,28.6084,-80.6044
8.76,1729.86,1711.59,183.752,183.799,0.0296002,28.6084,-80.6043,28.6084,-80.6044
8.77,1731.69,1713.43,183.594,183.639,0.0290123,28.6084,-80.6043,28.6084,-80.6044
8.78,1733.53,1715.26,183.435,183.479,0.0293245,28.6084,-80.6043,28.6084,-80.6044
8.79,1735.36,1717.09,183.276,183.319,0.0284192,28.6084,-80.6043,28.6084,-80.6044
8.8,1737.19,1718.73,183.118,183.16,0.0282195,28.6084,-80.6043,28.6084,-80.6044
8.81,1739.02,1720.56,182.959,183.002,0.0279739,28.6084,-80.6043,28.6084,-80.6044
8.82,1740.85,1722.38,182.801,182.843,0.0283364,28.6084,-80.6043,28.6084,-80.6044
8.83,1742.67,1724.21,182.643,182.686,0.0285455,28.6084,-80.6043,28.6084,-80.6044
8.84,1744.5,1726.04,182.485,182.529,0.0286162,28.6084,-80.6043,28.6084,-80.6044
8.85,1746.32,1727.86,182.327,182.371,0.028874,28.6084,-80.6043,28.6084,-80.6044
8.86,1748.14,1729.68,182.169,182.214,0.0298321,28.6084,-80.6043,28.6084,-80.6044
8.87,1749.96,1731.5,182.012,182.057,0.0290838,28.6084,-80.6043,28.6084,-80.6044
8.88,1751.78,1733.32,181.854,181.898,0.0282011,28.6084,-80.6043,28.6084,-80.6044
8.89,1753.6,1735.14,181.697,181.742,0.0279196,28.6084,-80.6043,28.6084,-80.6044
8.9,1755.42,1737.12,181.539,181.583,0.0280337,28.6084,-80.6043,28.6084,-80.6044
8.91,1757.23,1738.93,181.382,181.427,0.0283241,28.6084,-80.6043,28.6084,-80.6044
8.92,1759.04,1740.74,181.225,181.269,0.0278575,28.6084,-80.6043,28.6084,-80.6044
8.93,1760.85,1742.56,181.068,181.111,0.0274165,28.6084,-80.6043,28.6084,-80.6044
8.94,1762.66,1744.36,180.911,180.953,0.0277818,28.6084,-80.6043,28.6084,-80.6044
8.95,1764.47,1746.17,180.754,180.797,0.0285691,28.6084,-80.6043,28.6084,-80.6044
8.96,1766.27,1747.98,180.598,180.639,0.0276829,28.6084,-80.6043,28.6084,-80.6044
8.97,1768.08,1749.78,180.441,180.481,0.0283215,28.6084,-80.6043,28.6084,-80.6044
8.98,1769.88,1751.59,180.285,180.326,0.0288669,28.6084,-80.6043,28.6084,-80.6044
8.99,1771.68,1753.39,180.129,180.17,0.0286156,28.6084,-80.6043,28.6084,-80.6044
9,1773.48,1754.98,179.972,180.013,0.0279082,28.6084,-80.6043,28.6085,-80.6044
9.01,1775.28,1756.78,179.816,179.855,0.0286585,28.6084,-80.6043,28.6085,-80.6044
9.02,1777.08,1758.58,179.66,179.701,0.0292113,28.6084,-80.6043,28.6085,-80.6044
9.03,1778.87,1760.37,179.505,179.544,0.0292691,28.6084,-80.6043,28.6085,-80.6044
9.04,1780.67,1762.17,179.349,179.389,0.0286109,28.6084,-80.6043,28.6085,-80.6044
9.05,1782.46,1763.96,179.193,179.232,0.0290985,28.6084,-80.6043,28.6085,-80.6044
9.06,1784.25,1765.75,179.038,179.076,0.0290491,28.6084,-80.6043,28.6085,-80.6044
9.07,1786.04,1767.54,178.882,178.919,0.0295526,28.6084,-80.6043,28.6085,-80.6044
9.08,1787.82,1769.33,178.727,178.762,0.0299586,28.6084,-80.6043,28.6085,-80.6044
9.09,1789.61,1771.11,178.572,178.607,0.0295505,28.6084,-80.6043,28.6085,-80.6044
9.1,1791.39,1772.95,178.417,178.453,0.0301776,28.6084,-80.6043,28.6085,-80.6044
9.11,1793.18,1774.74,178.262,178.297,0.03035,28.6084,-80.6043,28.6085,-80.6044
9.12,1794.96,1776.52,178.107,178.143,0.0312965,28.6084,-80.6043,28.6085,-80.6044
9.13,1796.74,1778.3,177.952,177.989,0.0318545,28.6084,-80.6043,28.6085,-80.6044
9.14,1798.52,1780.07,177.798,177.833,0.0313328,28.6084,-80.6043,28.6085,-80.6044
9.15,1800.29,1781.85,177.643,177.679,0.0306828,28.6084,-80.6043,28.6085,-80.6044
9.16,1802.07,1783.63,177.489,177.525,0.0308588,28.6084,-80.6043,28.6085,-80.6044
9.17,1803.84,1785.4,177.334,177.37,0.0307243,28.6084,-80.6043,28.6085,-80.6044
9.18,1805.61,1787.17,177.18,177.216,0.0310756,28.6084,-80.6043,28.6085,-80.6044
9.19,1807.38,1788.94,177.026,177.06,0.0317564,28.6084,-80.6043,28.6085,-80.6044
9.2,1809.15,1791.06,176.872,176.908,0.0324237,28.6084,-80.6043,28.6085,-80.6044
9.21,1810.92,1792.83,176.718,176.753,0.0331376,28.6084,-80.6043,28.6085,-80.6044
9.22,1812.68,1794.59,176.565,176.597,0.0331034,28.6084,-80.6043,28.6085,-80.6044
9.23,1814.45,1796.36,176.411,176.444,0.0334538,28.6084,-80.6043,28.6085,-80.6044
9.24,1816.21,1798.12,176.257,176.292,0.0330934,28.6084,-80.6043,28.6085,-80.6044
9.25,1817.97,1799.88,176.104,176.138,0.0338817,28.6084,-80.6043,28.6085,-80.6044
9.26,1819.73,1801.64,175.951,175.986,0.0330317,28.6084,-80.6043,28.6085,-80.6044
9.27,1821.49,1803.4,175.797,175.833,0.0338156,28.6084,-80.6043,28.6085,-80.6044
9.28,1823.25,1805.15,175.644,175.682,0.0334272,28.6084,-80.6043,28.6085,-80.6044
9.29,1825,1806.91,175.491,175.531,0.0329018,28.6084,-80.6043,28.6085,-80.6044
9.3,1826.75,1808.71,175.338,175.38,0.0320582,28.6084,-80.6043,28.6085,-80.6044
9.31,1828.51,1810.47,175.186,175.229,0.0315081,28.6084,-80.6043,28.6085,-80.6044
9.32,1830.26,1812.22,175.033,175.075,0.030943,28.6084,-80.6043,28.6085,-80.6044
9.33,1832.01,1813.97,174.88,174.924,0.0307755,28.6084,-80.6043,28.6085,-80.6044
9.34,1833.75,1815.71,174.728,174.77,0.031276,28.6084,-80.6043,28.6085,-80.6044
9.35,1835.5,1817.46,174.576,174.617,0.0309479,28.6084,-80.6043,28.6085,-80.6044
9.36,1837.24,1819.21,174.423,174.463,0.0301616,28.6084,-80.6043,28.6085,-80.6044
9.37,1838.99,1820.95,174.271,174.31,0.0302777,28.6084,-80.6043,28.6085,-80.6044
9.38,1840.73,1822.69,174.119,174.159,0.0293597,28.6084,-80.6043,28.6085,-80.6044
9.39,1842.47,1824.43,173.967,174.006,0.0303329,28.6084,-80.6043,28.6085,-80.6044
9.4,1844.2,1826.45,173.815,173.854,0.0297951,28.6084,-80.6043,28.6085,-80.6044
9.41,1845.94,1828.19,173.664,173.704,0.030311,28.6084,-80.6043,28.6085,-80.6044
9.42,1847.68,1829.92,173.512,173.554,0.0305166,28.6084,-80.6043,28.6085,-80.6044
9.43,1849.41,1831.66,173.361,173.401,0.0309176,28.6084,-80.6043,28.6085,-80.6044
9.44,1851.14,1833.39,173.209,173.251,0.029965,28.6084,-80.6043,28.6085,-80.6044
9.45,1852.87,1835.12,173.058,173.1,0.0304326,28.6084,-80.6043,28.6085,-80.6044
9.46,1854.6,1836.85,172.907,172.949,0.0294398,28.6084,-80.6043,28.6085,-80.6044
9.47,1856.33,1838.58,172.756,172.797,0.0300179,28.6084,-80.6043,28.6085,-80.6044
9.48,1858.05,1840.3,172.605,172.647,0.0299709,28.6084,-80.6043,28.6085,-80.6044
9.49,1859.78,1842.03,172.454,172.498,0.0302798,28.6084,-80.6043,28.6085,-80.6044
9.5,1861.5,1844.08,172.303,172.348,0.0296455,28.6084,-80.6043,28.6085,-80.6044
9.51,1863.22,1845.8,172.152,172.198,0.0297428,28.6084,-80.6043,28.6085,-80.6044
9.52,1864.94,1847.52,172.002,172.047,0.0297429,28.6084,-80.6043,28.6085,-80.6044
9.53,1866.66,1849.24,171.851,171.896,0.0299923,28.6084,-80.6043,28.6085,-80.6044
9.54,1868.38,1850.96,171.701,171.746,0.029231,28.6084,-80.6043,28.6085,-80.6044
9.55,1870.09,1852.67,171.55,171.597,0.029015,28.6084,-80.6043,28.6085,-80.6044
9.56,1871.81,1854.39,171.4,171.448,0.0292423,28.6084,-80.6043,28.6085,-80.6044
9.57,1873.52,1856.1,171.25,171.297,0.0288961,28.6084,-80.6043,28.6085,-80.6044
9.58,1875.23,1857.81,171.1,171.147,0.0296757,28.6084,-80.6043,28.6085,-80.6044
9.59,1876.94,1859.52,170.95,170.996,0.0300779,28.6084,-80.6043,28.6085,-80.6044
9.6,1878.65,1861.76,170.801,170.847,0.0308796,28.6084,-80.6043,28.6085,-80.6044
9.61,1880.36,1863.47,170.651,170.696,0.0318019,28.6084,-80.6043,28.6085,-80.6044
9.62,1882.06,1865.17,170.501,170.545,0.0319543,28.6084,-80.6043,28.6085,-80.6044
9.63,1883.76,1866.88,170.352,170.395,0.0327716,28.6084,-80.6043,28.6085,-80.6044
9.64,1885.47,1868.58,170.203,170.245,0.0320997,28.6084,-80.6043,28.6085,-80.6044
9.65,1887.17,1870.28,170.053,170.094,0.0330203,28.6084,-80.6043,28.6085,-80.6044
9.66,1888.87,1871.98,169.904,169.947,0.0333006,28.6084,-80.6043,28.6085,-80.6044
9.67,1890.56,1873.68,169.755,169.797,0.0332953,28.6084,-80.6043,28.6085,-80.6044
9.68,1892.26,1875.37,169.606,169.647,0.0340407,28.6084,-80.6043,28.6085,-80.6044
9.69,1893.95,1877.07,169.457,169.5,0.033739,28.6084,-80.6043,28.6085,-80.6044
9.7,1895.65,1879.09,169.308,169.352,0.033491,28.6084,-80.6043,28.6085,-80.6044
9.71,1897.34,1880.79,169.16,169.202,0.0336216,28.6084,-80.6043,28.6085,-80.6044
9.72,1899.03,1882.48,169.011,169.053,0.0326607,28.6084,-80.6043,28.6085,-80.6044
9.73,1900.72,1884.17,168.863,168.904,0.032795,28.6084,-80.6043,28.6085,-80.6044
9.74,1902.41,1885.85,168.714,168.756,0.032042,28.6084,-80.6043,28.6085,-80.6044
9.75,1904.09,1887.54,168.566,168.608,0.0330287,28.6084,-80.6043,28.6085,-80.6044
9.76,1905.78,1889.22,168.418,168.461,0.032887,28.6084,-80.6043,28.6085,-80.6044
9.77,1907.46,1890.91,168.27,168.311,0.0326306,28.6084,-80.6043,28.6085,-80.6044
9.78,1909.14,1892.59,168.122,168.165,0.0335579,28.6084,-80.6043,28.6085,-80.6044
9.79,1910.82,1894.27,167.974,168.017,0.0326197,28.6084,-80.6043,28.6085,-80.6044
9.8,1912.5,1895.93,167.826,167.868,0.0327452,28.6084,-80.6043,28.6085,-80.6044
9.81,1914.17,1897.61,167.678,167.718,0.0333668,28.6084,-80.6043,28.6085,-80.6044
9.82,1915.85,1899.28,167.531,167.571,0.034217,28.6084,-80.6043,28.6085,-80.6044
9.83,1917.52,1900.96,167.383,167.424,0.0342361,28.6084,-80.6043,28.6085,-80.6044
9.84,1919.2,1902.63,167.236,167.276,0.0340599,28.6084,-80.6043,28.6085,-80.6044
9.85,1920.87,1904.3,167.089,167.13,0.0337549,28.6084,-80.6043,28.6085,-80.6044
9.86,1922.54,1905.97,166.941,166.984,0.0336566,28.6084,-80.6043,28.6085,-80.6044
9.87,1924.2,1907.64,166.794,166.837,0.0342038,28.6084,-80.6043,28.6085,-80.6044
9.88,1925.87,1909.31,166.647,166.692,0.0338333,28.6084,-80.6043,28.6085,-80.6044
9.89,1927.54,1910.97,166.5,166.545,0.0328922,28.6084,-80.6043,28.6085,-80.6044
9.9,1929.2,1912.98,166.354,166.399,0.0328672,28.6084,-80.6043,28.6085,-80.6044
9.91,1930.86,1914.65,166.207,166.254,0.0329524,28.6084,-80.6043,28.6085,-80.6044
9.92,1932.52,1916.31,166.06,166.106,0.0321098,28.6084,-80.6043,28.6085,-80.6044
9.93,1934.18,1917.97,165.914,165.96,0.0327084,28.6084,-80.6043,28.6085,-80.6044
9.94,1935.84,1919.63,165.767,165.812,0.0328312,28.6084,-80.6043,28.6085,-80.6044
9.95,1937.49,1921.28,165.621,165.665,0.0321068,28.6084,-80.6043,28.6085,-80.6044
9.96,1939.15,1922.94,165.475,165.517,0.0314525,28.6084,-80.6043,28.6085,-80.6044
9.97,1940.8,1924.59,165.328,165.372,0.0308161,28.6084,-80.6043,28.6085,-80.6044
9.98,1942.45,1926.24,165.182,165.227,0.030162,28.6084,-80.6043,28.6085,-80.6044
9.99,1944.1,1927.89,165.036,165.081,0.0296985,28.6084,-80.6043,28.6085,-80.6044
10,1945.75,1929.39,164.89,164.934,0.0303055,28.6084,-80.6043,28.6084,-80.6042
10.01,1947.4,1931.04,164.745,164.786,0.0304077,28.6084,-80.6043,28.6084,-80.6042
10.02,1949.05,1932.68,164.599,164.639,0.0302972,28.6084,-80.6043,28.6084,-80.6042
10.03,1950.69,1934.33,164.453,164.494,0.0308525,28.6084,-80.6043,28.6084,-80.6042
10.04,1952.33,1935.97,164.308,164.348,0.0315736,28.6084,-80.6043,28.6084,-80.6042
10.05,1953.98,1937.61,164.162,164.202,0.0315068,28.6084,-80.6043,28.6084,-80.6042
10.06,1955.62,1939.25,164.017,164.058,0.0321597,28.6084,-80.6043,28.6084,-80.6042
10.07,1957.25,1940.89,163.872,163.912,0.0312575,28.6084,-80.6043,28.6084,-80.6042
10.08,1958.89,1942.53,163.727,163.766,0.0315133,28.6084,-80.6043,28.6084,-80.6042
10.09,1960.53,1944.17,163.582,163.62,0.0318025,28.6084,-80.6043,28.6084,-80.6042
10.1,1962.16,1945.97,163.437,163.476,0.0325026,28.6084,-80.6043,28.6084,-80.6042
10.11,1963.8,1947.6,163.292,163.333,0.0315486,28.6084,-80.6043,28.6084,-80.6042
10.12,1965.43,1949.23,163.147,163.187,0.0323992,28.6084,-80.6043,28.6084,-80.6042
10.13,1967.06,1950.87,163.003,163.041,0.0315711,28.6084,-80.6043,28.6084,-80.6042
10.14,1968.69,1952.49,162.858,162.898,0.0317528,28.6084,-80.6043,28.6084,-80.6042
10.15,1970.31,1954.12,162.713,162.754,0.0322398,28.6084,-80.6043,28.6084,-80.6042
10.16,1971.94,1955.75,162.569,162.608,0.0322456,28.6084,-80.6043,28.6084,-80.6042
10.17,1973.56,1957.37,162.425,162.462,0.0321475,28.6084,-80.6043,28.6084,-80.6042
10.18,1975.19,1959,162.281,162.316,0.03277,28.6084,-80.6043,28.6084,-80.6042
10.19,1976.81,1960.62,162.136,162.173,0.031794,28.6084,-80.6043,28.6084,-80.6042
10.2,1978.43,1962.55,161.992,162.027,0.0311686,28.6084,-80.6043,28.6084,-80.6042
10.21,1980.05,1964.17,161.848,161.885,0.031075,28.6084,-80.6043,28.6084,-80.6042
10.22,1981.66,1965.79,161.705,161.739,0.0307665,28.6084,-80.6043,28.6084,-80.6042
10.23,1983.28,1967.4,161.561,161.594,0.0301403,28.6084,-80.6043,28.6084,-80.6042
10.24,1984.89,1969.02,161.417,161.452,0.0309041,28.6084,-80.6043,28.6084,-80.6042
10.25,1986.5,1970.63,161.274,161.307,0.0315374,28.6084,-80.6043,28.6084,-80.6042
10.26,1988.12,1972.24,161.13,161.163,0.0306573,28.6084,-80.6043,28.6084,-80.6042
10.27,1989.73,1973.85,160.987,161.018,0.0305859,28.6084,-80.6043,28.6084,-80.6042
10.28,1991.33,1975.46,160.843,160.873,0.0299561,28.6084,-80.6043,28.6084,-80.6042
10.29,1992.94,1977.07,160.7,160.73,0.0304207,28.6084,-80.6043,28.6084,-80.6042
10.3,1994.55,1979.27,160.557,160.588,0.0297315,28.6084,-80.6043,28.6084,-80.6042
10.31,1996.15,1980.87,160.414,160.446,0.0291095,28.6084,-80.6043,28.6084,-80.6042
10.32,1997.75,1982.48,160.271,160.302,0.0290626,28.6084,-80.6043,28.6084,-80.6042
10.33,1999.35,1984.08,160.128,160.157,0.0298827,28.6084,-80.6043,28.6084,-80.6042
10.34,2000.95,1985.68,159.985,160.014,0.0291462,28.6084,-80.6043,28.6084,-80.6042
10.35,2002.55,1987.28,159.843,159.87,0.0290259,28.6084,-80.6043,28.6084,-80.6042
10.36,2004.15,1988.87,159.7,159.725,0.029127,28.6084,-80.6043,28.6084,-80.6042
10.37,2005.75,1990.47,159.557,159.583,0.0289978,28.6084,-80.6043,28.6084,-80.6042
10.38,2007.34,1992.06,159.415,159.441,0.0292518,28.6084,-80.6043,28.6084,-80.6042
10.39,2008.93,1993.66,159.273,159.298,0.0292789,28.6084,-80.6043,28.6084,-80.6042
10.4,2010.52,1995.16,159.13,159.157,0.0287636,28.6084,-80.6043,28.6084,-80.6042
10.41,2012.11,1996.75,158.988,159.013,0.0284465,28.6084,-80.6043,28.6084,-80.6042
10.42,2013.7,1998.34,158.846,158.871,0.0291772,28.6084,-80.6043,28.6084,-80.6042
10.43,2015.29,1999.93,158.704,158.729,0.0300348,28.6084,-80.6043,28.6084,-80.6042
10.44,2016.87,2001.52,158.562,158.587,0.0297321,28.6084,-80.6043,28.6084,-80.6042
10.45,2018.46,2003.1,158.42,158.444,0.0294044,28.6084,-80.6043,28.6084,-80.6042
10.46,2020.04,2004.68,158.279,158.303,0.0289507,28.6084,-80.6043,28.6084,-80.6042
10.47,2021.62,2006.27,158.137,158.161,0.0282511,28.6084,-80.6043,28.6084,-80.6042
10.48,2023.2,2007.85,157.995,158.019,0.0281224,28.6084,-80.6043,28.6084,-80.6042
10.49,2024.78,2009.42,157.854,157.878,0.0279327,28.6084,-80.6043,28.6084,-80.6042
10.5,2026.36,2011.34,157.712,157.736,0.02709,28.6084,-80.6043,28.6084,-80.6042
10.51,2027.93,2012.91,157.571,157.595,0.0271274,28.6084,-80.6043,28.6084,-80.6042
10.52,2029.51,2014.49,157.43,157.456,0.0275579,28.6084,-80.6043,28.6084,-80.6042
10.53,2031.08,2016.06,157.289,157.313,0.0272696,28.6084,-80.6043,28.6084,-80.6042
10.54,2032.65,2017.63,157.148,157.171,0.0278889,28.6084,-80.6043,28.6084,-80.6042
10.55,2034.22,2019.2,157.007,157.03,0.0274516,28.6084,-80.6043,28.6084,-80.6042
10.56,2035.79,2020.77,156.866,156.89,0.0283309,28.6084,-80.6043,28.6084,-80.6042
10.57,2037.36,2022.34,156.725,156.75,0.0281287,28.6084,-80.6043,28.6084,-80.6042
10.58,2038.93,2023.9,156.584,156.609,0.0285828,28.6084,-80.6043,28.6084,-80.6042
10.59,2040.49,2025.47,156.444,156.47,0.0292124,28.6084,-80.6043,28.6084,-80.6042
10.6,2042.05,2026.71,156.303,156.331,0.0288779,28.6084,-80.6043,28.6084,-80.6042
10.61,2043.61,2028.27,156.163,156.191,0.0295945,28.6084,-80.6043,28.6084,-80.6042
10.62,2045.17,2029.83,156.022,156.051,0.0293102,28.6084,-80.6043,28.6084,-80.6042
10.63,2046.73,2031.39,155.882,155.91,0.028865,28.6084,-80.6043,28.6084,-80.6042
10.64,2048.29,2032.95,155.742,155.77,0.0295188,28.6084,-80.6043,28.6084,-80.6042
10.65,2049.85,2034.5,155.602,155.63,0.0290344,28.6084,-80.6043,28.6084,-80.6042
10.66,2051.4,2036.06,155.462,155.491,0.0297839,28.6084,-80.6043,28.6084,-80.6042
10.67,2052.95,2037.61,155.322,155.35,0.0300353,28.6084,-80.6043,28.6084,-80.6042
10.68,2054.51,2039.16,155.182,155.208,0.030123,28.6084,-80.6043,28.6084,-80.6042
10.69,2056.06,2040.71,155.042,155.07,0.0307832,28.6084,-80.6043,28.6084,-80.6042
10.7,2057.61,2041.98,154.902,154.929,0.0300549,28.6084,-80.6043,28.6084,-80.6042
10.71,2059.15,2043.53,154.763,154.789,0.0309232,28.6084,-80.6043,28.6084,-80.6042
10.72,2060.7,2045.08,154.623,154.65,0.0310189,28.6084,-80.6043,28.6084,-80.6042
10.73,2062.24,2046.62,154.484,154.511,0.0315372,28.6084,-80.6043,28.6084,-80.6042
10.74,2063.79,2048.17,154.344,154.371,0.031482,28.6084,-80.6043,28.6084,-80.6042
10.75,2065.33,2049.71,154.205,154.23,0.0321841,28.6084,-80.6043,28.6084,-80.6042
10.76,2066.87,2051.25,154.066,154.091,0.0330845,28.6084,-80.6043,28.6084,-80.6042
10.77,2068.41,2052.79,153.927,153.952,0.0339138,28.6084,-80.6043,28.6084,-80.6042
10.78,2069.95,2054.33,153.788,153.812,0.034448,28.6084,-80.6043,28.6084,-80.6042
10.79,2071.48,2055.86,153.649,153.674,0.03359,28.6084,-80.6043,28.6084,-80.6042
10.8,2073.02,2057.16,153.51,153.534,0.034461,28.6084,-80.6043,28.6084,-80.6042
10.81,2074.55,2058.69,153.371,153.397,0.033708,28.6084,-80.6043,28.6084,-80.6042
10.82,2076.09,2060.22,153.232,153.258,0.0327448,28.6084,-80.6043,28.6084,-80.6042
10.83,2077.62,2061.75,153.093,153.12,0.0326679,28.6084,-80.6043,28.6084,-80.6042
10.84,2079.15,2063.28,152.955,152.983,0.0332868,28.6084,-80.6043,28.6084,-80.6042
10.85,2080.67,2064.81,152.816,152.845,0.032711,28.6084,-80.6043,28.6084,-80.6042
10.86,2082.2,2066.34,152.678,152.708,0.0327741,28.6084,-80.6043,28.6084,-80.6042
10.87,2083.73,2067.86,152.54,152.572,0.0326522,28.6084,-80.6043,28.6084,-80.6042
10.88,2085.25,2069.39,152.401,152.432,0.0331197,28.6084,-80.6043,28.6084,-80.6042
10.89,2086.77,2070.91,152.263,152.295,0.03345,28.6084,-80.6043,28.6084,-80.6042
10.9,2088.29,2073.14,152.125,152.159,0.0337555,28.6084,-80.6043,28.6084,-80.6042
10.91,2089.81,2074.66,151.987,152.019,0.0330405,28.6084,-80.6043,28.6084,-80.6042
10.92,2091.33,2076.18,151.849,151.88,0.0320803,28.6084,-80.6043,28.6084,-80.6042
10.93,2092.85,2077.7,151.711,151.744,0.0327088,28.6084,-80.6043,28.6084,-80.6042
10.94,2094.37,2079.22,151.574,151.604,0.0317744,28.6084,-80.6043,28.6084,-80.6042
10.95,2095.88,2080.73,151.436,151.468,0.030919,28.6084,-80.6043,28.6084,-80.6042
10.96,2097.39,2082.24,151.298,151.328,0.0316656,28.6084,-80.6043,28.6084,-80.6042
10.97,2098.9,2083.76,151.161,151.191,0.0307638,28.6084,-80.6043,28.6084,-80.6042
10.98,2100.41,2085.27,151.023,151.054,0.0300456,28.6084,-80.6043,28.6084,-80.6042
10.99,2101.92,2086.78,150.886,150.918,0.0297459,28.6084,-80.6043,28.6084,-80.6042
11,2103.43,2088.71,150.749,150.782,0.0289652,28.6084,-80.6043,28.6084,-80.6043
11.01,2104.94,2090.22,150.611,150.644,0.0281338,28.6084,-80.6043,28.6084,-80.6043
11.02,2106.44,2091.72,150.474,150.506,0.0273893,28.6084,-80.6043,28.6084,-80.6043
11.03,2107.95,2093.23,150.337,150.37,0.026659,28.6084,-80.6043,28.6084,-80.6043
11.04,2109.45,2094.73,150.2,150.232,0.0264979,28.6084,-80.6043,28.6084,-80.6043
11.05,2110.95,2096.23,150.063,150.095,0.0264705,28.6084,-80.6043,28.6084,-80.6043
11.06,2112.45,2097.73,149.926,149.958,0.0258444,28.6084,-80.6043,28.6084,-80.6043
11.07,2113.94,2099.23,149.79,149.82,0.0259048,28.6084,-80.6043,28.6084,-80.6043
11.08,2115.44,2100.72,149.653,149.682,0.0250056,28.6084,-80.6043,28.6084,-80.6043
11.09,2116.94,2102.22,149.516,149.546,0.0245065,28.6084,-80.6043,28.6084,-80.6043
11.1,2118.43,2103.61,149.38,149.411,0.0240702,28.6084,-80.6043,28.6084,-80.6043
11.11,2119.92,2105.1,149.243,149.274,0.0239156,28.6084,-80.6043,28.6084,-80.6043
11.12,2121.41,2106.59,149.107,149.136,0.0245446,28.6084,-80.6043,28.6084,-80.6043
11.13,2122.9,2108.08,148.971,148.999,0.0241583,28.6084,-80.6043,28.6084,-80.6043
11.14,2124.39,2109.57,148.834,148.861,0.02402,28.6084,-80.6043,28.6084,-80.6043
11.15,2125.88,2111.06,148.698,148.724,0.0244926,28.6084,-80.6043,28.6084,-80.6043
11.16,2127.36,2112.54,148.562,148.59,0.0239109,28.6084,-80.6043,28.6084,-80.6043
11.17,2128.85,2114.03,148.426,148.452,0.0229533,28.6084,-80.6043,28.6084,-80.6043
11.18,2130.33,2115.51,148.29,148.318,0.0226597,28.6084,-80.6043,28.6084,-80.6043
11.19,2131.81,2116.99,148.155,148.182,0.0222044,28.6084,-80.6043,28.6084,-80.6043
11.2,2133.29,2118.58,148.019,148.046,0.0229187,28.6084,-80.6043,28.6084,-80.6043
11.21,2134.77,2120.06,147.883,147.912,0.0222341,28.6084,-80.6043,28.6084,-80.6043
11.22,2136.25,2121.54,147.747,147.775,0.0213087,28.6084,-80.6043,28.6084,-80.6043
11.23,2137.73,2123.02,147.612,147.638,0.0219974,28.6084,-80.6043,28.6084,-80.6043
11.24,2139.2,2124.49,147.476,147.502,0.0212609,28.6084,-80.6043,28.6084,-80.6043
11.25,2140.67,2125.96,147.341,147.365,0.0214356,28.6084,-80.6043,28.6084,-80.6043
11.26,2142.15,2127.44,147.206,147.23,0.0215333,28.6084,-80.6043,28.6084,-80.6043
11.27,2143.62,2128.91,147.071,147.096,0.0213546,28.6084,-80.6043,28.6084,-80.6043
11.28,2145.09,2130.38,146.935,146.962,0.0205372,28.6084,-80.6043,28.6084,-80.6043
11.29,2146.55,2131.84,146.8,146.826,0.0198188,28.6084,-80.6043,28.6084,-80.6043
11.3,2148.02,2133.78,146.665,146.691,0.0192244,28.6084,-80.6043,28.6084,-80.6043
11.31,2149.49,2135.24,146.53,146.555,0.0190667,28.6084,-80.6043,28.6084,-80.6043
11.32,2150.95,2136.71,146.395,146.418,0.0191555,28.6084,-80.6043,28.6084,-80.6043
11.33,2152.41,2138.17,146.261,146.284,0.0190082,28.6084,-80.6043,28.6084,-80.6043
11.34,2153.87,2139.63,146.126,146.151,0.018818,28.6084,-80.6043,28.6084,-80.6043
11.35,2155.33,2141.09,145.991,146.015,0.0188749,28.6084,-80.6043,28.6084,-80.6043
11.36,2156.79,2142.55,145.857,145.88,0.0187573,28.6084,-80.6043,28.6084,-80.6043
11.37,2158.25,2144.01,145.722,145.746,0.0182766,28.6084,-80.6043,28.6084,-80.6043
11.38,2159.71,2145.46,145.588,145.612,0.0185061,28.6084,-80.6043,28.6084,-80.6043
11.39,2161.16,2146.92,145.453,145.478,0.0190682,28.6084,-80.6043,28.6084,-80.6043
11.4,2162.61,2148.67,145.319,145.345,0.0183376,28.6084,-80.6043,28.6084,-80.6043
11.41,2164.07,2150.13,145.185,145.21,0.019176,28.6084,-80.6043,28.6084,-80.6043
11.42,2165.52,2151.58,145.051,145.077,0.0201754,28.6084,-80.6043,28.6084,-80.6043
11.43,2166.96,2153.03,144.917,144.941,0.0196841,28.6084,-80.6043,28.6084,-80.6043
11.44,2168.41,2154.47,144.783,144.806,0.0196699,28.6084,-80.6043,28.6084,-80.6043
11.45,2169.86,2155.92,144.649,144.672,0.0190193,28.6084,-80.6043,28.6084,-80.6043
11.46,2171.3,2157.37,144.515,144.537,0.0197759,28.6084,-80.6043,28.6084,-80.6043
11.47,2172.75,2158.81,144.381,144.402,0.0202338,28.6084,-80.6043,28.6084,-80.6043
11.48,2174.19,2160.25,144.248,144.269,0.0205467,28.6084,-80.6043,28.6084,-80.6043
11.49,2175.63,2161.69,144.114,144.135,0.0196619,28.6084,-80.6043,28.6084,-80.6043
11.5,2177.07,2163.02,143.98,144.003,0.0188101,28.6084,-80.6043,28.6084,-80.6043
11.51,2178.51,2164.46,143.847,143.869,0.019499,28.6084,-80.6043,28.6084,-80.6043
11.52,2179.95,2165.89,143.714,143.736,0.0185599,28.6084,-80.6043,28.6084,-80.6043
11.53,2181.38,2167.33,143.58,143.602,0.0177341,28.6084,-80.6043,28.6084,-80.6043
11.54,2182.82,2168.76,143.447,143.47,0.0171342,28.6084,-80.6043,28.6084,-80.6043
11.55,2184.25,2170.2,143.314,143.336,0.0165115,28.6084,-80.6043,28.6084,-80.6043
11.56,2185.68,2171.63,143.181,143.203,0.0157936,28.6084,-80.6043,28.6084,-80.6043
11.57,2187.11,2173.06,143.048,143.072,0.0157726,28.6084,-80.6043,28.6084,-80.6043
11.58,2188.54,2174.49,142.915,142.937,0.0152344,28.6084,-80.6043,28.6084,-80.6043
11.59,2189.97,2175.92,142.782,142.805,0.0155232,28.6084,-80.6043,28.6084,-80.6043
11.6,2191.4,2177.34,142.649,142.673,0.0161325,28.6084,-80.6043,28.6084,-80.6043
11.61,2192.82,2178.77,142.516,142.541,0.0152022,28.6084,-80.6043,28.6084,-80.6043
11.62,2194.25,2180.19,142.383,142.409,0.0146402,28.6084,-80.6043,28.6084,-80.6043
11.63,2195.67,2181.61,142.251,142.277,0.0138472,28.6084,-80.6043,28.6084,-80.6043
11.64,2197.09,2183.04,142.118,142.143,0.0141096,28.6084,-80.6043,28.6084,-80.6043
11.65,2198.51,2184.46,141.986,142.01,0.0142228,28.6084,-80.6043,28.6084,-80.6043
11.66,2199.93,2185.87,141.853,141.875,0.0132669,28.6084,-80.6043,28.6084,-80.6043
11.67,2201.34,2187.29,141.721,141.741,0.0123525,28.6084,-80.6043,28.6084,-80.6043
11.68,2202.76,2188.71,141.589,141.609,0.0117193,28.6084,-80.6043,28.6084,-80.6043
11.69,2204.17,2190.12,141.456,141.478,0.0120817,28.6084,-80.6043,28.6084,-80.6043
11.7,2205.59,2191.73,141.324,141.346,0.0111678,28.6084,-80.6043,28.6084,-80.6043
11.71,2207,2193.14,141.192,141.212,0.0102069,28.6084,-80.6043,28.6084,-80.6043
11.72,2208.41,2194.55,141.06,141.081,0.0106024,28.6084,-80.6043,28.6084,-80.6043
11.73,2209.82,2195.96,140.928,140.948,0.0101834,28.6084,-80.6043,28.6084,-80.6043
11.74,2211.23,2197.37,140.796,140.815,0.0110604,28.6084,-80.6043,28.6084,-80.6043
11.75,2212.63,2198.78,140.665,140.682,0.0104024,28.6084,-80.6043,28.6084,-80.6043
11.76,2214.04,2200.18,140.533,140.55,0.00966244,28.6084,-80.6043,28.6084,-80.6043
11.77,2215.44,2201.59,140.401,140.42,0.0101102,28.6084,-80.6043,28.6084,-80.6043
11.78,2216.85,2202.99,140.27,140.289,0.0107748,28.6084,-80.6043,28.6084,-80.6043
11.79,2218.25,2204.39,140.138,140.156,0.0106798,28.6084,-80.6043,28.6084,-80.6043
11.8,2219.65,2205.96,140.007,140.022,0.0107941,28.6084,-80.6043,28.6084,-80.6043
11.81,2221.05,2207.36,139.875,139.891,0.0111009,28.6084,-80.6043,28.6084,-80.6043
11.82,2222.44,2208.76,139.744,139.76,0.011127,28.6084,-80.6043,28.6084,-80.6043
11.83,2223.84,2210.15,139.613,139.63,0.010851,28.6084,-80.6043,28.6084,-80.6043
11.84,2225.24,2211.55,139.481,139.497,0.0103351,28.6084,-80.6043,28.6084,-80.6043
11.85,2226.63,2212.94,139.35,139.366,0.0100657,28.6084,-80.6043,28.6084,-80.6043
11.86,2228.02,2214.33,139.219,139.236,0.00991487,28.6084,-80.6043,28.6084,-80.6043
11.87,2229.41,2215.72,139.088,139.103,0.00988693,28.6084,-80.6043,28.6084,-80.6043
11.88,2230.8,2217.11,138.957,138.973,0.0095196,28.6084,-80.6043,28.6084,-80.6043
11.89,2232.19,2218.5,138.827,138.843,0.00974667,28.6084,-80.6043,28.6084,-80.6043
11.9,2233.58,2219.54,138.696,138.712,0.0107451,28.6084,-80.6043,28.6084,-80.6043
11.91,2234.96,2220.92,138.565,138.58,0.0112012,28.6084,-80.6043,28.6084,-80.6043
11.92,2236.35,2222.31,138.434,138.451,0.0109268,28.6084,-80.6043,28.6084,-80.6043
11.93,2237.73,2223.69,138.304,138.32,0.0116124,28.6084,-80.6043,28.6084,-80.6043
11.94,2239.11,2225.07,138.173,138.191,0.0117527,28.6084,-80.6043,28.6084,-80.6043
11.95,2240.49,2226.45,138.043,138.06,0.011313,28.6084,-80.6043,28.6084,-80.6043
11.96,2241.87,2227.83,137.912,137.93,0.0104197,28.6084,-80.6043,28.6084,-80.6043
11.97,2243.25,2229.21,137.782,137.801,0.00964986,28.6084,-80.6043,28.6084,-80.6043
11.98,2244.63,2230.59,137.652,137.672,0.00894966,28.6084,-80.6043,28.6084,-80.6043
11.99,2246,2231.96,137.522,137.541,0.00821408,28.6084,-80.6043,28.6084,-80.6043
12,2247.37,2233.54,137.392,137.411,0.0085633,28.6084,-80.6043,28.6084,-80.6043
12.01,2248.75,2234.91,137.262,137.283,0.00896419,28.6084,-80.6043,28.6084,-80.6043
12.02,2250.12,2236.29,137.132,137.152,0.00850039,28.6084,-80.6043,28.6084,-80.6043
12.03,2251.49,2237.66,137.002,137.022,0.00796821,28.6084,-80.6043,28.6084,-80.6043
12.04,2252.86,2239.02,136.872,136.892,0.00890781,28.6084,-80.6043,28.6084,-80.6043
12.05,2254.22,2240.39,136.742,136.764,0.00836538,28.6084,-80.6043,28.6084,-80.6043
12.06,2255.59,2241.76,136.612,136.633,0.00840989,28.6084,-80.6043,28.6084,-80.6043
12.07,2256.96,2243.12,136.483,136.502,0.00770568,28.6084,-80.6043,28.6084,-80.6043
12.08,2258.32,2244.49,136.353,136.371,0.00764871,28.6084,-80.6043,28.6084,-80.6043
12.09,2259.68,2245.85,136.223,136.241,0.00803757,28.6084,-80.6043,28.6084,-80.6043
12.1,2261.04,2247.84,136.094,136.111,0.0074695,28.6084,-80.6043,28.6084,-80.6043
12.11,2262.4,2249.2,135.965,135.983,0.00720123,28.6084,-80.6043,28.6084,-80.6043
12.12,2263.76,2250.56,135.835,135.852,0.00729573,28.6084,-80.6043,28.6084,-80.6043
12.13,2265.12,2251.92,135.706,135.725,0.00788256,28.6084,-80.6043,28.6084,-80.6043
12.14,2266.47,2253.28,135.577,135.595,0.00868322,28.6084,-80.6043,28.6084,-80.6043
12.15,2267.83,2254.63,135.448,135.466,0.00943174,28.6084,-80.6043,28.6084,-80.6043
12.16,2269.18,2255.98,135.319,135.337,0.00945301,28.6084,-80.6043,28.6084,-80.6043
12.17,2270.53,2257.34,135.19,135.207,0.010099,28.6084,-80.6043,28.6084,-80.6043
12.18,2271.88,2258.69,135.061,135.08,0.00978474,28.6084,-80.6043,28.6084,-80.6043
12.19,2273.23,2260.04,134.932,134.95,0.0106022,28.6084,-80.6043,28.6084,-80.6043
12.2,2274.58,2261.4,134.803,134.82,0.0104787,28.6084,-80.6043,28.6084,-80.6043
12.21,2275.93,2262.75,134.674,134.69,0.0104985,28.6084,-80.6043,28.6084,-80.6043
12.22,2277.27,2264.09,134.545,134.561,0.0113374,28.6084,-80.6043,28.6084,-80.6043
12.23,2278.62,2265.44,134.417,134.434,0.011972,28.6084,-80.6043,28.6084,-80.6043
12.24,2279.96,2266.78,134.288,134.306,0.0119845,28.6084,-80.6043,28.6084,-80.6043
12.25,2281.3,2268.12,134.16,134.176,0.0118313,28.6084,-80.6043,28.6084,-80.6043
12.26,2282.64,2269.46,134.031,134.049,0.0116295,28.6084,-80.6043,28.6084,-80.6043
12.27,2283.98,2270.8,133.903,133.921,0.0115666,28.6084,-80.6043,28.6084,-80.6043
12.28,2285.32,2272.14,133.775,133.792,0.0112378,28.6084,-80.6043,28.6084,-80.6043
12.29,2286.65,2273.48,133.646,133.665,0.0106784,28.6084,-80.6043,28.6084,-80.6043
12.3,2287.99,2275.25,133.518,133.538,0.0112994,28.6084,-80.6043,28.6084,-80.6043
12.31,2289.32,2276.58,133.39,133.411,0.0121384,28.6084,-80.6043,28.6084,-80.6043
12.32,2290.66,2277.92,133.262,133.284,0.0116965,28.6084,-80.6043,28.6084,-80.6043
12.33,2291.99,2279.25,133.134,133.155,0.0123118,28.6084,-80.6043,28.6084,-80.6043
12.34,2293.32,2280.58,133.006,133.026,0.0124461,28.6084,-80.6043,28.6084,-80.6043
12.35,2294.65,2281.91,132.878,132.897,0.0123042,28.6084,-80.6043,28.6084,-80.6043
12.36,2295.97,2283.24,132.75,132.768,0.0128158,28.6084,-80.6043,28.6084,-80.6043
12.37,2297.3,2284.56,132.622,132.642,0.0124432,28.6084,-80.6043,28.6084,-80.6043
12.38,2298.63,2285.89,132.495,132.515,0.0127144,28.6084,-80.6043,28.6084,-80.6043
12.39,2299.95,2287.21,132.367,132.389,0.0122012,28.6084,-80.6043,28.6084,-80.6043
12.4,2301.27,2288.45,132.24,132.262,0.0119032,28.6084,-80.6043,28.6084,-80.6043
12.41,2302.59,2289.77,132.112,132.134,0.0126897,28.6084,-80.6043,28.6084,-80.6043
12.42,2303.91,2291.09,131.985,132.007,0.0124655,28.6084,-80.6043,28.6084,-80.6043
12.43,2305.23,2292.41,131.857,131.878,0.0126044,28.6084,-80.6043,28.6084,-80.6043
12.44,2306.55,2293.73,131.73,131.751,0.0117211,28.6084,-80.6043,28.6084,-80.6043
12.45,2307.86,2295.05,131.603,131.623,0.0114877,28.6084,-80.6043,28.6084,-80.6043
12.46,2309.18,2296.36,131.475,131.496,0.0110867,28.6084,-80.6043,28.6084,-80.6043
12.47,2310.49,2297.68,131.348,131.371,0.0114416,28.6084,-80.6043,28.6084,-80.6043
12.48,2311.8,2298.99,131.221,131.244,0.0120199,28.6084,-80.6043,28.6084,-80.6043
12.49,2313.12,2300.3,131.094,131.118,0.0112778,28.6084,-80.6043,28.6084,-80.6043
12.5,2314.43,2301.28,130.967,130.989,0.0108665,28.6084,-80.6043,28.6084,-80.6043
12.51,2315.73,2302.58,130.84,130.863,0.0100917,28.6084,-80.6043,28.6084,-80.6043
12.52,2317.04,2303.89,130.713,130.737,0.0101477,28.6084,-80.6043,28.6084,-80.6043
12.53,2318.35,2305.2,130.587,130.611,0.0106768,28.6084,-80.6043,28.6084,-80.6043
12.54,2319.65,2306.5,130.46,130.486,0.0105109,28.6084,-80.6043,28.6084,-80.6043
12.55,2320.95,2307.81,130.333,130.357,0.011383,28.6084,-80.6043,28.6084,-80.6043
12.56,2322.26,2309.11,130.207,130.231,0.0104006,28.6084,-80.6043,28.6084,-80.6043
12.57,2323.56,2310.41,130.08,130.105,0.0111465,28.6084,-80.6043,28.6084,-80.6043
12.58,2324.86,2311.71,129.954,129.977,0.010424,28.6084,-80.6043,28.6084,-80.6043
12.59,2326.16,2313.01,129.827,129.85,0.0100158,28.6084,-80.6043,28.6084,-80.6043
12.6,2327.45,2314.74,129.701,129.724,0.0107448,28.6084,-80.6043,28.6084,-80.6043
12.61,2328.75,2316.03,129.575,129.599,0.0114367,28.6084,-80.6043,28.6084,-80.6043
12.62,2330.04,2317.33,129.448,129.472,0.0111967,28.6084,-80.6043,28.6084,-80.6043
12.63,2331.34,2318.62,129.322,129.346,0.0106708,28.6084,-80.6043,28.6084,-80.6043
12.64,2332.63,2319.92,129.196,129.22,0.0110111,28.6084,-80.6043,28.6084,-80.6043
12.65,2333.92,2321.21,129.07,129.094,0.0100755,28.6084,-80.6043,28.6084,-80.6043
12.66,2335.21,2322.5,128.944,128.968,0.0103635,28.6084,-80.6043,28.6084,-80.6043
12.67,2336.5,2323.78,128.818,128.844,0.0113414,28.6084,-80.6043,28.6084,-80.6043
12.68,2337.78,2325.07,128.692,128.717,0.0116088,28.6084,-80.6043,28.6084,-80.6043
12.69,2339.07,2326.36,128.566,128.592,0.0122273,28.6084,-80.6043,28.6084,-80.6043
12.7,2340.35,2328.07,128.44,128.468,0.0126201,28.6084,-80.6043,28.6084,-80.6043
12.71,2341.64,2329.35,128.315,128.341,0.0121514,28.6084,-80.6043,28.6084,-80.6043
12.72,2342.92,2330.64,128.189,128.214,0.0131427,28.6084,-80.6043,28.6084,-80.6043
12.73,2344.2,2331.92,128.063,128.088,0.0134396,28.6084,-80.6043,28.6084,-80.6043
12.74,2345.48,2333.2,127.938,127.962,0.0142857,28.6084,-80.6043,28.6084,-80.6043
12.75,2346.76,2334.48,127.812,127.836,0.0152575,28.6084,-80.6043,28.6084,-80.6043
12.76,2348.03,2335.75,127.687,127.712,0.0149754,28.6084,-80.6043,28.6084,-80.6043
12.77,2349.31,2337.03,127.562,127.586,0.0142178,28.6084,-80.6043,28.6084,-80.6043
12.78,2350.58,2338.3,127.436,127.463,0.0144073,28.6084,-80.6043,28.6084,-80.6043
12.79,2351.86,2339.58,127.311,127.338,0.0147357,28.6084,-80.6043,28.6084,-80.6043
12.8,2353.13,2341.19,127.186,127.211,0.0150606,28.6084,-80.6043,28.6084,-80.6043
12.81,2354.4,2342.46,127.061,127.084,0.0151238,28.6084,-80.6043,28.6084,-80.6043
12.82,2355.67,2343.73,126.936,126.958,0.0144483,28.6084,-80.6043,28.6084,-80.6043
12.83,2356.94,2344.99,126.811,126.831,0.0151972,28.6084,-80.6043,28.6084,-80.6043
12.84,2358.2,2346.26,126.686,126.708,0.0160262,28.6084,-80.6043,28.6084,-80.6043
12.85,2359.47,2347.53,126.561,126.584,0.0155579,28.6084,-80.6043,28.6084,-80.6043
12.86,2360.73,2348.79,126.436,126.46,0.0162309,28.6084,-80.6043,28.6084,-80.6043
12.87,2362,2350.05,126.311,126.335,0.0165673,28.6084,-80.6043,28.6084,-80.6043
12.88,2363.26,2351.32,126.186,126.209,0.0157306,28.6084,-80.6043,28.6084,-80.6043
12.89,2364.52,2352.58,126.062,126.086,0.0150584,28.6084,-80.6043,28.6084,-80.6043
12.9,2365.78,2354.16,125.937,125.962,0.0159497,28.6084,-80.6043,28.6084,-80.6043
12.91,2367.04,2355.42,125.812,125.839,0.0155564,28.6084,-80.6043,28.6084,-80.6043
12.92,2368.29,2356.68,125.688,125.712,0.0164515,28.6084,-80.6043,28.6084,-80.6043
12.93,2369.55,2357.93,125.563,125.589,0.0167647,28.6084,-80.6043,28.6084,-80.6043
12.94,2370.8,2359.19,125.439,125.465,0.0158131,28.6084,-80.6043,28.6084,-80.6043
12.95,2372.06,2360.44,125.315,125.34,0.0162868,28.6084,-80.6043,28.6084,-80.6043
12.96,2373.31,2361.7,125.19,125.217,0.0169881,28.6084,-80.6043,28.6084,-80.6043
12.97,2374.56,2362.95,125.066,125.094,0.0179011,28.6084,-80.6043,28.6084,-80.6043
12.98,2375.81,2364.2,124.942,124.968,0.0183521,28.6084,-80.6043,28.6084,-80.6043
12.99,2377.06,2365.44,124.818,124.846,0.0192129,28.6084,-80.6043,28.6084,-80.6043
13,2378.3,2367.18,124.694,124.721,0.0186007,28.6084,-80.6043,28.6084,-80.6044
13.01,2379.55,2368.43,124.57,124.597,0.0188548,28.6084,-80.6043,28.6084,-80.6044
13.02,2380.79,2369.67,124.446,124.472,0.01893,28.6084,-80.6043,28.6084,-80.6044
13.03,2382.04,2370.91,124.322,124.348,0.018283,28.6084,-80.6043,28.6084,-80.6044
13.04,2383.28,2372.16,124.198,124.224,0.0177966,28.6084,-80.6043,28.6084,-80.6044
13.05,2384.52,2373.4,124.074,124.1,0.0177348,28.6084,-80.6043,28.6084,-80.6044
13.06,2385.76,2374.64,123.95,123.975,0.0174908,28.6084,-80.6043,28.6084,-80.6044
13.07,2387,2375.87,123.827,123.85,0.0181229,28.6084,-80.6043,28.6084,-80.6044
13.08,2388.23,2377.11,123.703,123.726,0.0180124,28.6084,-80.6043,28.6084,-80.6044
13.09,2389.47,2378.35,123.58,123.602,0.0174053,28.6084,-80.6043,28.6084,-80.6044
13.1,2390.7,2379.21,123.456,123.478,0.0172132,28.6084,-80.6043,28.6084,-80.6044
13.11,2391.94,2380.45,123.333,123.353,0.016472,28.6084,-80.6043,28.6084,-80.6044
13.12,2393.17,2381.68,123.209,123.228,0.0159555,28.6084,-80.6043,28.6084,-80.6044
13.13,2394.4,2382.91,123.086,123.104,0.0155052,28.6084,-80.6043,28.6084,-80.6044
13.14,2395.63,2384.14,122.962,122.982,0.0156224,28.6084,-80.6043,28.6084,-80.6044
13.15,2396.86,2385.37,122.839,122.861,0.0148541,28.6084,-80.6043,28.6084,-80.6044
13.16,2398.09,2386.6,122.716,122.739,0.0150753,28.6084,-80.6043,28.6084,-80.6044
13.17,2399.31,2387.82,122.593,122.615,0.015015,28.6084,-80.6043,28.6084,-80.6044
13.18,2400.54,2389.05,122.47,122.494,0.0150616,28.6084,-80.6043,28.6084,-80.6044
13.19,2401.76,2390.27,122.347,122.373,0.0144029,28.6084,-80.6043,28.6084,-80.6044
13.2,2402.98,2391.35,122.224,122.248,0.0141662,28.6084,-80.6043,28.6084,-80.6044
13.21,2404.2,2392.57,122.101,122.124,0.0141808,28.6084,-80.6043,28.6084,-80.6044
13.22,2405.42,2393.79,121.978,122,0.0147475,28.6084,-80.6043,28.6084,-80.6044
13.23,2406.64,2395.01,121.855,121.879,0.0152357,28.6084,-80.6043,28.6084,-80.6044
13.24,2407.86,2396.23,121.732,121.758,0.0147306,28.6084,-80.6043,28.6084,-80.6044
13.25,2409.07,2397.44,121.61,121.634,0.0139961,28.6084,-80.6043,28.6084,-80.6044
13.26,2410.29,2398.66,121.487,121.512,0.013551,28.6084,-80.6043,28.6084,-80.6044
13.27,2411.5,2399.87,121.364,121.388,0.0141519,28.6084,-80.6043,28.6084,-80.6044
13.28,2412.72,2401.08,121.242,121.266,0.0141291,28.6084,-80.6043,28.6084,-80.6044
13.29,2413.93,2402.3,121.119,121.144,0.0136526,28.6084,-80.6043,28.6084,-80.6044
13.3,2415.14,2403.46,120.997,121.021,0.0141747,28.6084,-80.6043,28.6084,-80.6044
13.31,2416.35,2404.67,120.874,120.898,0.0133902,28.6084,-80.6043,28.6084,-80.6044
13.32,2417.55,2405.87,120.752,120.776,0.0142202,28.6084,-80.6043,28.6084,-80.6044
13.33,2418.76,2407.08,120.63,120.654,0.0143731,28.6084,-80.6043,28.6084,-80.6044
13.34,2419.96,2408.29,120.508,120.53,0.0146415,28.6084,-80.6043,28.6084,-80.6044
13.35,2421.17,2409.49,120.385,120.41,0.0145631,28.6084,-80.6043,28.6084,-80.6044
13.36,2422.37,2410.69,120.263,120.286,0.0144938,28.6084,-80.6043,28.6084,-80.6044
13.37,2423.57,2411.89,120.141,120.165,0.0150913,28.6084,-80.6043,28.6084,-80.6044
13.38,2424.77,2413.09,120.019,120.042,0.0148833,28.6084,-80.6043,28.6084,-80.6044
13.39,2425.97,2414.29,119.897,119.921,0.015213,28.6084,-80.6043,28.6084,-80.6044
13.4,2427.17,2415.08,119.775,119.8,0.0160356,28.6084,-80.6043,28.6084,-80.6044
13.41,2428.37,2416.27,119.653,119.677,0.0152857,28.6084,-80.6043,28.6084,-80.6044
13.42,2429.56,2417.47,119.532,119.553,0.015335,28.6084,-80.6043,28.6084,-80.6044
13.43,2430.76,2418.66,119.41,119.432,0.0156733,28.6084,-80.6043,28.6084,-80.6044
13.44,2431.95,2419.86,119.288,119.311,0.0146817,28.6084,-80.6043,28.6084,-80.6044
13.45,2433.14,2421.05,119.166,119.189,0.0156427,28.6084,-80.6043,28.6084,-80.6044
13.46,2434.33,2422.24,119.045,119.065,0.0157185,28.6084,-80.6043,28.6084,-80.6044
13.47,2435.52,2423.43,118.923,118.944,0.0165592,28.6084,-80.6043,28.6084,-80.6044
13.48,2436.71,2424.62,118.802,118.822,0.0160008,28.6084,-80.6043,28.6084,-80.6044
13.49,2437.89,2425.8,118.68,118.698,0.0166071,28.6084,-80.6043,28.6084,-80.6044
13.5,2439.08,2427.45,118.559,118.575,0.0165408,28.6084,-80.6043,28.6084,-80.6044
13.51,2440.26,2428.63,118.437,118.455,0.0157783,28.6084,-80.6043,28.6084,-80.6044
13.52,2441.45,2429.82,118.316,118.335,0.0149016,28.6084,-80.6043,28.6084,-80.6044
13.53,2442.63,2431,118.195,118.213,0.0146933,28.6084,-80.6043,28.6084,-80.6044
13.54,2443.81,2432.18,118.074,118.093,0.0138109,28.6084,-80.6043,28.6084,-80.6044
13.55,2444.99,2433.36,117.953,117.971,0.0147109,28.6084,-80.6043,28.6084,-80.6044
13.56,2446.17,2434.54,117.831,117.852,0.0145753,28.6084,-80.6043,28.6084,-80.6044
13.57,2447.35,2435.72,117.71,117.732,0.0143853,28.6084,-80.6043,28.6084,-80.6044
13.58,2448.52,2436.89,117.589,117.61,0.0146714,28.6084,-80.6043,28.6084,-80.6044
13.59,2449.7,2438.07,117.468,117.487,0.0137716,28.6084,-80.6043,28.6084,-80.6044
13.6,2450.87,2439.49,117.347,117.365,0.0131155,28.6084,-80.6043,28.6084,-80.6044
13.61,2452.04,2440.66,117.227,117.242,0.0137481,28.6084,-80.6043,28.6084,-80.6044
13.62,2453.21,2441.83,117.106,117.123,0.0143082,28.6084,-80.6043,28.6084,-80.6044
13.63,2454.38,2443,116.985,117.001,0.0152719,28.6084,-80.6043,28.6084,-80.6044
13.64,2455.55,2444.17,116.864,116.88,0.0147038,28.6084,-80.6043,28.6084,-80.6044
13.65,2456.72,2445.34,116.744,116.759,0.0145075,28.6084,-80.6043,28.6084,-80.6044
13.66,2457.88,2446.5,116.623,116.64,0.0146424,28.6084,-80.6043,28.6084,-80.6044
13.67,2459.05,2447.67,116.503,116.518,0.0154859,28.6084,-80.6043,28.6084,-80.6044
13.68,2460.21,2448.83,116.382,116.395,0.015316,28.6084,-80.6043,28.6084,-80.6044
13.69,2461.38,2450,116.262,116.276,0.014598,28.6084,-80.6043,28.6084,-80.6044
13.7,2462.54,2451.36,116.141,116.156,0.0147943,28.6084,-80.6043,28.6084,-80.6044
13.71,2463.7,2452.52,116.021,116.034,0.0149385,28.6084,-80.6043,28.6084,-80.6044
13.72,2464.86,2453.68,115.9,115.913,0.0143392,28.6084,-80.6043,28.6084,-80.6044
13.73,2466.01,2454.83,115.78,115.792,0.0145746,28.6084,-80.6043,28.6084,-80.6044
13.74,2467.17,2455.99,115.66,115.671,0.0141515,28.6084,-80.6043,28.6084,-80.6044
13.75,2468.33,2457.15,115.54,115.552,0.0137632,28.6084,-80.6043,28.6084,-80.6044
13.76,2469.48,2458.3,115.42,115.433,0.0139751,28.6084,-80.6043,28.6084,-80.6044
13.77,2470.63,2459.45,115.3,115.312,0.0143343,28.6084,-80.6043,28.6084,-80.6044
13.78,2471.79,2460.61,115.18,115.193,0.0138613,28.6084,-80.6043,28.6084,-80.6044
13.79,2472.94,2461.76,115.06,115.072,0.0145792,28.6084,-80.6043,28.6084,-80.6044
13.8,2474.09,2462.64,114.94,114.953,0.0149087,28.6084,-80.6043,28.6084,-80.6044
13.81,2475.23,2463.79,114.82,114.834,0.0152765,28.6084,-80.6043,28.6084,-80.6044
13.82,2476.38,2464.94,114.7,114.714,0.0150001,28.6084,-80.6043,28.6084,-80.6044
13.83,2477.53,2466.08,114.58,114.593,0.0145781,28.6084,-80.6043,28.6084,-80.6044
13.84,2478.67,2467.23,114.46,114.473,0.0152205,28.6084,-80.6043,28.6084,-80.6044
13.85,2479.81,2468.37,114.341,114.355,0.0152688,28.6084,-80.6043,28.6084,-80.6044
13.86,2480.96,2469.51,114.221,114.237,0.0151873,28.6084,-80.6043,28.6084,-80.6044
13.87,2482.1,2470.65,114.102,114.12,0.0145393,28.6084,-80.6043,28.6084,-80.6044
13.88,2483.24,2471.79,113.982,114.001,0.0146755,28.6084,-80.6043,28.6084,-80.6044
13.89,2484.38,2472.93,113.863,113.881,0.0156012,28.6084,-80.6043,28.6084,-80.6044
13.9,2485.51,2473.97,113.743,113.761,0.0160658,28.6084,-80.6043,28.6084,-80.6044
13.91,2486.65,2475.1,113.624,113.643,0.0150937,28.6084,-80.6043,28.6084,-80.6044
13.92,2487.79,2476.24,113.504,113.524,0.0153073,28.6084,-80.6043,28.6084,-80.6044
13.93,2488.92,2477.37,113.385,113.404,0.0159171,28.6084,-80.6043,28.6084,-80.6044
13.94,2490.05,2478.5,113.266,113.284,0.0168962,28.6084,-80.6043,28.6084,-80.6044
13.95,2491.18,2479.64,113.147,113.165,0.0162659,28.6084,-80.6043,28.6084,-80.6044
13.96,2492.31,2480.77,113.027,113.045,0.015573,28.6084,-80.6043,28.6084,-80.6044
13.97,2493.44,2481.9,112.908,112.927,0.015835,28.6084,-80.6043,28.6084,-80.6044
13.98,2494.57,2483.02,112.789,112.807,0.0150643,28.6084,-80.6043,28.6084,-80.6044
13.99,2495.7,2484.15,112.67,112.687,0.0142117,28.6084,-80.6043,28.6084,-80.6044
14,2496.82,2485.88,112.551,112.566,0.0145276,28.6084,-80.6043,28.6084,-80.6043
14.01,2497.95,2487,112.432,112.445,0.0147442,28.6084,-80.6043,28.6084,-80.6043
14.02,2499.07,2488.12,112.314,112.327,0.0139409,28.6084,-80.6043,28.6084,-80.6043
14.03,2500.19,2489.25,112.195,112.208,0.0137092,28.6084,-80.6043,28.6084,-80.6043
14.04,2501.31,2490.37,112.076,112.091,0.0137052,28.6084,-80.6043,28.6084,-80.6043
14.05,2502.43,2491.49,111.957,111.972,0.0137107,28.6084,-80.6043,28.6084,-80.6043
14.06,2503.55,2492.61,111.838,111.852,0.0140616,28.6084,-80.6043,28.6084,-80.6043
14.07,2504.67,2493.72,111.72,111.732,0.0142027,28.6084,-80.6043,28.6084,-80.6043
14.08,2505.78,2494.84,111.601,111.614,0.0147572,28.6084,-80.6043,28.6084,-80.6043
14.09,2506.9,2495.95,111.483,111.497,0.0156257,28.6084,-80.6043,28.6084,-80.6043
14.1,2508.01,2497.12,111.364,111.38,0.0157877,28.6084,-80.6043,28.6084,-80.6043
14.11,2509.12,2498.23,111.246,111.262,0.0161791,28.6084,-80.6043,28.6084,-80.6043
14.12,2510.24,2499.34,111.127,111.144,0.0156932,28.6084,-80.6043,28.6084,-80.6043
14.13,2511.35,2500.45,111.009,111.027,0.0154072,28.6084,-80.6043,28.6084,-80.6043
14.14,2512.45,2501.56,110.891,110.907,0.0147242,28.6084,-80.6043,28.6084,-80.6043
14.15,2513.56,2502.67,110.772,110.791,0.0147879,28.6084,-80.6043,28.6084,-80.6043
14.16,2514.67,2503.78,110.654,110.672,0.0140714,28.6084,-80.6043,28.6084,-80.6043
14.17,2515.77,2504.88,110.536,110.553,0.0138562,28.6084,-80.6043,28.6084,-80.6043
14.18,2516.88,2505.99,110.418,110.435,0.0139919,28.6084,-80.6043,28.6084,-80.6043
14.19,2517.98,2507.09,110.3,110.316,0.0133398,28.6084,-80.6043,28.6084,-80.6043
14.2,2519.08,2507.97,110.182,110.2,0.0140515,28.6084,-80.6043,28.6084,-80.6043
14.21,2520.18,2509.07,110.064,110.081,0.0133785,28.6084,-80.6043,28.6084,-80.6043
14.22,2521.28,2510.17,109.946,109.965,0.0129915,28.6084,-80.6043,28.6084,-80.6043
14.23,2522.38,2511.27,109.828,109.849,0.0132007,28.6084,-80.6043,28.6084,-80.6043
14.24,2523.48,2512.36,109.71,109.73,0.0139438,28.6084,-80.6043,28.6084,-80.6043
14.25,2524.58,2513.46,109.592,109.611,0.0145558,28.6084,-80.6043,28.6084,-80.6043
14.26,2525.67,2514.55,109.474,109.491,0.0153184,28.6084,-80.6043,28.6084,-80.6043
14.27,2526.76,2515.65,109.357,109.373,0.0149422,28.6084,-80.6043,28.6084,-80.6043
14.28,2527.86,2516.74,109.239,109.256,0.0156663,28.6084,-80.6043,28.6084,-80.6043
14.29,2528.95,2517.83,109.121,109.139,0.0161409,28.6084,-80.6043,28.6084,-80.6043
14.3,2530.04,2519.19,109.004,109.023,0.0154414,28.6084,-80.6043,28.6084,-80.6043
14.31,2531.13,2520.28,108.886,108.903,0.0151093,28.6084,-80.6043,28.6084,-80.6043
14.32,2532.21,2521.37,108.769,108.785,0.0153993,28.6084,-80.6043,28.6084,-80.6043
14.33,2533.3,2522.45,108.651,108.669,0.0159529,28.6084,-80.6043,28.6084,-80.6043
14.34,2534.39,2523.54,108.534,108.553,0.0166885,28.6084,-80.6043,28.6084,-80.6043
14.35,2535.47,2524.62,108.416,108.436,0.0158839,28.6084,-80.6043,28.6084,-80.6043
14.36,2536.55,2525.71,108.299,108.319,0.0164762,28.6084,-80.6043,28.6084,-80.6043
14.37,2537.63,2526.79,108.182,108.204,0.0171077,28.6084,-80.6043,28.6084,-80.6043
14.38,2538.71,2527.87,108.064,108.087,0.0172109,28.6084,-80.6043,28.6084,-80.6043
14.39,2539.79,2528.95,107.947,107.968,0.0174277,28.6084,-80.6043,28.6084,-80.6043
14.4,2540.87,2530.61,107.83,107.852,0.0181527,28.6084,-80.6043,28.6084,-80.6043
14.41,2541.95,2531.68,107.713,107.736,0.0178877,28.6084,-80.6043,28.6084,-80.6043
14.42,2543.03,2532.76,107.596,107.621,0.0172824,28.6084,-80.6043,28.6084,-80.6043
14.43,2544.1,2533.84,107.479,107.502,0.0174695,28.6084,-80.6043,28.6084,-80.6043
14.44,2545.17,2534.91,107.362,107.387,0.0165832,28.6084,-80.6043,28.6084,-80.6043
14.45,2546.25,2535.98,107.245,107.271,0.0175152,28.6084,-80.6043,28.6084,-80.6043
14.46,2547.32,2537.05,107.128,107.152,0.0166707,28.6084,-80.6043,28.6084,-80.6043
14.47,2548.39,2538.12,107.011,107.035,0.0170125,28.6084,-80.6043,28.6084,-80.6043
14.48,2549.46,2539.19,106.894,106.92,0.0163456,28.6084,-80.6043,28.6084,-80.6043
14.49,2550.52,2540.26,106.778,106.803,0.0170404,28.6084,-80.6043,28.6084,-80.6043
14.5,2551.59,2541.51,106.661,106.688,0.0172155,28.6084,-80.6043,28.6084,-80.6043
14.51,2552.66,2542.57,106.544,106.571,0.0172845,28.6084,-80.6043,28.6084,-80.6043
14.52,2553.72,2543.64,106.428,106.453,0.016949,28.6084,-80.6043,28.6084,-80.6043
14.53,2554.78,2544.7,106.311,106.334,0.0164068,28.6084,-80.6043,28.6084,-80.6043
14.54,2555.85,2545.76,106.194,106.22,0.0170534,28.6084,-80.6043,28.6084,-80.6043
14.55,2556.91,2546.83,106.078,106.102,0.0172614,28.6084,-80.6043,28.6084,-80.6043
14.56,2557.97,2547.89,105.961,105.985,0.017179,28.6084,-80.6043,28.6084,-80.6043
14.57,2559.03,2548.94,105.845,105.869,0.0174576,28.6084,-80.6043,28.6084,-80.6043
14.58,2560.08,2550,105.729,105.753,0.016803,28.6084,-80.6043,28.6084,-80.6043
14.59,2561.14,2551.06,105.612,105.637,0.0172933,28.6084,-80.6043,28.6084,-80.6043
14.6,2562.19,2552.26,105.496,105.522,0.0173733,28.6084,-80.6043,28.6084,-80.6043
14.61,2563.25,2553.32,105.38,105.407,0.0182328,28.6084,-80.6043,28.6084,-80.6043
14.62,2564.3,2554.37,105.264,105.291,0.0191804,28.6084,-80.6043,28.6084,-80.6043
14.63,2565.35,2555.42,105.147,105.173,0.020044,28.6084,-80.6043,28.6084,-80.6043
14.64,2566.4,2556.47,105.031,105.058,0.0208351,28.6084,-80.6043,28.6084,-80.6043
14.65,2567.45,2557.52,104.915,104.942,0.0201907,28.6084,-80.6043,28.6084,-80.6043
14.66,2568.5,2558.57,104.799,104.826,0.0192985,28.6084,-80.6043,28.6084,-80.6043
14.67,2569.55,2559.62,104.683,104.709,0.0199448,28.6084,-80.6043,28.6084,-80.6043
14.68,2570.59,2560.66,104.567,104.592,0.0201029,28.6084,-80.6043,28.6084,-80.6043
14.69,2571.64,2561.71,104.451,104.477,0.0210295,28.6084,-80.6043,28.6084,-80.6043
14.7,2572.68,2563.29,104.335,104.362,0.0207651,28.6084,-80.6043,28.6084,-80.6043
14.71,2573.72,2564.34,104.22,104.246,0.021659,28.6084,-80.6043,28.6084,-80.6043
14.72,2574.76,2565.38,104.104,104.128,0.0222941,28.6084,-80.6043,28.6084,-80.6043
14.73,2575.8,2566.42,103.988,104.011,0.022531,28.6084,-80.6043,28.6084,-80.6043
14.74,2576.84,2567.46,103.872,103.895,0.0216033,28.6084,-80.6043,28.6084,-80.6043
14.75,2577.88,2568.5,103.757,103.778,0.021271,28.6084,-80.6043,28.6084,-80.6043
14.76,2578.91,2569.53,103.641,103.661,0.0204473,28.6084,-80.6043,28.6084,-80.6043
14.77,2579.95,2570.57,103.525,103.546,0.0194557,28.6084,-80.6043,28.6084,-80.6043
14.78,2580.98,2571.6,103.41,103.43,0.0198709,28.6084,-80.6043,28.6084,-80.6043
14.79,2582.02,2572.63,103.294,103.315,0.0190309,28.6084,-80.6043,28.6084,-80.6043
14.8,2583.05,2573.3,103.179,103.199,0.0180372,28.6084,-80.6043,28.6084,-80.6043
14.81,2584.08,2574.33,103.063,103.084,0.0177438,28.6084,-80.6043,28.6084,-80.6043
14.82,2585.11,2575.36,102.948,102.968,0.0175855,28.6084,-80.6043,28.6084,-80.6043
14.83,2586.14,2576.39,102.833,102.854,0.0169013,28.6084,-80.6043,28.6084,-80.6043
14.84,2587.16,2577.42,102.717,102.739,0.0171068,28.6084,-80.6043,28.6084,-80.6043
14.85,2588.19,2578.44,102.602,102.623,0.0176856,28.6084,-80.6043,28.6084,-80.6043
14.86,2589.22,2579.47,102.487,102.509,0.0176308,28.6084,-80.6043,28.6084,-80.6043
14.87,2590.24,2580.49,102.372,102.395,0.01773,28.6084,-80.6043,28.6084,-80.6043
14.88,2591.26,2581.52,102.257,102.28,0.0176347,28.6084,-80.6043,28.6084,-80.6043
14.89,2592.28,2582.54,102.142,102.164,0.0178915,28.6084,-80.6043,28.6084,-80.6043
14.9,2593.3,2583.39,102.026,102.049,0.0177839,28.6084,-80.6043,28.6084,-80.6043
14.91,2594.32,2584.41,101.911,101.935,0.0172278,28.6084,-80.6043,28.6084,-80.6043
14.92,2595.34,2585.43,101.797,101.821,0.0179946,28.6084,-80.6043,28.6084,-80.6043
14.93,2596.36,2586.45,101.682,101.707,0.0179713,28.6084,-80.6043,28.6084,-80.6043
14.94,2597.37,2587.46,101.567,101.594,0.0172843,28.6084,-80.6043,28.6084,-80.6043
14.95,2598.39,2588.48,101.452,101.479,0.0173529,28.6084,-80.6043,28.6084,-80.6043
14.96,2599.4,2589.49,101.337,101.364,0.0180425,28.6084,-80.6043,28.6084,-80.6043
14.97,2600.41,2590.5,101.222,101.251,0.018759,28.6084,-80.6043,28.6084,-80.6043
14.98,2601.42,2591.51,101.107,101.138,0.0179315,28.6084,-80.6043,28.6084,-80.6043
14.99,2602.43,2592.52,100.993,101.022,0.0176914,28.6084,-80.6043,28.6084,-80.6043
15,2603.44,2593.81,100.878,100.908,0.0167551,28.6084,-80.6043,28.6083,-80.6044
15.01,2604.45,2594.82,100.764,100.792,0.0174867,28.6084,-80.6043,28.6083,-80.6044
15.02,2605.46,2595.83,100.649,100.678,0.0170969,28.6084,-80.6043,28.6083,-80.6044
15.03,2606.46,2596.83,100.534,100.565,0.0165371,28.6084,-80.6043,28.6083,-80.6044
15.04,2607.47,2597.84,100.42,100.453,0.0167927,28.6084,-80.6043,28.6083,-80.6044
15.05,2608.47,2598.84,100.305,100.338,0.0170466,28.6084,-80.6043,28.6083,-80.6044
15.06,2609.47,2599.84,100.191,100.223,0.0167898,28.6084,-80.6043,28.6083,-80.6044
15.07,2610.47,2600.84,100.077,100.108,0.0167389,28.6084,-80.6043,28.6083,-80.6044
15.08,2611.47,2601.84,99.9623,99.9933,0.0169526,28.6084,-80.6043,28.6083,-80.6044
15.09,2612.47,2602.84,99.848,99.8771,0.0178835,28.6084,-80.6043,28.6083,-80.6044
15.1,2613.47,2603.48,99.7337,99.7626,0.0187579,28.6084,-80.6043,28.6083,-80.6044
15.11,2614.46,2604.48,99.6195,99.6497,0.0178048,28.6084,-80.6043,28.6083,-80.6044
15.12,2615.46,2605.48,99.5053,99.5337,0.0180223,28.6084,-80.6043,28.6083,-80.6044
15.13,2616.45,2606.47,99.3911,99.4201,0.0172185,28.6084,-80.6043,28.6083,-80.6044
15.14,2617.45,2607.46,99.277,99.3069,0.0176579,28.6084,-80.6043,28.6083,-80.6044
15.15,2618.44,2608.46,99.163,99.1947,0.0174225,28.6084,-80.6043,28.6083,-80.6044
15.16,2619.43,2609.45,99.0489,99.0802,0.0169864,28.6084,-80.6043,28.6083,-80.6044
15.17,2620.42,2610.44,98.9349,98.9649,0.0173896,28.6084,-80.6043,28.6083,-80.6044
15.18,2621.41,2611.42,98.821,98.8498,0.0171421,28.6084,-80.6043,28.6083,-80.6044
15.19,2622.39,2612.41,98.707,98.7365,0.0178195,28.6084,-80.6043,28.6083,-80.6044
15.2,2623.38,2613.23,98.5932,98.6239,0.0174044,28.6084,-80.6043,28.6083,-80.6044
15.21,2624.36,2614.22,98.4793,98.5094,0.0172199,28.6084,-80.6043,28.6083,-80.6044
15.22,2625.35,2615.2,98.3655,98.3969,0.0176558,28.6084,-80.6043,28.6083,-80.6044
15.23,2626.33,2616.19,98.2518,98.2812,0.0183225,28.6084,-80.6043,28.6083,-80.6044
15.24,2627.31,2617.17,98.138,98.1682,0.018255,28.6084,-80.6043,28.6083,-80.6044
15.25,2628.29,2618.15,98.0243,98.0556,0.0182693,28.6084,-80.6043,28.6083,-80.6044
15.26,2629.27,2619.13,97.9107,97.9428,0.0188572,28.6084,-80.6043,28.6083,-80.6044
15.27,2630.25,2620.11,97.7971,97.8294,0.018465,28.6084,-80.6043,28.6083,-80.6044
15.28,2631.22,2621.08,97.6835,97.7156,0.0188078,28.6084,-80.6043,28.6083,-80.6044
15.29,2632.2,2622.06,97.57,97.6001,0.0181057,28.6084,-80.6043,28.6083,-80.6044
15.3,2633.18,2622.86,97.4565,97.4872,0.0179196,28.6084,-80.6043,28.6083,-80.6044
15.31,2634.15,2623.83,97.343,97.3739,0.0180458,28.6084,-80.6043,28.6083,-80.6044
15.32,2635.12,2624.8,97.2296,97.2595,0.017302,28.6084,-80.6043,28.6083,-80.6044
15.33,2636.09,2625.77,97.1162,97.1478,0.0181269,28.6084,-80.6043,28.6083,-80.6044
15.34,2637.06,2626.74,97.0028,97.0363,0.0186422,28.6084,-80.6043,28.6083,-80.6044
15.35,2638.03,2627.71,96.8895,96.9218,0.0182755,28.6084,-80.6043,28.6083,-80.6044
15.36,2639,2628.68,96.7762,96.8104,0.0185009,28.6084,-80.6043,28.6083,-80.6044
15.37,2639.97,2629.65,96.663,96.6957,0.0188318,28.6084,-80.6043,28.6083,-80.6044
15.38,2640.93,2630.61,96.5498,96.583,0.0197807,28.6084,-80.6043,28.6083,-80.6044
15.39,2641.9,2631.58,96.4366,96.4692,0.0189679,28.6084,-80.6043,28.6083,-80.6044
15.4,2642.86,2633.12,96.3235,96.3571,0.01968,28.6084,-80.6043,28.6083,-80.6044
15.41,2643.82,2634.08,96.2104,96.2451,0.0195387,28.6084,-80.6043,28.6083,-80.6044
15.42,2644.78,2635.04,96.0974,96.1305,0.020475,28.6084,-80.6043,28.6083,-80.6044
15.43,2645.74,2636,95.9843,96.0158,0.0197095,28.6084,-80.6043,28.6083,-80.6044
15.44,2646.7,2636.96,95.8714,95.9013,0.0201816,28.6084,-80.6043,28.6083,-80.6044
15.45,2647.66,2637.92,95.7584,95.7885,0.0205065,28.6084,-80.6043,28.6083,-80.6044
15.46,2648.61,2638.88,95.6455,95.6762,0.0196811,28.6084,-80.6043,28.6083,-80.6044
15.47,2649.57,2639.83,95.5326,95.565,0.0202438,28.6084,-80.6043,28.6083,-80.6044
15.48,2650.52,2640.79,95.4198,95.4502,0.0208874,28.6084,-80.6043,28.6083,-80.6044
15.49,2651.48,2641.74,95.307,95.3384,0.0214561,28.6084,-80.6043,28.6083,-80.6044
15.5,2652.43,2642.85,95.1942,95.2238,0.0205856,28.6084,-80.6043,28.6083,-80.6044
15.51,2653.38,2643.8,95.0815,95.112,0.0199974,28.6084,-80.6043,28.6083,-80.6044
15.52,2654.33,2644.75,94.9688,94.9989,0.0195308,28.6084,-80.6043,28.6083,-80.6044
15.53,2655.28,2645.7,94.8562,94.8849,0.0200233,28.6084,-80.6043,28.6083,-80.6044
15.54,2656.23,2646.64,94.7436,94.7718,0.0208739,28.6084,-80.6043,28.6083,-80.6044
15.55,2657.17,2647.59,94.631,94.6596,0.0201718,28.6084,-80.6043,28.6083,-80.6044
15.56,2658.12,2648.54,94.5184,94.5469,0.0192352,28.6084,-80.6043,28.6083,-80.6044
15.57,2659.06,2649.48,94.4059,94.4334,0.0191,28.6084,-80.6043,28.6083,-80.6044
15.58,2660,2650.42,94.2934,94.3194,0.0188176,28.6084,-80.6043,28.6083,-80.6044
15.59,2660.95,2651.37,94.181,94.2072,0.0195546,28.6084,-80.6043,28.6083,-80.6044
15.6,2661.89,2652.55,94.0686,94.0963,0.0189784,28.6084,-80.6043,28.6083,-80.6044
15.61,2662.83,2653.49,93.9562,93.984,0.0182211,28.6084,-80.6043,28.6083,-80.6044
15.62,2663.76,2654.43,93.8439,93.8709,0.0192149,28.6084,-80.6043,28.6083,-80.6044
15.63,2664.7,2655.37,93.7316,93.7604,0.0183174,28.6084,-80.6043,28.6083,-80.6044
15.64,2665.64,2656.31,93.6194,93.6493,0.0192571,28.6084,-80.6043,28.6083,-80.6044
15.65,2666.57,2657.24,93.5071,93.5355,0.0192835,28.6084,-80.6043,28.6083,-80.6044
15.66,2667.51,2658.18,93.3949,93.4237,0.0189272,28.6084,-80.6043,28.6083,-80.6044
15.67,2668.44,2659.11,93.2828,93.3132,0.0196792,28.6084,-80.6043,28.6083,-80.6044
15.68,2669.37,2660.04,93.1707,93.2011,0.0199928,28.6084,-80.6043,28.6083,-80.6044
15.69,2670.3,2660.97,93.0586,93.088,0.0198477,28.6084,-80.6043,28.6083,-80.6044
15.7,2671.23,2662.46,92.9465,92.975,0.0196182,28.6084,-80.6043,28.6083,-80.6044
15.71,2672.16,2663.39,92.8345,92.8645,0.0198717,28.6084,-80.6043,28.6083,-80.6044
15.72,2673.09,2664.32,92.7226,92.7518,0.0197183,28.6084,-80.6043,28.6083,-80.6044
15.73,2674.01,2665.25,92.6106,92.6418,0.0204654,28.6084,-80.6043,28.6083,-80.6044
15.74,2674.94,2666.17,92.4987,92.5291,0.0212024,28.6084,-80.6043,28.6083,-80.6044
15.75,2675.86,2667.1,92.3868,92.4156,0.0218296,28.6084,-80.6043,28.6083,-80.6044
15.76,2676.78,2668.02,92.275,92.3051,0.0212432,28.6084,-80.6043,28.6083,-80.6044
15.77,2677.71,2668.94,92.1632,92.1918,0.0219145,28.6084,-80.6043,28.6083,-80.6044
15.78,2678.63,2669.86,92.0514,92.0786,0.0212504,28.6084,-80.6043,28.6083,-80.6044
15.79,2679.55,2670.78,91.9397,91.9673,0.02049,28.6084,-80.6043,28.6083,-80.6044
15.8,2680.46,2671.54,91.828,91.8548,0.0197503,28.6084,-80.6043,28.6083,-80.6044
15.81,2681.38,2672.45,91.7163,91.744,0.0188316,28.6084,-80.6043,28.6083,-80.6044
15.82,2682.3,2673.37,91.6047,91.6328,0.0180474,28.6084,-80.6043,28.6083,-80.6044
15.83,2683.21,2674.29,91.4931,91.522,0.0187302,28.6084,-80.6043,28.6083,-80.6044
15.84,2684.13,2675.2,91.3815,91.4106,0.0196435,28.6084,-80.6043,28.6083,-80.6044
15.85,2685.04,2676.11,91.27,91.298,0.0194976,28.6084,-80.6043,28.6083,-80.6044
15.86,2685.95,2677.02,91.1585,91.1855,0.0202044,28.6084,-80.6043,28.6083,-80.6044
15.87,2686.86,2677.94,91.0471,91.075,0.0205459,28.6084,-80.6043,28.6083,-80.6044
15.88,2687.77,2678.84,90.9356,90.9649,0.0207953,28.6084,-80.6043,28.6083,-80.6044
15.89,2688.68,2679.75,90.8242,90.8554,0.0212102,28.6084,-80.6043,28.6083,-80.6044
15.9,2689.59,2680.84,90.7129,90.7449,0.0217624,28.6084,-80.6043,28.6083,-80.6044
15.91,2690.49,2681.74,90.6016,90.6337,0.0225481,28.6084,-80.6043,28.6083,-80.6044
15.92,2691.4,2682.65,90.4903,90.522,0.021682,28.6084,-80.6043,28.6083,-80.6044
15.93,2692.3,2683.55,90.379,90.409,0.0226796,28.6084,-80.6043,28.6083,-80.6044
15.94,2693.2,2684.46,90.2678,90.2965,0.0223689,28.6084,-80.6043,28.6083,-80.6044
15.95,2694.1,2685.36,90.1566,90.1838,0.0232008,28.6084,-80.6043,28.6083,-80.6044
15.96,2695.01,2686.26,90.0455,90.0745,0.0225399,28.6084,-80.6043,28.6083,-80.6044
15.97,2695.9,2687.16,89.9343,89.9634,0.0216564,28.6084,-80.6043,28.6083,-80.6044
15.98,2696.8,2688.06,89.8233,89.8538,0.0213814,28.6084,-80.6043,28.6083,-80.6044
15.99,2697.7,2688.96,89.7122,89.7431,0.0220288,28.6084,-80.6043,28.6083,-80.6044
16,2698.6,2690.33,89.6012,89.6325,0.0210701,28.6084,-80.6043,28.6084,-80.6044
16.01,2699.49,2691.23,89.4902,89.5198,0.0216138,28.6084,-80.6043,28.6084,-80.6044
16.02,2700.38,2692.12,89.3792,89.4096,0.0225917,28.6084,-80.6043,28.6084,-80.6044
16.03,2701.28,2693.01,89.2683,89.2971,0.0225528,28.6084,-80.6043,28.6084,-80.6044
16.04,2702.17,2693.91,89.1574,89.1864,0.0216002,28.6084,-80.6043,28.6084,-80.6044
16.05,2703.06,2694.8,89.0466,89.075,0.0224341,28.6084,-80.6043,28.6084,-80.6044
16.06,2703.95,2695.69,88.9358,88.9626,0.0223024,28.6084,-80.6043,28.6084,-80.6044
16.07,2704.84,2696.58,88.825,88.8534,0.0218574,28.6084,-80.6043,28.6084,-80.6044
16.08,2705.72,2697.46,88.7142,88.7438,0.0209466,28.6084,-80.6043,28.6084,-80.6044
16.09,2706.61,2698.35,88.6035,88.6319,0.0214049,28.6084,-80.6043,28.6084,-80.6044
16.1,2707.5,2699.2,88.4928,88.52,0.021834,28.6084,-80.6043,28.6084,-80.6044
16.11,2708.38,2700.09,88.3821,88.4105,0.0209881,28.6084,-80.6043,28.6084,-80.6044
16.12,2709.26,2700.97,88.2715,88.2994,0.0217978,28.6084,-80.6043,28.6084,-80.6044
16.13,2710.14,2701.85,88.1609,88.1895,0.0216014,28.6084,-80.6043,28.6084,-80.6044
16.14,2711.02,2702.73,88.0504,88.0808,0.0208188,28.6084,-80.6043,28.6084,-80.6044
16.15,2711.9,2703.61,87.9398,87.969,0.0212544,28.6084,-80.6043,28.6084,-80.6044
16.16,2712.78,2704.49,87.8293,87.8581,0.0213947,28.6084,-80.6043,28.6084,-80.6044
16.17,2713.66,2705.37,87.7189,87.7473,0.0211531,28.6084,-80.6043,28.6084,-80.6044
16.18,2714.53,2706.24,87.6085,87.6376,0.0219586,28.6084,-80.6043,28.6084,-80.6044
16.19,2715.41,2707.12,87.4981,87.5288,0.0223598,28.6084,-80.6043,28.6084,-80.6044
16.2,2716.28,2707.61,87.3877,87.4176,0.0230222,28.6084,-80.6043,28.6084,-80.6044
16.21,2717.16,2708.49,87.2774,87.3084,0.0235161,28.6084,-80.6043,28.6084,-80.6044
16.22,2718.03,2709.36,87.1671,87.1964,0.0234942,28.6084,-80.6043,28.6084,-80.6044
16.23,2718.9,2710.23,87.0568,87.0873,0.0230188,28.6084,-80.6043,28.6084,-80.6044
16.24,2719.77,2711.1,86.9466,86.9759,0.0220302,28.6084,-80.6043,28.6084,-80.6044
16.25,2720.64,2711.97,86.8363,86.8676,0.0210415,28.6084,-80.6043,28.6084,-80.6044
16.26,2721.5,2712.84,86.7262,86.7558,0.0201492,28.6084,-80.6043,28.6084,-80.6044
16.27,2722.37,2713.7,86.616,86.6452,0.0211327,28.6084,-80.6043,28.6084,-80.6044
16.28,2723.23,2714.57,86.5059,86.536,0.0217096,28.6084,-80.6043,28.6084,-80.6044
16.29,2724.1,2715.43,86.3958,86.4278,0.0223672,28.6084,-80.6043,28.6084,-80.6044
16.3,2724.96,2716.59,86.2858,86.3196,0.0227382,28.6084,-80.6043,28.6084,-80.6044
16.31,2725.82,2717.45,86.1758,86.2084,0.0219536,28.6084,-80.6043,28.6084,-80.6044
16.32,2726.68,2718.31,86.0658,86.0988,0.0213718,28.6084,-80.6043,28.6084,-80.6044
16.33,2727.54,2719.17,85.9559,85.9869,0.0213968,28.6084,-80.6043,28.6084,-80.6044
16.34,2728.4,2720.03,85.8459,85.8786,0.0209699,28.6084,-80.6043,28.6084,-80.6044
16.35,2729.26,2720.89,85.736,85.7681,0.0213719,28.6084,-80.6043,28.6084,-80.6044
16.36,2730.12,2721.75,85.6262,85.6603,0.0205533,28.6084,-80.6043,28.6084,-80.6044
16.37,2730.97,2722.6,85.5164,85.5515,0.0205251,28.6084,-80.6043,28.6084,-80.6044
16.38,2731.82,2723.46,85.4066,85.4432,0.0195893,28.6084,-80.6043,28.6084,-80.6044
16.39,2732.68,2724.31,85.2968,85.3343,0.0203651,28.6084,-80.6043,28.6084,-80.6044
16.4,2733.53,2725.26,85.1871,85.2226,0.0207846,28.6084,-80.6043,28.6084,-80.6044
16.41,2734.38,2726.11,85.0774,85.1148,0.0199775,28.6084,-80.6043,28.6084,-80.6044
16.42,2735.23,2726.96,84.9677,85.007,0.0205432,28.6084,-80.6043,28.6084,-80.6044
16.43,2736.08,2727.81,84.8581,84.8989,0.0214117,28.6084,-80.6043,28.6084,-80.6044
16.44,2736.93,2728.66,84.7485,84.7897,0.0221057,28.6084,-80.6043,28.6084,-80.6044
16.45,2737.77,2729.51,84.6389,84.6806,0.0227671,28.6084,-80.6043,28.6084,-80.6044
16.46,2738.62,2730.35,84.5293,84.5706,0.0232219,28.6084,-80.6043,28.6084,-80.6044
16.47,2739.46,2731.2,84.4198,84.4608,0.0233986,28.6084,-80.6043,28.6084,-80.6044
16.48,2740.31,2732.04,84.3103,84.3523,0.0242813,28.6084,-80.6043,28.6084,-80.6044
16.49,2741.15,2732.88,84.2009,84.2428,0.0233302,28.6084,-80.6043,28.6084,-80.6044
16.5,2741.99,2733.35,84.0915,84.1325,0.0227283,28.6084,-80.6043,28.6084,-80.6044
16.51,2742.83,2734.19,83.9821,84.0212,0.023666,28.6084,-80.6043,28.6084,-80.6044
16.52,2743.67,2735.03,83.8727,83.9119,0.0231819,28.6084,-80.6043,28.6084,-80.6044
16.53,2744.5,2735.87,83.7634,83.8006,0.0226045,28.6084,-80.6043,28.6084,-80.6044
16.54,2745.34,2736.71,83.6541,83.6898,0.0216242,28.6084,-80.6043,28.6084,-80.6044
16.55,2746.18,2737.54,83.5448,83.5823,0.0208657,28.6084,-80.6043,28.6084,-80.6044
16.56,2747.01,2738.38,83.4356,83.4713,0.0199007,28.6084,-80.6043,28.6084,-80.6044
16.57,2747.84,2739.21,83.3263,83.3604,0.0206116,28.6084,-80.6043,28.6084,-80.6044
16.58,2748.68,2740.04,83.2172,83.2529,0.0196547,28.6084,-80.6043,28.6084,-80.6044
16.59,2749.51,2740.87,83.108,83.1436,0.0201536,28.6084,-80.6043,28.6084,-80.6044
16.6,2750.34,2741.69,82.9989,83.035,0.0197491,28.6084,-80.6043,28.6084,-80.6044
16.61,2751.17,2742.52,82.8898,82.9245,0.0202025,28.6084,-80.6043,28.6084,-80.6044
16.62,2751.99,2743.35,82.7807,82.8163,0.0194156,28.6084,-80.6043,28.6084,-80.6044
16.63,2752.82,2744.18,82.6717,82.7079,0.0188456,28.6084,-80.6043,28.6084,-80.6044
16.64,2753.65,2745,82.5627,82.5974,0.0197519,28.6084,-80.6043,28.6084,-80.6044
16.65,2754.47,2745.83,82.4537,82.4881,0.0190565,28.6084,-80.6043,28.6084,-80.6044
16.66,2755.29,2746.65,82.3448,82.3785,0.0188223,28.6084,-80.6043,28.6084,-80.6044
16.67,2756.12,2747.47,82.2359,82.2702,0.0189961,28.6084,-80.6043,28.6084,-80.6044
16.68,2756.94,2748.3,82.127,82.1609,0.0197377,28.6084,-80.6043,28.6084,-80.6044
16.69,2757.76,2749.12,82.0181,82.0529,0.019525,28.6084,-80.6043,28.6084,-80.6044
16.7,2758.58,2749.93,81.9093,81.9453,0.0202321,28.6084,-80.6043,28.6084,-80.6044
16.71,2759.4,2750.75,81.8005,81.8364,0.0211138,28.6084,-80.6043,28.6084,-80.6044
16.72,2760.21,2751.56,81.6918,81.7269,0.0215373,28.6084,-80.6043,28.6084,-80.6044
16.73,2761.03,2752.38,81.583,81.62,0.0221151,28.6084,-80.6043,28.6084,-80.6044
16.74,2761.84,2753.2,81.4743,81.5111,0.0223224,28.6084,-80.6043,28.6084,-80.6044
16.75,2762.66,2754.01,81.3656,81.4008,0.0225021,28.6084,-80.6043,28.6084,-80.6044
16.76,2763.47,2754.82,81.257,81.2941,0.0231288,28.6084,-80.6043,28.6084,-80.6044
16.77,2764.28,2755.63,81.1484,81.1847,0.0222866,28.6084,-80.6043,28.6084,-80.6044
16.78,2765.09,2756.44,81.0398,81.076,0.0223304,28.6084,-80.6043,28.6084,-80.6044
16.79,2765.9,2757.25,80.9312,80.9663,0.0221993,28.6084,-80.6043,28.6084,-80.6044
16.8,2766.71,2758.51,80.8227,80.8595,0.0219238,28.6084,-80.6043,28.6084,-80.6044
16.81,2767.52,2759.31,80.7142,80.752,0.0209673,28.6084,-80.6043,28.6084,-80.6044
16.82,2768.32,2760.12,80.6057,80.643,0.0213727,28.6084,-80.6043,28.6084,-80.6044
16.83,2769.13,2760.92,80.4973,80.5361,0.0205388,28.6084,-80.6043,28.6084,-80.6044
16.84,2769.93,2761.73,80.3889,80.4261,0.0209076,28.6084,-80.6043,28.6084,-80.6044
16.85,2770.73,2762.53,80.2805,80.3194,0.0210329,28.6084,-80.6043,28.6084,-80.6044
16.86,2771.53,2763.33,80.1721,80.211,0.0217878,28.6084,-80.6043,28.6084,-80.6044
16.87,2772.34,2764.14,80.0638,80.1043,0.0211988,28.6084,-80.6043,28.6084,-80.6044
16.88,2773.14,2764.94,79.9555,79.9973,0.0215454,28.6084,-80.6043,28.6084,-80.6044
16.89,2773.93,2765.73,79.8472,79.8897,0.0214323,28.6084,-80.6043,28.6084,-80.6044
16.9,2774.73,2766.45,79.739,79.7825,0.0209455,28.6084,-80.6043,28.6084,-80.6044
16.91,2775.53,2767.25,79.6308,79.6739,0.0210724,28.6084,-80.6043,28.6084,-80.6044
16.92,2776.32,2768.04,79.5226,79.5657,0.0201816,28.6084,-80.6043,28.6084,-80.6044
16.93,2777.12,2768.84,79.4144,79.4559,0.0205909,28.6084,-80.6043,28.6084,-80.6044
16.94,2777.91,2769.63,79.3063,79.3477,0.0196335,28.6084,-80.6043,28.6084,-80.6044
16.95,2778.7,2770.42,79.1982,79.2379,0.0191385,28.6084,-80.6043,28.6084,-80.6044
16.96,2779.49,2771.21,79.0901,79.1292,0.0183157,28.6084,-80.6043,28.6084,-80.6044
16.97,2780.28,2772,78.9821,79.0216,0.0174014,28.6084,-80.6043,28.6084,-80.6044
16.98,2781.07,2772.79,78.874,78.9155,0.017773,28.6084,-80.6043,28.6084,-80.6044
16.99,2781.86,2773.58,78.7661,78.806,0.0181042,28.6084,-80.6043,28.6084,-80.6044
17,2782.65,2774.56,78.6581,78.6986,0.0185079,28.6084,-80.6043,28.6083,-80.6044
17.01,2783.43,2775.34,78.5502,78.5893,0.0186805,28.6084,-80.6043,28.6083,-80.6044
17.02,2784.22,2776.13,78.4423,78.4795,0.0192467,28.6084,-80.6043,28.6083,-80.6044
17.03,2785,2776.91,78.3344,78.3697,0.0188228,28.6084,-80.6043,28.6083,-80.6044
17.04,2785.78,2777.69,78.2265,78.2606,0.0190085,28.6084,-80.6043,28.6083,-80.6044
17.05,2786.56,2778.48,78.1187,78.1542,0.0193957,28.6084,-80.6043,28.6083,-80.6044
17.06,2787.34,2779.26,78.0109,78.047,0.0202695,28.6084,-80.6043,28.6083,-80.6044
17.07,2788.12,2780.04,77.9031,77.9388,0.0195426,28.6084,-80.6043,28.6083,-80.6044
17.08,2788.9,2780.81,77.7954,77.8329,0.0194728,28.6084,-80.6043,28.6083,-80.6044
17.09,2789.68,2781.59,77.6877,77.7248,0.0190696,28.6084,-80.6043,28.6083,-80.6044
17.1,2790.45,2782.47,77.58,77.6173,0.020053,28.6084,-80.6043,28.6083,-80.6044
17.11,2791.23,2783.25,77.4723,77.509,0.0204079,28.6084,-80.6043,28.6083,-80.6044
17.12,2792,2784.02,77.3647,77.4013,0.019809,28.6084,-80.6043,28.6083,-80.6044
17.13,2792.77,2784.8,77.2571,77.2929,0.0191737,28.6084,-80.6043,28.6083,-80.6044
17.14,2793.54,2785.57,77.1495,77.1848,0.019773,28.6084,-80.6043,28.6083,-80.6044
17.15,2794.31,2786.34,77.042,77.0783,0.0202223,28.6084,-80.6043,28.6083,-80.6044
17.16,2795.08,2787.11,76.9345,76.9693,0.0192788,28.6084,-80.6043,28.6083,-80.6044
17.17,2795.85,2787.88,76.827,76.8629,0.0201236,28.6084,-80.6043,28.6083,-80.6044
17.18,2796.62,2788.64,76.7195,76.7536,0.019212,28.6084,-80.6043,28.6083,-80.6044
17.19,2797.39,2789.41,76.6121,76.6446,0.0194932,28.6084,-80.6043,28.6083,-80.6044
17.2,2798.15,2790.32,76.5047,76.5388,0.0201231,28.6084,-80.6043,28.6083,-80.6044
17.21,2798.91,2791.08,76.3973,76.4306,0.0195494,28.6084,-80.6043,28.6083,-80.6044
17.22,2799.68,2791.84,76.2899,76.3229,0.0201312,28.6084,-80.6043,28.6083,-80.6044
17.23,2800.44,2792.61,76.1826,76.2163,0.0207583,28.6084,-80.6043,28.6083,-80.6044
17.24,2801.2,2793.37,76.0753,76.1073,0.0202223,28.6084,-80.6043,28.6083,-80.6044
17.25,2801.96,2794.13,75.968,76.0013,0.0200834,28.6084,-80.6043,28.6083,-80.6044
17.26,2802.72,2794.89,75.8607,75.8951,0.0200488,28.6084,-80.6043,28.6083,-80.6044
17.27,2803.48,2795.64,75.7535,75.7895,0.0209839,28.6084,-80.6043,28.6083,-80.6044
17.28,2804.23,2796.4,75.6463,75.6835,0.0201706,28.6084,-80.6043,28.6083,-80.6044
17.29,2804.99,2797.16,75.5391,75.5756,0.020335,28.6084,-80.6043,28.6083,-80.6044
17.3,2805.74,2798.34,75.432,75.4699,0.0194391,28.6084,-80.6043,28.6083,-80.6044
17.31,2806.5,2799.1,75.3249,75.3637,0.0200555,28.6084,-80.6043,28.6083,-80.6044
17.32,2807.25,2799.85,75.2178,75.2571,0.0209315,28.6084,-80.6043,28.6083,-80.6044
17.33,2808,2800.6,75.1107,75.1515,0.0214619,28.6084,-80.6043,28.6083,-80.6044
17.34,2808.75,2801.35,75.0037,75.0448,0.0219582,28.6084,-80.6043,28.6083,-80.6044
17.35,2809.5,2802.1,74.8967,74.9381,0.0226915,28.6084,-80.6043,28.6083,-80.6044
17.36,2810.25,2802.85,74.7897,74.8314,0.0232782,28.6084,-80.6043,28.6083,-80.6044
17.37,2810.99,2803.6,74.6827,74.7236,0.0230215,28.6084,-80.6043,28.6083,-80.6044
17.38,2811.74,2804.34,74.5758,74.6166,0.0222311,28.6084,-80.6043,28.6083,-80.6044
17.39,2812.48,2805.09,74.4689,74.5095,0.0226384,28.6084,-80.6043,28.6083,-80.6044
17.4,2813.23,2806.29,74.362,74.4042,0.0234213,28.6084,-80.6043,28.6083,-80.6044
17.41,2813.97,2807.03,74.2551,74.2973,0.0240263,28.6084,-80.6043,28.6083,-80.6044
17.42,2814.71,2807.77,74.1483,74.1902,0.0233769,28.6084,-80.6043,28.6083,-80.6044
17.43,2815.45,2808.51,74.0415,74.085,0.023908,28.6084,-80.6043,28.6083,-80.6044
17.44,2816.19,2809.25,73.9347,73.9792,0.0244236,28.6084,-80.6043,28.6083,-80.6044
17.45,2816.93,2809.99,73.828,73.8737,0.0243816,28.6084,-80.6043,28.6083,-80.6044
17.46,2817.67,2810.73,73.7212,73.7676,0.0246333,28.6084,-80.6043,28.6083,-80.6044
17.47,2818.4,2811.47,73.6145,73.6594,0.0248052,28.6084,-80.6043,28.6083,-80.6044
17.48,2819.14,2812.2,73.5079,73.5526,0.0255816,28.6084,-80.6043,28.6083,-80.6044
17.49,2819.87,2812.94,73.4012,73.4446,0.0250343,28.6084,-80.6043,28.6083,-80.6044
17.5,2820.6,2813.59,73.2946,73.3379,0.0240968,28.6084,-80.6043,28.6083,-80.6044
17.51,2821.34,2814.33,73.188,73.2325,0.0237417,28.6084,-80.6043,28.6083,-80.6044
17.52,2822.07,2815.06,73.0814,73.1246,0.0242083,28.6084,-80.6043,28.6083,-80.6044
17.53,2822.8,2815.79,72.9749,73.0178,0.0244877,28.6084,-80.6043,28.6083,-80.6044
17.54,2823.53,2816.52,72.8683,72.911,0.0241623,28.6084,-80.6043,28.6083,-80.6044
17.55,2824.25,2817.24,72.7618,72.8047,0.0249775,28.6084,-80.6043,28.6083,-80.6044
17.56,2824.98,2817.97,72.6554,72.6991,0.0246449,28.6084,-80.6043,28.6083,-80.6044
17.57,2825.7,2818.7,72.5489,72.592,0.0254555,28.6084,-80.6043,28.6083,-80.6044
17.58,2826.43,2819.42,72.4425,72.4845,0.0246781,28.6084,-80.6043,28.6083,-80.6044
17.59,2827.15,2820.15,72.3361,72.3788,0.0256528,28.6084,-80.6043,28.6083,-80.6044
17.6,2827.87,2820.68,72.2297,72.2741,0.0249364,28.6084,-80.6043,28.6083,-80.6044
17.61,2828.6,2821.4,72.1234,72.1683,0.024466,28.6084,-80.6043,28.6083,-80.6044
17.62,2829.32,2822.12,72.017,72.0609,0.023532,28.6084,-80.6043,28.6083,-80.6044
17.63,2830.04,2822.84,71.9107,71.9532,0.0233036,28.6084,-80.6043,28.6083,-80.6044
17.64,2830.75,2823.56,71.8045,71.846,0.0235463,28.6084,-80.6043,28.6083,-80.6044
17.65,2831.47,2824.27,71.6982,71.7394,0.0226792,28.6084,-80.6043,28.6083,-80.6044
17.66,2832.19,2824.99,71.592,71.6347,0.0231583,28.6084,-80.6043,28.6083,-80.6044
17.67,2832.9,2825.71,71.4858,71.5275,0.0233909,28.6084,-80.6043,28.6083,-80.6044
17.68,2833.61,2826.42,71.3796,71.42,0.0241609,28.6084,-80.6043,28.6083,-80.6044
17.69,2834.33,2827.13,71.2735,71.312,0.024169,28.6084,-80.6043,28.6083,-80.6044
17.7,2835.04,2827.98,71.1674,71.2056,0.0250907,28.6084,-80.6043,28.6083,-80.6044
17.71,2835.75,2828.69,71.0613,71.0984,0.0247038,28.6084,-80.6043,28.6083,-80.6044
17.72,2836.46,2829.4,70.9552,70.9909,0.0256627,28.6084,-80.6043,28.6083,-80.6044
17.73,2837.17,2830.1,70.8491,70.8845,0.0262671,28.6084,-80.6043,28.6083,-80.6044
17.74,2837.88,2830.81,70.7431,70.7803,0.0259608,28.6084,-80.6043,28.6083,-80.6044
17.75,2838.58,2831.52,70.6371,70.6761,0.0261649,28.6084,-80.6043,28.6083,-80.6044
17.76,2839.29,2832.23,70.5311,70.5717,0.0255826,28.6084,-80.6043,28.6083,-80.6044
17.77,2839.99,2832.93,70.4252,70.4671,0.0264517,28.6084,-80.6043,28.6083,-80.6044
17.78,2840.69,2833.63,70.3192,70.3606,0.02587,28.6084,-80.6043,28.6083,-80.6044
17.79,2841.4,2834.34,70.2133,70.2535,0.0268364,28.6084,-80.6043,28.6083,-80.6044
17.8,2842.1,2835.36,70.1074,70.1481,0.026357,28.6084,-80.6043,28.6083,-80.6044
17.81,2842.8,2836.06,70.0016,70.0437,0.0263681,28.6084,-80.6043,28.6083,-80.6044
17.82,2843.5,2836.76,69.8958,69.9378,0.0264332,28.6084,-80.6043,28.6083,-80.6044
17.83,2844.19,2837.46,69.7899,69.8316,0.0265048,28.6084,-80.6043,28.6083,-80.6044
17.84,2844.89,2838.15,69.6842,69.7239,0.0271182,28.6084,-80.6043,28.6083,-80.6044
17.85,2845.59,2838.85,69.5784,69.6181,0.0266596,28.6084,-80.6043,28.6083,-80.6044
17.86,2846.28,2839.55,69.4727,69.5126,0.027266,28.6084,-80.6043,28.6083,-80.6044
17.87,2846.98,2840.24,69.3669,69.4066,0.0273381,28.6084,-80.6043,28.6083,-80.6044
17.88,2847.67,2840.93,69.2613,69.2997,0.0267627,28.6084,-80.6043,28.6083,-80.6044
17.89,2848.36,2841.62,69.1556,69.1941,0.0268987,28.6084,-80.6043,28.6083,-80.6044
17.9,2849.05,2842.23,69.0499,69.0871,0.0261083,28.6084,-80.6043,28.6083,-80.6044
17.91,2849.74,2842.92,68.9443,68.9813,0.0269646,28.6084,-80.6043,28.6083,-80.6044
17.92,2850.43,2843.61,68.8387,68.8754,0.0274185,28.6084,-80.6043,28.6083,-80.6044
17.93,2851.12,2844.3,68.7332,68.7683,0.0276148,28.6084,-80.6043,28.6083,-80.6044
17.94,2851.8,2844.98,68.6276,68.6636,0.0281416,28.6084,-80.6043,28.6083,-80.6044
17.95,2852.49,2845.67,68.5221,68.5595,0.0282944,28.6084,-80.6043,28.6083,-80.6044
17.96,2853.17,2846.35,68.4166,68.4525,0.0280224,28.6084,-80.6043,28.6083,-80.6044
17.97,2853.85,2847.04,68.3111,68.3453,0.0283458,28.6084,-80.6043,28.6083,-80.6044
17.98,2854.54,2847.72,68.2057,68.2409,0.0285353,28.6084,-80.6043,28.6083,-80.6044
17.99,2855.22,2848.4,68.1002,68.1362,0.0286577,28.6084,-80.6043,28.6083,-80.6044
18,2855.9,2849.01,67.9948,68.0292,0.0295957,28.6084,-80.6043,28.6084,-80.6044
18.01,2856.58,2849.69,67.8894,67.9223,0.0293538,28.6084,-80.6043,28.6084,-80.6044
18.02,2857.25,2850.37,67.7841,67.8155,0.0297213,28.6084,-80.6043,28.6084,-80.6044
18.03,2857.93,2851.05,67.6787,67.7112,0.0292444,28.6084,-80.6043,28.6084,-80.6044
18.04,2858.61,2851.72,67.5734,67.6045,0.02847,28.6084,-80.6043,28.6084,-80.6044
18.05,2859.28,2852.4,67.4681,67.498,0.0285851,28.6084,-80.6043,28.6084,-80.6044
18.06,2859.95,2853.07,67.3628,67.394,0.0282389,28.6084,-80.6043,28.6084,-80.6044
18.07,2860.63,2853.74,67.2576,67.2874,0.0283388,28.6084,-80.6043,28.6084,-80.6044
18.08,2861.3,2854.42,67.1524,67.1806,0.0273671,28.6084,-80.6043,28.6084,-80.6044
18.09,2861.97,2855.09,67.0472,67.0739,0.0268061,28.6084,-80.6043,28.6084,-80.6044
18.1,2862.64,2856.23,66.942,66.9682,0.0261767,28.6084,-80.6043,28.6084,-80.6044
18.11,2863.31,2856.9,66.8368,66.8646,0.0267369,28.6084,-80.6043,28.6084,-80.6044
18.12,2863.97,2857.57,66.7317,66.7597,0.0271244,28.6084,-80.6043,28.6084,-80.6044
18.13,2864.64,2858.23,66.6266,66.6561,0.0272214,28.6084,-80.6043,28.6084,-80.6044
18.14,2865.31,2858.9,66.5215,66.5523,0.0277536,28.6084,-80.6043,28.6084,-80.6044
18.15,2865.97,2859.56,66.4164,66.4489,0.0276846,28.6084,-80.6043,28.6084,-80.6044
18.16,2866.63,2860.23,66.3114,66.3454,0.0277224,28.6084,-80.6043,28.6084,-80.6044
18.17,2867.3,2860.89,66.2064,66.2409,0.0278535,28.6084,-80.6043,28.6084,-80.6044
18.18,2867.96,2861.55,66.1014,66.1349,0.028621,28.6084,-80.6043,28.6084,-80.6044
18.19,2868.62,2862.21,65.9964,66.0308,0.0283797,28.6084,-80.6043,28.6084,-80.6044
18.2,2869.28,2862.55,65.8915,65.9242,0.0279327,28.6084,-80.6043,28.6084,-80.6044
18.21,2869.93,2863.21,65.7865,65.8181,0.0277971,28.6084,-80.6043,28.6084,-80.6044
18.22,2870.59,2863.86,65.6816,65.7143,0.0277783,28.6084,-80.6043,28.6084,-80.6044
18.23,2871.25,2864.52,65.5767,65.6092,0.0285692,28.6084,-80.6043,28.6084,-80.6044
18.24,2871.9,2865.17,65.4719,65.5052,0.0292181,28.6084,-80.6043,28.6084,-80.6044
18.25,2872.55,2865.83,65.367,65.3987,0.0294006,28.6084,-80.6043,28.6084,-80.6044
18.26,2873.21,2866.48,65.2622,65.2957,0.0301222,28.6084,-80.6043,28.6084,-80.6044
18.27,2873.86,2867.13,65.1574,65.1896,0.0304239,28.6084,-80.6043,28.6084,-80.6044
18.28,2874.51,2867.78,65.0526,65.0857,0.0308624,28.6084,-80.6043,28.6084,-80.6044
18.29,2875.16,2868.43,64.9479,64.9808,0.0308592,28.6084,-80.6043,28.6084,-80.6044
18.3,2875.81,2869.07,64.8431,64.8767,0.0317151,28.6084,-80.6043,28.6084,-80.6044
18.31,2876.45,2869.72,64.7384,64.7715,0.0318155,28.6084,-80.6043,28.6084,-80.6044
18.32,2877.1,2870.36,64.6337,64.6686,0.03168,28.6084,-80.6043,28.6084,-80.6044
18.33,2877.75,2871.01,64.5291,64.5636,0.0320094,28.6084,-80.6043,28.6084,-80.6044
18.34,2878.39,2871.65,64.4244,64.4602,0.0320239,28.6084,-80.6043,28.6084,-80.6044
18.35,2879.03,2872.3,64.3198,64.3574,0.0310854,28.6084,-80.6043,28.6084,-80.6044
18.36,2879.68,2872.94,64.2152,64.2544,0.0308322,28.6084,-80.6043,28.6084,-80.6044
18.37,2880.32,2873.58,64.1106,64.151,0.0306285,28.6084,-80.6043,28.6084,-80.6044
18.38,2880.96,2874.22,64.0061,64.0477,0.0310191,28.6084,-80.6043,28.6084,-80.6044
18.39,2881.6,2874.86,63.9015,63.9416,0.0313074,28.6084,-80.6043,28.6084,-80.6044
18.4,2882.23,2875.26,63.797,63.8382,0.0317063,28.6084,-80.6043,28.6084,-80.6044
18.41,2882.87,2875.9,63.6925,63.7341,0.0324466,28.6084,-80.6043,28.6084,-80.6044
18.42,2883.51,2876.53,63.5881,63.6287,0.0321851,28.6084,-80.6043,28.6084,-80.6044
18.43,2884.14,2877.17,63.4836,63.5246,0.0326142,28.6084,-80.6043,28.6084,-80.6044
18.44,2884.77,2877.8,63.3792,63.4216,0.0320865,28.6084,-80.6043,28.6084,-80.6044
18.45,2885.41,2878.44,63.2748,63.3178,0.0315822,28.6084,-80.6043,28.6084,-80.6044
18.46,2886.04,2879.07,63.1704,63.213,0.0309676,28.6084,-80.6043,28.6084,-80.6044
18.47,2886.67,2879.7,63.066,63.1074,0.0316358,28.6084,-80.6043,28.6084,-80.6044
18.48,2887.3,2880.33,62.9617,63.0036,0.0323524,28.6084,-80.6043,28.6084,-80.6044
18.49,2887.93,2880.96,62.8573,62.8998,0.0316202,28.6084,-80.6043,28.6084,-80.6044
18.5,2888.56,2881.85,62.753,62.7967,0.0319731,28.6084,-80.6043,28.6084,-80.6044
18.51,2889.18,2882.48,62.6488,62.6906,0.0319258,28.6084,-80.6043,28.6084,-80.6044
18.52,2889.81,2883.1,62.5445,62.5861,0.032911,28.6084,-80.6043,28.6084,-80.6044
18.53,2890.43,2883.73,62.4403,62.4806,0.0330065,28.6084,-80.6043,28.6084,-80.6044
18.54,2891.06,2884.35,62.336,62.3769,0.0339018,28.6084,-80.6043,28.6084,-80.6044
18.55,2891.68,2884.98,62.2318,62.2717,0.0333779,28.6084,-80.6043,28.6084,-80.6044
18.56,2892.3,2885.6,62.1277,62.1678,0.0326125,28.6084,-80.6043,28.6084,-80.6044
18.57,2892.92,2886.22,62.0235,62.0636,0.0335202,28.6084,-80.6043,28.6084,-80.6044
18.58,2893.54,2886.84,61.9194,61.9603,0.0329295,28.6084,-80.6043,28.6084,-80.6044
18.59,2894.16,2887.46,61.8153,61.8575,0.0338153,28.6084,-80.6043,28.6084,-80.6044
18.6,2894.77,2887.86,61.7112,61.7548,0.0329539,28.6084,-80.6043,28.6084,-80.6044
18.61,2895.39,2888.47,61.6071,61.6501,0.0324798,28.6084,-80.6043,28.6084,-80.6044
18.62,2896,2889.09,61.503,61.5448,0.0328128,28.6084,-80.6043,28.6084,-80.6044
18.63,2896.62,2889.7,61.399,61.4392,0.0334618,28.6084,-80.6043,28.6084,-80.6044
18.64,2897.23,2890.32,61.295,61.3364,0.0343033,28.6084,-80.6043,28.6084,-80.6044
18.65,2897.84,2890.93,61.191,61.2324,0.0349869,28.6084,-80.6043,28.6084,-80.6044
18.66,2898.45,2891.54,61.087,61.1268,0.0359415,28.6084,-80.6043,28.6084,-80.6044
18.67,2899.06,2892.15,60.9831,61.022,0.035114,28.6084,-80.6043,28.6084,-80.6044
18.68,2899.67,2892.76,60.8792,60.9167,0.0357722,28.6084,-80.6043,28.6084,-80.6044
18.69,2900.28,2893.37,60.7752,60.8137,0.0349654,28.6084,-80.6043,28.6084,-80.6044
18.7,2900.89,2893.66,60.6714,60.7081,0.0358875,28.6084,-80.6043,28.6084,-80.6044
18.71,2901.49,2894.26,60.5675,60.6049,0.0357898,28.6084,-80.6043,28.6084,-80.6044
18.72,2902.1,2894.87,60.4636,60.5016,0.0365905,28.6084,-80.6043,28.6084,-80.6044
18.73,2902.7,2895.47,60.3598,60.3984,0.0365034,28.6084,-80.6043,28.6084,-80.6044
18.74,2903.3,2896.07,60.256,60.296,0.0365094,28.6084,-80.6043,28.6084,-80.6044
18.75,2903.91,2896.68,60.1522,60.1923,0.0358853,28.6084,-80.6043,28.6084,-80.6044
18.76,2904.51,2897.28,60.0484,60.0887,0.0364627,28.6084,-80.6043,28.6084,-80.6044
18.77,2905.11,2897.88,59.9447,59.9844,0.0358814,28.6084,-80.6043,28.6084,-80.6044
18.78,2905.7,2898.48,59.841,59.8823,0.035264,28.6084,-80.6043,28.6084,-80.6044
18.79,2906.3,2899.07,59.7372,59.7766,0.0359254,28.6084,-80.6043,28.6084,-80.6044
18.8,2906.9,2899.55,59.6336,59.6737,0.0366286,28.6084,-80.6043,28.6084,-80.6044
18.81,2907.49,2900.14,59.5299,59.5717,0.0358945,28.6084,-80.6043,28.6084,-80.6044
18.82,2908.09,2900.74,59.4262,59.4661,0.0365314,28.6084,-80.6043,28.6084,-80.6044
18.83,2908.68,2901.33,59.3226,59.3644,0.0369986,28.6084,-80.6043,28.6084,-80.6044
18.84,2909.27,2901.92,59.219,59.2624,0.0360753,28.6084,-80.6043,28.6084,-80.6044
18.85,2909.86,2902.51,59.1154,59.1596,0.0362678,28.6084,-80.6043,28.6084,-80.6044
18.86,2910.45,2903.11,59.0118,59.055,0.0355593,28.6084,-80.6043,28.6084,-80.6044
18.87,2911.04,2903.69,58.9083,58.9503,0.034824,28.6084,-80.6043,28.6084,-80.6044
18.88,2911.63,2904.28,58.8047,58.848,0.0351994,28.6084,-80.6043,28.6084,-80.6044
18.89,2912.22,2904.87,58.7012,58.7464,0.0348085,28.6084,-80.6043,28.6084,-80.6044
18.9,2912.8,2905.83,58.5977,58.6417,0.0341356,28.6084,-80.6043,28.6084,-80.6044
18.91,2913.39,2906.42,58.4943,58.5397,0.0341962,28.6084,-80.6043,28.6084,-80.6044
18.92,2913.97,2907,58.3908,58.4344,0.0350206,28.6084,-80.6043,28.6084,-80.6044
18.93,2914.56,2907.58,58.2874,58.3319,0.0341536,28.6084,-80.6043,28.6084,-80.6044
18.94,2915.14,2908.17,58.184,58.2294,0.0339813,28.6084,-80.6043,28.6084,-80.6044
18.95,2915.72,2908.75,58.0806,58.1277,0.0343158,28.6084,-80.6043,28.6084,-80.6044
18.96,2916.3,2909.33,57.9772,58.0227,0.0334179,28.6084,-80.6043,28.6084,-80.6044
18.97,2916.88,2909.91,57.8738,57.92,0.0342215,28.6084,-80.6043,28.6084,-80.6044
18.98,2917.45,2910.48,57.7705,57.8147,0.0340443,28.6084,-80.6043,28.6084,-80.6044
18.99,2918.03,2911.06,57.6672,57.7127,0.0331473,28.6084,-80.6043,28.6084,-80.6044
19,2918.61,2911.32,57.5639,57.6078,0.0329735,28.6084,-80.6043,28.6083,-80.6043
19.01,2919.18,2911.89,57.4606,57.5037,0.0332622,28.6084,-80.6043,28.6083,-80.6043
19.02,2919.76,2912.46,57.3573,57.4,0.0329779,28.6084,-80.6043,28.6083,-80.6043
19.03,2920.33,2913.04,57.2541,57.2969,0.0330878,28.6084,-80.6043,28.6083,-80.6043
19.04,2920.9,2913.61,57.1508,57.1925,0.0331835,28.6084,-80.6043,28.6083,-80.6043
19.05,2921.47,2914.18,57.0476,57.0876,0.0327076,28.6084,-80.6043,28.6083,-80.6043
19.06,2922.04,2914.75,56.9444,56.9843,0.0333212,28.6084,-80.6043,28.6083,-80.6043
19.07,2922.61,2915.32,56.8413,56.8804,0.0327272,28.6084,-80.6043,28.6083,-80.6043
19.08,2923.17,2915.89,56.7381,56.7761,0.0322205,28.6084,-80.6043,28.6083,-80.6043
19.09,2923.74,2916.45,56.635,56.6745,0.0318285,28.6084,-80.6043,28.6083,-80.6043
19.1,2924.31,2916.99,56.5319,56.5706,0.0319246,28.6084,-80.6043,28.6083,-80.6043
19.11,2924.87,2917.55,56.4288,56.4663,0.0328436,28.6084,-80.6043,28.6083,-80.6043
19.12,2925.43,2918.12,56.3257,56.3613,0.0325683,28.6084,-80.6043,28.6083,-80.6043
19.13,2926,2918.68,56.2226,56.2565,0.0324398,28.6084,-80.6043,28.6083,-80.6043
19.14,2926.56,2919.24,56.1196,56.1541,0.0320743,28.6084,-80.6043,28.6083,-80.6043
19.15,2927.12,2919.8,56.0166,56.0494,0.0311977,28.6084,-80.6043,28.6083,-80.6043
19.16,2927.68,2920.36,55.9136,55.9458,0.031022,28.6084,-80.6043,28.6083,-80.6043
19.17,2928.23,2920.92,55.8106,55.8427,0.0314789,28.6084,-80.6043,28.6083,-80.6043
19.18,2928.79,2921.47,55.7076,55.7415,0.030495,28.6084,-80.6043,28.6083,-80.6043
19.19,2929.35,2922.03,55.6047,55.6403,0.0305063,28.6084,-80.6043,28.6083,-80.6043
19.2,2929.9,2922.63,55.5017,55.5358,0.0298977,28.6084,-80.6043,28.6083,-80.6043
19.21,2930.46,2923.18,55.3988,55.4347,0.0299463,28.6084,-80.6043,28.6083,-80.6043
19.22,2931.01,2923.73,55.2959,55.3305,0.0291878,28.6084,-80.6043,28.6083,-80.6043
19.23,2931.56,2924.29,55.1931,55.2287,0.0282657,28.6084,-80.6043,28.6083,-80.6043
19.24,2932.11,2924.84,55.0902,55.1255,0.027403,28.6084,-80.6043,28.6083,-80.6043
19.25,2932.66,2925.39,54.9874,55.023,0.0276641,28.6084,-80.6043,28.6083,-80.6043
19.26,2933.21,2925.94,54.8845,54.9197,0.027757,28.6084,-80.6043,28.6083,-80.6043
19.27,2933.76,2926.48,54.7817,54.8176,0.0282408,28.6084,-80.6043,28.6083,-80.6043
19.28,2934.31,2927.03,54.679,54.7152,0.0274186,28.6084,-80.6043,28.6083,-80.6043
19.29,2934.85,2927.58,54.5762,54.612,0.028277,28.6084,-80.6043,28.6083,-80.6043
19.3,2935.4,2928.76,54.4734,54.5079,0.0281759,28.6084,-80.6043,28.6083,-80.6043
19.31,2935.94,2929.3,54.3707,54.4044,0.028981,28.6084,-80.6043,28.6083,-80.6043
19.32,2936.48,2929.84,54.268,54.2998,0.0290589,28.6084,-80.6043,28.6083,-80.6043
19.33,2937.02,2930.39,54.1653,54.1987,0.0299828,28.6084,-80.6043,28.6083,-80.6043
19.34,2937.57,2930.93,54.0626,54.0942,0.0289906,28.6084,-80.6043,28.6083,-80.6043
19.35,2938.1,2931.47,53.96,53.9902,0.0280111,28.6084,-80.6043,28.6083,-80.6043
19.36,2938.64,2932.01,53.8573,53.8892,0.028375,28.6084,-80.6043,28.6083,-80.6043
19.37,2939.18,2932.54,53.7547,53.7853,0.0274245,28.6084,-80.6043,28.6083,-80.6043
19.38,2939.72,2933.08,53.6521,53.6825,0.0268604,28.6084,-80.6043,28.6083,-80.6043
19.39,2940.25,2933.62,53.5495,53.5797,0.0269035,28.6084,-80.6043,28.6083,-80.6043
19.4,2940.79,2934.41,53.4469,53.4783,0.0260635,28.6084,-80.6043,28.6083,-80.6043
19.41,2941.32,2934.94,53.3444,53.3774,0.02653,28.6084,-80.6043,28.6083,-80.6043
19.42,2941.85,2935.48,53.2418,53.2754,0.0274568,28.6084,-80.6043,28.6083,-80.6043
19.43,2942.38,2936.01,53.1393,53.1742,0.0265181,28.6084,-80.6043,28.6083,-80.6043
19.44,2942.92,2936.54,53.0368,53.0732,0.0275003,28.6084,-80.6043,28.6083,-80.6043
19.45,2943.44,2937.07,52.9343,52.9707,0.0268851,28.6084,-80.6043,28.6083,-80.6043
19.46,2943.97,2937.6,52.8318,52.8685,0.0266504,28.6084,-80.6043,28.6083,-80.6043
19.47,2944.5,2938.13,52.7294,52.7649,0.0258729,28.6084,-80.6043,28.6083,-80.6043
19.48,2945.03,2938.65,52.6269,52.6616,0.025238,28.6084,-80.6043,28.6083,-80.6043
19.49,2945.55,2939.18,52.5245,52.5579,0.0248322,28.6084,-80.6043,28.6083,-80.6043
19.5,2946.08,2939.72,52.4221,52.4548,0.0241646,28.6084,-80.6043,28.6083,-80.6043
19.51,2946.6,2940.24,52.3197,52.3512,0.0238549,28.6084,-80.6043,28.6083,-80.6043
19.52,2947.12,2940.76,52.2174,52.2478,0.0238049,28.6084,-80.6043,28.6083,-80.6043
19.53,2947.64,2941.28,52.115,52.1457,0.0241557,28.6084,-80.6043,28.6083,-80.6043
19.54,2948.16,2941.8,52.0127,52.0453,0.0238918,28.6084,-80.6043,28.6083,-80.6043
19.55,2948.68,2942.32,51.9104,51.944,0.024687,28.6084,-80.6043,28.6083,-80.6043
19.56,2949.2,2942.84,51.8081,51.8426,0.0246642,28.6084,-80.6043,28.6083,-80.6043
19.57,2949.72,2943.36,51.7058,51.7405,0.0250301,28.6084,-80.6043,28.6083,-80.6043
19.58,2950.23,2943.88,51.6035,51.6375,0.0251723,28.6084,-80.6043,28.6083,-80.6043
19.59,2950.75,2944.39,51.5013,51.5355,0.024776,28.6084,-80.6043,28.6083,-80.6043
19.6,2951.26,2944.6,51.399,51.4315,0.025312,28.6084,-80.6043,28.6083,-80.6043
19.61,2951.77,2945.11,51.2968,51.3308,0.0262893,28.6084,-80.6043,28.6083,-80.6043
19.62,2952.29,2945.62,51.1946,51.2305,0.0267432,28.6084,-80.6043,28.6083,-80.6043
19.63,2952.8,2946.13,51.0924,51.127,0.0260259,28.6084,-80.6043,28.6083,-80.6043
19.64,2953.31,2946.64,50.9903,51.0229,0.0260487,28.6084,-80.6043,28.6083,-80.6043
19.65,2953.82,2947.15,50.8881,50.92,0.025499,28.6084,-80.6043,28.6083,-80.6043
19.66,2954.32,2947.66,50.786,50.818,0.0258043,28.6084,-80.6043,28.6083,-80.6043
19.67,2954.83,2948.17,50.6839,50.7157,0.0248215,28.6084,-80.6043,28.6083,-80.6043
19.68,2955.34,2948.67,50.5818,50.6125,0.0240744,28.6084,-80.6043,28.6083,-80.6043
19.69,2955.84,2949.18,50.4797,50.5084,0.024242,28.6084,-80.6043,28.6083,-80.6043
19.7,2956.35,2949.83,50.3776,50.4079,0.0250474,28.6084,-80.6043,28.6083,-80.6043
19.71,2956.85,2950.33,50.2756,50.305,0.0249337,28.6084,-80.6043,28.6083,-80.6043
19.72,2957.35,2950.83,50.1735,50.2049,0.0252961,28.6084,-80.6043,28.6083,-80.6043
19.73,2957.85,2951.33,50.0715,50.101,0.02542,28.6084,-80.6043,28.6083,-80.6043
19.74,2958.35,2951.83,49.9695,50.0009,0.0245507,28.6084,-80.6043,28.6083,-80.6043
19.75,2958.85,2952.33,49.8675,49.8982,0.0252653,28.6084,-80.6043,28.6083,-80.6043
19.76,2959.35,2952.83,49.7655,49.7963,0.0249024,28.6084,-80.6043,28.6083,-80.6043
19.77,2959.84,2953.33,49.6636,49.6957,0.0243545,28.6084,-80.6043,28.6083,-80.6043
19.78,2960.34,2953.82,49.5616,49.5937,0.0253227,28.6084,-80.6043,28.6083,-80.6043
19.79,2960.83,2954.32,49.4597,49.4908,0.024325,28.6084,-80.6043,28.6083,-80.6043
19.8,2961.33,2954.89,49.3578,49.388,0.0242755,28.6084,-80.6043,28.6083,-80.6043
19.81,2961.82,2955.38,49.2559,49.2863,0.0251282,28.6084,-80.6043,28.6083,-80.6043
19.82,2962.31,2955.87,49.1541,49.1846,0.0244483,28.6084,-80.6043,28.6083,-80.6043
19.83,2962.8,2956.36,49.0522,49.0809,0.0245451,28.6084,-80.6043,28.6083,-80.6043
19.84,2963.29,2956.85,48.9503,48.9801,0.0254143,28.6084,-80.6043,28.6083,-80.6043
19.85,2963.78,2957.34,48.8485,48.878,0.0245088,28.6084,-80.6043,28.6083,-80.6043
19.86,2964.27,2957.83,48.7467,48.7754,0.0252973,28.6084,-80.6043,28.6083,-80.6043
19.87,2964.75,2958.31,48.6449,48.6718,0.0262698,28.6084,-80.6043,28.6083,-80.6043
19.88,2965.24,2958.8,48.5431,48.5716,0.0264609,28.6084,-80.6043,28.6083,-80.6043
19.89,2965.72,2959.28,48.4414,48.4717,0.0274085,28.6084,-80.6043,28.6083,-80.6043
19.9,2966.21,2960.42,48.3396,48.3717,0.0280619,28.6084,-80.6043,28.6083,-80.6043
19.91,2966.69,2960.9,48.2379,48.2698,0.0284008,28.6084,-80.6043,28.6083,-80.6043
19.92,2967.17,2961.38,48.1362,48.1689,0.0288682,28.6084,-80.6043,28.6083,-80.6043
19.93,2967.65,2961.86,48.0345,48.0678,0.0297663,28.6084,-80.6043,28.6083,-80.6043
19.94,2968.13,2962.34,47.9328,47.9671,0.0306568,28.6084,-80.6043,28.6083,-80.6043
19.95,2968.61,2962.82,47.8311,47.8651,0.0301958,28.6084,-80.6043,28.6083,-80.6043
19.96,2969.09,2963.3,47.7294,47.765,0.0298971,28.6084,-80.6043,28.6083,-80.6043
19.97,2969.56,2963.78,47.6278,47.6646,0.0289962,28.6084,-80.6043,28.6083,-80.6043
19.98,2970.04,2964.25,47.5262,47.5626,0.0287186,28.6084,-80.6043,28.6083,-80.6043
19.99,2970.51,2964.73,47.4246,47.4622,0.0283946,28.6084,-80.6043,28.6083,-80.6043
20,2970.98,2965.09,47.323,47.3618,0.029076,28.6084,-80.6043,28.6083,-80.6044
20.01,2971.46,2965.56,47.2214,47.2608,0.0298246,28.6084,-80.6043,28.6083,-80.6044
20.02,2971.93,2966.04,47.1198,47.1596,0.030002,28.6084,-80.6043,28.6083,-80.6044
20.03,2972.4,2966.51,47.0183,47.0577,0.029853,28.6084,-80.6043,28.6083,-80.6044
20.04,2972.87,2966.98,46.9167,46.9544,0.0301314,28.6084,-80.6043,28.6083,-80.6044
20.05,2973.34,2967.44,46.8152,46.8512,0.0306526,28.6084,-80.6043,28.6083,-80.6044
20.06,2973.8,2967.91,46.7137,46.7492,0.0311497,28.6084,-80.6043,28.6083,-80.6044
20.07,2974.27,2968.38,46.6122,46.6486,0.0303651,28.6084,-80.6043,28.6083,-80.6044
20.08,2974.73,2968.84,46.5107,46.5479,0.0296331,28.6084,-80.6043,28.6083,-80.6044
20.09,2975.2,2969.31,46.4093,46.4459,0.0297996,28.6084,-80.6043,28.6083,-80.6044
20.1,2975.66,2970.15,46.3078,46.3444,0.0291797,28.6084,-80.6043,28.6083,-80.6044
20.11,2976.12,2970.61,46.2064,46.2435,0.0292821,28.6084,-80.6043,28.6083,-80.6044
20.12,2976.58,2971.07,46.105,46.1418,0.0287342,28.6084,-80.6043,28.6083,-80.6044
20.13,2977.04,2971.53,46.0036,46.0399,0.0282681,28.6084,-80.6043,28.6083,-80.6044
20.14,2977.5,2971.99,45.9022,45.9399,0.027408,28.6084,-80.6043,28.6083,-80.6044
20.15,2977.96,2972.45,45.8008,45.8371,0.0274052,28.6084,-80.6043,28.6083,-80.6044
20.16,2978.42,2972.91,45.6994,45.7365,0.0276272,28.6084,-80.6043,28.6083,-80.6044
20.17,2978.87,2973.36,45.5981,45.6336,0.0271745,28.6084,-80.6043,28.6083,-80.6044
20.18,2979.33,2973.82,45.4968,45.5303,0.0272202,28.6084,-80.6043,28.6083,-80.6044
20.19,2979.78,2974.27,45.3955,45.4283,0.027511,28.6084,-80.6043,28.6083,-80.6044
20.2,2980.24,2975.25,45.2942,45.3275,0.0267028,28.6084,-80.6043,28.6083,-80.6044
20.21,2980.69,2975.71,45.1929,45.2242,0.0273138,28.6084,-80.6043,28.6083,-80.6044
20.22,2981.14,2976.16,45.0916,45.1215,0.0264341,28.6084,-80.6043,28.6083,-80.6044
20.23,2981.59,2976.61,44.9903,45.022,0.0264406,28.6084,-80.6043,28.6083,-80.6044
20.24,2982.04,2977.06,44.8891,44.9213,0.0262888,28.6084,-80.6043,28.6083,-80.6044
20.25,2982.49,2977.5,44.7879,44.8208,0.0258413,28.6084,-80.6043,28.6083,-80.6044
20.26,2982.93,2977.95,44.6867,44.7189,0.0253303,28.6084,-80.6043,28.6083,-80.6044
20.27,2983.38,2978.4,44.5855,44.6185,0.0254068,28.6084,-80.6043,28.6083,-80.6044
20.28,2983.82,2978.84,44.4843,44.5177,0.0263457,28.6084,-80.6043,28.6083,-80.6044
20.29,2984.27,2979.29,44.3831,44.4162,0.0267015,28.6084,-80.6043,28.6083,-80.6044
20.3,2984.71,2979.69,44.2819,44.3135,0.0275135,28.6084,-80.6043,28.6083,-80.6044
20.31,2985.15,2980.13,44.1808,44.2118,0.0265203,28.6084,-80.6043,28.6083,-80.6044
20.32,2985.59,2980.58,44.0797,44.1112,0.0269762,28.6084,-80.6043,28.6083,-80.6044
20.33,2986.03,2981.02,43.9786,44.0102,0.0279196,28.6084,-80.6043,28.6083,-80.6044
20.34,2986.47,2981.46,43.8775,43.9086,0.0272077,28.6084,-80.6043,28.6083,-80.6044
20.35,2986.91,2981.89,43.7764,43.8058,0.026991,28.6084,-80.6043,28.6083,-80.6044
20.36,2987.35,2982.33,43.6753,43.7047,0.0277372,28.6084,-80.6043,28.6083,-80.6044
20.37,2987.78,2982.77,43.5742,43.6037,0.0278782,28.6084,-80.6043,28.6083,-80.6044
20.38,2988.22,2983.2,43.4732,43.504,0.0269201,28.6084,-80.6043,28.6083,-80.6044
20.39,2988.65,2983.64,43.3722,43.4018,0.0263935,28.6084,-80.6043,28.6083,-80.6044
20.4,2989.08,2984.4,43.2711,43.3016,0.0263739,28.6084,-80.6043,28.6083,-80.6044
20.41,2989.51,2984.83,43.1701,43.2008,0.0257593,28.6084,-80.6043,28.6083,-80.6044
20.42,2989.95,2985.26,43.0691,43.0982,0.0258925,28.6084,-80.6043,28.6083,-80.6044
20.43,2990.37,2985.69,42.9682,42.9958,0.0258817,28.6084,-80.6043,28.6083,-80.6044
20.44,2990.8,2986.12,42.8672,42.8939,0.0254274,28.6084,-80.6043,28.6083,-80.6044
20.45,2991.23,2986.55,42.7663,42.7925,0.0256419,28.6084,-80.6043,28.6083,-80.6044
20.46,2991.66,2986.98,42.6653,42.6935,0.0254499,28.6084,-80.6043,28.6083,-80.6044
20.47,2992.08,2987.4,42.5644,42.5916,0.0258949,28.6084,-80.6043,28.6083,-80.6044
20.48,2992.51,2987.83,42.4635,42.4924,0.0253256,28.6084,-80.6043,28.6083,-80.6044
20.49,2992.93,2988.25,42.3626,42.3899,0.0244741,28.6084,-80.6043,28.6083,-80.6044
20.5,2993.35,2989.22,42.2617,42.2881,0.0244492,28.6084,-80.6043,28.6083,-80.6044
20.51,2993.78,2989.64,42.1608,42.1876,0.0234596,28.6084,-80.6043,28.6083,-80.6044
20.52,2994.2,2990.06,42.06,42.0854,0.0243968,28.6084,-80.6043,28.6083,-80.6044
20.53,2994.62,2990.48,41.9591,41.9826,0.0241352,28.6084,-80.6043,28.6083,-80.6044
20.54,2995.03,2990.9,41.8583,41.8806,0.0246158,28.6084,-80.6043,28.6083,-80.6044
20.55,2995.45,2991.31,41.7575,41.7813,0.0251242,28.6084,-80.6043,28.6083,-80.6044
20.56,2995.87,2991.73,41.6567,41.6812,0.0242284,28.6084,-80.6043,28.6083,-80.6044
20.57,2996.28,2992.15,41.5559,41.5818,0.0237595,28.6084,-80.6043,28.6083,-80.6044
20.58,2996.7,2992.56,41.4551,41.4799,0.0234313,28.6084,-80.6043,28.6083,-80.6044
20.59,2997.11,2992.98,41.3544,41.3792,0.0234056,28.6084,-80.6043,28.6083,-80.6044
20.6,2997.53,2993.08,41.2536,41.2794,0.0226401,28.6084,-80.6043,28.6083,-80.6044
20.61,2997.94,2993.5,41.1529,41.1786,0.022362,28.6084,-80.6043,28.6083,-80.6044
20.62,2998.35,2993.91,41.0521,41.0767,0.0215035,28.6084,-80.6043,28.6083,-80.6044
20.63,2998.76,2994.32,40.9514,40.9763,0.0211036,28.6084,-80.6043,28.6083,-80.6044
20.64,2999.17,2994.72,40.8507,40.8741,0.021822,28.6084,-80.6043,28.6083,-80.6044
20.65,2999.57,2995.13,40.7501,40.7746,0.0222814,28.6084,-80.6043,28.6083,-80.6044
20.66,2999.98,2995.54,40.6494,40.672,0.022867,28.6084,-80.6043,28.6083,-80.6044
20.67,3000.38,2995.94,40.5487,40.5729,0.0238347,28.6084,-80.6043,28.6083,-80.6044
20.68,3000.79,2996.35,40.4481,40.4735,0.0233429,28.6084,-80.6043,28.6083,-80.6044
20.69,3001.19,2996.75,40.3474,40.3716,0.0234613,28.6084,-80.6043,28.6083,-80.6044
20.7,3001.6,2996.87,40.2468,40.2694,0.0243481,28.6084,-80.6043,28.6083,-80.6044
20.71,3002,2997.28,40.1462,40.1679,0.0249176,28.6084,-80.6043,28.6083,-80.6044
20.72,3002.4,2997.68,40.0456,40.0674,0.0246773,28.6084,-80.6043,28.6083,-80.6044
20.73,3002.8,2998.08,39.945,39.9653,0.0237447,28.6084,-80.6043,28.6083,-80.6044
20.74,3003.19,2998.48,39.8445,39.8662,0.0244591,28.6084,-80.6043,28.6083,-80.6044
20.75,3003.59,2998.87,39.7439,39.7642,0.0241565,28.6084,-80.6043,28.6083,-80.6044
20.76,3003.99,2999.27,39.6434,39.6657,0.0241803,28.6084,-80.6043,28.6083,-80.6044
20.77,3004.38,2999.67,39.5428,39.5653,0.0233172,28.6084,-80.6043,28.6083,-80.6044
20.78,3004.78,3000.06,39.4423,39.4632,0.0240231,28.6084,-80.6043,28.6083,-80.6044
20.79,3005.17,3000.45,39.3418,39.3615,0.0249179,28.6084,-80.6043,28.6083,-80.6044
20.8,3005.56,3000.63,39.2413,39.2616,0.0258042,28.6084,-80.6043,28.6083,-80.6044
20.81,3005.96,3001.02,39.1408,39.1629,0.0264604,28.6084,-80.6043,28.6083,-80.6044
20.82,3006.35,3001.41,39.0403,39.0643,0.0259649,28.6084,-80.6043,28.6083,-80.6044
20.83,3006.74,3001.8,38.9399,38.9621,0.0252362,28.6084,-80.6043,28.6083,-80.6044
20.84,3007.12,3002.19,38.8394,38.8629,0.0246275,28.6084,-80.6043,28.6083,-80.6044
20.85,3007.51,3002.57,38.739,38.7608,0.0237668,28.6084,-80.6043,28.6083,-80.6044
20.86,3007.9,3002.96,38.6386,38.6598,0.0244944,28.6084,-80.6043,28.6083,-80.6044
20.87,3008.28,3003.35,38.5382,38.5598,0.0249766,28.6084,-80.6043,28.6083,-80.6044
20.88,3008.67,3003.73,38.4378,38.4613,0.0252307,28.6084,-80.6043,28.6083,-80.6044
20.89,3009.05,3004.12,38.3374,38.3614,0.0259141,28.6084,-80.6043,28.6083,-80.6044
20.9,3009.43,3004.58,38.237,38.2621,0.0268275,28.6084,-80.6043,28.6083,-80.6044
20.91,3009.81,3004.96,38.1366,38.1631,0.0268468,28.6084,-80.6043,28.6083,-80.6044
20.92,3010.2,3005.34,38.0363,38.0644,0.0266029,28.6084,-80.6043,28.6083,-80.6044
20.93,3010.57,3005.72,37.9359,37.9635,0.0258456,28.6084,-80.6043,28.6083,-80.6044
20.94,3010.95,3006.1,37.8356,37.8625,0.0248519,28.6084,-80.6043,28.6083,-80.6044
20.95,3011.33,3006.48,37.7353,37.7604,0.0244281,28.6084,-80.6043,28.6083,-80.6044
20.96,3011.71,3006.85,37.635,37.6599,0.0252133,28.6084,-80.6043,28.6083,-80.6044
20.97,3012.08,3007.23,37.5347,37.5585,0.0255907,28.6084,-80.6043,28.6083,-80.6044
20.98,3012.46,3007.6,37.4344,37.4601,0.0253313,28.6084,-80.6043,28.6083,-80.6044
20.99,3012.83,3007.98,37.3342,37.3599,0.024672,28.6084,-80.6043,28.6083,-80.6044
21,3013.2,3008.28,37.2339,37.2594,0.0248118,28.6084,-80.6043,28.6084,-80.6043
21.01,3013.57,3008.66,37.1337,37.1593,0.0241382,28.6084,-80.6043,28.6084,-80.6043
21.02,3013.94,3009.03,37.0334,37.0606,0.0234168,28.6084,-80.6043,28.6084,-80.6043
21.03,3014.31,3009.4,36.9332,36.9606,0.0240918,28.6084,-80.6043,28.6084,-80.6043
21.04,3014.68,3009.77,36.833,36.8623,0.0248082,28.6084,-80.6043,28.6084,-80.6043
21.05,3015.05,3010.13,36.7328,36.7615,0.0255814,28.6084,-80.6043,28.6084,-80.6043
21.06,3015.41,3010.5,36.6326,36.6603,0.0260007,28.6084,-80.6043,28.6084,-80.6043
21.07,3015.78,3010.86,36.5324,36.5581,0.0261242,28.6084,-80.6043,28.6084,-80.6043
21.08,3016.14,3011.23,36.4323,36.4588,0.0252691,28.6084,-80.6043,28.6084,-80.6043
21.09,3016.51,3011.59,36.3321,36.3601,0.0245676,28.6084,-80.6043,28.6084,-80.6043
21.1,3016.87,3011.93,36.232,36.2618,0.0237365,28.6084,-80.6043,28.6084,-80.6043
21.11,3017.23,3012.29,36.1319,36.163,0.023646,28.6084,-80.6043,28.6084,-80.6043
21.12,3017.59,3012.65,36.0317,36.0622,0.0228663,28.6084,-80.6043,28.6084,-80.6043
21.13,3017.95,3013.01,35.9316,35.9638,0.0236825,28.6084,-80.6043,28.6084,-80.6043
21.14,3018.31,3013.37,35.8315,35.8642,0.0231169,28.6084,-80.6043,28.6084,-80.6043
21.15,3018.67,3013.73,35.7314,35.7624,0.0239458,28.6084,-80.6043,28.6084,-80.6043
21.16,3019.02,3014.09,35.6314,35.6624,0.024669,28.6084,-80.6043,28.6084,-80.6043
21.17,3019.38,3014.44,35.5313,35.5635,0.0249771,28.6084,-80.6043,28.6084,-80.6043
21.18,3019.73,3014.8,35.4313,35.4632,0.0252426,28.6084,-80.6043,28.6084,-80.6043
21.19,3020.09,3015.15,35.3312,35.3637,0.0248187,28.6084,-80.6043,28.6084,-80.6043
21.2,3020.44,3016.11,35.2312,35.2656,0.0248574,28.6084,-80.6043,28.6084,-80.6043
21.21,3020.79,3016.47,35.1312,35.1657,0.024912,28.6084,-80.6043,28.6084,-80.6043
21.22,3021.14,3016.82,35.0312,35.064,0.0247166,28.6084,-80.6043,28.6084,-80.6043
21.23,3021.49,3017.17,34.9312,34.9644,0.0255885,28.6084,-80.6043,28.6084,-80.6043
21.24,3021.84,3017.52,34.8312,34.8646,0.025718,28.6084,-80.6043,28.6084,-80.6043
21.25,3022.18,3017.86,34.7312,34.7627,0.0254972,28.6084,-80.6043,28.6084,-80.6043
21.26,3022.53,3018.21,34.6312,34.6628,0.0254474,28.6084,-80.6043,28.6084,-80.6043
21.27,3022.88,3018.56,34.5313,34.5637,0.0256768,28.6084,-80.6043,28.6084,-80.6043
21.28,3023.22,3018.9,34.4313,34.4633,0.0259486,28.6084,-80.6043,28.6084,-80.6043
21.29,3023.56,3019.24,34.3314,34.3624,0.0261413,28.6084,-80.6043,28.6084,-80.6043
21.3,3023.91,3019.9,34.2315,34.2633,0.0254832,28.6084,-80.6043,28.6084,-80.6043
21.31,3024.25,3020.24,34.1316,34.1618,0.0264156,28.6084,-80.6043,28.6084,-80.6043
21.32,3024.59,3020.58,34.0317,34.063,0.027413,28.6084,-80.6043,28.6084,-80.6043
21.33,3024.93,3020.92,33.9318,33.9635,0.0272089,28.6084,-80.6043,28.6084,-80.6043
21.34,3025.27,3021.26,33.8319,33.8628,0.0273664,28.6084,-80.6043,28.6084,-80.6043
21.35,3025.6,3021.59,33.732,33.7646,0.0279886,28.6084,-80.6043,28.6084,-80.6043
21.36,3025.94,3021.93,33.6322,33.6638,0.0278778,28.6084,-80.6043,28.6084,-80.6043
21.37,3026.27,3022.27,33.5323,33.5655,0.028219,28.6084,-80.6043,28.6084,-80.6043
21.38,3026.61,3022.6,33.4325,33.4639,0.0288852,28.6084,-80.6043,28.6084,-80.6043
21.39,3026.94,3022.93,33.3327,33.3629,0.0291034,28.6084,-80.6043,28.6084,-80.6043
21.4,3027.27,3023.43,33.2329,33.2645,0.0293269,28.6084,-80.6043,28.6084,-80.6043
21.41,3027.61,3023.77,33.1331,33.1632,0.0290059,28.6084,-80.6043,28.6084,-80.6043
21.42,3027.94,3024.1,33.0333,33.0643,0.0294214,28.6084,-80.6043,28.6084,-80.6043
21.43,3028.27,3024.43,32.9335,32.9664,0.0303912,28.6084,-80.6043,28.6084,-80.6043
21.44,3028.59,3024.75,32.8337,32.8659,0.0307564,28.6084,-80.6043,28.6084,-80.6043
21.45,3028.92,3025.08,32.7339,32.7647,0.0305868,28.6084,-80.6043,28.6084,-80.6043
21.46,3029.25,3025.41,32.6342,32.664,0.0298309,28.6084,-80.6043,28.6084,-80.6043
21.47,3029.57,3025.73,32.5344,32.563,0.029331,28.6084,-80.6043,28.6084,-80.6043
21.48,3029.9,3026.06,32.4347,32.4641,0.0294878,28.6084,-80.6043,28.6084,-80.6043
21.49,3030.22,3026.38,32.335,32.3645,0.0290873,28.6084,-80.6043,28.6084,-80.6043
21.5,3030.54,3026.62,32.2353,32.2648,0.028783,28.6084,-80.6043,28.6084,-80.6043
21.51,3030.86,3026.95,32.1356,32.1654,0.028273,28.6084,-80.6043,28.6084,-80.6043
21.52,3031.18,3027.27,32.0359,32.0646,0.0292424,28.6084,-80.6043,28.6084,-80.6043
21.53,3031.5,3027.59,31.9362,31.9633,0.029164,28.6084,-80.6043,28.6084,-80.6043
21.54,3031.82,3027.9,31.8365,31.864,0.0300271,28.6084,-80.6043,28.6084,-80.6043
21.55,3032.14,3028.22,31.7368,31.7626,0.030442,28.6084,-80.6043,28.6084,-80.6043
21.56,3032.46,3028.54,31.6372,31.662,0.0302661,28.6084,-80.6043,28.6084,-80.6043
21.57,3032.77,3028.85,31.5375,31.5621,0.0312019,28.6084,-80.6043,28.6084,-80.6043
21.58,3033.09,3029.17,31.4379,31.462,0.0310433,28.6084,-80.6043,28.6084,-80.6043
21.59,3033.4,3029.48,31.3383,31.3614,0.0301834,28.6084,-80.6043,28.6084,-80.6043
21.6,3033.71,3030.34,31.2387,31.2621,0.0305579,28.6084,-80.6043,28.6084,-80.6043
21.61,3034.02,3030.65,31.1391,31.1618,0.0312932,28.6084,-80.6043,28.6084,-80.6043
21.62,3034.33,3030.96,31.0395,31.0625,0.0311322,28.6084,-80.6043,28.6084,-80.6043
21.63,3034.64,3031.27,30.9399,30.9627,0.0303489,28.6084,-80.6043,28.6084,-80.6043
21.64,3034.95,3031.58,30.8403,30.864,0.0312324,28.6084,-80.6043,28.6084,-80.6043
21.65,3035.26,3031.89,30.7407,30.7643,0.030807,28.6084,-80.6043,28.6084,-80.6043
21.66,3035.57,3032.2,30.6412,30.6662,0.0312094,28.6084,-80.6043,28.6084,-80.6043
21.67,3035.87,3032.5,30.5416,30.5668,0.031943,28.6084,-80.6043,28.6084,-80.6043
21.68,3036.17,3032.81,30.4421,30.4684,0.0329163,28.6084,-80.6043,28.6084,-80.6043
21.69,3036.48,3033.11,30.3426,30.3687,0.033338,28.6084,-80.6043,28.6084,-80.6043
21.7,3036.78,3033.67,30.243,30.2674,0.0326742,28.6084,-80.6043,28.6084,-80.6043
21.71,3037.08,3033.98,30.1435,30.1698,0.032882,28.6084,-80.6043,28.6084,-80.6043
21.72,3037.38,3034.28,30.044,30.072,0.0335994,28.6084,-80.6043,28.6084,-80.6043
21.73,3037.68,3034.58,29.9445,29.9706,0.0330212,28.6084,-80.6043,28.6084,-80.6043
21.74,3037.98,3034.87,29.8451,29.8729,0.0332234,28.6084,-80.6043,28.6084,-80.6043
21.75,3038.28,3035.17,29.7456,29.775,0.0327239,28.6084,-80.6043,28.6084,-80.6043
21.76,3038.57,3035.47,29.6461,29.6747,0.0332554,28.6084,-80.6043,28.6084,-80.6043
21.77,3038.87,3035.76,29.5467,29.5765,0.0336939,28.6084,-80.6043,28.6084,-80.6043
21.78,3039.16,3036.06,29.4472,29.4759,0.034554,28.6084,-80.6043,28.6084,-80.6043
21.79,3039.46,3036.35,29.3478,29.3763,0.0338611,28.6084,-80.6043,28.6084,-80.6043
21.8,3039.75,3036.66,29.2483,29.2764,0.0343128,28.6084,-80.6043,28.6084,-80.6043
21.81,3040.04,3036.95,29.1489,29.1751,0.0338162,28.6084,-80.6043,28.6084,-80.6043
21.82,3040.33,3037.24,29.0495,29.0773,0.0345496,28.6084,-80.6043,28.6084,-80.6043
21.83,3040.62,3037.53,28.9501,28.9768,0.0342757,28.6084,-80.6043,28.6084,-80.6043
21.84,3040.91,3037.82,28.8507,28.8778,0.033871,28.6084,-80.6043,28.6084,-80.6043
21.85,3041.2,3038.11,28.7513,28.7785,0.0339681,28.6084,-80.6043,28.6084,-80.6043
21.86,3041.48,3038.4,28.652,28.6802,0.0332381,28.6084,-80.6043,28.6084,-80.6043
21.87,3041.77,3038.68,28.5526,28.5808,0.0334933,28.6084,-80.6043,28.6084,-80.6043
21.88,3042.05,3038.97,28.4532,28.4801,0.03389,28.6084,-80.6043,28.6084,-80.6043
21.89,3042.34,3039.25,28.3539,28.381,0.0344115,28.6084,-80.6043,28.6084,-80.6043
21.9,3042.62,3039.17,28.2546,28.282,0.0350247,28.6084,-80.6043,28.6084,-80.6043
21.91,3042.9,3039.45,28.1552,28.1809,0.0352814,28.6084,-80.6043,28.6084,-80.6043
21.92,3043.18,3039.73,28.0559,28.0827,0.0354294,28.6084,-80.6043,28.6084,-80.6043
21.93,3043.46,3040.01,27.9566,27.9836,0.0348659,28.6084,-80.6043,28.6084,-80.6043
21.94,3043.74,3040.29,27.8573,27.8852,0.0357552,28.6084,-80.6043,28.6084,-80.6043
21.95,3044.02,3040.57,27.758,27.7877,0.0362816,28.6084,-80.6043,28.6084,-80.6043
21.96,3044.29,3040.85,27.6587,27.6866,0.0356731,28.6084,-80.6043,28.6084,-80.6043
21.97,3044.57,3041.12,27.5594,27.5879,0.0364707,28.6084,-80.6043,28.6084,-80.6043
21.98,3044.85,3041.4,27.4602,27.4884,0.0355281,28.6084,-80.6043,28.6084,-80.6043
21.99,3045.12,3041.67,27.3609,27.389,0.0359917,28.6084,-80.6043,28.6084,-80.6043
22,3045.39,3041.9,27.2616,27.29,0.0350415,28.6084,-80.6043,28.6083,-80.6043
22.01,3045.66,3042.18,27.1624,27.1908,0.0350662,28.6084,-80.6043,28.6083,-80.6043
22.02,3045.93,3042.45,27.0632,27.0923,0.0352967,28.6084,-80.6043,28.6083,-80.6043
22.03,3046.2,3042.72,26.9639,26.9943,0.0352792,28.6084,-80.6043,28.6083,-80.6043
22.04,3046.47,3042.99,26.8647,26.8958,0.034618,28.6084,-80.6043,28.6083,-80.6043
22.05,3046.74,3043.25,26.7655,26.795,0.0345288,28.6084,-80.6043,28.6083,-80.6043
22.06,3047.01,3043.52,26.6663,26.6968,0.0348847,28.6084,-80.6043,28.6083,-80.6043
22.07,3047.27,3043.79,26.5671,26.5983,0.0348267,28.6084,-80.6043,28.6083,-80.6043
22.08,3047.54,3044.05,26.4679,26.4996,0.0350621,28.6084,-80.6043,28.6083,-80.6043
22.09,3047.8,3044.32,26.3687,26.3994,0.0353714,28.6084,-80.6043,28.6083,-80.6043
22.1,3048.06,3044.88,26.2696,26.3015,0.0361711,28.6084,-80.6043,28.6083,-80.6043
22.11,3048.32,3045.14,26.1704,26.2025,0.0370283,28.6084,-80.6043,28.6083,-80.6043
22.12,3048.59,3045.4,26.0712,26.1015,0.0379872,28.6084,-80.6043,28.6083,-80.6043
22.13,3048.85,3045.66,25.9721,26.0023,0.0370965,28.6084,-80.6043,28.6083,-80.6043
22.14,3049.1,3045.92,25.873,25.9031,0.0364631,28.6084,-80.6043,28.6083,-80.6043
22.15,3049.36,3046.18,25.7738,25.8042,0.0366798,28.6084,-80.6043,28.6083,-80.6043
22.16,3049.62,3046.44,25.6747,25.7032,0.0372353,28.6084,-80.6043,28.6083,-80.6043
22.17,3049.87,3046.69,25.5756,25.6033,0.0375414,28.6084,-80.6043,28.6083,-80.6043
22.18,3050.13,3046.95,25.4765,25.5045,0.0381098,28.6084,-80.6043,28.6083,-80.6043
22.19,3050.38,3047.2,25.3774,25.4047,0.0386185,28.6084,-80.6043,28.6083,-80.6043
22.2,3050.64,3047.29,25.2783,25.3072,0.0391868,28.6084,-80.6043,28.6083,-80.6043
22.21,3050.89,3047.54,25.1792,25.2082,0.0391026,28.6084,-80.6043,28.6083,-80.6043
22.22,3051.14,3047.79,25.0801,25.111,0.0385111,28.6084,-80.6043,28.6083,-80.6043
22.23,3051.39,3048.04,24.9811,25.0102,0.0379169,28.6084,-80.6043,28.6083,-80.6043
22.24,3051.64,3048.29,24.882,24.9126,0.038695,28.6084,-80.6043,28.6083,-80.6043
22.25,3051.88,3048.54,24.7829,24.8119,0.0385197,28.6084,-80.6043,28.6083,-80.6043
22.26,3052.13,3048.79,24.6839,24.7114,0.0375824,28.6084,-80.6043,28.6083,-80.6043
22.27,3052.38,3049.04,24.5849,24.6121,0.0368148,28.6084,-80.6043,28.6083,-80.6043
22.28,3052.62,3049.28,24.4858,24.5132,0.0368083,28.6084,-80.6043,28.6083,-80.6043
22.29,3052.87,3049.52,24.3868,24.4146,0.0372144,28.6084,-80.6043,28.6083,-80.6043
22.3,3053.11,3049.96,24.2878,24.3138,0.0366238,28.6084,-80.6043,28.6083,-80.6043
22.31,3053.35,3050.2,24.1888,24.2158,0.0366192,28.6084,-80.6043,28.6083,-80.6043
22.32,3053.59,3050.44,24.0898,24.1163,0.036472,28.6084,-80.6043,28.6083,-80.6043
22.33,3053.83,3050.68,23.9908,24.0165,0.0369174,28.6084,-80.6043,28.6083,-80.6043
22.34,3054.07,3050.92,23.8918,23.9162,0.0362886,28.6084,-80.6043,28.6083,-80.6043
22.35,3054.31,3051.16,23.7928,23.8172,0.0366456,28.6084,-80.6043,28.6083,-80.6043
22.36,3054.55,3051.4,23.6938,23.7193,0.0375751,28.6084,-80.6043,28.6083,-80.6043
22.37,3054.78,3051.64,23.5949,23.621,0.0385182,28.6084,-80.6043,28.6083,-80.6043
22.38,3055.02,3051.87,23.4959,23.5202,0.0392185,28.6084,-80.6043,28.6083,-80.6043
22.39,3055.25,3052.1,23.397,23.4225,0.0400772,28.6084,-80.6043,28.6083,-80.6043
22.4,3055.48,3052.78,23.298,23.3254,0.0395628,28.6084,-80.6043,28.6083,-80.6043
22.41,3055.72,3053.01,23.1991,23.2247,0.0399326,28.6084,-80.6043,28.6083,-80.6043
22.42,3055.95,3053.24,23.1002,23.1245,0.0399407,28.6084,-80.6043,28.6083,-80.6043
22.43,3056.18,3053.47,23.0012,23.0244,0.0404979,28.6084,-80.6043,28.6083,-80.6043
22.44,3056.41,3053.7,22.9023,22.9243,0.0399888,28.6084,-80.6043,28.6083,-80.6043
22.45,3056.63,3053.93,22.8034,22.8273,0.0408847,28.6084,-80.6043,28.6083,-80.6043
22.46,3056.86,3054.16,22.7045,22.7267,0.0408466,28.6084,-80.6043,28.6083,-80.6043
22.47,3057.09,3054.39,22.6056,22.6272,0.0408735,28.6084,-80.6043,28.6083,-80.6043
22.48,3057.31,3054.61,22.5067,22.5294,0.0400025,28.6084,-80.6043,28.6083,-80.6043
22.49,3057.54,3054.84,22.4079,22.4313,0.0408994,28.6084,-80.6043,28.6083,-80.6043
22.5,3057.76,3055.61,22.309,22.3327,0.0406448,28.6084,-80.6043,28.6083,-80.6043
22.51,3057.98,3055.83,22.2101,22.2347,0.0396847,28.6084,-80.6043,28.6083,-80.6043
22.52,3058.2,3056.05,22.1113,22.1366,0.0398375,28.6084,-80.6043,28.6083,-80.6043
22.53,3058.42,3056.27,22.0124,22.0392,0.039873,28.6084,-80.6043,28.6083,-80.6043
22.54,3058.64,3056.49,21.9136,21.9404,0.0405191,28.6084,-80.6043,28.6083,-80.6043
22.55,3058.86,3056.71,21.8147,21.8426,0.0406628,28.6084,-80.6043,28.6083,-80.6043
22.56,3059.08,3056.93,21.7159,21.745,0.0405537,28.6084,-80.6043,28.6083,-80.6043
22.57,3059.29,3057.14,21.6171,21.6472,0.0401763,28.6084,-80.6043,28.6083,-80.6043
22.58,3059.51,3057.36,21.5183,21.5489,0.0402418,28.6084,-80.6043,28.6083,-80.6043
22.59,3059.72,3057.57,21.4194,21.4501,0.040987,28.6084,-80.6043,28.6083,-80.6043
22.6,3059.94,3057.84,21.3206,21.3514,0.0409197,28.6084,-80.6043,28.6083,-80.6043
22.61,3060.15,3058.06,21.2218,21.2544,0.0415361,28.6084,-80.6043,28.6083,-80.6043
22.62,3060.36,3058.27,21.123,21.1555,0.0420557,28.6084,-80.6043,28.6083,-80.6043
22.63,3060.57,3058.48,21.0243,21.0582,0.0413901,28.6084,-80.6043,28.6083,-80.6043
22.64,3060.78,3058.69,20.9255,20.9603,0.0412784,28.6084,-80.6043,28.6083,-80.6043
22.65,3060.99,3058.9,20.8267,20.8617,0.0411263,28.6084,-80.6043,28.6083,-80.6043
22.66,3061.19,3059.1,20.7279,20.7648,0.041246,28.6084,-80.6043,28.6083,-80.6043
22.67,3061.4,3059.31,20.6292,20.6645,0.0413594,28.6084,-80.6043,28.6083,-80.6043
22.68,3061.61,3059.52,20.5304,20.5655,0.0416173,28.6084,-80.6043,28.6083,-80.6043
22.69,3061.81,3059.72,20.4317,20.465,0.0411233,28.6084,-80.6043,28.6083,-80.6043
22.7,3062.01,3060.44,20.3329,20.3658,0.0413919,28.6084,-80.6043,28.6083,-80.6043
22.71,3062.22,3060.65,20.2342,20.2653,0.0411688,28.6084,-80.6043,28.6083,-80.6043
22.72,3062.42,3060.85,20.1355,20.166,0.0410931,28.6084,-80.6043,28.6083,-80.6043
22.73,3062.62,3061.05,20.0367,20.069,0.041873,28.6084,-80.6043,28.6083,-80.6043
22.74,3062.82,3061.25,19.938,19.9696,0.0417474,28.6084,-80.6043,28.6083,-80.6043
22.75,3063.01,3061.45,19.8393,19.8703,0.0413361,28.6084,-80.6043,28.6083,-80.6043
22.76,3063.21,3061.64,19.7406,19.7714,0.0406651,28.6084,-80.6043,28.6083,-80.6043
22.77,3063.41,3061.84,19.6419,19.6737,0.040053,28.6084,-80.6043,28.6083,-80.6043
22.78,3063.6,3062.04,19.5432,19.5732,0.0409222,28.6084,-80.6043,28.6083,-80.6043
22.79,3063.8,3062.23,19.4445,19.4761,0.040885,28.6084,-80.6043,28.6083,-80.6043
22.8,3063.99,3062.74,19.3459,19.3773,0.0405371,28.6084,-80.6043,28.6083,-80.6043
22.81,3064.18,3062.93,19.2472,19.2785,0.0404117,28.6084,-80.6043,28.6083,-80.6043
22.82,3064.38,3063.12,19.1485,19.1779,0.0403404,28.6084,-80.6043,28.6083,-80.6043
22.83,3064.57,3063.32,19.0498,19.0775,0.0395019,28.6084,-80.6043,28.6083,-80.6043
22.84,3064.76,3063.5,18.9512,18.9797,0.0394135,28.6084,-80.6043,28.6083,-80.6043
22.85,3064.94,3063.69,18.8525,18.8819,0.0399688,28.6084,-80.6043,28.6083,-80.6043
22.86,3065.13,3063.88,18.7539,18.7825,0.0391758,28.6084,-80.6043,28.6083,-80.6043
22.87,3065.32,3064.07,18.6552,18.6824,0.0396818,28.6084,-80.6043,28.6083,-80.6043
22.88,3065.5,3064.25,18.5566,18.5819,0.03876,28.6084,-80.6043,28.6083,-80.6043
22.89,3065.69,3064.44,18.458,18.4816,0.0386837,28.6084,-80.6043,28.6083,-80.6043
22.9,3065.87,3064.11,18.3594,18.3825,0.038448,28.6084,-80.6043,28.6083,-80.6043
22.91,3066.05,3064.3,18.2607,18.2855,0.0377471,28.6084,-80.6043,28.6083,-80.6043
22.92,3066.24,3064.48,18.1621,18.1853,0.0379414,28.6084,-80.6043,28.6083,-80.6043
22.93,3066.42,3064.66,18.0635,18.085,0.0389255,28.6084,-80.6043,28.6083,-80.6043
22.94,3066.6,3064.84,17.9649,17.9847,0.0390429,28.6084,-80.6043,28.6083,-80.6043
22.95,3066.78,3065.02,17.8663,17.8854,0.0391233,28.6084,-80.6043,28.6083,-80.6043
22.96,3066.95,3065.2,17.7677,17.7872,0.0396341,28.6084,-80.6043,28.6083,-80.6043
22.97,3067.13,3065.37,17.6691,17.6888,0.038749,28.6084,-80.6043,28.6083,-80.6043
22.98,3067.31,3065.55,17.5706,17.5915,0.0390277,28.6084,-80.6043,28.6083,-80.6043
22.99,3067.48,3065.72,17.472,17.494,0.0385826,28.6084,-80.6043,28.6083,-80.6043
23,3067.65,3065.97,17.3734,17.3949,0.0386874,28.6084,-80.6043,28.6085,-80.6044
23.01,3067.83,3066.15,17.2749,17.2966,0.0390905,28.6084,-80.6043,28.6085,-80.6044
23.02,3068,3066.32,17.1763,17.1977,0.0399795,28.6084,-80.6043,28.6085,-80.6044
23.03,3068.17,3066.49,17.0777,17.0977,0.0405619,28.6084,-80.6043,28.6085,-80.6044
23.04,3068.34,3066.66,16.9792,17.0005,0.0409538,28.6084,-80.6043,28.6085,-80.6044
23.05,3068.51,3066.83,16.8807,16.9037,0.0418148,28.6084,-80.6043,28.6085,-80.6044
23.06,3068.68,3067,16.7821,16.8043,0.0408644,28.6084,-80.6043,28.6085,-80.6044
23.07,3068.84,3067.16,16.6836,16.7075,0.0406078,28.6084,-80.6043,28.6085,-80.6044
23.08,3069.01,3067.33,16.5851,16.6093,0.0400892,28.6084,-80.6043,28.6085,-80.6044
23.09,3069.17,3067.49,16.4865,16.5124,0.0394423,28.6084,-80.6043,28.6085,-80.6044
23.1,3069.34,3067.63,16.388,16.4159,0.0393833,28.6084,-80.6043,28.6085,-80.6044
23.11,3069.5,3067.8,16.2895,16.3163,0.038603,28.6084,-80.6043,28.6085,-80.6044
23.12,3069.66,3067.96,16.191,16.2158,0.0377934,28.6084,-80.6043,28.6085,-80.6044
23.13,3069.82,3068.12,16.0925,16.1172,0.0379158,28.6084,-80.6043,28.6085,-80.6044
23.14,3069.98,3068.28,15.994,16.0194,0.0387602,28.6084,-80.6043,28.6085,-80.6044
23.15,3070.14,3068.44,15.8955,15.9199,0.0397296,28.6084,-80.6043,28.6085,-80.6044
23.16,3070.3,3068.6,15.797,15.821,0.0387365,28.6084,-80.6043,28.6085,-80.6044
23.17,3070.46,3068.75,15.6985,15.7221,0.0384351,28.6084,-80.6043,28.6085,-80.6044
23.18,3070.61,3068.91,15.6001,15.6222,0.0378049,28.6084,-80.6043,28.6085,-80.6044
23.19,3070.77,3069.07,15.5016,15.5225,0.0384758,28.6084,-80.6043,28.6085,-80.6044
23.2,3070.92,3069.57,15.4031,15.4225,0.0377164,28.6084,-80.6043,28.6085,-80.6044
23.21,3071.07,3069.72,15.3046,15.3226,0.0368022,28.6084,-80.6043,28.6085,-80.6044
23.22,3071.23,3069.87,15.2062,15.2241,0.03727,28.6084,-80.6043,28.6085,-80.6044
23.23,3071.38,3070.02,15.1077,15.1248,0.0370945,28.6084,-80.6043,28.6085,-80.6044
23.24,3071.53,3070.17,15.0093,15.028,0.0366538,28.6084,-80.6043,28.6085,-80.6044
23.25,3071.68,3070.32,14.9108,14.9311,0.0359428,28.6084,-80.6043,28.6085,-80.6044
23.26,3071.83,3070.47,14.8124,14.831,0.0369279,28.6084,-80.6043,28.6085,-80.6044
23.27,3071.97,3070.62,14.714,14.7312,0.036313,28.6084,-80.6043,28.6085,-80.6044
23.28,3072.12,3070.76,14.6155,14.6326,0.0367421,28.6084,-80.6043,28.6085,-80.6044
23.29,3072.26,3070.91,14.5171,14.5356,0.0365001,28.6084,-80.6043,28.6085,-80.6044
23.3,3072.41,3070.71,14.4187,14.4391,0.0371815,28.6084,-80.6043,28.6085,-80.6044
23.31,3072.55,3070.85,14.3202,14.3418,0.0366503,28.6084,-80.6043,28.6085,-80.6044
23.32,3072.69,3070.99,14.2218,14.2419,0.0358909,28.6084,-80.6043,28.6085,-80.6044
23.33,3072.83,3071.13,14.1234,14.1432,0.0355368,28.6084,-80.6043,28.6085,-80.6044
23.34,3072.97,3071.27,14.025,14.0466,0.0356266,28.6084,-80.6043,28.6085,-80.6044
23.35,3073.11,3071.41,13.9266,13.948,0.0347952,28.6084,-80.6043,28.6085,-80.6044
23.36,3073.25,3071.55,13.8282,13.8503,0.0347675,28.6084,-80.6043,28.6085,-80.6044
23.37,3073.39,3071.69,13.7298,13.7523,0.0346259,28.6084,-80.6043,28.6085,-80.6044
23.38,3073.53,3071.83,13.6314,13.655,0.0356197,28.6084,-80.6043,28.6085,-80.6044
23.39,3073.66,3071.96,13.533,13.556,0.0347184,28.6084,-80.6043,28.6085,-80.6044
23.4,3073.8,3072.62,13.4347,13.4591,0.0346868,28.6084,-80.6043,28.6085,-80.6044
23.41,3073.93,3072.76,13.3363,13.3593,0.0349617,28.6084,-80.6043,28.6085,-80.6044
23.42,3074.06,3072.89,13.2379,13.2603,0.0346198,28.6084,-80.6043,28.6085,-80.6044
23.43,3074.19,3073.02,13.1395,13.1613,0.0340103,28.6084,-80.6043,28.6085,-80.6044
23.44,3074.32,3073.15,13.0412,13.0638,0.033669,28.6084,-80.6043,28.6085,-80.6044
23.45,3074.45,3073.28,12.9428,12.9636,0.0336527,28.6084,-80.6043,28.6085,-80.6044
23.46,3074.58,3073.41,12.8445,12.8645,0.0331935,28.6084,-80.6043,28.6085,-80.6044
23.47,3074.71,3073.54,12.7461,12.7666,0.0330542,28.6084,-80.6043,28.6085,-80.6044
23.48,3074.83,3073.66,12.6478,12.669,0.03395,28.6084,-80.6043,28.6085,-80.6044
23.49,3074.96,3073.79,12.5494,12.5702,0.0334192,28.6084,-80.6043,28.6085,-80.6044
23.5,3075.08,3074.29,12.4511,12.4714,0.03336,28.6084,-80.6043,28.6085,-80.6044
23.51,3075.21,3074.41,12.3527,12.3748,0.03247,28.6084,-80.6043,28.6085,-80.6044
23.52,3075.33,3074.53,12.2544,12.2759,0.0327641,28.6084,-80.6043,28.6085,-80.6044
23.53,3075.45,3074.66,12.1561,12.1758,0.0331618,28.6084,-80.6043,28.6085,-80.6044
23.54,3075.57,3074.78,12.0577,12.0783,0.0340248,28.6084,-80.6043,28.6085,-80.6044
23.55,3075.69,3074.9,11.9594,11.9787,0.034711,28.6084,-80.6043,28.6085,-80.6044
23.56,3075.81,3075.02,11.8611,11.8816,0.035352,28.6084,-80.6043,28.6085,-80.6044
23.57,3075.93,3075.13,11.7628,11.782,0.0346175,28.6084,-80.6043,28.6085,-80.6044
23.58,3076.05,3075.25,11.6645,11.6824,0.0343728,28.6084,-80.6043,28.6085,-80.6044
23.59,3076.16,3075.37,11.5662,11.5854,0.0343765,28.6084,-80.6043,28.6085,-80.6044
23.6,3076.28,3075.83,11.4679,11.4868,0.0340418,28.6084,-80.6043,28.6085,-80.6044
23.61,3076.39,3075.94,11.3696,11.3897,0.0349571,28.6084,-80.6043,28.6085,-80.6044
23.62,3076.5,3076.06,11.2713,11.2904,0.0347043,28.6084,-80.6043,28.6085,-80.6044
23.63,3076.61,3076.17,11.173,11.1937,0.0349611,28.6084,-80.6043,28.6085,-80.6044
23.64,3076.72,3076.28,11.0747,11.0958,0.0345545,28.6084,-80.6043,28.6085,-80.6044
23.65,3076.83,3076.39,10.9764,10.9959,0.0346309,28.6084,-80.6043,28.6085,-80.6044
23.66,3076.94,3076.5,10.8781,10.8964,0.0339385,28.6084,-80.6043,28.6085,-80.6044
23.67,3077.05,3076.61,10.7798,10.7997,0.0345807,28.6084,-80.6043,28.6085,-80.6044
23.68,3077.16,3076.71,10.6815,10.7002,0.0347729,28.6084,-80.6043,28.6085,-80.6044
23.69,3077.26,3076.82,10.5833,10.602,0.0340474,28.6084,-80.6043,28.6085,-80.6044
23.7,3077.37,3077.06,10.485,10.5048,0.0337686,28.6084,-80.6043,28.6085,-80.6044
23.71,3077.47,3077.16,10.3867,10.4083,0.0338545,28.6084,-80.6043,28.6085,-80.6044
23.72,3077.58,3077.26,10.2885,10.3084,0.0343988,28.6084,-80.6043,28.6085,-80.6044
23.73,3077.68,3077.37,10.1902,10.2118,0.0352278,28.6084,-80.6043,28.6085,-80.6044
23.74,3077.78,3077.47,10.0919,10.1126,0.0348961,28.6084,-80.6043,28.6085,-80.6044
23.75,3077.88,3077.57,9.99368,10.0134,0.0340681,28.6084,-80.6043,28.6085,-80.6044
23.76,3077.98,3077.67,9.89542,9.91318,0.0334777,28.6084,-80.6043,28.6085,-80.6044
23.77,3078.07,3077.76,9.79717,9.81424,0.0332611,28.6084,-80.6043,28.6085,-80.6044
23.78,3078.17,3077.86,9.69893,9.71444,0.0341746,28.6084,-80.6043,28.6085,-80.6044
23.79,3078.27,3077.96,9.60068,9.61819,0.0339887,28.6084,-80.6043,28.6085,-80.6044
23.8,3078.36,3078.09,9.50244,9.51817,0.0340648,28.6084,-80.6043,28.6085,-80.6044
23.81,3078.46,3078.19,9.4042,9.42026,0.0339355,28.6084,-80.6043,28.6085,-80.6044
23.82,3078.55,3078.28,9.30597,9.32163,0.0337658,28.6084,-80.6043,28.6085,-80.6044
23.83,3078.64,3078.37,9.20773,9.22153,0.034605,28.6084,-80.6043,28.6085,-80.6044
23.84,3078.73,3078.46,9.1095,9.1235,0.0352262,28.6084,-80.6043,28.6085,-80.6044
23.85,3078.82,3078.55,9.01128,9.0244,0.0352128,28.6084,-80.6043,28.6085,-80.6044
23.86,3078.91,3078.64,8.91305,8.92581,0.0358592,28.6084,-80.6043,28.6085,-80.6044
23.87,3079,3078.73,8.81483,8.82786,0.0352239,28.6084,-80.6043,28.6085,-80.6044
23.88,3079.09,3078.82,8.71661,8.73062,0.035187,28.6084,-80.6043,28.6085,-80.6044
23.89,3079.17,3078.91,8.61839,8.63222,0.0343428,28.6084,-80.6043,28.6085,-80.6044
23.9,3079.26,3078.65,8.52018,8.53493,0.0344276,28.6084,-80.6043,28.6085,-80.6044
23.91,3079.34,3078.73,8.42197,8.4351,0.0351692,28.6084,-80.6043,28.6085,-80.6044
23.92,3079.43,3078.82,8.32376,8.33684,0.0342568,28.6084,-80.6043,28.6085,-80.6044
23.93,3079.51,3078.9,8.22555,8.23994,0.0342319,28.6084,-80.6043,28.6085,-80.6044
23.94,3079.59,3078.98,8.12735,8.14154,0.0349982,28.6084,-80.6043,28.6085,-80.6044
23.95,3079.67,3079.06,8.02915,8.04144,0.0340619,28.6084,-80.6043,28.6085,-80.6044
23.96,3079.75,3079.14,7.93095,7.94162,0.0339839,28.6084,-80.6043,28.6085,-80.6044
23.97,3079.83,3079.22,7.83275,7.84316,0.0339992,28.6084,-80.6043,28.6085,-80.6044
23.98,3079.91,3079.29,7.73456,7.74493,0.0337065,28.6084,-80.6043,28.6085,-80.6044
23.99,3079.98,3079.37,7.63637,7.64498,0.0333126,28.6084,-80.6043,28.6085,-80.6044
24,3080.06,3079.87,7.53818,7.54732,0.0334192,28.6084,-80.6043,28.6084,-80.6043
24.01,3080.13,3079.94,7.43999,7.44999,0.0326599,28.6084,-80.6043,28.6084,-80.6043
24.02,3080.21,3080.02,7.3418,7.35121,0.0322173,28.6084,-80.6043,28.6084,-80.6043
24.03,3080.28,3080.09,7.24362,7.25235,0.0330061,28.6084,-80.6043,28.6084,-80.6043
24.04,3080.35,3080.16,7.14544,7.15367,0.0325344,28.6084,-80.6043,28.6084,-80.6043
24.05,3080.42,3080.23,7.04726,7.05655,0.033259,28.6084,-80.6043,28.6084,-80.6043
24.06,3080.49,3080.3,6.94909,6.95761,0.0334445,28.6084,-80.6043,28.6084,-80.6043
24.07,3080.56,3080.37,6.85091,6.85883,0.033962,28.6084,-80.6043,28.6084,-80.6043
24.08,3080.62,3080.44,6.75274,6.76057,0.033713,28.6084,-80.6043,28.6084,-80.6043
24.09,3080.69,3080.5,6.65457,6.66356,0.0338498,28.6084,-80.6043,28.6084,-80.6043
24.1,3080.76,3080.48,6.5564,6.56674,0.0332991,28.6084,-80.6043,28.6084,-80.6043
24.11,3080.82,3080.55,6.45824,6.46688,0.0334556,28.6084,-80.6043,28.6084,-80.6043
24.12,3080.89,3080.61,6.36007,6.36726,0.0337196,28.6084,-80.6043,28.6084,-80.6043
24.13,3080.95,3080.67,6.26191,6.26794,0.0340984,28.6084,-80.6043,28.6084,-80.6043
24.14,3081.01,3080.74,6.16375,6.16916,0.0344367,28.6084,-80.6043,28.6084,-80.6043
24.15,3081.07,3080.8,6.06559,6.07224,0.0339184,28.6084,-80.6043,28.6084,-80.6043
24.16,3081.13,3080.86,5.96743,5.97557,0.0337417,28.6084,-80.6043,28.6084,-80.6043
24.17,3081.19,3080.92,5.86928,5.87778,0.0330391,28.6084,-80.6043,28.6084,-80.6043
24.18,3081.25,3080.97,5.77113,5.7806,0.0330136,28.6084,-80.6043,28.6084,-80.6043
24.19,3081.3,3081.03,5.67298,5.68254,0.0320264,28.6084,-80.6043,28.6084,-80.6043
24.2,3081.36,3080.89,5.57483,5.5834,0.0317977,28.6084,-80.6043,28.6084,-80.6043
24.21,3081.41,3080.94,5.47668,5.48451,0.0322686,28.6084,-80.6043,28.6084,-80.6043
24.22,3081.47,3081,5.37853,5.38466,0.0319107,28.6084,-80.6043,28.6084,-80.6043
24.23,3081.52,3081.05,5.28039,5.28496,0.0326383,28.6084,-80.6043,28.6084,-80.6043
24.24,3081.57,3081.1,5.18225,5.18837,0.0335332,28.6084,-80.6043,28.6084,-80.6043
24.25,3081.62,3081.15,5.0841,5.08859,0.0344641,28.6084,-80.6043,28.6084,-80.6043
24.26,3081.67,3081.2,4.98596,4.98955,0.0347975,28.6084,-80.6043,28.6084,-80.6043
24.27,3081.72,3081.25,4.88783,4.88982,0.0356143,28.6084,-80.6043,28.6084,-80.6043
24.28,3081.77,3081.3,4.78969,4.7932,0.0361962,28.6084,-80.6043,28.6084,-80.6043
24.29,3081.82,3081.35,4.69155,4.69408,0.0362922,28.6084,-80.6043,28.6084,-80.6043
24.3,3081.86,3081.74,4.59342,4.59635,0.0362811,28.6084,-80.6043,28.6084,-80.6043
24.31,3081.91,3081.78,4.49529,4.49789,0.0354558,28.6084,-80.6043,28.6084,-80.6043
24.32,3081.95,3081.83,4.39716,4.40002,0.035965,28.6084,-80.6043,28.6084,-80.6043
24.33,3081.99,3081.87,4.29903,4.30219,0.035145,28.6084,-80.6043,28.6084,-80.6043
24.34,3082.04,3081.91,4.2009,4.20511,0.0357991,28.6084,-80.6043,28.6084,-80.6043
24.35,3082.08,3081.95,4.10277,4.10688,0.0349498,28.6084,-80.6043,28.6084,-80.6043
24.36,3082.12,3081.99,4.00465,4.00944,0.0343721,28.6084,-80.6043,28.6084,-80.6043
24.37,3082.16,3082.03,3.90652,3.90991,0.0353585,28.6084,-80.6043,28.6084,-80.6043
24.38,3082.19,3082.07,3.8084,3.81108,0.0343831,28.6084,-80.6043,28.6084,-80.6043
24.39,3082.23,3082.11,3.71028,3.71449,0.0339222,28.6084,-80.6043,28.6084,-80.6043
24.4,3082.27,3081.63,3.61216,3.61477,0.0346184,28.6084,-80.6043,28.6084,-80.6043
24.41,3082.3,3081.67,3.51404,3.51683,0.0355178,28.6084,-80.6043,28.6084,-80.6043
24.42,3082.34,3081.7,3.41592,3.41853,0.0358103,28.6084,-80.6043,28.6084,-80.6043
24.43,3082.37,3081.74,3.3178,3.32138,0.0362262,28.6084,-80.6043,28.6084,-80.6043
24.44,3082.4,3081.77,3.21968,3.22204,0.0359087,28.6084,-80.6043,28.6084,-80.6043
24.45,3082.43,3081.8,3.12157,3.12273,0.0361333,28.6084,-80.6043,28.6084,-80.6043
24.46,3082.46,3081.83,3.02345,3.02403,0.0357128,28.6084,-80.6043,28.6084,-80.6043
24.47,3082.49,3081.86,2.92534,2.92463,0.0349291,28.6084,-80.6043,28.6084,-80.6043
24.48,3082.52,3081.89,2.82722,2.82798,0.0344672,28.6084,-80.6043,28.6084,-80.6043
24.49,3082.55,3081.92,2.72911,2.73134,0.0348499,28.6084,-80.6043,28.6084,-80.6043
24.5,3082.57,3082.24,2.631,2.63421,0.035739,28.6084,-80.6043,28.6084,-80.6043
24.51,3082.6,3082.27,2.53289,2.53555,0.0349251,28.6084,-80.6043,28.6084,-80.6043
24.52,3082.62,3082.29,2.43478,2.43687,0.034481,28.6084,-80.6043,28.6084,-80.6043
24.53,3082.65,3082.32,2.33667,2.33718,0.0339597,28.6084,-80.6043,28.6084,-80.6043
24.54,3082.67,3082.34,2.23856,2.23926,0.0333719,28.6084,-80.6043,28.6084,-80.6043
24.55,3082.69,3082.36,2.14045,2.1395,0.0325588,28.6084,-80.6043,28.6084,-80.6043
24.56,3082.71,3082.38,2.04235,2.04329,0.031633,28.6084,-80.6043,28.6084,-80.6043
24.57,3082.73,3082.4,1.94424,1.94538,0.0318726,28.6084,-80.6043,28.6084,-80.6043
24.58,3082.75,3082.42,1.84614,1.84838,0.031384,28.6084,-80.6043,28.6084,-80.6043
24.59,3082.77,3082.44,1.74803,1.75153,0.030622,28.6084,-80.6043,28.6084,-80.6043
24.6,3082.78,3082.92,1.64993,1.65326,0.0304748,28.6084,-80.6043,28.6084,-80.6043
24.61,3082.8,3082.94,1.55182,1.55505,0.0306857,28.6084,-80.6043,28.6084,-80.6043
24.62,3082.81,3082.95,1.45372,1.45726,0.03091,28.6084,-80.6043,28.6084,-80.6043
24.63,3082.83,3082.97,1.35561,1.36066,0.0308098,28.6084,-80.6043,28.6084,-80.6043
24.64,3082.84,3082.98,1.25751,1.26177,0.0310481,28.6084,-80.6043,28.6084,-80.6043
24.65,3082.85,3082.99,1.15941,1.16325,0.031382,28.6084,-80.6043,28.6084,-80.6043
24.66,3082.86,3083,1.06131,1.06544,0.031357,28.6084,-80.6043,28.6084,-80.6043
24.67,3082.87,3083.01,0.963205,0.965437,0.032063,28.6084,-80.6043,28.6084,-80.6043
24.68,3082.88,3083.02,0.865104,0.867707,0.0315891,28.6084,-80.6043,28.6084,-80.6043
24.69,3082.89,3083.03,0.767002,0.769208,0.032187,28.6084,-80.6043,28.6084,-80.6043
24.7,3082.9,3083.26,0.668902,0.670509,0.0321749,28.6084,-80.6043,28.6084,-80.6043
24.71,3082.9,3083.27,0.570801,0.573498,0.0312584,28.6084,-80.6043,28.6084,-80.6043
24.72,3082.91,3083.27,0.4727,0.474966,0.030589,28.6084,-80.6043,28.6084,-80.6043
24.73,3082.91,3083.27,0.3746,0.376056,0.0300018,28.6084,-80.6043,28.6084,-80.6043
24.74,3082.91,3083.28,0.2765,0.277093,0.0305129,28.6084,-80.6043,28.6084,-80.6043
24.75,3082.91,3083.28,0.1784,0.179524,0.0310266,28.6084,-80.6043,28.6084,-80.6043
24.76,3082.91,3083.28,0.0802996,0.0814374,0.030503,28.6084,-80.6043,28.6084,-80.6043
24.77,3082.91,3083.28,-0.0178004,-0.0173122,0.0297342,28.6084,-80.6043,28.6084,-80.6043
24.78,3082.91,3083.28,-0.1159,-0.116962,0.0303092,28.6084,-80.6043,28.6084,-80.6043
24.79,3082.91,3083.28,-0.214,-0.215385,0.0307728,28.6084,-80.6043,28.6084,-80.6043
24.8,3082.91,3083.12,-0.312099,-0.314757,0.0299448,28.6084,-80.6043,28.6084,-80.6043
24.81,3082.9,3083.12,-0.410197,-0.413627,0.0291641,28.6084,-80.6043,28.6084,-80.6043
24.82,3082.9,3083.11,-0.508294,-0.513084,0.0286887,28.6084,-80.6043,28.6084,-80.6043
24.83,3082.89,3083.11,-0.606389,-0.611689,0.0288095,28.6084,-80.6043,28.6084,-80.6043
24.84,3082.89,3083.1,-0.704482,-0.711537,0.0292559,28.6084,-80.6043,28.6084,-80.6043
24.85,3082.88,3083.09,-0.802573,-0.81141,0.0299233,28.6084,-80.6043,28.6084,-80.6043
24.86,3082.87,3083.08,-0.90066,-0.911054,0.0291155,28.6084,-80.6043,28.6084,-80.6043
24.87,3082.86,3083.07,-0.998745,-1.01023,0.0286678,28.6084,-80.6043,28.6084,-80.6043
24.88,3082.85,3083.06,-1.09683,-1.10874,0.0285325,28.6084,-80.6043,28.6084,-80.6043
24.89,3082.84,3083.05,-1.1949,-1.20658,0.0278306,28.6084,-80.6043,28.6084,-80.6043
24.9,3082.82,3083.19,-1.29298,-1.30639,0.0274653,28.6084,-80.6043,28.6084,-80.6043
24.91,3082.81,3083.18,-1.39104,-1.40385,0.0277752,28.6084,-80.6043,28.6084,-80.6043
24.92,3082.79,3083.16,-1.48911,-1.50084,0.0276072,28.6084,-80.6043,28.6084,-80.6043
24.93,3082.78,3083.15,-1.58716,-1.59913,0.0269813,28.6084,-80.6043,28.6084,-80.6043
24.94,3082.76,3083.13,-1.68522,-1.69859,0.0272301,28.6084,-80.6043,28.6084,-80.6043
24.95,3082.74,3083.11,-1.78326,-1.79754,0.0271395,28.6084,-80.6043,28.6084,-80.6043
24.96,3082.72,3083.09,-1.8813,-1.8964,0.0269049,28.6084,-80.6043,28.6084,-80.6043
24.97,3082.7,3083.07,-1.97933,-1.99398,0.0270172,28.6084,-80.6043,28.6084,-80.6043
24.98,3082.68,3083.05,-2.07736,-2.09098,0.0263671,28.6084,-80.6043,28.6084,-80.6043
24.99,3082.66,3083.03,-2.17537,-2.18853,0.0263243,28.6084,-80.6043,28.6084,-80.6043
25,3082.64,3082.79,-2.27338,-2.28762,0.0262265,28.6084,-80.6043,28.6083,-80.6043
25.01,3082.62,3082.77,-2.37138,-2.38526,0.0265807,28.6084,-80.6043,28.6083,-80.6043
25.02,3082.59,3082.74,-2.46938,-2.48355,0.0273166,28.6084,-80.6043,28.6083,-80.6043
25.03,3082.57,3082.72,-2.56736,-2.58284,0.0278034,28.6084,-80.6043,28.6083,-80.6043
25.04,3082.54,3082.69,-2.66533,-2.68073,0.0277592,28.6084,-80.6043,28.6083,-80.6043
25.05,3082.51,3082.66,-2.7633,-2.7791,0.0273362,28.6084,-80.6043,28.6083,-80.6043
25.06,3082.48,3082.63,-2.86125,-2.87548,0.0280177,28.6084,-80.6043,28.6083,-80.6043
25.07,3082.45,3082.6,-2.95919,-2.97352,0.0271012,28.6084,-80.6043,28.6083,-80.6043
25.08,3082.42,3082.57,-3.05713,-3.07159,0.0275983,28.6084,-80.6043,28.6083,-80.6043
25.09,3082.39,3082.54,-3.15505,-3.16952,0.0281163,28.6084,-80.6043,28.6083,-80.6043
25.1,3082.36,3082.35,-3.25295,-3.26891,0.0273385,28.6084,-80.6043,28.6083,-80.6043
25.11,3082.32,3082.31,-3.35085,-3.36754,0.0269106,28.6084,-80.6043,28.6083,-80.6043
25.12,3082.29,3082.28,-3.44874,-3.4637,0.026641,28.6084,-80.6043,28.6083,-80.6043
25.13,3082.25,3082.24,-3.54661,-3.56151,0.0264083,28.6084,-80.6043,28.6083,-80.6043
25.14,3082.22,3082.21,-3.64447,-3.65755,0.0270898,28.6084,-80.6043,28.6083,-80.6043
25.15,3082.18,3082.17,-3.74231,-3.75715,0.0277302,28.6084,-80.6043,28.6083,-80.6043
25.16,3082.14,3082.13,-3.84014,-3.85474,0.0270705,28.6084,-80.6043,28.6083,-80.6043
25.17,3082.1,3082.09,-3.93796,-3.95358,0.0269257,28.6084,-80.6043,28.6083,-80.6043
25.18,3082.06,3082.05,-4.03576,-4.052,0.0279049,28.6084,-80.6043,28.6083,-80.6043
25.19,3082.02,3082.01,-4.13355,-4.148,0.0285503,28.6084,-80.6043,28.6083,-80.6043
25.2,3081.98,3082.39,-4.23132,-4.24622,0.0280232,28.6084,-80.6043,28.6083,-80.6043
25.21,3081.94,3082.34,-4.32908,-4.34311,0.0284472,28.6084,-80.6043,28.6083,-80.6043
25.22,3081.89,3082.3,-4.42682,-4.43981,0.028835,28.6084,-80.6043,28.6083,-80.6043
25.23,3081.85,3082.25,-4.52454,-4.53769,0.0283447,28.6084,-80.6043,28.6083,-80.6043
25.24,3081.8,3082.21,-4.62225,-4.63559,0.0285282,28.6084,-80.6043,28.6083,-80.6043
25.25,3081.75,3082.16,-4.71994,-4.73382,0.0290642,28.6084,-80.6043,28.6083,-80.6043
25.26,3081.7,3082.11,-4.81762,-4.83158,0.0293682,28.6084,-80.6043,28.6083,-80.6043
25.27,3081.66,3082.06,-4.91527,-4.92843,0.0300554,28.6084,-80.6043,28.6083,-80.6043
25.28,3081.61,3082.01,-5.01291,-5.0274,0.0292236,28.6084,-80.6043,28.6083,-80.6043
25.29,3081.55,3081.96,-5.11052,-5.12382,0.0282399,28.6084,-80.6043,28.6083,-80.6043
25.3,3081.5,3081.64,-5.20812,-5.22284,0.0284767,28.6084,-80.6043,28.6083,-80.6043
25.31,3081.45,3081.59,-5.3057,-5.32015,0.0292059,28.6084,-80.6043,28.6083,-80.6043
25.32,3081.4,3081.53,-5.40326,-5.41573,0.0295254,28.6084,-80.6043,28.6083,-80.6043
25.33,3081.34,3081.48,-5.5008,-5.51185,0.0304122,28.6084,-80.6043,28.6083,-80.6043
25.34,3081.28,3081.42,-5.59832,-5.60944,0.0298967,28.6084,-80.6043,28.6083,-80.6043
25.35,3081.23,3081.37,-5.69582,-5.70822,0.0292946,28.6084,-80.6043,28.6083,-80.6043
25.36,3081.17,3081.31,-5.7933,-5.80581,0.0300784,28.6084,-80.6043,28.6083,-80.6043
25.37,3081.11,3081.25,-5.89076,-5.90144,0.0294081,28.6084,-80.6043,28.6083,-80.6043
25.38,3081.05,3081.19,-5.98819,-5.99947,0.0288325,28.6084,-80.6043,28.6083,-80.6043
25.39,3080.99,3081.13,-6.0856,-6.09641,0.0297209,28.6084,-80.6043,28.6083,-80.6043
25.4,3080.93,3080.92,-6.18299,-6.19348,0.0294922,28.6084,-80.6043,28.6083,-80.6043
25.41,3080.87,3080.86,-6.28036,-6.29116,0.0286647,28.6084,-80.6043,28.6083,-80.6043
25.42,3080.8,3080.79,-6.3777,-6.38944,0.0284598,28.6084,-80.6043,28.6083,-80.6043
25.43,3080.74,3080.73,-6.47502,-6.48808,0.0275884,28.6084,-80.6043,28.6083,-80.6043
25.44,3080.67,3080.66,-6.57232,-6.58575,0.0272188,28.6084,-80.6043,28.6083,-80.6043
25.45,3080.6,3080.59,-6.66959,-6.68229,0.0281659,28.6084,-80.6043,28.6083,-80.6043
25.46,3080.54,3080.53,-6.76684,-6.77902,0.0282604,28.6084,-80.6043,28.6083,-80.6043
25.47,3080.47,3080.46,-6.86406,-6.87436,0.0278403,28.6084,-80.6043,28.6083,-80.6043
25.48,3080.4,3080.39,-6.96125,-6.97195,0.028665,28.6084,-80.6043,28.6083,-80.6043
25.49,3080.33,3080.32,-7.05842,-7.06803,0.0289525,28.6084,-80.6043,28.6083,-80.6043
25.5,3080.26,3080.04,-7.15557,-7.16681,0.0298951,28.6084,-80.6043,28.6083,-80.6043
25.51,3080.18,3079.97,-7.25269,-7.26547,0.0307524,28.6084,-80.6043,28.6083,-80.6043
25.52,3080.11,3079.89,-7.34978,-7.36344,0.0304256,28.6084,-80.6043,28.6083,-80.6043
25.53,3080.04,3079.82,-7.44684,-7.46194,0.0312201,28.6084,-80.6043,28.6083,-80.6043
25.54,3079.96,3079.74,-7.54388,-7.55985,0.0316581,28.6084,-80.6043,28.6083,-80.6043
25.55,3079.88,3079.66,-7.64088,-7.65773,0.0320648,28.6084,-80.6043,28.6083,-80.6043
25.56,3079.81,3079.59,-7.73786,-7.75291,0.031803,28.6084,-80.6043,28.6083,-80.6043
25.57,3079.73,3079.51,-7.83482,-7.84799,0.0314966,28.6084,-80.6043,28.6083,-80.6043
25.58,3079.65,3079.43,-7.93174,-7.94475,0.030564,28.6084,-80.6043,28.6083,-80.6043
25.59,3079.57,3079.35,-8.02863,-8.04063,0.0312733,28.6084,-80.6043,28.6083,-80.6043
25.6,3079.49,3079.84,-8.12549,-8.13663,0.0317255,28.6084,-80.6043,28.6083,-80.6043
25.61,3079.4,3079.76,-8.22233,-8.23353,0.0321156,28.6084,-80.6043,28.6083,-80.6043
25.62,3079.32,3079.68,-8.31913,-8.32923,0.0324459,28.6084,-80.6043,28.6083,-80.6043
25.63,3079.24,3079.59,-8.4159,-8.42557,0.03254,28.6084,-80.6043,28.6083,-80.6043
25.64,3079.15,3079.51,-8.51264,-8.52308,0.0329395,28.6084,-80.6043,28.6083,-80.6043
25.65,3079.07,3079.42,-8.60935,-8.61971,0.0327867,28.6084,-80.6043,28.6083,-80.6043
25.66,3078.98,3079.33,-8.70603,-8.71566,0.0326807,28.6084,-80.6043,28.6083,-80.6043
25.67,3078.89,3079.25,-8.80268,-8.81149,0.0317219,28.6084,-80.6043,28.6083,-80.6043
25.68,3078.8,3079.16,-8.89929,-8.90775,0.0319226,28.6084,-80.6043,28.6083,-80.6043
25.69,3078.71,3079.07,-8.99587,-9.00513,0.0315363,28.6084,-80.6043,28.6083,-80.6043
25.7,3078.62,3078.78,-9.09242,-9.10014,0.0305456,28.6084,-80.6043,28.6083,-80.6043
25.71,3078.53,3078.69,-9.18893,-9.19763,0.0314938,28.6084,-80.6043,28.6083,-80.6043
25.72,3078.44,3078.6,-9.28541,-9.2937,0.0320776,28.6084,-80.6043,28.6083,-80.6043
25.73,3078.34,3078.5,-9.38186,-9.39211,0.0317883,28.6084,-80.6043,28.6083,-80.6043
25.74,3078.25,3078.41,-9.47827,-9.48794,0.0322367,28.6084,-80.6043,28.6083,-80.6043
25.75,3078.15,3078.31,-9.57464,-9.58599,0.0314993,28.6084,-80.6043,28.6083,-80.6043
25.76,3078.06,3078.22,-9.67099,-9.68038,0.0320523,28.6084,-80.6043,28.6083,-80.6043
25.77,3077.96,3078.12,-9.76729,-9.77506,0.0323583,28.6084,-80.6043,28.6083,-80.6043
25.78,3077.86,3078.02,-9.86356,-9.87179,0.0322645,28.6084,-80.6043,28.6083,-80.6043
25.79,3077.76,3077.92,-9.95979,-9.96618,0.0314319,28.6084,-80.6043,28.6083,-80.6043
25.8,3077.66,3077.64,-10.056,-10.0605,0.031203,28.6084,-80.6043,28.6083,-80.6043
25.81,3077.56,3077.54,-10.1521,-10.1556,0.0303803,28.6084,-80.6043,28.6083,-80.6043
25.82,3077.46,3077.44,-10.2483,-10.2505,0.0293928,28.6084,-80.6043,28.6083,-80.6043
25.83,3077.35,3077.34,-10.3444,-10.3459,0.028572,28.6084,-80.6043,28.6083,-80.6043
25.84,3077.25,3077.23,-10.4404,-10.4427,0.0287166,28.6084,-80.6043,28.6083,-80.6043
25.85,3077.14,3077.13,-10.5364,-10.5403,0.0288549,28.6084,-80.6043,28.6083,-80.6043
25.86,3077.04,3077.02,-10.6324,-10.635,0.0279916,28.6084,-80.6043,28.6083,-80.6043
25.87,3076.93,3076.91,-10.7283,-10.7322,0.0282248,28.6084,-80.6043,28.6083,-80.6043
25.88,3076.82,3076.8,-10.8242,-10.8298,0.0282794,28.6084,-80.6043,28.6083,-80.6043
25.89,3076.71,3076.69,-10.9201,-10.9266,0.0288802,28.6084,-80.6043,28.6083,-80.6043
25.9,3076.6,3076.6,-11.0159,-11.022,0.028669,28.6084,-80.6043,28.6083,-80.6043
25.91,3076.49,3076.49,-11.1116,-11.1166,0.0282699,28.6084,-80.6043,28.6083,-80.6043
25.92,3076.38,3076.38,-11.2074,-11.2126,0.0288084,28.6084,-80.6043,28.6083,-80.6043
25.93,3076.26,3076.26,-11.3031,-11.3072,0.0286147,28.6084,-80.6043,28.6083,-80.6043
25.94,3076.15,3076.15,-11.3987,-11.4015,0.0290647,28.6084,-80.6043,28.6083,-80.6043
25.95,3076.04,3076.03,-11.4943,-11.4959,0.0293059,28.6084,-80.6043,28.6083,-80.6043
25.96,3075.92,3075.92,-11.5899,-11.5929,0.0300606,28.6084,-80.6043,28.6083,-80.6043
25.97,3075.8,3075.8,-11.6854,-11.6888,0.0293599,28.6084,-80.6043,28.6083,-80.6043
25.98,3075.69,3075.68,-11.7809,-11.784,0.0293568,28.6084,-80.6043,28.6083,-80.6043
25.99,3075.57,3075.57,-11.8763,-11.8796,0.028634,28.6084,-80.6043,28.6083,-80.6043
26,3075.45,3075.44,-11.9717,-11.9746,0.0276979,28.6084,-80.6043,28.6084,-80.6044
26.01,3075.33,3075.31,-12.0671,-12.0681,0.0271057,28.6084,-80.6043,28.6084,-80.6044
26.02,3075.2,3075.19,-12.1624,-12.162,0.027181,28.6084,-80.6043,28.6084,-80.6044
26.03,3075.08,3075.07,-12.2576,-12.2579,0.0266558,28.6084,-80.6043,28.6084,-80.6044
26.04,3074.96,3074.95,-12.3528,-12.3539,0.0271063,28.6084,-80.6043,28.6084,-80.6044
26.05,3074.83,3074.82,-12.448,-12.4489,0.0276406,28.6084,-80.6043,28.6084,-80.6044
26.06,3074.71,3074.7,-12.5431,-12.544,0.0272235,28.6084,-80.6043,28.6084,-80.6044
26.07,3074.58,3074.57,-12.6382,-12.6404,0.0269183,28.6084,-80.6043,28.6084,-80.6044
26.08,3074.45,3074.44,-12.7332,-12.7374,0.0278362,28.6084,-80.6043,28.6084,-80.6044
26.09,3074.33,3074.31,-12.8282,-12.8305,0.0271559,28.6084,-80.6043,28.6084,-80.6044
26.1,3074.2,3074.46,-12.9232,-12.9241,0.0269096,28.6084,-80.6043,28.6084,-80.6044
26.11,3074.07,3074.33,-13.0181,-13.0198,0.0276602,28.6084,-80.6043,28.6084,-80.6044
26.12,3073.94,3074.2,-13.1129,-13.1135,0.0277426,28.6084,-80.6043,28.6084,-80.6044
26.13,3073.8,3074.07,-13.2077,-13.2084,0.0283512,28.6084,-80.6043,28.6084,-80.6044
26.14,3073.67,3073.93,-13.3025,-13.3032,0.0276094,28.6084,-80.6043,28.6084,-80.6044
26.15,3073.54,3073.8,-13.3972,-13.3998,0.0267783,28.6084,-80.6043,28.6084,-80.6044
26.16,3073.4,3073.67,-13.4918,-13.493,0.027257,28.6084,-80.6043,28.6084,-80.6044
26.17,3073.27,3073.53,-13.5864,-13.5859,0.0270651,28.6084,-80.6043,28.6084,-80.6044
26.18,3073.13,3073.39,-13.681,-13.6822,0.0263948,28.6084,-80.6043,28.6084,-80.6044
26.19,3072.99,3073.25,-13.7755,-13.7758,0.027004,28.6084,-80.6043,28.6084,-80.6044
26.2,3072.85,3073.11,-13.8699,-13.8694,0.0269981,28.6084,-80.6043,28.6084,-80.6044
26.21,3072.71,3072.97,-13.9643,-13.9646,0.0273329,28.6084,-80.6043,28.6084,-80.6044
26.22,3072.57,3072.83,-14.0587,-14.0584,0.0263541,28.6084,-80.6043,28.6084,-80.6044
26.23,3072.43,3072.69,-14.153,-14.1522,0.026583,28.6084,-80.6043,28.6084,-80.6044
26.24,3072.29,3072.55,-14.2473,-14.2478,0.0265082,28.6084,-80.6043,28.6084,-80.6044
26.25,3072.14,3072.41,-14.3415,-14.34,0.0264683,28.6084,-80.6043,28.6084,-80.6044
26.26,3072,3072.26,-14.4356,-14.4327,0.0272014,28.6084,-80.6043,28.6084,-80.6044
26.27,3071.86,3072.12,-14.5297,-14.5278,0.0270143,28.6084,-80.6043,28.6084,-80.6044
26.28,3071.71,3071.97,-14.6238,-14.6225,0.0261276,28.6084,-80.6043,28.6084,-80.6044
26.29,3071.56,3071.82,-14.7178,-14.7148,0.026055,28.6084,-80.6043,28.6084,-80.6044
26.3,3071.41,3072.27,-14.8117,-14.8105,0.0270458,28.6084,-80.6043,28.6084,-80.6044
26.31,3071.26,3072.12,-14.9056,-14.9051,0.0278915,28.6084,-80.6043,28.6084,-80.6044
26.32,3071.11,3071.97,-14.9994,-14.998,0.0286585,28.6084,-80.6043,28.6084,-80.6044
26.33,3070.96,3071.82,-15.0932,-15.0934,0.0285868,28.6084,-80.6043,28.6084,-80.6044
26.34,3070.81,3071.67,-15.1869,-15.1864,0.0291676,28.6084,-80.6043,28.6084,-80.6044
26.35,3070.66,3071.52,-15.2806,-15.2782,0.0301418,28.6084,-80.6043,28.6084,-80.6044
26.36,3070.51,3071.36,-15.3742,-15.3707,0.030399,28.6084,-80.6043,28.6084,-80.6044
26.37,3070.35,3071.21,-15.4678,-15.4637,0.0309894,28.6084,-80.6043,28.6084,-80.6044
26.38,3070.2,3071.05,-15.5613,-15.5582,0.0304852,28.6084,-80.6043,28.6084,-80.6044
26.39,3070.04,3070.9,-15.6547,-15.6498,0.0309203,28.6084,-80.6043,28.6084,-80.6044
26.4,3069.88,3071.1,-15.7481,-15.7442,0.0308118,28.6084,-80.6043,28.6084,-80.6044
26.41,3069.72,3070.94,-15.8414,-15.8372,0.0312079,28.6084,-80.6043,28.6084,-80.6044
26.42,3069.56,3070.78,-15.9347,-15.9285,0.0310887,28.6084,-80.6043,28.6084,-80.6044
26.43,3069.4,3070.62,-16.028,-16.0207,0.0318891,28.6084,-80.6043,28.6084,-80.6044
26.44,3069.24,3070.46,-16.1211,-16.1123,0.0325281,28.6084,-80.6043,28.6084,-80.6044
26.45,3069.08,3070.3,-16.2142,-16.2038,0.0319965,28.6084,-80.6043,28.6084,-80.6044
26.46,3068.92,3070.13,-16.3073,-16.2964,0.0326334,28.6084,-80.6043,28.6084,-80.6044
26.47,3068.75,3069.97,-16.4003,-16.3875,0.0326477,28.6084,-80.6043,28.6084,-80.6044
26.48,3068.59,3069.8,-16.4932,-16.4788,0.0325128,28.6084,-80.6043,28.6084,-80.6044
26.49,3068.42,3069.64,-16.5861,-16.5729,0.0329059,28.6084,-80.6043,28.6084,-80.6044
26.5,3068.25,3069.1,-16.6789,-16.6661,0.0322705,28.6084,-80.6043,28.6084,-80.6044
26.51,3068.09,3068.94,-16.7716,-16.759,0.0329021,28.6084,-80.6043,28.6084,-80.6044
26.52,3067.92,3068.77,-16.8643,-16.8526,0.0324567,28.6084,-80.6043,28.6084,-80.6044
26.53,3067.75,3068.6,-16.957,-16.9469,0.0319408,28.6084,-80.6043,28.6084,-80.6044
26.54,3067.58,3068.43,-17.0496,-17.0375,0.0315467,28.6084,-80.6043,28.6084,-80.6044
26.55,3067.41,3068.26,-17.1421,-17.1293,0.0317019,28.6084,-80.6043,28.6084,-80.6044
26.56,3067.23,3068.08,-17.2345,-17.2221,0.0314736,28.6084,-80.6043,28.6084,-80.6044
26.57,3067.06,3067.91,-17.3269,-17.3142,0.0321718,28.6084,-80.6043,28.6084,-80.6044
26.58,3066.89,3067.74,-17.4192,-17.408,0.032106,28.6084,-80.6043,28.6084,-80.6044
26.59,3066.71,3067.56,-17.5115,-17.4993,0.033026,28.6084,-80.6043,28.6084,-80.6044
26.6,3066.54,3066.98,-17.6037,-17.592,0.0340008,28.6084,-80.6043,28.6084,-80.6044
26.61,3066.36,3066.8,-17.6959,-17.6838,0.0349125,28.6084,-80.6043,28.6084,-80.6044
26.62,3066.18,3066.62,-17.788,-17.7776,0.0340872,28.6084,-80.6043,28.6084,-80.6044
26.63,3066,3066.44,-17.88,-17.87,0.0336591,28.6084,-80.6043,28.6084,-80.6044
26.64,3065.82,3066.27,-17.9719,-17.9608,0.0342235,28.6084,-80.6043,28.6084,-80.6044
26.65,3065.64,3066.08,-18.0638,-18.0529,0.0337535,28.6084,-80.6043,28.6084,-80.6044
26.66,3065.46,3065.9,-18.1557,-18.1435,0.0333217,28.6084,-80.6043,28.6084,-80.6044
26.67,3065.28,3065.72,-18.2474,-18.2351,0.0324854,28.6084,-80.6043,28.6084,-80.6044
26.68,3065.09,3065.54,-18.3391,-18.3274,0.0330522,28.6084,-80.6043,28.6084,-80.6044
26.69,3064.91,3065.35,-18.4308,-18.4207,0.0333537,28.6084,-80.6043,28.6084,-80.6044
26.7,3064.73,3064.97,-18.5223,-18.5124,0.0336624,28.6084,-80.6043,28.6084,-80.6044
26.71,3064.54,3064.78,-18.6138,-18.6057,0.0331048,28.6084,-80.6043,28.6084,-80.6044
26.72,3064.35,3064.6,-18.7053,-18.6955,0.0340997,28.6084,-80.6043,28.6084,-80.6044
26.73,3064.16,3064.41,-18.7966,-18.7861,0.0344234,28.6084,-80.6043,28.6084,-80.6044
26.74,3063.98,3064.22,-18.888,-18.8756,0.0335254,28.6084,-80.6043,28.6084,-80.6044
26.75,3063.79,3064.03,-18.9792,-18.9662,0.0336075,28.6084,-80.6043,28.6084,-80.6044
26.76,3063.59,3063.84,-19.0704,-19.0585,0.0338179,28.6084,-80.6043,28.6084,-80.6044
26.77,3063.4,3063.65,-19.1615,-19.1491,0.0334568,28.6084,-80.6043,28.6084,-80.6044
26.78,3063.21,3063.45,-19.2525,-19.2381,0.0342924,28.6084,-80.6043,28.6084,-80.6044
26.79,3063.02,3063.26,-19.3435,-19.3307,0.0348439,28.6084,-80.6043,28.6084,-80.6044
26.8,3062.82,3063.57,-19.4344,-19.422,0.0345807,28.6084,-80.6043,28.6084,-80.6044
26.81,3062.63,3063.38,-19.5253,-19.5126,0.0354003,28.6084,-80.6043,28.6084,-80.6044
26.82,3062.43,3063.18,-19.616,-19.6027,0.0344361,28.6084,-80.6043,28.6084,-80.6044
26.83,3062.23,3062.98,-19.7067,-19.6926,0.0349139,28.6084,-80.6043,28.6084,-80.6044
26.84,3062.04,3062.79,-19.7974,-19.7826,0.0342425,28.6084,-80.6043,28.6084,-80.6044
26.85,3061.84,3062.59,-19.8879,-19.8736,0.0346988,28.6084,-80.6043,28.6084,-80.6044
26.86,3061.64,3062.39,-19.9784,-19.966,0.0349277,28.6084,-80.6043,28.6084,-80.6044
26.87,3061.44,3062.19,-20.0688,-20.0559,0.033965,28.6084,-80.6043,28.6084,-80.6044
26.88,3061.24,3061.98,-20.1592,-20.147,0.0335624,28.6084,-80.6043,28.6084,-80.6044
26.89,3061.03,3061.78,-20.2495,-20.2354,0.0332698,28.6084,-80.6043,28.6084,-80.6044
26.9,3060.83,3061.85,-20.3397,-20.3238,0.0333042,28.6084,-80.6043,28.6084,-80.6044
26.91,3060.63,3061.65,-20.4298,-20.4136,0.0326022,28.6084,-80.6043,28.6084,-80.6044
26.92,3060.42,3061.45,-20.5199,-20.5021,0.0326956,28.6084,-80.6043,28.6084,-80.6044
26.93,3060.21,3061.24,-20.6099,-20.5938,0.0317131,28.6084,-80.6043,28.6084,-80.6044
26.94,3060.01,3061.03,-20.6999,-20.6844,0.0316188,28.6084,-80.6043,28.6084,-80.6044
26.95,3059.8,3060.82,-20.7897,-20.7748,0.0324243,28.6084,-80.6043,28.6084,-80.6044
26.96,3059.59,3060.62,-20.8795,-20.8661,0.0319982,28.6084,-80.6043,28.6084,-80.6044
26.97,3059.38,3060.41,-20.9692,-20.9555,0.03128,28.6084,-80.6043,28.6084,-80.6044
26.98,3059.17,3060.2,-21.0589,-21.0433,0.0308876,28.6084,-80.6043,28.6084,-80.6044
26.99,3058.96,3059.98,-21.1484,-21.1316,0.0301764,28.6084,-80.6043,28.6084,-80.6044
27,3058.75,3059.91,-21.2379,-21.2203,0.0302519,28.6084,-80.6043,28.6084,-80.6043
27.01,3058.53,3059.7,-21.3274,-21.3111,0.029601,28.6084,-80.6043,28.6084,-80.6043
27.02,3058.32,3059.48,-21.4167,-21.4018,0.0305369,28.6084,-80.6043,28.6084,-80.6043
27.03,3058.1,3059.27,-21.506,-21.4914,0.0308919,28.6084,-80.6043,28.6084,-80.6043
27.04,3057.89,3059.05,-21.5952,-21.5804,0.0318408,28.6084,-80.6043,28.6084,-80.6043
27.05,3057.67,3058.84,-21.6843,-21.6682,0.0317591,28.6084,-80.6043,28.6084,-80.6043
27.06,3057.45,3058.62,-21.7734,-21.7572,0.0325458,28.6084,-80.6043,28.6084,-80.6043
27.07,3057.23,3058.4,-21.8624,-21.8463,0.033233,28.6084,-80.6043,28.6084,-80.6043
27.08,3057.01,3058.18,-21.9513,-21.9358,0.0339231,28.6084,-80.6043,28.6084,-80.6043
27.09,3056.79,3057.96,-22.0401,-22.0236,0.0338614,28.6084,-80.6043,28.6084,-80.6043
27.1,3056.57,3057.63,-22.1289,-22.1139,0.033484,28.6084,-80.6043,28.6084,-80.6043
27.11,3056.35,3057.41,-22.2175,-22.2021,0.0337143,28.6084,-80.6043,28.6084,-80.6043
27.12,3056.13,3057.19,-22.3061,-22.291,0.0332271,28.6084,-80.6043,28.6084,-80.6043
27.13,3055.9,3056.96,-22.3947,-22.3803,0.034142,28.6084,-80.6043,28.6084,-80.6043
27.14,3055.68,3056.74,-22.4831,-22.4691,0.0343892,28.6084,-80.6043,28.6084,-80.6043
27.15,3055.45,3056.51,-22.5715,-22.5589,0.0346018,28.6084,-80.6043,28.6084,-80.6043
27.16,3055.23,3056.28,-22.6598,-22.6483,0.0348124,28.6084,-80.6043,28.6084,-80.6043
27.17,3055,3056.06,-22.748,-22.7354,0.0342238,28.6084,-80.6043,28.6084,-80.6043
27.18,3054.77,3055.83,-22.8362,-22.8255,0.0341122,28.6084,-80.6043,28.6084,-80.6043
27.19,3054.54,3055.6,-22.9242,-22.9125,0.0331141,28.6084,-80.6043,28.6084,-80.6043
27.2,3054.31,3055.08,-23.0122,-23.0014,0.0325515,28.6084,-80.6043,28.6084,-80.6043
27.21,3054.08,3054.85,-23.1001,-23.0892,0.0329246,28.6084,-80.6043,28.6084,-80.6043
27.22,3053.85,3054.62,-23.1879,-23.1776,0.0329451,28.6084,-80.6043,28.6084,-80.6043
27.23,3053.62,3054.38,-23.2757,-23.2652,0.0321693,28.6084,-80.6043,28.6084,-80.6043
27.24,3053.38,3054.15,-23.3634,-23.351,0.0324964,28.6084,-80.6043,28.6084,-80.6043
27.25,3053.15,3053.92,-23.451,-23.4389,0.0326755,28.6084,-80.6043,28.6084,-80.6043
27.26,3052.91,3053.68,-23.5385,-23.5253,0.0317525,28.6084,-80.6043,28.6084,-80.6043
27.27,3052.68,3053.45,-23.6259,-23.6147,0.0308166,28.6084,-80.6043,28.6084,-80.6043
27.28,3052.44,3053.21,-23.7133,-23.7026,0.0317499,28.6084,-80.6043,28.6084,-80.6043
27.29,3052.2,3052.97,-23.8006,-23.7901,0.0326984,28.6084,-80.6043,28.6084,-80.6043
27.3,3051.96,3052.53,-23.8878,-23.8789,0.0318191,28.6084,-80.6043,28.6084,-80.6043
27.31,3051.72,3052.29,-23.9749,-23.9672,0.0324731,28.6084,-80.6043,28.6084,-80.6043
27.32,3051.48,3052.05,-24.0619,-24.0545,0.0329341,28.6084,-80.6043,28.6084,-80.6043
27.33,3051.24,3051.81,-24.1489,-24.1424,0.0322887,28.6084,-80.6043,28.6084,-80.6043
27.34,3051,3051.57,-24.2357,-24.2283,0.0323725,28.6084,-80.6043,28.6084,-80.6043
27.35,3050.75,3051.32,-24.3225,-24.3156,0.0318798,28.6084,-80.6043,28.6084,-80.6043
27.36,3050.51,3051.08,-24.4092,-24.4014,0.0310448,28.6084,-80.6043,28.6084,-80.6043
27.37,3050.27,3050.83,-24.4959,-24.4876,0.0304773,28.6084,-80.6043,28.6084,-80.6043
27.38,3050.02,3050.59,-24.5824,-24.5737,0.0309402,28.6084,-80.6043,28.6084,-80.6043
27.39,3049.77,3050.34,-24.6689,-24.6614,0.0304956,28.6084,-80.6043,28.6084,-80.6043
27.4,3049.53,3050.46,-24.7553,-24.7491,0.0310661,28.6084,-80.6043,28.6084,-80.6043
27.41,3049.28,3050.21,-24.8416,-24.8372,0.0316549,28.6084,-80.6043,28.6084,-80.6043
27.42,3049.03,3049.96,-24.9278,-24.9251,0.031743,28.6084,-80.6043,28.6084,-80.6043
27.43,3048.78,3049.71,-25.0139,-25.0102,0.0318217,28.6084,-80.6043,28.6084,-80.6043
27.44,3048.53,3049.46,-25.1,-25.0962,0.0325412,28.6084,-80.6043,28.6084,-80.6043
27.45,3048.27,3049.21,-25.1859,-25.1817,0.033002,28.6084,-80.6043,28.6084,-80.6043
27.46,3048.02,3048.96,-25.2718,-25.2674,0.0328553,28.6084,-80.6043,28.6084,-80.6043
27.47,3047.77,3048.71,-25.3576,-25.3546,0.0324437,28.6084,-80.6043,28.6084,-80.6043
27.48,3047.51,3048.45,-25.4434,-25.4395,0.0320948,28.6084,-80.6043,28.6084,-80.6043
27.49,3047.26,3048.2,-25.529,-25.527,0.0315743,28.6084,-80.6043,28.6084,-80.6043
27.5,3047,3047.77,-25.6145,-25.6117,0.031133,28.6084,-80.6043,28.6084,-80.6043
27.51,3046.75,3047.51,-25.7,-25.6954,0.0319303,28.6084,-80.6043,28.6084,-80.6043
27.52,3046.49,3047.25,-25.7854,-25.7821,0.0317666,28.6084,-80.6043,28.6084,-80.6043
27.53,3046.23,3046.99,-25.8707,-25.8669,0.031482,28.6084,-80.6043,28.6084,-80.6043
27.54,3045.97,3046.73,-25.9559,-25.9513,0.0320519,28.6084,-80.6043,28.6084,-80.6043
27.55,3045.71,3046.47,-26.041,-26.0379,0.0325502,28.6084,-80.6043,28.6084,-80.6043
27.56,3045.45,3046.21,-26.126,-26.121,0.0334249,28.6084,-80.6043,28.6084,-80.6043
27.57,3045.19,3045.95,-26.211,-26.2046,0.0334696,28.6084,-80.6043,28.6084,-80.6043
27.58,3044.92,3045.69,-26.2959,-26.2887,0.0332172,28.6084,-80.6043,28.6084,-80.6043
27.59,3044.66,3045.42,-26.3806,-26.3753,0.0333335,28.6084,-80.6043,28.6084,-80.6043
27.6,3044.39,3045.62,-26.4653,-26.4581,0.0338756,28.6084,-80.6043,28.6084,-80.6043
27.61,3044.13,3045.36,-26.5499,-26.5442,0.0347142,28.6084,-80.6043,28.6084,-80.6043
27.62,3043.86,3045.09,-26.6345,-26.6291,0.03391,28.6084,-80.6043,28.6084,-80.6043
27.63,3043.6,3044.82,-26.7189,-26.7145,0.0337937,28.6084,-80.6043,28.6084,-80.6043
27.64,3043.33,3044.55,-26.8032,-26.7995,0.0347263,28.6084,-80.6043,28.6084,-80.6043
27.65,3043.06,3044.29,-26.8875,-26.8829,0.0342932,28.6084,-80.6043,28.6084,-80.6043
27.66,3042.79,3044.02,-26.9717,-26.966,0.0345329,28.6084,-80.6043,28.6084,-80.6043
27.67,3042.52,3043.75,-27.0557,-27.0503,0.0339099,28.6084,-80.6043,28.6084,-80.6043
27.68,3042.25,3043.47,-27.1397,-27.1353,0.0345161,28.6084,-80.6043,28.6084,-80.6043
27.69,3041.97,3043.2,-27.2236,-27.2176,0.0335859,28.6084,-80.6043,28.6084,-80.6043
27.7,3041.7,3042.95,-27.3075,-27.2997,0.033853,28.6084,-80.6043,28.6084,-80.6043
27.71,3041.43,3042.68,-27.3912,-27.3853,0.033789,28.6084,-80.6043,28.6084,-80.6043
27.72,3041.15,3042.4,-27.4748,-27.4688,0.0339525,28.6084,-80.6043,28.6084,-80.6043
27.73,3040.88,3042.12,-27.5584,-27.551,0.0341049,28.6084,-80.6043,28.6084,-80.6043
27.74,3040.6,3041.85,-27.6418,-27.6359,0.0347354,28.6084,-80.6043,28.6084,-80.6043
27.75,3040.32,3041.57,-27.7252,-27.7199,0.0342591,28.6084,-80.6043,28.6084,-80.6043
27.76,3040.05,3041.29,-27.8085,-27.8043,0.0337921,28.6084,-80.6043,28.6084,-80.6043
27.77,3039.77,3041.01,-27.8917,-27.8868,0.0334187,28.6084,-80.6043,28.6084,-80.6043
27.78,3039.49,3040.73,-27.9748,-27.9699,0.0326584,28.6084,-80.6043,28.6084,-80.6043
27.79,3039.21,3040.45,-28.0578,-28.0523,0.0326136,28.6084,-80.6043,28.6084,-80.6043
27.8,3038.92,3040.68,-28.1407,-28.1339,0.0334824,28.6084,-80.6043,28.6084,-80.6043
27.81,3038.64,3040.4,-28.2236,-28.2177,0.033242,28.6084,-80.6043,28.6084,-80.6043
27.82,3038.36,3040.12,-28.3063,-28.3007,0.0336637,28.6084,-80.6043,28.6084,-80.6043
27.83,3038.08,3039.83,-28.389,-28.3846,0.0333053,28.6084,-80.6043,28.6084,-80.6043
27.84,3037.79,3039.55,-28.4715,-28.4662,0.032563,28.6084,-80.6043,28.6084,-80.6043
27.85,3037.51,3039.26,-28.554,-28.5468,0.033081,28.6084,-80.6043,28.6084,-80.6043
27.86,3037.22,3038.98,-28.6364,-28.6312,0.0329257,28.6084,-80.6043,28.6084,-80.6043
27.87,3036.93,3038.69,-28.7187,-28.7143,0.0331135,28.6084,-80.6043,28.6084,-80.6043
27.88,3036.64,3038.4,-28.8009,-28.7974,0.033855,28.6084,-80.6043,28.6084,-80.6043
27.89,3036.36,3038.11,-28.883,-28.8786,0.0330139,28.6084,-80.6043,28.6084,-80.6043
27.9,3036.07,3037.87,-28.965,-28.9617,0.0340053,28.6084,-80.6043,28.6084,-80.6043
27.91,3035.77,3037.58,-29.0469,-29.0445,0.0343527,28.6084,-80.6043,28.6084,-80.6043
27.92,3035.48,3037.28,-29.1287,-29.1259,0.0353443,28.6084,-80.6043,28.6084,-80.6043
27.93,3035.19,3036.99,-29.2105,-29.2064,0.0348624,28.6084,-80.6043,28.6084,-80.6043
27.94,3034.9,3036.7,-29.2921,-29.2882,0.0351315,28.6084,-80.6043,28.6084,-80.6043
27.95,3034.6,3036.41,-29.3737,-29.371,0.0355742,28.6084,-80.6043,28.6084,-80.6043
27.96,3034.31,3036.11,-29.4551,-29.454,0.0357207,28.6084,-80.6043,28.6084,-80.6043
27.97,3034.01,3035.82,-29.5365,-29.5368,0.0363333,28.6084,-80.6043,28.6084,-80.6043
27.98,3033.72,3035.52,-29.6178,-29.617,0.0362905,28.6084,-80.6043,28.6084,-80.6043
27.99,3033.42,3035.22,-29.699,-29.698,0.0370604,28.6084,-80.6043,28.6084,-80.6043
28,3033.12,3034.99,-29.78,-29.7794,0.0366826,28.6084,-80.6043,28.6084,-80.6043
28.01,3032.83,3034.7,-29.861,-29.8588,0.0368939,28.6084,-80.6043,28.6084,-80.6043
28.02,3032.53,3034.4,-29.9419,-29.9408,0.0362918,28.6084,-80.6043,28.6084,-80.6043
28.03,3032.23,3034.1,-30.0227,-30.0208,0.0357329,28.6084,-80.6043,28.6084,-80.6043
28.04,3031.92,3033.79,-30.1034,-30.1015,0.0350907,28.6084,-80.6043,28.6084,-80.6043
28.05,3031.62,3033.49,-30.1841,-30.1806,0.0342943,28.6084,-80.6043,28.6084,-80.6043
28.06,3031.32,3033.19,-30.2646,-30.2624,0.0346698,28.6084,-80.6043,28.6084,-80.6043
28.07,3031.02,3032.89,-30.345,-30.3434,0.034966,28.6084,-80.6043,28.6084,-80.6043
28.08,3030.71,3032.58,-30.4253,-30.4244,0.0350745,28.6084,-80.6043,28.6084,-80.6043
28.09,3030.41,3032.28,-30.5056,-30.5052,0.0349102,28.6084,-80.6043,28.6084,-80.6043
28.1,3030.1,3032.41,-30.5857,-30.5868,0.0349646,28.6084,-80.6043,28.6084,-80.6043
28.11,3029.79,3032.11,-30.6658,-30.668,0.0339763,28.6084,-80.6043,28.6084,-80.6043
28.12,3029.49,3031.8,-30.7457,-30.7468,0.0345134,28.6084,-80.6043,28.6084,-80.6043
28.13,3029.18,3031.49,-30.8256,-30.8269,0.0336881,28.6084,-80.6043,28.6084,-80.6043
28.14,3028.87,3031.18,-30.9053,-30.906,0.0332763,28.6084,-80.6043,28.6084,-80.6043
28.15,3028.56,3030.87,-30.985,-30.9849,0.0325896,28.6084,-80.6043,28.6084,-80.6043
28.16,3028.25,3030.56,-31.0646,-31.0648,0.0319284,28.6084,-80.6043,28.6084,-80.6043
28.17,3027.94,3030.25,-31.144,-31.1448,0.0321536,28.6084,-80.6043,28.6084,-80.6043
28.18,3027.63,3029.94,-31.2234,-31.2227,0.0323576,28.6084,-80.6043,28.6084,-80.6043
28.19,3027.31,3029.62,-31.3027,-31.3035,0.031443,28.6084,-80.6043,28.6084,-80.6043
28.2,3027,3029.74,-31.3819,-31.3827,0.0308592,28.6084,-80.6043,28.6084,-80.6043
28.21,3026.68,3029.43,-31.461,-31.463,0.0309971,28.6084,-80.6043,28.6084,-80.6043
28.22,3026.37,3029.11,-31.54,-31.5405,0.0310097,28.6084,-80.6043,28.6084,-80.6043
28.23,3026.05,3028.8,-31.6189,-31.6209,0.0304797,28.6084,-80.6043,28.6084,-80.6043
28.24,3025.74,3028.48,-31.6977,-31.698,0.0299811,28.6084,-80.6043,28.6084,-80.6043
28.25,3025.42,3028.16,-31.7764,-31.7756,0.0292777,28.6084,-80.6043,28.6084,-80.6043
28.26,3025.1,3027.84,-31.855,-31.8557,0.0298138,28.6084,-80.6043,28.6084,-80.6043
28.27,3024.78,3027.52,-31.9335,-31.9325,0.0306194,28.6084,-80.6043,28.6084,-80.6043
28.28,3024.46,3027.2,-32.0119,-32.0121,0.0296433,28.6084,-80.6043,28.6084,-80.6043
28.29,3024.14,3026.88,-32.0902,-32.0901,0.0296452,28.6084,-80.6043,28.6084,-80.6043
28.3,3023.82,3026.26,-32.1684,-32.1675,0.0300954,28.6084,-80.6043,28.6084,-80.6043
28.31,3023.5,3025.93,-32.2465,-32.244,0.0293085,28.6084,-80.6043,28.6084,-80.6043
28.32,3023.17,3025.61,-32.3245,-32.3219,0.0297848,28.6084,-80.6043,28.6084,-80.6043
28.33,3022.85,3025.29,-32.4025,-32.399,0.0300518,28.6084,-80.6043,28.6084,-80.6043
28.34,3022.52,3024.96,-32.4803,-32.4757,0.0294613,28.6084,-80.6043,28.6084,-80.6043
28.35,3022.2,3024.64,-32.558,-32.552,0.030458,28.6084,-80.6043,28.6084,-80.6043
28.36,3021.87,3024.31,-32.6356,-32.6301,0.030279,28.6084,-80.6043,28.6084,-80.6043
28.37,3021.54,3023.98,-32.7132,-32.7062,0.0310691,28.6084,-80.6043,28.6084,-80.6043
28.38,3021.22,3023.66,-32.7906,-32.7835,0.0302668,28.6084,-80.6043,28.6084,-80.6043
28.39,3020.89,3023.33,-32.8679,-32.8595,0.0308356,28.6084,-80.6043,28.6084,-80.6043
28.4,3020.56,3023.42,-32.9452,-32.9353,0.0317706,28.6084,-80.6043,28.6084,-80.6043
28.41,3020.23,3023.09,-33.0223,-33.0108,0.0325548,28.6084,-80.6043,28.6084,-80.6043
28.42,3019.9,3022.76,-33.0993,-33.0865,0.0332267,28.6084,-80.6043,28.6084,-80.6043
28.43,3019.57,3022.43,-33.1762,-33.1618,0.0330067,28.6084,-80.6043,28.6084,-80.6043
28.44,3019.23,3022.1,-33.2531,-33.2393,0.0332246,28.6084,-80.6043,28.6084,-80.6043
28.45,3018.9,3021.76,-33.3298,-33.3176,0.0327276,28.6084,-80.6043,28.6084,-80.6043
28.46,3018.57,3021.43,-33.4064,-33.3943,0.0321708,28.6084,-80.6043,28.6084,-80.6043
28.47,3018.23,3021.1,-33.483,-33.4697,0.0316138,28.6084,-80.6043,28.6084,-80.6043
28.48,3017.89,3020.76,-33.5594,-33.5444,0.0314381,28.6084,-80.6043,28.6084,-80.6043
28.49,3017.56,3020.42,-33.6358,-33.6228,0.030708,28.6084,-80.6043,28.6084,-80.6043
28.5,3017.22,3020.23,-33.712,-33.7,0.0297094,28.6084,-80.6043,28.6084,-80.6043
28.51,3016.88,3019.89,-33.7881,-33.776,0.0304385,28.6084,-80.6043,28.6084,-80.6043
28.52,3016.54,3019.55,-33.8642,-33.8524,0.0298344,28.6084,-80.6043,28.6084,-80.6043
28.53,3016.21,3019.21,-33.9401,-33.9265,0.0293103,28.6084,-80.6043,28.6084,-80.6043
28.54,3015.87,3018.87,-34.0159,-34.0004,0.0299593,28.6084,-80.6043,28.6084,-80.6043
28.55,3015.52,3018.53,-34.0917,-34.0773,0.0307614,28.6084,-80.6043,28.6084,-80.6043
28.56,3015.18,3018.19,-34.1673,-34.1531,0.0299564,28.6084,-80.6043,28.6084,-80.6043
28.57,3014.84,3017.85,-34.2428,-34.2277,0.0295356,28.6084,-80.6043,28.6084,-80.6043
28.58,3014.5,3017.51,-34.3183,-34.3052,0.0287607,28.6084,-80.6043,28.6084,-80.6043
28.59,3014.15,3017.16,-34.3936,-34.38,0.0289816,28.6084,-80.6043,28.6084,-80.6043
28.6,3013.81,3016.99,-34.4688,-34.4563,0.0297377,28.6084,-80.6043,28.6084,-80.6043
28.61,3013.46,3016.64,-34.5439,-34.5331,0.0300512,28.6084,-80.6043,28.6084,-80.6043
28.62,3013.12,3016.3,-34.619,-34.6088,0.02981,28.6084,-80.6043,28.6084,-80.6043
28.63,3012.77,3015.95,-34.6939,-34.6855,0.0294452,28.6084,-80.6043,28.6084,-80.6043
28.64,3012.42,3015.6,-34.7687,-34.7602,0.0290904,28.6084,-80.6043,28.6084,-80.6043
28.65,3012.07,3015.25,-34.8435,-34.8357,0.0281665,28.6084,-80.6043,28.6084,-80.6043
28.66,3011.72,3014.91,-34.9181,-34.9084,0.0275322,28.6084,-80.6043,28.6084,-80.6043
28.67,3011.37,3014.56,-34.9926,-34.9831,0.0269018,28.6084,-80.6043,28.6084,-80.6043
28.68,3011.02,3014.21,-35.067,-35.0589,0.0272912,28.6084,-80.6043,28.6084,-80.6043
28.69,3010.67,3013.85,-35.1413,-35.1345,0.0282329,28.6084,-80.6043,28.6084,-80.6043
28.7,3010.32,3013.45,-35.2155,-35.2072,0.0273692,28.6084,-80.6043,28.6084,-80.6043
28.71,3009.97,3013.09,-35.2897,-35.2816,0.0279507,28.6084,-80.6043,28.6084,-80.6043
28.72,3009.61,3012.74,-35.3637,-35.3547,0.028949,28.6084,-80.6043,28.6084,-80.6043
28.73,3009.26,3012.39,-35.4376,-35.427,0.0286302,28.6084,-80.6043,28.6084,-80.6043
28.74,3008.9,3012.03,-35.5114,-35.5004,0.0278921,28.6084,-80.6043,28.6084,-80.6043
28.75,3008.55,3011.68,-35.5851,-35.5752,0.0282988,28.6084,-80.6043,28.6084,-80.6043
28.76,3008.19,3011.32,-35.6587,-35.6485,0.0290496,28.6084,-80.6043,28.6084,-80.6043
28.77,3007.83,3010.96,-35.7322,-35.7239,0.0299687,28.6084,-80.6043,28.6084,-80.6043
28.78,3007.48,3010.6,-35.8056,-35.7955,0.0296412,28.6084,-80.6043,28.6084,-80.6043
28.79,3007.12,3010.25,-35.8789,-35.8689,0.029175,28.6084,-80.6043,28.6084,-80.6043
28.8,3006.76,3010.39,-35.9521,-35.9415,0.0291987,28.6084,-80.6043,28.6084,-80.6043
28.81,3006.4,3010.03,-36.0252,-36.0156,0.030136,28.6084,-80.6043,28.6084,-80.6043
28.82,3006.04,3009.67,-36.0981,-36.0888,0.0311036,28.6084,-80.6043,28.6084,-80.6043
28.83,3005.68,3009.31,-36.171,-36.161,0.0313148,28.6084,-80.6043,28.6084,-80.6043
28.84,3005.31,3008.95,-36.2438,-36.232,0.0314418,28.6084,-80.6043,28.6084,-80.6043
28.85,3004.95,3008.58,-36.3165,-36.304,0.0312,28.6084,-80.6043,28.6084,-80.6043
28.86,3004.59,3008.22,-36.3891,-36.3763,0.031129,28.6084,-80.6043,28.6084,-80.6043
28.87,3004.22,3007.86,-36.4615,-36.4504,0.0312497,28.6084,-80.6043,28.6084,-80.6043
28.88,3003.86,3007.49,-36.5339,-36.5233,0.0311173,28.6084,-80.6043,28.6084,-80.6043
28.89,3003.49,3007.12,-36.6062,-36.5969,0.0311147,28.6084,-80.6043,28.6084,-80.6043
28.9,3003.12,3007.06,-36.6783,-36.6684,0.0318613,28.6084,-80.6043,28.6084,-80.6043
28.91,3002.76,3006.69,-36.7504,-36.7422,0.0326452,28.6084,-80.6043,28.6084,-80.6043
28.92,3002.39,3006.32,-36.8223,-36.816,0.0325896,28.6084,-80.6043,28.6084,-80.6043
28.93,3002.02,3005.95,-36.8942,-36.8889,0.032614,28.6084,-80.6043,28.6084,-80.6043
28.94,3001.65,3005.59,-36.9659,-36.9597,0.0333796,28.6084,-80.6043,28.6084,-80.6043
28.95,3001.28,3005.21,-37.0376,-37.0333,0.0343651,28.6084,-80.6043,28.6084,-80.6043
28.96,3000.91,3004.84,-37.1091,-37.1039,0.0353507,28.6084,-80.6043,28.6084,-80.6043
28.97,3000.54,3004.47,-37.1805,-37.1756,0.0357588,28.6084,-80.6043,28.6084,-80.6043
28.98,3000.16,3004.1,-37.2519,-37.2463,0.0348325,28.6084,-80.6043,28.6084,-80.6043
28.99,2999.79,3003.73,-37.3231,-37.3169,0.0342718,28.6084,-80.6043,28.6084,-80.6043
29,2999.42,3003.32,-37.3942,-37.3872,0.0333473,28.6084,-80.6043,28.6083,-80.6043
29.01,2999.04,3002.95,-37.4652,-37.4571,0.0326092,28.6084,-80.6043,28.6083,-80.6043
29.02,2998.67,3002.57,-37.5361,-37.528,0.0316923,28.6084,-80.6043,28.6083,-80.6043
29.03,2998.29,3002.19,-37.607,-37.5999,0.0314613,28.6084,-80.6043,28.6083,-80.6043
29.04,2997.91,3001.82,-37.6777,-37.6721,0.0319515,28.6084,-80.6043,28.6083,-80.6043
29.05,2997.54,3001.44,-37.7483,-37.7436,0.031269,28.6084,-80.6043,28.6083,-80.6043
29.06,2997.16,3001.06,-37.8188,-37.8153,0.0312782,28.6084,-80.6043,28.6083,-80.6043
29.07,2996.78,3000.68,-37.8892,-37.885,0.0321909,28.6084,-80.6043,28.6083,-80.6043
29.08,2996.4,3000.3,-37.9594,-37.9557,0.0325811,28.6084,-80.6043,28.6083,-80.6043
29.09,2996.02,2999.92,-38.0296,-38.0241,0.0317965,28.6084,-80.6043,28.6083,-80.6043
29.1,2995.64,2999.17,-38.0997,-38.0934,0.0315571,28.6084,-80.6043,28.6083,-80.6043
29.11,2995.26,2998.79,-38.1697,-38.1621,0.0313913,28.6084,-80.6043,28.6083,-80.6043
29.12,2994.87,2998.4,-38.2395,-38.2321,0.0315186,28.6084,-80.6043,28.6083,-80.6043
29.13,2994.49,2998.02,-38.3093,-38.3034,0.0315351,28.6084,-80.6043,28.6083,-80.6043
29.14,2994.11,2997.64,-38.379,-38.3737,0.0311407,28.6084,-80.6043,28.6083,-80.6043
29.15,2993.72,2997.25,-38.4485,-38.4427,0.031512,28.6084,-80.6043,28.6083,-80.6043
29.16,2993.34,2996.87,-38.518,-38.5107,0.0309199,28.6084,-80.6043,28.6083,-80.6043
29.17,2992.95,2996.48,-38.5873,-38.5813,0.0316943,28.6084,-80.6043,28.6083,-80.6043
29.18,2992.56,2996.1,-38.6566,-38.6508,0.0318569,28.6084,-80.6043,28.6083,-80.6043
29.19,2992.18,2995.71,-38.7257,-38.722,0.0311894,28.6084,-80.6043,28.6083,-80.6043
29.2,2991.79,2995.16,-38.7947,-38.7896,0.030522,28.6084,-80.6043,28.6083,-80.6043
29.21,2991.4,2994.77,-38.8637,-38.8589,0.0311966,28.6084,-80.6043,28.6083,-80.6043
29.22,2991.01,2994.38,-38.9325,-38.9284,0.0316962,28.6084,-80.6043,28.6083,-80.6043
29.23,2990.62,2993.99,-39.0012,-38.997,0.031274,28.6084,-80.6043,28.6083,-80.6043
29.24,2990.23,2993.6,-39.0698,-39.0642,0.0307145,28.6084,-80.6043,28.6083,-80.6043
29.25,2989.84,2993.21,-39.1383,-39.132,0.0310531,28.6084,-80.6043,28.6083,-80.6043
29.26,2989.45,2992.82,-39.2067,-39.2001,0.0302258,28.6084,-80.6043,28.6083,-80.6043
29.27,2989.05,2992.42,-39.275,-39.2699,0.0294816,28.6084,-80.6043,28.6083,-80.6043
29.28,2988.66,2992.03,-39.3432,-39.3392,0.0297776,28.6084,-80.6043,28.6083,-80.6043
29.29,2988.27,2991.64,-39.4113,-39.4074,0.0298112,28.6084,-80.6043,28.6083,-80.6043
29.3,2987.87,2991.12,-39.4793,-39.4762,0.0291274,28.6084,-80.6043,28.6083,-80.6043
29.31,2987.48,2990.72,-39.5471,-39.5447,0.0288371,28.6084,-80.6043,28.6083,-80.6043
29.32,2987.08,2990.33,-39.6149,-39.6134,0.0296617,28.6084,-80.6043,28.6083,-80.6043
29.33,2986.68,2989.93,-39.6826,-39.6793,0.0291761,28.6084,-80.6043,28.6083,-80.6043
29.34,2986.29,2989.53,-39.7501,-39.7486,0.0297639,28.6084,-80.6043,28.6083,-80.6043
29.35,2985.89,2989.14,-39.8176,-39.8163,0.029688,28.6084,-80.6043,28.6083,-80.6043
29.36,2985.49,2988.74,-39.8849,-39.8851,0.0292097,28.6084,-80.6043,28.6083,-80.6043
29.37,2985.09,2988.34,-39.9521,-39.9511,0.0300217,28.6084,-80.6043,28.6083,-80.6043
29.38,2984.69,2987.94,-40.0193,-40.0171,0.0292034,28.6084,-80.6043,28.6083,-80.6043
29.39,2984.29,2987.54,-40.0863,-40.083,0.0282304,28.6084,-80.6043,28.6083,-80.6043
29.4,2983.89,2987.16,-40.1532,-40.1489,0.028096,28.6084,-80.6043,28.6083,-80.6043
29.41,2983.48,2986.76,-40.2201,-40.2154,0.0282412,28.6084,-80.6043,28.6083,-80.6043
29.42,2983.08,2986.35,-40.2868,-40.2813,0.0273621,28.6084,-80.6043,28.6083,-80.6043
29.43,2982.68,2985.95,-40.3534,-40.349,0.0267181,28.6084,-80.6043,28.6083,-80.6043
29.44,2982.27,2985.55,-40.4199,-40.4152,0.0267338,28.6084,-80.6043,28.6083,-80.6043
29.45,2981.87,2985.14,-40.4863,-40.4823,0.0276131,28.6084,-80.6043,28.6083,-80.6043
29.46,2981.46,2984.74,-40.5526,-40.5466,0.027995,28.6084,-80.6043,28.6083,-80.6043
29.47,2981.06,2984.33,-40.6187,-40.614,0.0288176,28.6084,-80.6043,28.6083,-80.6043
29.48,2980.65,2983.92,-40.6848,-40.6796,0.0287107,28.6084,-80.6043,28.6083,-80.6043
29.49,2980.24,2983.52,-40.7508,-40.7436,0.0285527,28.6084,-80.6043,28.6083,-80.6043
29.5,2979.83,2983.49,-40.8166,-40.808,0.0284565,28.6084,-80.6043,28.6083,-80.6043
29.51,2979.43,2983.08,-40.8824,-40.8734,0.0279641,28.6084,-80.6043,28.6083,-80.6043
29.52,2979.02,2982.67,-40.9481,-40.9391,0.0288123,28.6084,-80.6043,28.6083,-80.6043
29.53,2978.61,2982.26,-41.0136,-41.0053,0.0283059,28.6084,-80.6043,28.6083,-80.6043
29.54,2978.2,2981.85,-41.0791,-41.069,0.0275154,28.6084,-80.6043,28.6083,-80.6043
29.55,2977.78,2981.44,-41.1444,-41.1336,0.0275459,28.6084,-80.6043,28.6083,-80.6043
29.56,2977.37,2981.03,-41.2096,-41.197,0.0270504,28.6084,-80.6043,28.6083,-80.6043
29.57,2976.96,2980.62,-41.2747,-41.2633,0.0260735,28.6084,-80.6043,28.6083,-80.6043
29.58,2976.55,2980.2,-41.3398,-41.3284,0.0258714,28.6084,-80.6043,28.6083,-80.6043
29.59,2976.13,2979.79,-41.4047,-41.393,0.0268327,28.6084,-80.6043,28.6083,-80.6043
29.6,2975.72,2979.01,-41.4695,-41.4568,0.0268897,28.6084,-80.6043,28.6083,-80.6043
29.61,2975.3,2978.6,-41.5342,-41.5196,0.0273253,28.6084,-80.6043,28.6083,-80.6043
29.62,2974.89,2978.18,-41.5988,-41.5826,0.0264314,28.6084,-80.6043,28.6083,-80.6043
29.63,2974.47,2977.76,-41.6633,-41.6485,0.0271929,28.6084,-80.6043,28.6083,-80.6043
29.64,2974.05,2977.35,-41.7276,-41.713,0.0262618,28.6084,-80.6043,28.6083,-80.6043
29.65,2973.63,2976.93,-41.7919,-41.7779,0.0253643,28.6084,-80.6043,28.6083,-80.6043
29.66,2973.22,2976.51,-41.8561,-41.8434,0.0255373,28.6084,-80.6043,28.6083,-80.6043
29.67,2972.8,2976.09,-41.9202,-41.9073,0.0247161,28.6084,-80.6043,28.6083,-80.6043
29.68,2972.38,2975.67,-41.9841,-41.9696,0.0252789,28.6084,-80.6043,28.6083,-80.6043
29.69,2971.96,2975.25,-42.048,-42.0353,0.0243506,28.6084,-80.6043,28.6083,-80.6043
29.7,2971.53,2974.8,-42.1117,-42.0992,0.0244351,28.6084,-80.6043,28.6083,-80.6043
29.71,2971.11,2974.38,-42.1754,-42.1609,0.0249614,28.6084,-80.6043,28.6083,-80.6043
29.72,2970.69,2973.96,-42.2389,-42.2225,0.0243337,28.6084,-80.6043,28.6083,-80.6043
29.73,2970.27,2973.54,-42.3023,-42.2872,0.0245082,28.6084,-80.6043,28.6083,-80.6043
29.74,2969.84,2973.11,-42.3657,-42.3519,0.0253024,28.6084,-80.6043,28.6083,-80.6043
29.75,2969.42,2972.69,-42.4289,-42.4167,0.0245955,28.6084,-80.6043,28.6083,-80.6043
29.76,2968.99,2972.26,-42.492,-42.4805,0.0252625,28.6084,-80.6043,28.6083,-80.6043
29.77,2968.57,2971.84,-42.555,-42.5453,0.0250147,28.6084,-80.6043,28.6083,-80.6043
29.78,2968.14,2971.41,-42.6179,-42.6062,0.0258511,28.6084,-80.6043,28.6083,-80.6043
29.79,2967.72,2970.99,-42.6807,-42.6676,0.0249157,28.6084,-80.6043,28.6083,-80.6043
29.8,2967.29,2970.83,-42.7434,-42.7313,0.0257186,28.6084,-80.6043,28.6083,-80.6043
29.81,2966.86,2970.4,-42.806,-42.7951,0.0255906,28.6084,-80.6043,28.6083,-80.6043
29.82,2966.43,2969.97,-42.8684,-42.8584,0.0261276,28.6084,-80.6043,28.6083,-80.6043
29.83,2966,2969.54,-42.9308,-42.9219,0.0257555,28.6084,-80.6043,28.6083,-80.6043
29.84,2965.57,2969.11,-42.9931,-42.983,0.0261124,28.6084,-80.6043,28.6083,-80.6043
29.85,2965.14,2968.68,-43.0552,-43.0437,0.026695,28.6084,-80.6043,28.6083,-80.6043
29.86,2964.71,2968.25,-43.1173,-43.1062,0.0269337,28.6084,-80.6043,28.6083,-80.6043
29.87,2964.28,2967.82,-43.1792,-43.167,0.0270896,28.6084,-80.6043,28.6083,-80.6043
29.88,2963.85,2967.39,-43.2411,-43.2277,0.0268436,28.6084,-80.6043,28.6083,-80.6043
29.89,2963.41,2966.95,-43.3028,-43.2885,0.0272007,28.6084,-80.6043,28.6083,-80.6043
29.9,2962.98,2966.89,-43.3644,-43.3501,0.0279833,28.6084,-80.6043,28.6083,-80.6043
29.91,2962.55,2966.46,-43.426,-43.4136,0.0288409,28.6084,-80.6043,28.6083,-80.6043
29.92,2962.11,2966.02,-43.4874,-43.4755,0.0284892,28.6084,-80.6043,28.6083,-80.6043
29.93,2961.68,2965.59,-43.5487,-43.5355,0.0279448,28.6084,-80.6043,28.6083,-80.6043
29.94,2961.24,2965.15,-43.6099,-43.5973,0.0271405,28.6084,-80.6043,28.6083,-80.6043
29.95,2960.8,2964.71,-43.671,-43.6598,0.0272486,28.6084,-80.6043,28.6083,-80.6043
29.96,2960.37,2964.28,-43.732,-43.7191,0.0273791,28.6084,-80.6043,28.6083,-80.6043
29.97,2959.93,2963.84,-43.7929,-43.7786,0.0277865,28.6084,-80.6043,28.6083,-80.6043
29.98,2959.49,2963.4,-43.8537,-43.8383,0.0270966,28.6084,-80.6043,28.6083,-80.6043
29.99,2959.05,2962.96,-43.9143,-43.8989,0.0270187,28.6084,-80.6043,28.6083,-80.6043
30,2958.61,2962.35,-43.9749,-43.9614,0.0266175,28.6084,-80.6043,28.6084,-80.6043
30.01,2958.17,2961.91,-44.0354,-44.0205,0.0257957,28.6084,-80.6043,28.6084,-80.6043
30.02,2957.73,2961.47,-44.0957,-44.0822,0.0249769,28.6084,-80.6043,28.6084,-80.6043
30.03,2957.29,2961.03,-44.156,-44.1406,0.0241106,28.6084,-80.6043,28.6084,-80.6043
30.04,2956.85,2960.59,-44.2161,-44.2024,0.0236809,28.6084,-80.6043,28.6084,-80.6043
30.05,2956.4,2960.14,-44.2762,-44.2604,0.0236206,28.6084,-80.6043,28.6084,-80.6043
30.06,2955.96,2959.7,-44.3361,-44.3199,0.0243059,28.6084,-80.6043,28.6084,-80.6043
30.07,2955.52,2959.26,-44.396,-44.379,0.0252373,28.6084,-80.6043,28.6084,-80.6043
30.08,2955.07,2958.81,-44.4557,-44.4369,0.025891,28.6084,-80.6043,28.6084,-80.6043
30.09,2954.63,2958.37,-44.5153,-44.4965,0.0266425,28.6084,-80.6043,28.6084,-80.6043
30.1,2954.18,2958.08,-44.5748,-44.5564,0.0263642,28.6084,-80.6043,28.6084,-80.6043
30.11,2953.73,2957.63,-44.6343,-44.6155,0.0263959,28.6084,-80.6043,28.6084,-80.6043
30.12,2953.29,2957.18,-44.6936,-44.6765,0.0266673,28.6084,-80.6043,28.6084,-80.6043
30.13,2952.84,2956.74,-44.7528,-44.7356,0.0264413,28.6084,-80.6043,28.6084,-80.6043
30.14,2952.39,2956.29,-44.8119,-44.7947,0.0257567,28.6084,-80.6043,28.6084,-80.6043
30.15,2951.94,2955.84,-44.8709,-44.8538,0.0265952,28.6084,-80.6043,28.6084,-80.6043
30.16,2951.49,2955.39,-44.9297,-44.9124,0.0274798,28.6084,-80.6043,28.6084,-80.6043
30.17,2951.04,2954.94,-44.9885,-44.9728,0.0278004,28.6084,-80.6043,28.6084,-80.6043
30.18,2950.59,2954.49,-45.0472,-45.0299,0.0271238,28.6084,-80.6043,28.6084,-80.6043
30.19,2950.14,2954.04,-45.1058,-45.0875,0.0264964,28.6084,-80.6043,28.6084,-80.6043
30.2,2949.69,2953.28,-45.1642,-45.1473,0.025941,28.6084,-80.6043,28.6084,-80.6043
30.21,2949.24,2952.83,-45.2226,-45.2045,0.0267809,28.6084,-80.6043,28.6084,-80.6043
30.22,2948.78,2952.37,-45.2809,-45.2617,0.027662,28.6084,-80.6043,28.6084,-80.6043
30.23,2948.33,2951.92,-45.339,-45.3189,0.027224,28.6084,-80.6043,28.6084,-80.6043
30.24,2947.88,2951.47,-45.3971,-45.3756,0.0265017,28.6084,-80.6043,28.6084,-80.6043
30.25,2947.42,2951.01,-45.455,-45.433,0.0262934,28.6084,-80.6043,28.6084,-80.6043
30.26,2946.97,2950.56,-45.5128,-45.4916,0.0256087,28.6084,-80.6043,28.6084,-80.6043
30.27,2946.51,2950.1,-45.5706,-45.5494,0.0265072,28.6084,-80.6043,28.6084,-80.6043
30.28,2946.06,2949.65,-45.6282,-45.6063,0.027248,28.6084,-80.6043,28.6084,-80.6043
30.29,2945.6,2949.19,-45.6857,-45.6641,0.0279329,28.6084,-80.6043,28.6084,-80.6043
30.3,2945.14,2949.28,-45.7432,-45.7221,0.0276472,28.6084,-80.6043,28.6084,-80.6043
30.31,2944.68,2948.83,-45.8005,-45.7798,0.027551,28.6084,-80.6043,28.6084,-80.6043
30.32,2944.22,2948.37,-45.8577,-45.8387,0.0269308,28.6084,-80.6043,28.6084,-80.6043
30.33,2943.77,2947.91,-45.9148,-45.8953,0.027581,28.6084,-80.6043,28.6084,-80.6043
30.34,2943.31,2947.45,-45.9718,-45.9528,0.0281228,28.6084,-80.6043,28.6084,-80.6043
30.35,2942.85,2946.99,-46.0287,-46.0116,0.0274663,28.6084,-80.6043,28.6084,-80.6043
30.36,2942.38,2946.53,-46.0855,-46.0673,0.028401,28.6084,-80.6043,28.6084,-80.6043
30.37,2941.92,2946.07,-46.1422,-46.1222,0.0288239,28.6084,-80.6043,28.6084,-80.6043
30.38,2941.46,2945.6,-46.1988,-46.1779,0.028252,28.6084,-80.6043,28.6084,-80.6043
30.39,2941,2945.14,-46.2552,-46.2343,0.0289578,28.6084,-80.6043,28.6084,-80.6043
30.4,2940.54,2944.47,-46.3116,-46.2893,0.0298051,28.6084,-80.6043,28.6084,-80.6043
30.41,2940.07,2944,-46.3679,-46.3469,0.0296193,28.6084,-80.6043,28.6084,-80.6043
30.42,2939.61,2943.54,-46.4241,-46.4046,0.0300158,28.6084,-80.6043,28.6084,-80.6043
30.43,2939.14,2943.08,-46.4801,-46.4615,0.0301229,28.6084,-80.6043,28.6084,-80.6043
30.44,2938.68,2942.61,-46.5361,-46.5173,0.0303709,28.6084,-80.6043,28.6084,-80.6043
30.45,2938.21,2942.15,-46.5919,-46.5716,0.0312768,28.6084,-80.6043,28.6084,-80.6043
30.46,2937.75,2941.68,-46.6477,-46.6257,0.0310019,28.6084,-80.6043,28.6084,-80.6043
30.47,2937.28,2941.21,-46.7033,-46.6832,0.0302073,28.6084,-80.6043,28.6084,-80.6043
30.48,2936.81,2940.74,-46.7589,-46.7368,0.0309084,28.6084,-80.6043,28.6084,-80.6043
30.49,2936.34,2940.28,-46.8143,-46.7924,0.0314026,28.6084,-80.6043,28.6084,-80.6043
30.5,2935.87,2939.35,-46.8697,-46.8461,0.0317038,28.6084,-80.6043,28.6084,-80.6043
30.51,2935.4,2938.88,-46.9249,-46.9013,0.0318711,28.6084,-80.6043,28.6084,-80.6043
30.52,2934.93,2938.41,-46.98,-46.9575,0.0320298,28.6084,-80.6043,28.6084,-80.6043
30.53,2934.46,2937.94,-47.0351,-47.0113,0.0325444,28.6084,-80.6043,28.6084,-80.6043
30.54,2933.99,2937.47,-47.09,-47.0665,0.0328514,28.6084,-80.6043,28.6084,-80.6043
30.55,2933.52,2937,-47.1448,-47.1206,0.033049,28.6084,-80.6043,28.6084,-80.6043
30.56,2933.05,2936.53,-47.1995,-47.1747,0.032225,28.6084,-80.6043,28.6084,-80.6043
30.57,2932.58,2936.05,-47.2542,-47.2284,0.0319556,28.6084,-80.6043,28.6084,-80.6043
30.58,2932.1,2935.58,-47.3087,-47.2835,0.0314917,28.6084,-80.6043,28.6084,-80.6043
30.59,2931.63,2935.11,-47.3631,-47.3363,0.0324706,28.6084,-80.6043,28.6084,-80.6043
30.6,2931.16,2935.08,-47.4174,-47.3919,0.0331885,28.6084,-80.6043,28.6084,-80.6043
30.61,2930.68,2934.6,-47.4716,-47.4445,0.0339574,28.6084,-80.6043,28.6084,-80.6043
30.62,2930.21,2934.13,-47.5257,-47.5005,0.0339924,28.6084,-80.6043,28.6084,-80.6043
30.63,2929.73,2933.65,-47.5797,-47.5536,0.0339599,28.6084,-80.6043,28.6084,-80.6043
30.64,2929.25,2933.17,-47.6336,-47.6084,0.0342258,28.6084,-80.6043,28.6084,-80.6043
30.65,2928.78,2932.7,-47.6874,-47.6637,0.0347911,28.6084,-80.6043,28.6084,-80.6043
30.66,2928.3,2932.22,-47.7411,-47.7174,0.0352271,28.6084,-80.6043,28.6084,-80.6043
30.67,2927.82,2931.74,-47.7946,-47.7729,0.0343823,28.6084,-80.6043,28.6084,-80.6043
30.68,2927.34,2931.27,-47.8481,-47.8263,0.0349211,28.6084,-80.6043,28.6084,-80.6043
30.69,2926.86,2930.79,-47.9015,-47.8797,0.0342595,28.6084,-80.6043,28.6084,-80.6043
30.7,2926.39,2930.39,-47.9548,-47.9332,0.0334768,28.6084,-80.6043,28.6084,-80.6043
30.71,2925.9,2929.91,-48.008,-47.985,0.0341231,28.6084,-80.6043,28.6084,-80.6043
30.72,2925.42,2929.43,-48.061,-48.0393,0.0349307,28.6084,-80.6043,28.6084,-80.6043
30.73,2924.94,2928.94,-48.114,-48.0939,0.0341458,28.6084,-80.6043,28.6084,-80.6043
30.74,2924.46,2928.46,-48.1669,-48.1452,0.0336856,28.6084,-80.6043,28.6084,-80.6043
30.75,2923.98,2927.98,-48.2197,-48.1961,0.0342767,28.6084,-80.6043,28.6084,-80.6043
30.76,2923.5,2927.5,-48.2723,-48.2475,0.0349786,28.6084,-80.6043,28.6084,-80.6043
30.77,2923.01,2927.02,-48.3249,-48.2989,0.0346359,28.6084,-80.6043,28.6084,-80.6043
30.78,2922.53,2926.53,-48.3774,-48.351,0.0342043,28.6084,-80.6043,28.6084,-80.6043
30.79,2922.05,2926.05,-48.4297,-48.403,0.0336422,28.6084,-80.6043,28.6084,-80.6043
30.8,2921.56,2925.64,-48.482,-48.4556,0.0333939,28.6084,-80.6043,28.6084,-80.6043
30.81,2921.08,2925.15,-48.5341,-48.5068,0.0331699,28.6084,-80.6043,28.6084,-80.6043
30.82,2920.59,2924.67,-48.5862,-48.5577,0.0334744,28.6084,-80.6043,28.6084,-80.6043
30.83,2920.1,2924.18,-48.6381,-48.6111,0.0330837,28.6084,-80.6043,28.6084,-80.6043
30.84,2919.62,2923.69,-48.69,-48.6616,0.0332991,28.6084,-80.6043,28.6084,-80.6043
30.85,2919.13,2923.21,-48.7418,-48.7137,0.0336144,28.6084,-80.6043,28.6084,-80.6043
30.86,2918.64,2922.72,-48.7934,-48.7668,0.0330874,28.6084,-80.6043,28.6084,-80.6043
30.87,2918.15,2922.23,-48.845,-48.8169,0.032187,28.6084,-80.6043,28.6084,-80.6043
30.88,2917.66,2921.74,-48.8964,-48.869,0.0331205,28.6084,-80.6043,28.6084,-80.6043
30.89,2917.17,2921.25,-48.9478,-48.9186,0.0333156,28.6084,-80.6043,28.6084,-80.6043
30.9,2916.68,2920.43,-48.999,-48.9681,0.033793,28.6084,-80.6043,28.6084,-80.6043
30.91,2916.19,2919.94,-49.0501,-49.0196,0.0338712,28.6084,-80.6043,28.6084,-80.6043
30.92,2915.7,2919.45,-49.1012,-49.0697,0.0336114,28.6084,-80.6043,28.6084,-80.6043
30.93,2915.21,2918.96,-49.1521,-49.1194,0.0332729,28.6084,-80.6043,28.6084,-80.6043
30.94,2914.72,2918.47,-49.203,-49.1699,0.0327565,28.6084,-80.6043,28.6084,-80.6043
30.95,2914.23,2917.97,-49.2537,-49.2198,0.0323689,28.6084,-80.6043,28.6084,-80.6043
30.96,2913.73,2917.48,-49.3044,-49.2709,0.0315581,28.6084,-80.6043,28.6084,-80.6043
30.97,2913.24,2916.99,-49.3549,-49.3231,0.0306194,28.6084,-80.6043,28.6084,-80.6043
30.98,2912.75,2916.49,-49.4054,-49.3745,0.0304307,28.6084,-80.6043,28.6084,-80.6043
30.99,2912.25,2916,-49.4557,-49.4234,0.03115,28.6084,-80.6043,28.6084,-80.6043
31,2911.76,2915.86,-49.5059,-49.4724,0.0311695,28.6084,-80.6043,28.6084,-80.6043
31.01,2911.26,2915.36,-49.5561,-49.5245,0.0309074,28.6084,-80.6043,28.6084,-80.6043
31.02,2910.76,2914.87,-49.6061,-49.5726,0.0318689,28.6084,-80.6043,28.6084,-80.6043
31.03,2910.27,2914.37,-49.6561,-49.6234,0.0323434,28.6084,-80.6043,28.6084,-80.6043
31.04,2909.77,2913.87,-49.7059,-49.6737,0.0314495,28.6084,-80.6043,28.6084,-80.6043
31.05,2909.27,2913.38,-49.7556,-49.7243,0.0307035,28.6084,-80.6043,28.6084,-80.6043
31.06,2908.78,2912.88,-49.8053,-49.7743,0.0299027,28.6084,-80.6043,28.6084,-80.6043
31.07,2908.28,2912.38,-49.8548,-49.824,0.0289271,28.6084,-80.6043,28.6084,-80.6043
31.08,2907.78,2911.88,-49.9043,-49.8741,0.0282559,28.6084,-80.6043,28.6084,-80.6043
31.09,2907.28,2911.38,-49.9536,-49.9242,0.0286956,28.6084,-80.6043,28.6084,-80.6043
31.1,2906.78,2910.48,-50.0029,-49.9744,0.0285343,28.6084,-80.6043,28.6084,-80.6043
31.11,2906.28,2909.98,-50.052,-50.0225,0.0291844,28.6084,-80.6043,28.6084,-80.6043
31.12,2905.78,2909.48,-50.1011,-50.0711,0.0289255,28.6084,-80.6043,28.6084,-80.6043
31.13,2905.27,2908.97,-50.15,-50.1195,0.0281502,28.6084,-80.6043,28.6084,-80.6043
31.14,2904.77,2908.47,-50.1989,-50.1689,0.0285491,28.6084,-80.6043,28.6084,-80.6043
31.15,2904.27,2907.97,-50.2476,-50.2177,0.0284124,28.6084,-80.6043,28.6084,-80.6043
31.16,2903.77,2907.47,-50.2963,-50.268,0.0290464,28.6084,-80.6043,28.6084,-80.6043
31.17,2903.26,2906.96,-50.3448,-50.3168,0.0281731,28.6084,-80.6043,28.6084,-80.6043
31.18,2902.76,2906.46,-50.3933,-50.3669,0.0275081,28.6084,-80.6043,28.6084,-80.6043
31.19,2902.26,2905.96,-50.4416,-50.4155,0.0267859,28.6084,-80.6043,28.6084,-80.6043
31.2,2901.75,2905.55,-50.4899,-50.464,0.0269457,28.6084,-80.6043,28.6084,-80.6043
31.21,2901.25,2905.04,-50.538,-50.5119,0.026021,28.6084,-80.6043,28.6084,-80.6043
31.22,2900.74,2904.53,-50.5861,-50.5596,0.0267908,28.6084,-80.6043,28.6084,-80.6043
31.23,2900.23,2904.03,-50.634,-50.6088,0.0275762,28.6084,-80.6043,28.6084,-80.6043
31.24,2899.73,2903.52,-50.6819,-50.6562,0.0274982,28.6084,-80.6043,28.6084,-80.6043
31.25,2899.22,2903.02,-50.7297,-50.7048,0.0272086,28.6084,-80.6043,28.6084,-80.6043
31.26,2898.71,2902.51,-50.7773,-50.7505,0.0264828,28.6084,-80.6043,28.6084,-80.6043
31.27,2898.2,2902,-50.8249,-50.7963,0.0261677,28.6084,-80.6043,28.6084,-80.6043
31.28,2897.69,2901.49,-50.8724,-50.8426,0.025308,28.6084,-80.6043,28.6084,-80.6043
31.29,2897.19,2900.98,-50.9198,-50.8891,0.0252692,28.6084,-80.6043,28.6084,-80.6043
31.3,2896.68,2900.59,-50.967,-50.9362,0.0245698,28.6084,-80.6043,28.6084,-80.6043
31.31,2896.17,2900.08,-51.0142,-50.9831,0.024731,28.6084,-80.6043,28.6084,-80.6043
31.32,2895.65,2899.57,-51.0613,-51.0297,0.0246396,28.6084,-80.6043,28.6084,-80.6043
31.33,2895.14,2899.06,-51.1083,-51.0757,0.0237985,28.6084,-80.6043,28.6084,-80.6043
31.34,2894.63,2898.55,-51.1552,-51.1222,0.0231821,28.6084,-80.6043,28.6084,-80.6043
31.35,2894.12,2898.04,-51.202,-51.1684,0.0224928,28.6084,-80.6043,28.6084,-80.6043
31.36,2893.61,2897.53,-51.2487,-51.2141,0.0228868,28.6084,-80.6043,28.6084,-80.6043
31.37,2893.09,2897.02,-51.2952,-51.2598,0.023127,28.6084,-80.6043,28.6084,-80.6043
31.38,2892.58,2896.5,-51.3417,-51.3047,0.0233718,28.6084,-80.6043,28.6084,-80.6043
31.39,2892.07,2895.99,-51.3882,-51.3522,0.0230918,28.6084,-80.6043,28.6084,-80.6043
31.4,2891.55,2895.41,-51.4345,-51.3968,0.0232518,28.6084,-80.6043,28.6084,-80.6043
31.41,2891.04,2894.9,-51.4807,-51.4436,0.0233273,28.6084,-80.6043,28.6084,-80.6043
31.42,2890.52,2894.38,-51.5268,-51.4891,0.0240327,28.6084,-80.6043,28.6084,-80.6043
31.43,2890.01,2893.87,-51.5728,-51.5346,0.0238189,28.6084,-80.6043,28.6084,-80.6043
31.44,2889.49,2893.35,-51.6187,-51.5812,0.0231376,28.6084,-80.6043,28.6084,-80.6043
31.45,2888.97,2892.84,-51.6645,-51.6269,0.0239305,28.6084,-80.6043,28.6084,-80.6043
31.46,2888.46,2892.32,-51.7103,-51.6725,0.0231785,28.6084,-80.6043,28.6084,-80.6043
31.47,2887.94,2891.8,-51.7559,-51.718,0.0241428,28.6084,-80.6043,28.6084,-80.6043
31.48,2887.42,2891.28,-51.8014,-51.7621,0.0243476,28.6084,-80.6043,28.6084,-80.6043
31.49,2886.9,2890.77,-51.8469,-51.8072,0.0234752,28.6084,-80.6043,28.6084,-80.6043
31.5,2886.38,2889.9,-51.8922,-51.8535,0.0239368,28.6084,-80.6043,28.6084,-80.6043
31.51,2885.86,2889.38,-51.9375,-51.8976,0.0238577,28.6084,-80.6043,28.6084,-80.6043
31.52,2885.35,2888.86,-51.9826,-51.9431,0.0245731,28.6084,-80.6043,28.6084,-80.6043
31.53,2884.82,2888.34,-52.0277,-51.9898,0.0248611,28.6084,-80.6043,28.6084,-80.6043
31.54,2884.3,2887.82,-52.0727,-52.0359,0.0238957,28.6084,-80.6043,28.6084,-80.6043
31.55,2883.78,2887.3,-52.1175,-52.0818,0.0239949,28.6084,-80.6043,28.6084,-80.6043
31.56,2883.26,2886.78,-52.1623,-52.1283,0.0245185,28.6084,-80.6043,28.6084,-80.6043
31.57,2882.74,2886.26,-52.207,-52.174,0.0254016,28.6084,-80.6043,28.6084,-80.6043
31.58,2882.22,2885.73,-52.2516,-52.2192,0.0256358,28.6084,-80.6043,28.6084,-80.6043
31.59,2881.69,2885.21,-52.296,-52.2645,0.025694,28.6084,-80.6043,28.6084,-80.6043
31.6,2881.17,2885.26,-52.3404,-52.3103,0.0250364,28.6084,-80.6043,28.6084,-80.6043
31.61,2880.65,2884.74,-52.3847,-52.3564,0.0254248,28.6084,-80.6043,28.6084,-80.6043
31.62,2880.12,2884.22,-52.4289,-52.4024,0.0247379,28.6084,-80.6043,28.6084,-80.6043
31.63,2879.6,2883.69,-52.4731,-52.4473,0.0249669,28.6084,-80.6043,28.6084,-80.6043
31.64,2879.07,2883.17,-52.5171,-52.4925,0.0250834,28.6084,-80.6043,28.6084,-80.6043
31.65,2878.55,2882.64,-52.561,-52.537,0.0241223,28.6084,-80.6043,28.6084,-80.6043
31.66,2878.02,2882.12,-52.6048,-52.5808,0.0247338,28.6084,-80.6043,28.6084,-80.6043
31.67,2877.49,2881.59,-52.6486,-52.6248,0.0244832,28.6084,-80.6043,28.6084,-80.6043
31.68,2876.97,2881.06,-52.6922,-52.6668,0.0236484,28.6084,-80.6043,28.6084,-80.6043
31.69,2876.44,2880.54,-52.7357,-52.71,0.0244601,28.6084,-80.6043,28.6084,-80.6043
31.7,2875.91,2879.86,-52.7792,-52.7543,0.0237441,28.6084,-80.6043,28.6084,-80.6043
31.71,2875.38,2879.33,-52.8226,-52.7956,0.0234762,28.6084,-80.6043,28.6084,-80.6043
31.72,2874.86,2878.8,-52.8658,-52.8372,0.0233523,28.6084,-80.6043,28.6084,-80.6043
31.73,2874.33,2878.27,-52.909,-52.8784,0.0227745,28.6084,-80.6043,28.6084,-80.6043
31.74,2873.8,2877.74,-52.9521,-52.9196,0.0220618,28.6084,-80.6043,28.6084,-80.6043
31.75,2873.27,2877.21,-52.9951,-52.9631,0.0211101,28.6084,-80.6043,28.6084,-80.6043
31.76,2872.74,2876.68,-53.038,-53.0062,0.020263,28.6084,-80.6043,28.6084,-80.6043
31.77,2872.21,2876.15,-53.0808,-53.0508,0.0204325,28.6084,-80.6043,28.6084,-80.6043
31.78,2871.67,2875.62,-53.1235,-53.094,0.0207879,28.6084,-80.6043,28.6084,-80.6043
31.79,2871.14,2875.09,-53.1661,-53.1354,0.0216505,28.6084,-80.6043,28.6084,-80.6043
31.8,2870.61,2874.21,-53.2086,-53.1798,0.0222995,28.6084,-80.6043,28.6084,-80.6043
31.81,2870.08,2873.68,-53.251,-53.2225,0.0218258,28.6084,-80.6043,28.6084,-80.6043
31.82,2869.54,2873.14,-53.2934,-53.2635,0.0222605,28.6084,-80.6043,28.6084,-80.6043
31.83,2869.01,2872.61,-53.3356,-53.3064,0.0220912,28.6084,-80.6043,28.6084,-80.6043
31.84,2868.48,2872.08,-53.3778,-53.348,0.0223959,28.6084,-80.6043,28.6084,-80.6043
31.85,2867.94,2871.54,-53.4198,-53.3899,0.0226318,28.6084,-80.6043,28.6084,-80.6043
31.86,2867.41,2871.01,-53.4618,-53.431,0.0234785,28.6084,-80.6043,28.6084,-80.6043
31.87,2866.87,2870.47,-53.5037,-53.4726,0.0227961,28.6084,-80.6043,28.6084,-80.6043
31.88,2866.34,2869.94,-53.5455,-53.5128,0.0233267,28.6084,-80.6043,28.6084,-80.6043
31.89,2865.8,2869.4,-53.5872,-53.556,0.0224271,28.6084,-80.6043,28.6084,-80.6043
31.9,2865.27,2869.32,-53.6288,-53.599,0.0217273,28.6084,-80.6043,28.6084,-80.6043
31.91,2864.73,2868.78,-53.6703,-53.6406,0.0211538,28.6084,-80.6043,28.6084,-80.6043
31.92,2864.19,2868.24,-53.7117,-53.6838,0.0213481,28.6084,-80.6043,28.6084,-80.6043
31.93,2863.66,2867.71,-53.753,-53.7235,0.0220844,28.6084,-80.6043,28.6084,-80.6043
31.94,2863.12,2867.17,-53.7943,-53.7647,0.0229124,28.6084,-80.6043,28.6084,-80.6043
31.95,2862.58,2866.63,-53.8354,-53.805,0.0238659,28.6084,-80.6043,28.6084,-80.6043
31.96,2862.04,2866.09,-53.8765,-53.8451,0.0247776,28.6084,-80.6043,28.6084,-80.6043
31.97,2861.5,2865.55,-53.9175,-53.8849,0.0246978,28.6084,-80.6043,28.6084,-80.6043
31.98,2860.96,2865.01,-53.9583,-53.9266,0.0241278,28.6084,-80.6043,28.6084,-80.6043
31.99,2860.42,2864.48,-53.9991,-53.969,0.0250357,28.6084,-80.6043,28.6084,-80.6043
32,2859.88,2863.74,-54.0398,-54.0086,0.0254383,28.6084,-80.6043,28.6084,-80.6044
32.01,2859.34,2863.2,-54.0804,-54.0485,0.0249495,28.6084,-80.6043,28.6084,-80.6044
32.02,2858.8,2862.66,-54.1209,-54.0872,0.0252541,28.6084,-80.6043,28.6084,-80.6044
32.03,2858.26,2862.12,-54.1614,-54.129,0.0244732,28.6084,-80.6043,28.6084,-80.6044
32.04,2857.72,2861.57,-54.2017,-54.1708,0.0242583,28.6084,-80.6043,28.6084,-80.6044
32.05,2857.17,2861.03,-54.2419,-54.2117,0.0236458,28.6084,-80.6043,28.6084,-80.6044
32.06,2856.63,2860.49,-54.2821,-54.2499,0.0230735,28.6084,-80.6043,28.6084,-80.6044
32.07,2856.09,2859.95,-54.3222,-54.2917,0.0231097,28.6084,-80.6043,28.6084,-80.6044
32.08,2855.54,2859.4,-54.3621,-54.3332,0.0236191,28.6084,-80.6043,28.6084,-80.6044
32.09,2855,2858.86,-54.402,-54.3731,0.0243602,28.6084,-80.6043,28.6084,-80.6044
32.1,2854.45,2858.61,-54.4418,-54.4121,0.0239492,28.6084,-80.6043,28.6084,-80.6044
32.11,2853.91,2858.07,-54.4815,-54.4525,0.0239683,28.6084,-80.6043,28.6084,-80.6044
32.12,2853.36,2857.52,-54.5212,-54.4924,0.0249004,28.6084,-80.6043,28.6084,-80.6044
32.13,2852.82,2856.98,-54.5607,-54.5328,0.0241311,28.6084,-80.6043,28.6084,-80.6044
32.14,2852.27,2856.43,-54.6001,-54.5717,0.025086,28.6084,-80.6043,28.6084,-80.6044
32.15,2851.73,2855.89,-54.6395,-54.6116,0.0250345,28.6084,-80.6043,28.6084,-80.6044
32.16,2851.18,2855.34,-54.6788,-54.6505,0.0248181,28.6084,-80.6043,28.6084,-80.6044
32.17,2850.63,2854.79,-54.7179,-54.69,0.0242818,28.6084,-80.6043,28.6084,-80.6044
32.18,2850.09,2854.25,-54.757,-54.7288,0.0243684,28.6084,-80.6043,28.6084,-80.6044
32.19,2849.54,2853.7,-54.796,-54.7684,0.025274,28.6084,-80.6043,28.6084,-80.6044
32.2,2848.99,2852.74,-54.8349,-54.8058,0.0253867,28.6084,-80.6043,28.6084,-80.6044
32.21,2848.44,2852.19,-54.8738,-54.8429,0.0256233,28.6084,-80.6043,28.6084,-80.6044
32.22,2847.89,2851.64,-54.9125,-54.8818,0.0250389,28.6084,-80.6043,28.6084,-80.6044
32.23,2847.34,2851.09,-54.9512,-54.9209,0.0259496,28.6084,-80.6043,28.6084,-80.6044
32.24,2846.79,2850.54,-54.9897,-54.9612,0.0251167,28.6084,-80.6043,28.6084,-80.6044
32.25,2846.24,2849.99,-55.0282,-55.0007,0.0249348,28.6084,-80.6043,28.6084,-80.6044
32.26,2845.69,2849.44,-55.0666,-55.0407,0.0254536,28.6084,-80.6043,28.6084,-80.6044
32.27,2845.14,2848.89,-55.1049,-55.0777,0.0245771,28.6084,-80.6043,28.6084,-80.6044
32.28,2844.59,2848.34,-55.1431,-55.1177,0.025454,28.6084,-80.6043,28.6084,-80.6044
32.29,2844.04,2847.79,-55.1812,-55.155,0.0244913,28.6084,-80.6043,28.6084,-80.6044
32.3,2843.48,2846.94,-55.2193,-55.1938,0.0238449,28.6084,-80.6043,28.6084,-80.6044
32.31,2842.93,2846.38,-55.2572,-55.2314,0.0240659,28.6084,-80.6043,28.6084,-80.6044
32.32,2842.38,2845.83,-55.2951,-55.2679,0.0235887,28.6084,-80.6043,28.6084,-80.6044
32.33,2841.83,2845.28,-55.3329,-55.3071,0.0229739,28.6084,-80.6043,28.6084,-80.6044
32.34,2841.27,2844.73,-55.3705,-55.3459,0.0220139,28.6084,-80.6043,28.6084,-80.6044
32.35,2840.72,2844.17,-55.4082,-55.3826,0.0213272,28.6084,-80.6043,28.6084,-80.6044
32.36,2840.16,2843.62,-55.4457,-55.4217,0.0210616,28.6084,-80.6043,28.6084,-80.6044
32.37,2839.61,2843.06,-55.4831,-55.4586,0.0206772,28.6084,-80.6043,28.6084,-80.6044
32.38,2839.05,2842.51,-55.5205,-55.495,0.0208222,28.6084,-80.6043,28.6084,-80.6044
32.39,2838.5,2841.95,-55.5577,-55.5327,0.0214697,28.6084,-80.6043,28.6084,-80.6044
32.4,2837.94,2841.75,-55.5949,-55.5686,0.0220603,28.6084,-80.6043,28.6084,-80.6044
32.41,2837.39,2841.2,-55.632,-55.604,0.022297,28.6084,-80.6043,28.6084,-80.6044
32.42,2836.83,2840.64,-55.669,-55.6391,0.0225428,28.6084,-80.6043,28.6084,-80.6044
32.43,2836.27,2840.08,-55.7059,-55.6758,0.0229103,28.6084,-80.6043,28.6084,-80.6044
32.44,2835.71,2839.53,-55.7428,-55.7121,0.0236426,28.6084,-80.6043,28.6084,-80.6044
32.45,2835.16,2838.97,-55.7795,-55.7474,0.0231221,28.6084,-80.6043,28.6084,-80.6044
32.46,2834.6,2838.41,-55.8162,-55.7838,0.0230643,28.6084,-80.6043,28.6084,-80.6044
32.47,2834.04,2837.85,-55.8528,-55.8221,0.0237217,28.6084,-80.6043,28.6084,-80.6044
32.48,2833.48,2837.29,-55.8893,-55.8581,0.0232464,28.6084,-80.6043,28.6084,-80.6044
32.49,2832.92,2836.73,-55.9257,-55.8963,0.0235363,28.6084,-80.6043,28.6084,-80.6044
32.5,2832.36,2836.38,-55.962,-55.9346,0.0229353,28.6084,-80.6043,28.6084,-80.6044
32.51,2831.8,2835.82,-55.9982,-55.9699,0.0235686,28.6084,-80.6043,28.6084,-80.6044
32.52,2831.24,2835.26,-56.0344,-56.0078,0.0228061,28.6084,-80.6043,28.6084,-80.6044
32.53,2830.68,2834.7,-56.0705,-56.0443,0.0226839,28.6084,-80.6043,28.6084,-80.6044
32.54,2830.12,2834.14,-56.1065,-56.0786,0.0221069,28.6084,-80.6043,28.6084,-80.6044
32.55,2829.56,2833.58,-56.1424,-56.1155,0.0228308,28.6084,-80.6043,28.6084,-80.6044
32.56,2829,2833.01,-56.1782,-56.1502,0.0235358,28.6084,-80.6043,28.6084,-80.6044
32.57,2828.43,2832.45,-56.2139,-56.1846,0.0233681,28.6084,-80.6043,28.6084,-80.6044
32.58,2827.87,2831.89,-56.2496,-56.2206,0.0234221,28.6084,-80.6043,28.6084,-80.6044
32.59,2827.31,2831.33,-56.2852,-56.2579,0.022973,28.6084,-80.6043,28.6084,-80.6044
32.6,2826.75,2830.75,-56.3206,-56.2939,0.0225677,28.6084,-80.6043,28.6084,-80.6044
32.61,2826.18,2830.18,-56.356,-56.3279,0.0223021,28.6084,-80.6043,28.6084,-80.6044
32.62,2825.62,2829.62,-56.3914,-56.3625,0.0222693,28.6084,-80.6043,28.6084,-80.6044
32.63,2825.05,2829.06,-56.4266,-56.3972,0.0226979,28.6084,-80.6043,28.6084,-80.6044
32.64,2824.49,2828.49,-56.4618,-56.4339,0.0229796,28.6084,-80.6043,28.6084,-80.6044
32.65,2823.92,2827.93,-56.4968,-56.4673,0.0237265,28.6084,-80.6043,28.6084,-80.6044
32.66,2823.36,2827.36,-56.5318,-56.5042,0.0241874,28.6084,-80.6043,28.6084,-80.6044
32.67,2822.79,2826.8,-56.5667,-56.5374,0.0234636,28.6084,-80.6043,28.6084,-80.6044
32.68,2822.23,2826.23,-56.6016,-56.5738,0.0231937,28.6084,-80.6043,28.6084,-80.6044
32.69,2821.66,2825.66,-56.6363,-56.6102,0.022856,28.6084,-80.6043,28.6084,-80.6044
32.7,2821.09,2825.57,-56.671,-56.6445,0.0237411,28.6084,-80.6043,28.6084,-80.6044
32.71,2820.53,2825,-56.7056,-56.6806,0.0243127,28.6084,-80.6043,28.6084,-80.6044
32.72,2819.96,2824.43,-56.7401,-56.7149,0.0250347,28.6084,-80.6043,28.6084,-80.6044
32.73,2819.39,2823.86,-56.7745,-56.7501,0.025231,28.6084,-80.6043,28.6084,-80.6044
32.74,2818.82,2823.3,-56.8088,-56.7858,0.0256316,28.6084,-80.6043,28.6084,-80.6044
32.75,2818.26,2822.73,-56.8431,-56.8185,0.02659,28.6084,-80.6043,28.6084,-80.6044
32.76,2817.69,2822.16,-56.8772,-56.8525,0.0261155,28.6084,-80.6043,28.6084,-80.6044
32.77,2817.12,2821.59,-56.9113,-56.8859,0.0252007,28.6084,-80.6043,28.6084,-80.6044
32.78,2816.55,2821.02,-56.9454,-56.9184,0.0249305,28.6084,-80.6043,28.6084,-80.6044
32.79,2815.98,2820.45,-56.9793,-56.9536,0.0249967,28.6084,-80.6043,28.6084,-80.6044
32.8,2815.41,2819.9,-57.0131,-56.9884,0.0240861,28.6084,-80.6043,28.6084,-80.6044
32.81,2814.84,2819.33,-57.0469,-57.0219,0.0250279,28.6084,-80.6043,28.6084,-80.6044
32.82,2814.27,2818.76,-57.0806,-57.0549,0.0242853,28.6084,-80.6043,28.6084,-80.6044
32.83,2813.7,2818.19,-57.1142,-57.0891,0.0248276,28.6084,-80.6043,28.6084,-80.6044
32.84,2813.12,2817.61,-57.1477,-57.1228,0.0256979,28.6084,-80.6043,28.6084,-80.6044
32.85,2812.55,2817.04,-57.1812,-57.1554,0.0258662,28.6084,-80.6043,28.6084,-80.6044
32.86,2811.98,2816.47,-57.2145,-57.1892,0.0258652,28.6084,-80.6043,28.6084,-80.6044
32.87,2811.41,2815.9,-57.2478,-57.224,0.025361,28.6084,-80.6043,28.6084,-80.6044
32.88,2810.84,2815.33,-57.281,-57.256,0.0258067,28.6084,-80.6043,28.6084,-80.6044
32.89,2810.26,2814.75,-57.3142,-57.2896,0.0258318,28.6084,-80.6043,28.6084,-80.6044
32.9,2809.69,2813.76,-57.3472,-57.3221,0.0255588,28.6084,-80.6043,28.6084,-80.6044
32.91,2809.11,2813.18,-57.3802,-57.3568,0.0245871,28.6084,-80.6043,28.6084,-80.6044
32.92,2808.54,2812.61,-57.4131,-57.3913,0.0251339,28.6084,-80.6043,28.6084,-80.6044
32.93,2807.97,2812.03,-57.4459,-57.4245,0.0247047,28.6084,-80.6043,28.6084,-80.6044
32.94,2807.39,2811.46,-57.4786,-57.4581,0.0250201,28.6084,-80.6043,28.6084,-80.6044
32.95,2806.82,2810.88,-57.5113,-57.4914,0.0257379,28.6084,-80.6043,28.6084,-80.6044
32.96,2806.24,2810.31,-57.5438,-57.5233,0.0253398,28.6084,-80.6043,28.6084,-80.6044
32.97,2805.67,2809.73,-57.5763,-57.5556,0.0259308,28.6084,-80.6043,28.6084,-80.6044
32.98,2805.09,2809.16,-57.6088,-57.5875,0.025572,28.6084,-80.6043,28.6084,-80.6044
32.99,2804.51,2808.58,-57.6411,-57.6208,0.0257162,28.6084,-80.6043,28.6084,-80.6044
33,2803.94,2808.5,-57.6733,-57.6549,0.0263952,28.6084,-80.6043,28.6084,-80.6044
33.01,2803.36,2807.92,-57.7055,-57.6852,0.0273235,28.6084,-80.6043,28.6084,-80.6044
33.02,2802.78,2807.34,-57.7376,-57.718,0.0276976,28.6084,-80.6043,28.6084,-80.6044
33.03,2802.2,2806.77,-57.7697,-57.7496,0.0284149,28.6084,-80.6043,28.6084,-80.6044
33.04,2801.63,2806.19,-57.8016,-57.7823,0.0293241,28.6084,-80.6043,28.6084,-80.6044
33.05,2801.05,2805.61,-57.8335,-57.8125,0.0286973,28.6084,-80.6043,28.6084,-80.6044
33.06,2800.47,2805.03,-57.8653,-57.8424,0.027786,28.6084,-80.6043,28.6084,-80.6044
33.07,2799.89,2804.45,-57.897,-57.8723,0.0274817,28.6084,-80.6043,28.6084,-80.6044
33.08,2799.31,2803.87,-57.9286,-57.9046,0.0270145,28.6084,-80.6043,28.6084,-80.6044
33.09,2798.73,2803.29,-57.9602,-57.9381,0.0273343,28.6084,-80.6043,28.6084,-80.6044
33.1,2798.15,2802.81,-57.9917,-57.9711,0.0276789,28.6084,-80.6043,28.6084,-80.6044
33.11,2797.57,2802.23,-58.0231,-58.0007,0.0276146,28.6084,-80.6043,28.6084,-80.6044
33.12,2796.99,2801.65,-58.0544,-58.0316,0.0286052,28.6084,-80.6043,28.6084,-80.6044
33.13,2796.41,2801.07,-58.0857,-58.062,0.027945,28.6084,-80.6043,28.6084,-80.6044
33.14,2795.83,2800.49,-58.1168,-58.0951,0.0280702,28.6084,-80.6043,28.6084,-80.6044
33.15,2795.25,2799.91,-58.1479,-58.1276,0.0281971,28.6084,-80.6043,28.6084,-80.6044
33.16,2794.66,2799.33,-58.179,-58.1586,0.0278684,28.6084,-80.6043,28.6084,-80.6044
33.17,2794.08,2798.75,-58.2099,-58.1879,0.0272961,28.6084,-80.6043,28.6084,-80.6044
33.18,2793.5,2798.16,-58.2408,-58.217,0.0278324,28.6084,-80.6043,28.6084,-80.6044
33.19,2792.92,2797.58,-58.2716,-58.2477,0.0285951,28.6084,-80.6043,28.6084,-80.6044
33.2,2792.33,2797.23,-58.3023,-58.2777,0.0290069,28.6084,-80.6043,28.6084,-80.6044
33.21,2791.75,2796.65,-58.3329,-58.3069,0.0293386,28.6084,-80.6043,28.6084,-80.6044
33.22,2791.17,2796.06,-58.3635,-58.3387,0.0284835,28.6084,-80.6043,28.6084,-80.6044
33.23,2790.58,2795.48,-58.394,-58.3675,0.0278906,28.6084,-80.6043,28.6084,-80.6044
33.24,2790,2794.9,-58.4244,-58.3969,0.0270057,28.6084,-80.6043,28.6084,-80.6044
33.25,2789.41,2794.31,-58.4548,-58.4258,0.0273921,28.6084,-80.6043,28.6084,-80.6044
33.26,2788.83,2793.73,-58.485,-58.4551,0.0270795,28.6084,-80.6043,28.6084,-80.6044
33.27,2788.24,2793.14,-58.5152,-58.4862,0.0275346,28.6084,-80.6043,28.6084,-80.6044
33.28,2787.66,2792.56,-58.5453,-58.518,0.0274564,28.6084,-80.6043,28.6084,-80.6044
33.29,2787.07,2791.97,-58.5754,-58.547,0.0277153,28.6084,-80.6043,28.6084,-80.6044
33.3,2786.49,2791.67,-58.6053,-58.5766,0.0273566,28.6084,-80.6043,28.6084,-80.6044
33.31,2785.9,2791.08,-58.6352,-58.6079,0.0268169,28.6084,-80.6043,28.6084,-80.6044
33.32,2785.31,2790.49,-58.6651,-58.6382,0.0275211,28.6084,-80.6043,28.6084,-80.6044
33.33,2784.73,2789.91,-58.6948,-58.666,0.0283,28.6084,-80.6043,28.6084,-80.6044
33.34,2784.14,2789.32,-58.7245,-58.6947,0.0286932,28.6084,-80.6043,28.6084,-80.6044
33.35,2783.55,2788.73,-58.7541,-58.7239,0.0288605,28.6084,-80.6043,28.6084,-80.6044
33.36,2782.97,2788.14,-58.7836,-58.7537,0.0283829,28.6084,-80.6043,28.6084,-80.6044
33.37,2782.38,2787.56,-58.8131,-58.782,0.0284064,28.6084,-80.6043,28.6084,-80.6044
33.38,2781.79,2786.97,-58.8424,-58.8126,0.0293767,28.6084,-80.6043,28.6084,-80.6044
33.39,2781.2,2786.38,-58.8717,-58.843,0.0288788,28.6084,-80.6043,28.6084,-80.6044
33.4,2780.61,2786.23,-58.901,-58.8707,0.0297534,28.6084,-80.6043,28.6084,-80.6044
33.41,2780.02,2785.64,-58.9301,-58.898,0.02921,28.6084,-80.6043,28.6084,-80.6044
33.42,2779.43,2785.05,-58.9592,-58.9262,0.028753,28.6084,-80.6043,28.6084,-80.6044
33.43,2778.84,2784.46,-58.9882,-58.9545,0.0286892,28.6084,-80.6043,28.6084,-80.6044
33.44,2778.25,2783.87,-59.0172,-58.9818,0.0282471,28.6084,-80.6043,28.6084,-80.6044
33.45,2777.66,2783.28,-59.046,-59.0095,0.0273616,28.6084,-80.6043,28.6084,-80.6044
33.46,2777.07,2782.69,-59.0748,-59.0395,0.0263993,28.6084,-80.6043,28.6084,-80.6044
33.47,2776.48,2782.1,-59.1035,-59.0685,0.025512,28.6084,-80.6043,28.6084,-80.6044
33.48,2775.89,2781.51,-59.1322,-59.0991,0.0251457,28.6084,-80.6043,28.6084,-80.6044
33.49,2775.3,2780.92,-59.1608,-59.1265,0.0255732,28.6084,-80.6043,28.6084,-80.6044
33.5,2774.7,2780,-59.1893,-59.1533,0.0253202,28.6084,-80.6043,28.6084,-80.6044
33.51,2774.11,2779.41,-59.2177,-59.1832,0.0246304,28.6084,-80.6043,28.6084,-80.6044
33.52,2773.52,2778.82,-59.246,-59.2109,0.0243642,28.6084,-80.6043,28.6084,-80.6044
33.53,2772.93,2778.22,-59.2743,-59.2406,0.025182,28.6084,-80.6043,28.6084,-80.6044
33.54,2772.33,2777.63,-59.3026,-59.2683,0.0241845,28.6084,-80.6043,28.6084,-80.6044
33.55,2771.74,2777.04,-59.3307,-59.2951,0.024387,28.6084,-80.6043,28.6084,-80.6044
33.56,2771.15,2776.44,-59.3588,-59.3243,0.0235361,28.6084,-80.6043,28.6084,-80.6044
33.57,2770.55,2775.85,-59.3868,-59.3531,0.0234909,28.6084,-80.6043,28.6084,-80.6044
33.58,2769.96,2775.26,-59.4147,-59.38,0.0240513,28.6084,-80.6043,28.6084,-80.6044
33.59,2769.37,2774.66,-59.4426,-59.4083,0.0231367,28.6084,-80.6043,28.6084,-80.6044
33.6,2768.77,2773.75,-59.4704,-59.4358,0.0230079,28.6084,-80.6043,28.6084,-80.6044
33.61,2768.18,2773.15,-59.4981,-59.4646,0.0237339,28.6084,-80.6043,28.6084,-80.6044
33.62,2767.58,2772.56,-59.5257,-59.493,0.0239438,28.6084,-80.6043,28.6084,-80.6044
33.63,2766.98,2771.96,-59.5533,-59.5219,0.0231301,28.6084,-80.6043,28.6084,-80.6044
33.64,2766.39,2771.37,-59.5808,-59.5501,0.0223143,28.6084,-80.6043,28.6084,-80.6044
33.65,2765.79,2770.77,-59.6082,-59.5777,0.0222578,28.6084,-80.6043,28.6084,-80.6044
33.66,2765.2,2770.17,-59.6356,-59.606,0.0225013,28.6084,-80.6043,28.6084,-80.6044
33.67,2764.6,2769.58,-59.6629,-59.6347,0.022766,28.6084,-80.6043,28.6084,-80.6044
33.68,2764,2768.98,-59.6901,-59.6609,0.0218571,28.6084,-80.6043,28.6084,-80.6044
33.69,2763.41,2768.38,-59.7173,-59.6891,0.0223835,28.6084,-80.6043,28.6084,-80.6044
33.7,2762.81,2767.91,-59.7444,-59.7146,0.0230866,28.6084,-80.6043,28.6084,-80.6044
33.71,2762.21,2767.32,-59.7714,-59.7397,0.022414,28.6084,-80.6043,28.6084,-80.6044
33.72,2761.61,2766.72,-59.7984,-59.7669,0.0228742,28.6084,-80.6043,28.6084,-80.6044
33.73,2761.01,2766.12,-59.8252,-59.792,0.0235239,28.6084,-80.6043,28.6084,-80.6044
33.74,2760.42,2765.52,-59.8521,-59.8177,0.0235495,28.6084,-80.6043,28.6084,-80.6044
33.75,2759.82,2764.92,-59.8788,-59.8454,0.0225891,28.6084,-80.6043,28.6084,-80.6044
33.76,2759.22,2764.33,-59.9055,-59.8737,0.021836,28.6084,-80.6043,28.6084,-80.6044
33.77,2758.62,2763.73,-59.9321,-59.901,0.022247,28.6084,-80.6043,28.6084,-80.6044
33.78,2758.02,2763.13,-59.9586,-59.9283,0.0220797,28.6084,-80.6043,28.6084,-80.6044
33.79,2757.42,2762.53,-59.9851,-59.9567,0.0218705,28.6084,-80.6043,28.6084,-80.6044
33.8,2756.82,2762.42,-60.0115,-59.9816,0.0218623,28.6084,-80.6043,28.6084,-80.6044
33.81,2756.22,2761.82,-60.0378,-60.0073,0.0221273,28.6084,-80.6043,28.6084,-80.6044
33.82,2755.62,2761.22,-60.0641,-60.0343,0.0216608,28.6084,-80.6043,28.6084,-80.6044
33.83,2755.02,2760.62,-60.0903,-60.0598,0.021748,28.6084,-80.6043,28.6084,-80.6044
33.84,2754.42,2760.02,-60.1164,-60.0878,0.0218875,28.6084,-80.6043,28.6084,-80.6044
33.85,2753.81,2759.42,-60.1425,-60.1143,0.0228857,28.6084,-80.6043,28.6084,-80.6044
33.86,2753.21,2758.82,-60.1685,-60.1402,0.0230033,28.6084,-80.6043,28.6084,-80.6044
33.87,2752.61,2758.22,-60.1944,-60.1663,0.0225357,28.6084,-80.6043,28.6084,-80.6044
33.88,2752.01,2757.61,-60.2202,-60.1922,0.0220766,28.6084,-80.6043,28.6084,-80.6044
33.89,2751.41,2757.01,-60.246,-60.2198,0.0211076,28.6084,-80.6043,28.6084,-80.6044
33.9,2750.8,2756.4,-60.2717,-60.2454,0.0202252,28.6084,-80.6043,28.6084,-80.6044
33.91,2750.2,2755.79,-60.2974,-60.2726,0.019989,28.6084,-80.6043,28.6084,-80.6044
33.92,2749.6,2755.19,-60.323,-60.2969,0.0209045,28.6084,-80.6043,28.6084,-80.6044
33.93,2748.99,2754.59,-60.3485,-60.3212,0.021596,28.6084,-80.6043,28.6084,-80.6044
33.94,2748.39,2753.98,-60.374,-60.3473,0.0219585,28.6084,-80.6043,28.6084,-80.6044
33.95,2747.79,2753.38,-60.3994,-60.3733,0.0209865,28.6084,-80.6043,28.6084,-80.6044
33.96,2747.18,2752.78,-60.4247,-60.3999,0.0219349,28.6084,-80.6043,28.6084,-80.6044
33.97,2746.58,2752.17,-60.4499,-60.4259,0.0218402,28.6084,-80.6043,28.6084,-80.6044
33.98,2745.97,2751.57,-60.4751,-60.4505,0.022542,28.6084,-80.6043,28.6084,-80.6044
33.99,2745.37,2750.96,-60.5003,-60.4757,0.021986,28.6084,-80.6043,28.6084,-80.6044
34,2744.76,2750.5,-60.5253,-60.5017,0.0219494,28.6084,-80.6043,28.6084,-80.6044
34.01,2744.16,2749.89,-60.5503,-60.5257,0.0228039,28.6084,-80.6043,28.6084,-80.6044
34.02,2743.55,2749.28,-60.5752,-60.5514,0.0221993,28.6084,-80.6043,28.6084,-80.6044
34.03,2742.95,2748.68,-60.6001,-60.578,0.0218456,28.6084,-80.6043,28.6084,-80.6044
34.04,2742.34,2748.07,-60.6249,-60.6019,0.0210897,28.6084,-80.6043,28.6084,-80.6044
34.05,2741.73,2747.47,-60.6496,-60.6269,0.0208557,28.6084,-80.6043,28.6084,-80.6044
34.06,2741.13,2746.86,-60.6743,-60.6515,0.0203774,28.6084,-80.6043,28.6084,-80.6044
34.07,2740.52,2746.25,-60.6989,-60.6768,0.0199818,28.6084,-80.6043,28.6084,-80.6044
34.08,2739.91,2745.65,-60.7234,-60.7029,0.0203695,28.6084,-80.6043,28.6084,-80.6044
34.09,2739.3,2745.04,-60.7479,-60.7254,0.0202662,28.6084,-80.6043,28.6084,-80.6044
34.1,2738.7,2744.71,-60.7723,-60.749,0.0196049,28.6084,-80.6043,28.6084,-80.6044
34.11,2738.09,2744.1,-60.7967,-60.7736,0.0198489,28.6084,-80.6043,28.6084,-80.6044
34.12,2737.48,2743.49,-60.8209,-60.7996,0.0205809,28.6084,-80.6043,28.6084,-80.6044
34.13,2736.87,2742.88,-60.8452,-60.8254,0.0201746,28.6084,-80.6043,28.6084,-80.6044
34.14,2736.26,2742.28,-60.8693,-60.8511,0.0203471,28.6084,-80.6043,28.6084,-80.6044
34.15,2735.65,2741.67,-60.8934,-60.877,0.021181,28.6084,-80.6043,28.6084,-80.6044
34.16,2735.04,2741.06,-60.9174,-60.901,0.0203394,28.6084,-80.6043,28.6084,-80.6044
34.17,2734.44,2740.45,-60.9414,-60.926,0.020762,28.6084,-80.6043,28.6084,-80.6044
34.18,2733.83,2739.84,-60.9653,-60.9513,0.0208573,28.6084,-80.6043,28.6084,-80.6044
34.19,2733.22,2739.23,-60.9891,-60.9754,0.0203863,28.6084,-80.6043,28.6084,-80.6044
34.2,2732.61,2738.08,-61.0129,-60.9972,0.0210322,28.6084,-80.6043,28.6084,-80.6044
34.21,2732,2737.47,-61.0366,-61.0199,0.0203595,28.6084,-80.6043,28.6084,-80.6044
34.22,2731.38,2736.86,-61.0602,-61.0452,0.0200683,28.6084,-80.6043,28.6084,-80.6044
34.23,2730.77,2736.25,-61.0838,-61.0674,0.0191764,28.6084,-80.6043,28.6084,-80.6044
34.24,2730.16,2735.64,-61.1073,-61.0897,0.019307,28.6084,-80.6043,28.6084,-80.6044
34.25,2729.55,2735.03,-61.1308,-61.1142,0.0187577,28.6084,-80.6043,28.6084,-80.6044
34.26,2728.94,2734.42,-61.1542,-61.1373,0.0194485,28.6084,-80.6043,28.6084,-80.6044
34.27,2728.33,2733.81,-61.1775,-61.1614,0.0193415,28.6084,-80.6043,28.6084,-80.6044
34.28,2727.72,2733.19,-61.2008,-61.1829,0.0195354,28.6084,-80.6043,28.6084,-80.6044
34.29,2727.1,2732.58,-61.224,-61.2059,0.019608,28.6084,-80.6043,28.6084,-80.6044
34.3,2726.49,2731.72,-61.2471,-61.2284,0.019559,28.6084,-80.6043,28.6084,-80.6044
34.31,2725.88,2731.11,-61.2702,-61.2533,0.0199591,28.6084,-80.6043,28.6084,-80.6044
34.32,2725.27,2730.49,-61.2932,-61.2753,0.0207062,28.6084,-80.6043,28.6084,-80.6044
34.33,2724.65,2729.88,-61.3162,-61.2992,0.0201082,28.6084,-80.6043,28.6084,-80.6044
34.34,2724.04,2729.27,-61.339,-61.3236,0.0195775,28.6084,-80.6043,28.6084,-80.6044
34.35,2723.43,2728.65,-61.3619,-61.3483,0.0203906,28.6084,-80.6043,28.6084,-80.6044
34.36,2722.81,2728.04,-61.3846,-61.3711,0.0197657,28.6084,-80.6043,28.6084,-80.6044
34.37,2722.2,2727.43,-61.4074,-61.3919,0.0204393,28.6084,-80.6043,28.6084,-80.6044
34.38,2721.58,2726.81,-61.43,-61.4164,0.0195018,28.6084,-80.6043,28.6084,-80.6044
34.39,2720.97,2726.2,-61.4526,-61.4384,0.0197226,28.6084,-80.6043,28.6084,-80.6044
34.4,2720.35,2725.84,-61.4751,-61.4619,0.0204523,28.6084,-80.6043,28.6084,-80.6044
34.41,2719.74,2725.23,-61.4976,-61.4856,0.0197823,28.6084,-80.6043,28.6084,-80.6044
34.42,2719.12,2724.61,-61.52,-61.5075,0.0188824,28.6084,-80.6043,28.6084,-80.6044
34.43,2718.51,2724,-61.5423,-61.5288,0.0182742,28.6084,-80.6043,28.6084,-80.6044
34.44,2717.89,2723.38,-61.5646,-61.5507,0.0181019,28.6084,-80.6043,28.6084,-80.6044
34.45,2717.28,2722.77,-61.5868,-61.5723,0.0183743,28.6084,-80.6043,28.6084,-80.6044
34.46,2716.66,2722.15,-61.609,-61.5958,0.0181172,28.6084,-80.6043,28.6084,-80.6044
34.47,2716.04,2721.54,-61.6311,-61.6184,0.0171542,28.6084,-80.6043,28.6084,-80.6044
34.48,2715.43,2720.92,-61.6531,-61.6399,0.0173508,28.6084,-80.6043,28.6084,-80.6044
34.49,2714.81,2720.3,-61.6751,-61.6633,0.0180585,28.6084,-80.6043,28.6084,-80.6044
34.5,2714.19,2719.29,-61.697,-61.6847,0.0171847,28.6084,-80.6043,28.6084,-80.6044
34.51,2713.58,2718.67,-61.7189,-61.7072,0.0162653,28.6084,-80.6043,28.6084,-80.6044
34.52,2712.96,2718.06,-61.7407,-61.7303,0.0169749,28.6084,-80.6043,28.6084,-80.6044
34.53,2712.34,2717.44,-61.7624,-61.7538,0.0176001,28.6084,-80.6043,28.6084,-80.6044
34.54,2711.72,2716.82,-61.7841,-61.7756,0.0172525,28.6084,-80.6043,28.6084,-80.6044
34.55,2711.11,2716.2,-61.8058,-61.7965,0.0175645,28.6084,-80.6043,28.6084,-80.6044
34.56,2710.49,2715.59,-61.8273,-61.8184,0.0182495,28.6084,-80.6043,28.6084,-80.6044
34.57,2709.87,2714.97,-61.8488,-61.8407,0.018202,28.6084,-80.6043,28.6084,-80.6044
34.58,2709.25,2714.35,-61.8703,-61.8618,0.0181805,28.6084,-80.6043,28.6084,-80.6044
34.59,2708.63,2713.73,-61.8917,-61.8849,0.0172172,28.6084,-80.6043,28.6084,-80.6044
34.6,2708.01,2713.47,-61.913,-61.9076,0.0176147,28.6084,-80.6043,28.6084,-80.6044
34.61,2707.39,2712.85,-61.9343,-61.9302,0.0168067,28.6084,-80.6043,28.6084,-80.6044
34.62,2706.77,2712.23,-61.9555,-61.9527,0.0161093,28.6084,-80.6043,28.6084,-80.6044
34.63,2706.15,2711.61,-61.9766,-61.9731,0.0157862,28.6084,-80.6043,28.6084,-80.6044
34.64,2705.53,2710.99,-61.9977,-61.9961,0.0154191,28.6084,-80.6043,28.6084,-80.6044
34.65,2704.91,2710.37,-62.0188,-62.0176,0.015102,28.6084,-80.6043,28.6084,-80.6044
34.66,2704.29,2709.75,-62.0398,-62.0401,0.0149858,28.6084,-80.6043,28.6084,-80.6044
34.67,2703.67,2709.13,-62.0607,-62.0609,0.0159477,28.6084,-80.6043,28.6084,-80.6044
34.68,2703.05,2708.51,-62.0815,-62.0817,0.0156019,28.6084,-80.6043,28.6084,-80.6044
34.69,2702.43,2707.89,-62.1024,-62.1028,0.0162811,28.6084,-80.6043,28.6084,-80.6044
34.7,2701.81,2707.31,-62.1231,-62.1255,0.0154854,28.6084,-80.6043,28.6084,-80.6044
34.71,2701.19,2706.69,-62.1438,-62.1471,0.0152764,28.6084,-80.6043,28.6084,-80.6044
34.72,2700.57,2706.07,-62.1644,-62.1668,0.0151796,28.6084,-80.6043,28.6084,-80.6044
34.73,2699.94,2705.44,-62.185,-62.1858,0.0157888,28.6084,-80.6043,28.6084,-80.6044
34.74,2699.32,2704.82,-62.2055,-62.2065,0.0148796,28.6084,-80.6043,28.6084,-80.6044
34.75,2698.7,2704.2,-62.226,-62.2269,0.0151461,28.6084,-80.6043,28.6084,-80.6044
34.76,2698.08,2703.58,-62.2464,-62.247,0.0153449,28.6084,-80.6043,28.6084,-80.6044
34.77,2697.46,2702.95,-62.2668,-62.2661,0.0158025,28.6084,-80.6043,28.6084,-80.6044
34.78,2696.83,2702.33,-62.287,-62.2872,0.0151095,28.6084,-80.6043,28.6084,-80.6044
34.79,2696.21,2701.71,-62.3073,-62.3065,0.0153298,28.6084,-80.6043,28.6084,-80.6044
34.8,2695.59,2701.44,-62.3275,-62.3265,0.0144806,28.6084,-80.6043,28.6084,-80.6044
34.81,2694.96,2700.82,-62.3476,-62.3457,0.0146603,28.6084,-80.6043,28.6084,-80.6044
34.82,2694.34,2700.2,-62.3677,-62.3649,0.0146811,28.6084,-80.6043,28.6084,-80.6044
34.83,2693.72,2699.57,-62.3877,-62.3832,0.014008,28.6084,-80.6043,28.6084,-80.6044
34.84,2693.09,2698.95,-62.4076,-62.4038,0.0148512,28.6084,-80.6043,28.6084,-80.6044
34.85,2692.47,2698.32,-62.4275,-62.4246,0.0150827,28.6084,-80.6043,28.6084,-80.6044
34.86,2691.84,2697.7,-62.4474,-62.4434,0.0154049,28.6084,-80.6043,28.6084,-80.6044
34.87,2691.22,2697.07,-62.4672,-62.4637,0.0148455,28.6084,-80.6043,28.6084,-80.6044
34.88,2690.59,2696.45,-62.4869,-62.4833,0.0141702,28.6084,-80.6043,28.6084,-80.6044
34.89,2689.97,2695.82,-62.5066,-62.5022,0.0143527,28.6084,-80.6043,28.6084,-80.6044
34.9,2689.34,2695.67,-62.5262,-62.5212,0.0139997,28.6084,-80.6043,28.6084,-80.6044
34.91,2688.72,2695.05,-62.5458,-62.5421,0.0132767,28.6084,-80.6043,28.6084,-80.6044
34.92,2688.09,2694.42,-62.5653,-62.56,0.0133944,28.6084,-80.6043,28.6084,-80.6044
34.93,2687.47,2693.8,-62.5848,-62.5803,0.0136574,28.6084,-80.6043,28.6084,-80.6044
34.94,2686.84,2693.17,-62.6042,-62.601,0.0143517,28.6084,-80.6043,28.6084,-80.6044
34.95,2686.21,2692.54,-62.6235,-62.6195,0.0151622,28.6084,-80.6043,28.6084,-80.6044
34.96,2685.59,2691.92,-62.6428,-62.6375,0.0147558,28.6084,-80.6043,28.6084,-80.6044
34.97,2684.96,2691.29,-62.6621,-62.6562,0.014465,28.6084,-80.6043,28.6084,-80.6044
34.98,2684.33,2690.66,-62.6812,-62.6766,0.0150368,28.6084,-80.6043,28.6084,-80.6044
34.99,2683.71,2690.04,-62.7004,-62.6949,0.0143077,28.6084,-80.6043,28.6084,-80.6044
35,2683.08,2689.11,-62.7195,-62.7157,0.0139483,28.6084,-80.6043,28.6084,-80.6044
35.01,2682.45,2688.48,-62.7385,-62.7331,0.0143044,28.6084,-80.6043,28.6084,-80.6044
35.02,2681.82,2687.85,-62.7575,-62.7509,0.0150038,28.6084,-80.6043,28.6084,-80.6044
35.03,2681.2,2687.22,-62.7764,-62.7698,0.0142801,28.6084,-80.6043,28.6084,-80.6044
35.04,2680.57,2686.6,-62.7952,-62.7905,0.0148227,28.6084,-80.6043,28.6084,-80.6044
35.05,2679.94,2685.97,-62.8141,-62.8103,0.0156547,28.6084,-80.6043,28.6084,-80.6044
35.06,2679.31,2685.34,-62.8328,-62.8297,0.0157922,28.6084,-80.6043,28.6084,-80.6044
35.07,2678.68,2684.71,-62.8515,-62.8482,0.0157903,28.6084,-80.6043,28.6084,-80.6044
35.08,2678.05,2684.08,-62.8702,-62.8672,0.0152991,28.6084,-80.6043,28.6084,-80.6044
35.09,2677.43,2683.45,-62.8888,-62.8862,0.0148194,28.6084,-80.6043,28.6084,-80.6044
35.1,2676.8,2683,-62.9073,-62.9045,0.013873,28.6084,-80.6043,28.6084,-80.6044
35.11,2676.17,2682.37,-62.9258,-62.9225,0.0144986,28.6084,-80.6043,28.6084,-80.6044
35.12,2675.54,2681.74,-62.9442,-62.9417,0.0152994,28.6084,-80.6043,28.6084,-80.6044
35.13,2674.91,2681.11,-62.9626,-62.9586,0.0155785,28.6084,-80.6043,28.6084,-80.6044
35.14,2674.28,2680.48,-62.981,-62.9758,0.0157323,28.6084,-80.6043,28.6084,-80.6044
35.15,2673.65,2679.85,-62.9992,-62.9948,0.0165904,28.6084,-80.6043,28.6084,-80.6044
35.16,2673.02,2679.22,-63.0175,-63.0117,0.0159064,28.6084,-80.6043,28.6084,-80.6044
35.17,2672.39,2678.59,-63.0357,-63.0289,0.0162765,28.6084,-80.6043,28.6084,-80.6044
35.18,2671.76,2677.96,-63.0538,-63.0463,0.0170404,28.6084,-80.6043,28.6084,-80.6044
35.19,2671.13,2677.33,-63.0719,-63.0636,0.0169113,28.6084,-80.6043,28.6084,-80.6044
35.2,2670.5,2676.91,-63.0899,-63.083,0.0171502,28.6084,-80.6043,28.6084,-80.6044
35.21,2669.86,2676.28,-63.1078,-63.0999,0.0164841,28.6084,-80.6043,28.6084,-80.6044
35.22,2669.23,2675.65,-63.1258,-63.1187,0.0157709,28.6084,-80.6043,28.6084,-80.6044
35.23,2668.6,2675.02,-63.1436,-63.1369,0.0161087,28.6084,-80.6043,28.6084,-80.6044
35.24,2667.97,2674.39,-63.1614,-63.1551,0.0170537,28.6084,-80.6043,28.6084,-80.6044
35.25,2667.34,2673.75,-63.1792,-63.1721,0.0160903,28.6084,-80.6043,28.6084,-80.6044
35.26,2666.71,2673.12,-63.1969,-63.1889,0.0161073,28.6084,-80.6043,28.6084,-80.6044
35.27,2666.07,2672.49,-63.2146,-63.2072,0.0163831,28.6084,-80.6043,28.6084,-80.6044
35.28,2665.44,2671.86,-63.2322,-63.2253,0.0173372,28.6084,-80.6043,28.6084,-80.6044
35.29,2664.81,2671.23,-63.2498,-63.2431,0.0182366,28.6084,-80.6043,28.6084,-80.6044
35.3,2664.18,2670.75,-63.2673,-63.2614,0.0179797,28.6084,-80.6043,28.6084,-80.6044
35.31,2663.54,2670.11,-63.2847,-63.2777,0.0172105,28.6084,-80.6043,28.6084,-80.6044
35.32,2662.91,2669.48,-63.3021,-63.2953,0.016444,28.6084,-80.6043,28.6084,-80.6044
35.33,2662.28,2668.85,-63.3195,-63.3106,0.015791,28.6084,-80.6043,28.6084,-80.6044
35.34,2661.64,2668.22,-63.3368,-63.3277,0.0151031,28.6084,-80.6043,28.6084,-80.6044
35.35,2661.01,2667.58,-63.3541,-63.3438,0.0147387,28.6084,-80.6043,28.6084,-80.6044
35.36,2660.38,2666.95,-63.3713,-63.3595,0.0156584,28.6084,-80.6043,28.6084,-80.6044
35.37,2659.74,2666.31,-63.3884,-63.3763,0.0147123,28.6084,-80.6043,28.6084,-80.6044
35.38,2659.11,2665.68,-63.4055,-63.3939,0.0142148,28.6084,-80.6043,28.6084,-80.6044
35.39,2658.48,2665.05,-63.4226,-63.4112,0.0139222,28.6084,-80.6043,28.6084,-80.6044
35.4,2657.84,2664.28,-63.4396,-63.4265,0.0138197,28.6084,-80.6043,28.6084,-80.6044
35.41,2657.21,2663.64,-63.4566,-63.4451,0.0143923,28.6084,-80.6043,28.6084,-80.6044
35.42,2656.57,2663.01,-63.4735,-63.4611,0.015049,28.6084,-80.6043,28.6084,-80.6044
35.43,2655.94,2662.37,-63.4903,-63.4769,0.0143921,28.6084,-80.6043,28.6084,-80.6044
35.44,2655.3,2661.74,-63.5071,-63.4926,0.013508,28.6084,-80.6043,28.6084,-80.6044
35.45,2654.67,2661.1,-63.5239,-63.5092,0.0136341,28.6084,-80.6043,28.6084,-80.6044
35.46,2654.03,2660.47,-63.5406,-63.5258,0.0139512,28.6084,-80.6043,28.6084,-80.6044
35.47,2653.4,2659.83,-63.5573,-63.5444,0.0142058,28.6084,-80.6043,28.6084,-80.6044
35.48,2652.76,2659.2,-63.5739,-63.5603,0.0136189,28.6084,-80.6043,28.6084,-80.6044
35.49,2652.12,2658.56,-63.5905,-63.5782,0.0142429,28.6084,-80.6043,28.6084,-80.6044
35.5,2651.49,2657.81,-63.607,-63.5927,0.0142374,28.6084,-80.6043,28.6084,-80.6044
35.51,2650.85,2657.17,-63.6234,-63.6084,0.0133966,28.6084,-80.6043,28.6084,-80.6044
35.52,2650.22,2656.54,-63.6399,-63.6239,0.0130776,28.6084,-80.6043,28.6084,-80.6044
35.53,2649.58,2655.9,-63.6562,-63.641,0.0123837,28.6084,-80.6043,28.6084,-80.6044
35.54,2648.94,2655.26,-63.6726,-63.6565,0.0119395,28.6084,-80.6043,28.6084,-80.6044
35.55,2648.3,2654.63,-63.6888,-63.6724,0.0125102,28.6084,-80.6043,28.6084,-80.6044
35.56,2647.67,2653.99,-63.7051,-63.6877,0.0122863,28.6084,-80.6043,28.6084,-80.6044
35.57,2647.03,2653.35,-63.7212,-63.7038,0.0124099,28.6084,-80.6043,28.6084,-80.6044
35.58,2646.39,2652.72,-63.7374,-63.7213,0.0127818,28.6084,-80.6043,28.6084,-80.6044
35.59,2645.76,2652.08,-63.7535,-63.7381,0.0122005,28.6084,-80.6043,28.6084,-80.6044
35.6,2645.12,2651.84,-63.7695,-63.7552,0.0130063,28.6084,-80.6043,28.6084,-80.6044
35.61,2644.48,2651.2,-63.7855,-63.7703,0.0138782,28.6084,-80.6043,28.6084,-80.6044
35.62,2643.84,2650.57,-63.8014,-63.7869,0.0139654,28.6084,-80.6043,28.6084,-80.6044
35.63,2643.2,2649.93,-63.8173,-63.8042,0.0140187,28.6084,-80.6043,28.6084,-80.6044
35.64,2642.57,2649.29,-63.8332,-63.8206,0.0133027,28.6084,-80.6043,28.6084,-80.6044
35.65,2641.93,2648.65,-63.849,-63.8383,0.012405,28.6084,-80.6043,28.6084,-80.6044
35.66,2641.29,2648.01,-63.8647,-63.8557,0.011612,28.6084,-80.6043,28.6084,-80.6044
35.67,2640.65,2647.37,-63.8804,-63.8703,0.0114957,28.6084,-80.6043,28.6084,-80.6044
35.68,2640.01,2646.74,-63.8961,-63.8862,0.012349,28.6084,-80.6043,28.6084,-80.6044
35.69,2639.37,2646.1,-63.9117,-63.9033,0.0127736,28.6084,-80.6043,28.6084,-80.6044
35.7,2638.73,2645.75,-63.9273,-63.9187,0.0136163,28.6084,-80.6043,28.6084,-80.6044
35.71,2638.09,2645.11,-63.9428,-63.9345,0.0134879,28.6084,-80.6043,28.6084,-80.6044
35.72,2637.45,2644.47,-63.9583,-63.9519,0.0126238,28.6084,-80.6043,28.6084,-80.6044
35.73,2636.81,2643.83,-63.9737,-63.9688,0.0123185,28.6084,-80.6043,28.6084,-80.6044
35.74,2636.17,2643.19,-63.9891,-63.9851,0.0120202,28.6084,-80.6043,28.6084,-80.6044
35.75,2635.53,2642.55,-64.0044,-64.0014,0.0130144,28.6084,-80.6043,28.6084,-80.6044
35.76,2634.89,2641.91,-64.0197,-64.0178,0.0123869,28.6084,-80.6043,28.6084,-80.6044
35.77,2634.25,2641.27,-64.035,-64.0337,0.0129512,28.6084,-80.6043,28.6084,-80.6044
35.78,2633.61,2640.63,-64.0502,-64.0495,0.013693,28.6084,-80.6043,28.6084,-80.6044
35.79,2632.97,2639.99,-64.0653,-64.0661,0.0136345,28.6084,-80.6043,28.6084,-80.6044
35.8,2632.33,2639.64,-64.0804,-64.0797,0.0130123,28.6084,-80.6043,28.6084,-80.6044
35.81,2631.69,2639,-64.0955,-64.0944,0.0139374,28.6084,-80.6043,28.6084,-80.6044
35.82,2631.05,2638.36,-64.1105,-64.1114,0.0138027,28.6084,-80.6043,28.6084,-80.6044
35.83,2630.41,2637.71,-64.1255,-64.1248,0.0131026,28.6084,-80.6043,28.6084,-80.6044
35.84,2629.77,2637.07,-64.1404,-64.1412,0.012938,28.6084,-80.6043,28.6084,-80.6044
35.85,2629.12,2636.43,-64.1553,-64.1578,0.0131193,28.6084,-80.6043,28.6084,-80.6044
35.86,2628.48,2635.79,-64.1701,-64.1733,0.0131336,28.6084,-80.6043,28.6084,-80.6044
35.87,2627.84,2635.15,-64.1849,-64.1877,0.0129377,28.6084,-80.6043,28.6084,-80.6044
35.88,2627.2,2634.51,-64.1997,-64.2019,0.0138288,28.6084,-80.6043,28.6084,-80.6044
35.89,2626.56,2633.86,-64.2144,-64.2159,0.0147884,28.6084,-80.6043,28.6084,-80.6044
35.9,2625.91,2633.57,-64.229,-64.2318,0.0151412,28.6084,-80.6043,28.6084,-80.6044
35.91,2625.27,2632.92,-64.2436,-64.2475,0.0141825,28.6084,-80.6043,28.6084,-80.6044
35.92,2624.63,2632.28,-64.2582,-64.2641,0.014604,28.6084,-80.6043,28.6084,-80.6044
35.93,2623.99,2631.64,-64.2727,-64.277,0.0138806,28.6084,-80.6043,28.6084,-80.6044
35.94,2623.34,2631,-64.2872,-64.2928,0.0144533,28.6084,-80.6043,28.6084,-80.6044
35.95,2622.7,2630.35,-64.3016,-64.3079,0.0149604,28.6084,-80.6043,28.6084,-80.6044
35.96,2622.06,2629.71,-64.316,-64.3212,0.01454,28.6084,-80.6043,28.6084,-80.6044
35.97,2621.41,2629.07,-64.3304,-64.3344,0.0139744,28.6084,-80.6043,28.6084,-80.6044
35.98,2620.77,2628.42,-64.3447,-64.35,0.0148094,28.6084,-80.6043,28.6084,-80.6044
35.99,2620.13,2627.78,-64.359,-64.3648,0.0150027,28.6084,-80.6043,28.6084,-80.6044
36,2619.48,2626.83,-64.3732,-64.3771,0.0159083,28.6084,-80.6043,28.6083,-80.6043
36.01,2618.84,2626.19,-64.3874,-64.3896,0.0160104,28.6084,-80.6043,28.6083,-80.6043
36.02,2618.2,2625.54,-64.4015,-64.4056,0.0152198,28.6084,-80.6043,28.6083,-80.6043
36.03,2617.55,2624.9,-64.4156,-64.419,0.015597,28.6084,-80.6043,28.6083,-80.6043
36.04,2616.91,2624.25,-64.4296,-64.4337,0.0147457,28.6084,-80.6043,28.6083,-80.6043
36.05,2616.26,2623.61,-64.4436,-64.4469,0.0143929,28.6084,-80.6043,28.6083,-80.6043
36.06,2615.62,2622.97,-64.4576,-64.4597,0.0145945,28.6084,-80.6043,28.6083,-80.6043
36.07,2614.97,2622.32,-64.4715,-64.4738,0.0155276,28.6084,-80.6043,28.6083,-80.6043
36.08,2614.33,2621.68,-64.4854,-64.4881,0.0161059,28.6084,-80.6043,28.6083,-80.6043
36.09,2613.68,2621.03,-64.4992,-64.501,0.0154493,28.6084,-80.6043,28.6083,-80.6043
36.1,2613.04,2620.23,-64.513,-64.5165,0.0154246,28.6084,-80.6043,28.6083,-80.6043
36.11,2612.39,2619.58,-64.5267,-64.5307,0.0152348,28.6084,-80.6043,28.6083,-80.6043
36.12,2611.75,2618.94,-64.5404,-64.5434,0.0159439,28.6084,-80.6043,28.6083,-80.6043
36.13,2611.1,2618.29,-64.5541,-64.5575,0.0163518,28.6084,-80.6043,28.6083,-80.6043
36.14,2610.46,2617.64,-64.5677,-64.57,0.0171317,28.6084,-80.6043,28.6083,-80.6043
36.15,2609.81,2617,-64.5813,-64.5845,0.0163681,28.6084,-80.6043,28.6083,-80.6043
36.16,2609.17,2616.35,-64.5948,-64.6,0.0168712,28.6084,-80.6043,28.6083,-80.6043
36.17,2608.52,2615.71,-64.6083,-64.615,0.0161103,28.6084,-80.6043,28.6083,-80.6043
36.18,2607.87,2615.06,-64.6218,-64.6287,0.0167484,28.6084,-80.6043,28.6083,-80.6043
36.19,2607.23,2614.41,-64.6352,-64.6423,0.0167848,28.6084,-80.6043,28.6083,-80.6043
36.2,2606.58,2613.39,-64.6486,-64.6555,0.0173172,28.6084,-80.6043,28.6083,-80.6043
36.21,2605.93,2612.74,-64.6619,-64.6697,0.0167734,28.6084,-80.6043,28.6083,-80.6043
36.22,2605.29,2612.09,-64.6752,-64.6839,0.016806,28.6084,-80.6043,28.6083,-80.6043
36.23,2604.64,2611.45,-64.6884,-64.699,0.0177859,28.6084,-80.6043,28.6083,-80.6043
36.24,2603.99,2610.8,-64.7016,-64.7115,0.0169782,28.6084,-80.6043,28.6083,-80.6043
36.25,2603.35,2610.15,-64.7148,-64.7247,0.0161321,28.6084,-80.6043,28.6083,-80.6043
36.26,2602.7,2609.51,-64.7279,-64.7385,0.0168975,28.6084,-80.6043,28.6083,-80.6043
36.27,2602.05,2608.86,-64.741,-64.7502,0.0163145,28.6084,-80.6043,28.6083,-80.6043
36.28,2601.4,2608.21,-64.754,-64.7642,0.0163786,28.6084,-80.6043,28.6083,-80.6043
36.29,2600.76,2607.56,-64.767,-64.7752,0.0157119,28.6084,-80.6043,28.6083,-80.6043
36.3,2600.11,2606.45,-64.78,-64.787,0.014936,28.6084,-80.6043,28.6083,-80.6043
36.31,2599.46,2605.8,-64.7929,-64.8012,0.0144211,28.6084,-80.6043,28.6083,-80.6043
36.32,2598.81,2605.15,-64.8058,-64.8149,0.0153859,28.6084,-80.6043,28.6083,-80.6043
36.33,2598.16,2604.5,-64.8186,-64.8294,0.0158731,28.6084,-80.6043,28.6083,-80.6043
36.34,2597.52,2603.85,-64.8314,-64.8422,0.0160531,28.6084,-80.6043,28.6083,-80.6043
36.35,2596.87,2603.2,-64.8442,-64.855,0.0166608,28.6084,-80.6043,28.6083,-80.6043
36.36,2596.22,2602.56,-64.8569,-64.8668,0.0171366,28.6084,-80.6043,28.6083,-80.6043
36.37,2595.57,2601.91,-64.8696,-64.8812,0.0166075,28.6084,-80.6043,28.6083,-80.6043
36.38,2594.92,2601.26,-64.8822,-64.8928,0.0157347,28.6084,-80.6043,28.6083,-80.6043
36.39,2594.27,2600.61,-64.8948,-64.9037,0.0164372,28.6084,-80.6043,28.6083,-80.6043
36.4,2593.62,2599.95,-64.9073,-64.9161,0.0154381,28.6084,-80.6043,28.6083,-80.6043
36.41,2592.97,2599.3,-64.9199,-64.9298,0.0160951,28.6084,-80.6043,28.6083,-80.6043
36.42,2592.32,2598.65,-64.9323,-64.9426,0.0164963,28.6084,-80.6043,28.6083,-80.6043
36.43,2591.68,2598,-64.9448,-64.9556,0.0163115,28.6084,-80.6043,28.6083,-80.6043
36.44,2591.03,2597.35,-64.9572,-64.9665,0.0156067,28.6084,-80.6043,28.6083,-80.6043
36.45,2590.38,2596.7,-64.9695,-64.9788,0.0147041,28.6084,-80.6043,28.6083,-80.6043
36.46,2589.73,2596.05,-64.9819,-64.9904,0.0152285,28.6084,-80.6043,28.6083,-80.6043
36.47,2589.08,2595.4,-64.9941,-65.0033,0.0155656,28.6084,-80.6043,28.6083,-80.6043
36.48,2588.43,2594.75,-65.0064,-65.0142,0.0147522,28.6084,-80.6043,28.6083,-80.6043
36.49,2587.78,2594.1,-65.0186,-65.0277,0.0145799,28.6084,-80.6043,28.6083,-80.6043
36.5,2587.13,2593.33,-65.0307,-65.0395,0.0155257,28.6084,-80.6043,28.6083,-80.6043
36.51,2586.48,2592.68,-65.0429,-65.0531,0.0146189,28.6084,-80.6043,28.6083,-80.6043
36.52,2585.82,2592.03,-65.055,-65.0657,0.0138112,28.6084,-80.6043,28.6083,-80.6043
36.53,2585.17,2591.37,-65.067,-65.0793,0.0133951,28.6084,-80.6043,28.6083,-80.6043
36.54,2584.52,2590.72,-65.079,-65.0895,0.0136979,28.6084,-80.6043,28.6083,-80.6043
36.55,2583.87,2590.07,-65.091,-65.1023,0.0130031,28.6084,-80.6043,28.6083,-80.6043
36.56,2583.22,2589.42,-65.1029,-65.116,0.012245,28.6084,-80.6043,28.6083,-80.6043
36.57,2582.57,2588.77,-65.1148,-65.1276,0.0127967,28.6084,-80.6043,28.6083,-80.6043
36.58,2581.92,2588.12,-65.1267,-65.1395,0.0137447,28.6084,-80.6043,28.6083,-80.6043
36.59,2581.27,2587.47,-65.1385,-65.1508,0.0140029,28.6084,-80.6043,28.6083,-80.6043
36.6,2580.62,2586.62,-65.1503,-65.1626,0.0143865,28.6084,-80.6043,28.6083,-80.6043
36.61,2579.96,2585.97,-65.162,-65.175,0.0134694,28.6084,-80.6043,28.6083,-80.6043
36.62,2579.31,2585.32,-65.1737,-65.1848,0.0126288,28.6084,-80.6043,28.6083,-80.6043
36.63,2578.66,2584.67,-65.1854,-65.1979,0.0119346,28.6084,-80.6043,28.6083,-80.6043
36.64,2578.01,2584.01,-65.197,-65.2096,0.0124103,28.6084,-80.6043,28.6083,-80.6043
36.65,2577.36,2583.36,-65.2086,-65.2227,0.0126634,28.6084,-80.6043,28.6083,-80.6043
36.66,2576.7,2582.71,-65.2202,-65.2359,0.0120083,28.6084,-80.6043,28.6083,-80.6043
36.67,2576.05,2582.06,-65.2317,-65.2455,0.0113582,28.6084,-80.6043,28.6083,-80.6043
36.68,2575.4,2581.41,-65.2432,-65.2578,0.0109323,28.6084,-80.6043,28.6083,-80.6043
36.69,2574.75,2580.75,-65.2546,-65.2708,0.0118003,28.6084,-80.6043,28.6083,-80.6043
36.7,2574.09,2579.84,-65.266,-65.2819,0.0113501,28.6084,-80.6043,28.6083,-80.6043
36.71,2573.44,2579.19,-65.2774,-65.2952,0.0120327,28.6084,-80.6043,28.6083,-80.6043
36.72,2572.79,2578.54,-65.2887,-65.3054,0.0113965,28.6084,-80.6043,28.6083,-80.6043
36.73,2572.14,2577.88,-65.3,-65.3154,0.0112531,28.6084,-80.6043,28.6083,-80.6043
36.74,2571.48,2577.23,-65.3113,-65.3254,0.0108709,28.6084,-80.6043,28.6083,-80.6043
36.75,2570.83,2576.58,-65.3225,-65.3382,0.0101235,28.6084,-80.6043,28.6083,-80.6043
36.76,2570.18,2575.92,-65.3337,-65.3491,0.00944649,28.6084,-80.6043,28.6083,-80.6043
36.77,2569.52,2575.27,-65.3448,-65.3618,0.00973543,28.6084,-80.6043,28.6083,-80.6043
36.78,2568.87,2574.62,-65.3559,-65.3737,0.00926143,28.6084,-80.6043,28.6083,-80.6043
36.79,2568.22,2573.96,-65.367,-65.3863,0.00832962,28.6084,-80.6043,28.6083,-80.6043
36.8,2567.56,2573.52,-65.378,-65.3977,0.0088588,28.6084,-80.6043,28.6083,-80.6043
36.81,2566.91,2572.87,-65.3891,-65.4103,0.0093781,28.6084,-80.6043,28.6083,-80.6043
36.82,2566.25,2572.21,-65.4,-65.4221,0.010066,28.6084,-80.6043,28.6083,-80.6043
36.83,2565.6,2571.56,-65.411,-65.4349,0.00988633,28.6084,-80.6043,28.6083,-80.6043
36.84,2564.95,2570.9,-65.4218,-65.4446,0.0101386,28.6084,-80.6043,28.6083,-80.6043
36.85,2564.29,2570.25,-65.4327,-65.4548,0.010713,28.6084,-80.6043,28.6083,-80.6043
36.86,2563.64,2569.6,-65.4435,-65.4663,0.0107658,28.6084,-80.6043,28.6083,-80.6043
36.87,2562.98,2568.94,-65.4543,-65.4768,0.0107827,28.6084,-80.6043,28.6083,-80.6043
36.88,2562.33,2568.29,-65.4651,-65.4882,0.00978402,28.6084,-80.6043,28.6083,-80.6043
36.89,2561.67,2567.63,-65.4758,-65.4996,0.0100851,28.6084,-80.6043,28.6083,-80.6043
36.9,2561.02,2567.03,-65.4865,-65.5118,0.00997667,28.6084,-80.6043,28.6083,-80.6043
36.91,2560.36,2566.37,-65.4971,-65.5236,0.0100884,28.6084,-80.6043,28.6083,-80.6043
36.92,2559.71,2565.72,-65.5077,-65.5328,0.0102453,28.6084,-80.6043,28.6083,-80.6043
36.93,2559.05,2565.06,-65.5183,-65.5421,0.0112409,28.6084,-80.6043,28.6083,-80.6043
36.94,2558.4,2564.41,-65.5289,-65.5522,0.0106564,28.6084,-80.6043,28.6083,-80.6043
36.95,2557.74,2563.75,-65.5394,-65.5616,0.0111074,28.6084,-80.6043,28.6083,-80.6043
36.96,2557.09,2563.1,-65.5498,-65.571,0.0111515,28.6084,-80.6043,28.6083,-80.6043
36.97,2556.43,2562.44,-65.5603,-65.5834,0.0113774,28.6084,-80.6043,28.6083,-80.6043
36.98,2555.78,2561.79,-65.5707,-65.5935,0.0112245,28.6084,-80.6043,28.6083,-80.6043
36.99,2555.12,2561.13,-65.5811,-65.6043,0.0106142,28.6084,-80.6043,28.6083,-80.6043
37,2554.46,2560.24,-65.5914,-65.6162,0.00997036,28.6084,-80.6043,28.6083,-80.6043
37.01,2553.81,2559.59,-65.6017,-65.6265,0.0104712,28.6084,-80.6043,28.6083,-80.6043
37.02,2553.15,2558.93,-65.6119,-65.6373,0.0107258,28.6084,-80.6043,28.6083,-80.6043
37.03,2552.5,2558.28,-65.6222,-65.6461,0.0113161,28.6084,-80.6043,28.6083,-80.6043
37.04,2551.84,2557.62,-65.6324,-65.6549,0.010624,28.6084,-80.6043,28.6083,-80.6043
37.05,2551.18,2556.96,-65.6425,-65.6657,0.0110288,28.6084,-80.6043,28.6083,-80.6043
37.06,2550.53,2556.31,-65.6527,-65.6748,0.0103685,28.6084,-80.6043,28.6083,-80.6043
37.07,2549.87,2555.65,-65.6628,-65.6841,0.0100585,28.6084,-80.6043,28.6083,-80.6043
37.08,2549.21,2554.99,-65.6728,-65.6947,0.00998373,28.6084,-80.6043,28.6083,-80.6043
37.09,2548.56,2554.33,-65.6829,-65.7064,0.00927694,28.6084,-80.6043,28.6083,-80.6043
37.1,2547.9,2553.83,-65.6928,-65.7145,0.00844463,28.6084,-80.6043,28.6083,-80.6043
37.11,2547.24,2553.17,-65.7028,-65.7234,0.00845939,28.6084,-80.6043,28.6083,-80.6043
37.12,2546.58,2552.51,-65.7127,-65.7347,0.00895591,28.6084,-80.6043,28.6083,-80.6043
37.13,2545.93,2551.85,-65.7226,-65.7442,0.00861295,28.6084,-80.6043,28.6083,-80.6043
37.14,2545.27,2551.2,-65.7325,-65.7549,0.00811517,28.6084,-80.6043,28.6083,-80.6043
37.15,2544.61,2550.54,-65.7423,-65.7665,0.00771428,28.6084,-80.6043,28.6083,-80.6043
37.16,2543.96,2549.88,-65.7521,-65.7773,0.00837435,28.6084,-80.6043,28.6083,-80.6043
37.17,2543.3,2549.22,-65.7619,-65.7865,0.00908459,28.6084,-80.6043,28.6083,-80.6043
37.18,2542.64,2548.56,-65.7716,-65.7954,0.00897272,28.6084,-80.6043,28.6083,-80.6043
37.19,2541.98,2547.91,-65.7813,-65.8043,0.00968427,28.6084,-80.6043,28.6083,-80.6043
37.2,2541.32,2547.3,-65.7909,-65.8128,0.00948447,28.6084,-80.6043,28.6083,-80.6043
37.21,2540.67,2546.64,-65.8006,-65.8221,0.00868507,28.6084,-80.6043,28.6083,-80.6043
37.22,2540.01,2545.98,-65.8102,-65.8299,0.00837005,28.6084,-80.6043,28.6083,-80.6043
37.23,2539.35,2545.33,-65.8197,-65.8393,0.00737749,28.6084,-80.6043,28.6083,-80.6043
37.24,2538.69,2544.67,-65.8293,-65.8488,0.00747257,28.6084,-80.6043,28.6083,-80.6043
37.25,2538.03,2544.01,-65.8388,-65.86,0.0069699,28.6084,-80.6043,28.6083,-80.6043
37.26,2537.37,2543.35,-65.8482,-65.871,0.00715979,28.6084,-80.6043,28.6083,-80.6043
37.27,2536.72,2542.69,-65.8577,-65.8809,0.00785814,28.6084,-80.6043,28.6083,-80.6043
37.28,2536.06,2542.03,-65.8671,-65.8914,0.00831341,28.6084,-80.6043,28.6083,-80.6043
37.29,2535.4,2541.37,-65.8764,-65.9023,0.0082376,28.6084,-80.6043,28.6083,-80.6043
37.3,2534.74,2541.17,-65.8858,-65.9104,0.00807441,28.6084,-80.6043,28.6083,-80.6043
37.31,2534.08,2540.52,-65.8951,-65.919,0.00720907,28.6084,-80.6043,28.6083,-80.6043
37.32,2533.42,2539.86,-65.9043,-65.9281,0.00688595,28.6084,-80.6043,28.6083,-80.6043
37.33,2532.76,2539.2,-65.9136,-65.9373,0.00637146,28.6084,-80.6043,28.6083,-80.6043
37.34,2532.1,2538.54,-65.9228,-65.9477,0.00598439,28.6084,-80.6043,28.6083,-80.6043
37.35,2531.44,2537.88,-65.932,-65.9563,0.00654924,28.6084,-80.6043,28.6083,-80.6043
37.36,2530.78,2537.22,-65.9411,-65.9664,0.00703556,28.6084,-80.6043,28.6083,-80.6043
37.37,2530.13,2536.56,-65.9502,-65.9746,0.00726331,28.6084,-80.6043,28.6083,-80.6043
37.38,2529.47,2535.9,-65.9593,-65.9845,0.00770206,28.6084,-80.6043,28.6083,-80.6043
37.39,2528.81,2535.24,-65.9684,-65.9951,0.00840924,28.6084,-80.6043,28.6083,-80.6043
37.4,2528.15,2534.67,-65.9774,-66.0029,0.00811252,28.6084,-80.6043,28.6083,-80.6043
37.41,2527.49,2534.01,-65.9864,-66.0101,0.00861404,28.6084,-80.6043,28.6083,-80.6043
37.42,2526.83,2533.34,-65.9953,-66.0178,0.00883978,28.6084,-80.6043,28.6083,-80.6043
37.43,2526.17,2532.68,-66.0042,-66.0268,0.00968483,28.6084,-80.6043,28.6083,-80.6043
37.44,2525.51,2532.02,-66.0131,-66.0374,0.00925481,28.6084,-80.6043,28.6083,-80.6043
37.45,2524.85,2531.36,-66.022,-66.0469,0.00978459,28.6084,-80.6043,28.6083,-80.6043
37.46,2524.19,2530.7,-66.0308,-66.0541,0.00960112,28.6084,-80.6043,28.6083,-80.6043
37.47,2523.53,2530.04,-66.0396,-66.0636,0.00912125,28.6084,-80.6043,28.6083,-80.6043
37.48,2522.86,2529.38,-66.0484,-66.0707,0.00922663,28.6084,-80.6043,28.6083,-80.6043
37.49,2522.2,2528.72,-66.0571,-66.0796,0.00867888,28.6084,-80.6043,28.6083,-80.6043
37.5,2521.54,2527.9,-66.0659,-66.0896,0.00815228,28.6084,-80.6043,28.6083,-80.6043
37.51,2520.88,2527.24,-66.0745,-66.0983,0.00905701,28.6084,-80.6043,28.6083,-80.6043
37.52,2520.22,2526.58,-66.0832,-66.1085,0.00854653,28.6084,-80.6043,28.6083,-80.6043
37.53,2519.56,2525.92,-66.0918,-66.1164,0.00797523,28.6084,-80.6043,28.6083,-80.6043
37.54,2518.9,2525.26,-66.1004,-66.1266,0.00793259,28.6084,-80.6043,28.6083,-80.6043
37.55,2518.24,2524.6,-66.1089,-66.1349,0.00703829,28.6084,-80.6043,28.6083,-80.6043
37.56,2517.58,2523.94,-66.1175,-66.1419,0.00667179,28.6084,-80.6043,28.6083,-80.6043
37.57,2516.92,2523.28,-66.126,-66.149,0.00665866,28.6084,-80.6043,28.6083,-80.6043
37.58,2516.26,2522.61,-66.1344,-66.1562,0.00721676,28.6084,-80.6043,28.6083,-80.6043
37.59,2515.59,2521.95,-66.1429,-66.1644,0.00637703,28.6084,-80.6043,28.6083,-80.6043
37.6,2514.93,2521.69,-66.1513,-66.1743,0.00604361,28.6084,-80.6043,28.6083,-80.6043
37.61,2514.27,2521.03,-66.1597,-66.1847,0.00633005,28.6084,-80.6043,28.6083,-80.6043
37.62,2513.61,2520.37,-66.168,-66.194,0.00622585,28.6084,-80.6043,28.6083,-80.6043
37.63,2512.95,2519.7,-66.1763,-66.2035,0.00665807,28.6084,-80.6043,28.6083,-80.6043
37.64,2512.29,2519.04,-66.1846,-66.2111,0.006441,28.6084,-80.6043,28.6083,-80.6043
37.65,2511.62,2518.38,-66.1929,-66.2176,0.00578405,28.6084,-80.6043,28.6083,-80.6043
37.66,2510.96,2517.72,-66.2011,-66.2265,0.00659439,28.6084,-80.6043,28.6083,-80.6043
37.67,2510.3,2517.05,-66.2093,-66.2356,0.00674427,28.6084,-80.6043,28.6083,-80.6043
37.68,2509.64,2516.39,-66.2175,-66.2434,0.00673878,28.6084,-80.6043,28.6083,-80.6043
37.69,2508.97,2515.73,-66.2256,-66.2509,0.00584995,28.6084,-80.6043,28.6083,-80.6043
37.7,2508.31,2515.02,-66.2337,-66.2607,0.00630223,28.6084,-80.6043,28.6083,-80.6043
37.71,2507.65,2514.35,-66.2418,-66.2671,0.00646757,28.6084,-80.6043,28.6083,-80.6043
37.72,2506.99,2513.69,-66.2499,-66.2754,0.00581785,28.6084,-80.6043,28.6083,-80.6043
37.73,2506.32,2513.03,-66.2579,-66.284,0.00681381,28.6084,-80.6043,28.6083,-80.6043
37.74,2505.66,2512.36,-66.2659,-66.293,0.0067772,28.6084,-80.6043,28.6083,-80.6043
37.75,2505,2511.7,-66.2739,-66.3016,0.00629129,28.6084,-80.6043,28.6083,-80.6043
37.76,2504.34,2511.04,-66.2818,-66.3115,0.00724027,28.6084,-80.6043,28.6083,-80.6043
37.77,2503.67,2510.37,-66.2897,-66.3194,0.00715594,28.6084,-80.6043,28.6083,-80.6043
37.78,2503.01,2509.71,-66.2976,-66.3286,0.00662591,28.6084,-80.6043,28.6083,-80.6043
37.79,2502.35,2509.05,-66.3055,-66.3379,0.00674965,28.6084,-80.6043,28.6083,-80.6043
37.8,2501.68,2508.19,-66.3133,-66.347,0.00635642,28.6084,-80.6043,28.6083,-80.6043
37.81,2501.02,2507.53,-66.3211,-66.3532,0.006529,28.6084,-80.6043,28.6083,-80.6043
37.82,2500.36,2506.86,-66.3289,-66.3611,0.00686875,28.6084,-80.6043,28.6083,-80.6043
37.83,2499.69,2506.2,-66.3366,-66.3705,0.0061493,28.6084,-80.6043,28.6083,-80.6043
37.84,2499.03,2505.54,-66.3443,-66.3773,0.00544287,28.6084,-80.6043,28.6083,-80.6043
37.85,2498.37,2504.87,-66.352,-66.3835,0.00576609,28.6084,-80.6043,28.6083,-80.6043
37.86,2497.7,2504.21,-66.3596,-66.3911,0.00566426,28.6084,-80.6043,28.6083,-80.6043
37.87,2497.04,2503.54,-66.3673,-66.4003,0.0060681,28.6084,-80.6043,28.6083,-80.6043
37.88,2496.38,2502.88,-66.3749,-66.4067,0.00524645,28.6084,-80.6043,28.6083,-80.6043
37.89,2495.71,2502.22,-66.3824,-66.4124,0.00483144,28.6084,-80.6043,28.6083,-80.6043
37.9,2495.05,2501.09,-66.39,-66.4203,0.00425993,28.6084,-80.6043,28.6083,-80.6043
37.91,2494.39,2500.43,-66.3975,-66.4286,0.00472617,28.6084,-80.6043,28.6083,-80.6043
37.92,2493.72,2499.76,-66.405,-66.4351,0.00485684,28.6084,-80.6043,28.6083,-80.6043
37.93,2493.06,2499.1,-66.4125,-66.4406,0.0056411,28.6084,-80.6043,28.6083,-80.6043
37.94,2492.39,2498.43,-66.4199,-66.4496,0.0049529,28.6084,-80.6043,28.6083,-80.6043
37.95,2491.73,2497.77,-66.4273,-66.4582,0.0039914,28.6084,-80.6043,28.6083,-80.6043
37.96,2491.06,2497.11,-66.4347,-66.4666,0.00455501,28.6084,-80.6043,28.6083,-80.6043
37.97,2490.4,2496.44,-66.442,-66.474,0.0053925,28.6084,-80.6043,28.6083,-80.6043
37.98,2489.74,2495.78,-66.4494,-66.4799,0.00564553,28.6084,-80.6043,28.6083,-80.6043
37.99,2489.07,2495.11,-66.4567,-66.4866,0.00466978,28.6084,-80.6043,28.6083,-80.6043
38,2488.41,2494.33,-66.4639,-66.4939,0.00428142,28.6084,-80.6043,28.6085,-80.6043
38.01,2487.74,2493.67,-66.4712,-66.501,0.00407544,28.6084,-80.6043,28.6085,-80.6043
38.02,2487.08,2493,-66.4784,-66.5094,0.00316607,28.6084,-80.6043,28.6085,-80.6043
38.03,2486.41,2492.34,-66.4856,-66.515,0.00299059,28.6084,-80.6043,28.6085,-80.6043
38.04,2485.75,2491.67,-66.4928,-66.5227,0.00259372,28.6084,-80.6043,28.6085,-80.6043
38.05,2485.08,2491.01,-66.4999,-66.5313,0.00180975,28.6084,-80.6043,28.6085,-80.6043
38.06,2484.42,2490.34,-66.507,-66.5369,0.00103673,28.6084,-80.6043,28.6085,-80.6043
38.07,2483.75,2489.68,-66.5141,-66.546,0.00202494,28.6084,-80.6043,28.6085,-80.6043
38.08,2483.09,2489.01,-66.5211,-66.554,0.00141627,28.6084,-80.6043,28.6085,-80.6043
38.09,2482.42,2488.35,-66.5282,-66.563,0.00145277,28.6084,-80.6043,28.6085,-80.6043
38.1,2481.76,2488.13,-66.5352,-66.5681,0.00145197,28.6084,-80.6043,28.6085,-80.6043
38.11,2481.09,2487.46,-66.5422,-66.5753,0.000704195,28.6084,-80.6043,28.6085,-80.6043
38.12,2480.42,2486.8,-66.5491,-66.5839,0.00141407,28.6084,-80.6043,28.6085,-80.6043
38.13,2479.76,2486.13,-66.556,-66.5904,0.0011881,28.6084,-80.6043,28.6085,-80.6043
38.14,2479.09,2485.47,-66.5629,-66.5977,0.00131023,28.6084,-80.6043,28.6085,-80.6043
38.15,2478.43,2484.8,-66.5698,-66.6034,0.00157956,28.6084,-80.6043,28.6085,-80.6043
38.16,2477.76,2484.13,-66.5767,-66.611,0.00112,28.6084,-80.6043,28.6085,-80.6043
38.17,2477.1,2483.47,-66.5835,-66.6165,0.000838384,28.6084,-80.6043,28.6085,-80.6043
38.18,2476.43,2482.8,-66.5903,-66.6246,0.000328288,28.6084,-80.6043,28.6085,-80.6043
38.19,2475.76,2482.14,-66.5971,-66.6306,0.000285117,28.6084,-80.6043,28.6085,-80.6043
38.2,2475.1,2481.77,-66.6038,-66.6377,0.000915021,28.6084,-80.6043,28.6085,-80.6043
38.21,2474.43,2481.11,-66.6105,-66.6451,0.00154522,28.6084,-80.6043,28.6085,-80.6043
38.22,2473.77,2480.44,-66.6172,-66.6524,0.00209164,28.6084,-80.6043,28.6085,-80.6043
38.23,2473.1,2479.77,-66.6239,-66.661,0.00179719,28.6084,-80.6043,28.6085,-80.6043
38.24,2472.43,2479.11,-66.6305,-66.6685,0.00277367,28.6084,-80.6043,28.6085,-80.6043
38.25,2471.77,2478.44,-66.6371,-66.6737,0.00323057,28.6084,-80.6043,28.6085,-80.6043
38.26,2471.1,2477.77,-66.6437,-66.679,0.00418755,28.6084,-80.6043,28.6085,-80.6043
38.27,2470.43,2477.11,-66.6503,-66.6843,0.00455952,28.6084,-80.6043,28.6085,-80.6043
38.28,2469.77,2476.44,-66.6568,-66.6905,0.00395286,28.6084,-80.6043,28.6085,-80.6043
38.29,2469.1,2475.77,-66.6634,-66.6987,0.00327005,28.6084,-80.6043,28.6085,-80.6043
38.3,2468.43,2475.04,-66.6698,-66.7032,0.00369905,28.6084,-80.6043,28.6085,-80.6043
38.31,2467.77,2474.38,-66.6763,-66.7098,0.00379343,28.6084,-80.6043,28.6085,-80.6043
38.32,2467.1,2473.71,-66.6828,-66.7149,0.00364895,28.6084,-80.6043,28.6085,-80.6043
38.33,2466.43,2473.04,-66.6892,-66.7202,0.00372616,28.6084,-80.6043,28.6085,-80.6043
38.34,2465.77,2472.37,-66.6956,-66.7249,0.00309111,28.6084,-80.6043,28.6085,-80.6043
38.35,2465.1,2471.71,-66.7019,-66.7319,0.0025941,28.6084,-80.6043,28.6085,-80.6043
38.36,2464.43,2471.04,-66.7083,-66.7375,0.00193141,28.6084,-80.6043,28.6085,-80.6043
38.37,2463.77,2470.37,-66.7146,-66.7434,0.00185043,28.6084,-80.6043,28.6085,-80.6043
38.38,2463.1,2469.7,-66.7209,-66.751,0.0027378,28.6084,-80.6043,28.6085,-80.6043
38.39,2462.43,2469.04,-66.7271,-66.7563,0.00207312,28.6084,-80.6043,28.6085,-80.6043
38.4,2461.76,2468.06,-66.7334,-66.7613,0.00203196,28.6084,-80.6043,28.6085,-80.6043
38.41,2461.1,2467.39,-66.7396,-66.7656,0.00161011,28.6084,-80.6043,28.6085,-80.6043
38.42,2460.43,2466.72,-66.7458,-66.771,0.00135428,28.6084,-80.6043,28.6085,-80.6043
38.43,2459.76,2466.06,-66.752,-66.7772,0.00188333,28.6084,-80.6043,28.6085,-80.6043
38.44,2459.09,2465.39,-66.7581,-66.7833,0.0018162,28.6084,-80.6043,28.6085,-80.6043
38.45,2458.43,2464.72,-66.7642,-66.7895,0.000822521,28.6084,-80.6043,28.6085,-80.6043
38.46,2457.76,2464.05,-66.7703,-66.7947,-0.000125051,28.6084,-80.6043,28.6085,-80.6043
38.47,2457.09,2463.39,-66.7764,-66.7994,-0.000834834,28.6084,-80.6043,28.6085,-80.6043
38.48,2456.42,2462.72,-66.7825,-66.8042,-0.00108797,28.6084,-80.6043,28.6085,-80.6043
38.49,2455.75,2462.05,-66.7885,-66.812,-0.00208631,28.6084,-80.6043,28.6085,-80.6043
38.5,2455.09,2461.63,-66.7945,-66.8171,-0.00248076,28.6084,-80.6043,28.6085,-80.6043
38.51,2454.42,2460.96,-66.8005,-66.8224,-0.00169338,28.6084,-80.6043,28.6085,-80.6043
38.52,2453.75,2460.29,-66.8064,-66.8297,-0.00254325,28.6084,-80.6043,28.6085,-80.6043
38.53,2453.08,2459.62,-66.8124,-66.8343,-0.00174803,28.6084,-80.6043,28.6085,-80.6043
38.54,2452.41,2458.95,-66.8183,-66.8413,-0.00148115,28.6084,-80.6043,28.6085,-80.6043
38.55,2451.75,2458.29,-66.8241,-66.8476,-0.0019983,28.6084,-80.6043,28.6085,-80.6043
38.56,2451.08,2457.62,-66.83,-66.8539,-0.00166608,28.6084,-80.6043,28.6085,-80.6043
38.57,2450.41,2456.95,-66.8358,-66.858,-0.00110593,28.6084,-80.6043,28.6085,-80.6043
38.58,2449.74,2456.28,-66.8417,-66.8652,-0.000724635,28.6084,-80.6043,28.6085,-80.6043
38.59,2449.07,2455.61,-66.8474,-66.8717,-0.000488074,28.6084,-80.6043,28.6085,-80.6043
38.6,2448.4,2455.29,-66.8532,-66.8788,-0.000860235,28.6084,-80.6043,28.6085,-80.6043
38.61,2447.74,2454.62,-66.859,-66.8852,-0.00156274,28.6084,-80.6043,28.6085,-80.6043
38.62,2447.07,2453.95,-66.8647,-66.891,-0.00253426,28.6084,-80.6043,28.6085,-80.6043
38.63,2446.4,2453.28,-66.8704,-66.8966,-0.00247022,28.6084,-80.6043,28.6085,-80.6043
38.64,2445.73,2452.61,-66.8761,-66.9043,-0.00297189,28.6084,-80.6043,28.6085,-80.6043
38.65,2445.06,2451.94,-66.8817,-66.9086,-0.00256748,28.6084,-80.6043,28.6085,-80.6043
38.66,2444.39,2451.27,-66.8873,-66.9156,-0.00211052,28.6084,-80.6043,28.6085,-80.6043
38.67,2443.72,2450.6,-66.8929,-66.9198,-0.00267076,28.6084,-80.6043,28.6085,-80.6043
38.68,2443.05,2449.93,-66.8985,-66.9251,-0.00217786,28.6084,-80.6043,28.6085,-80.6043
38.69,2442.39,2449.26,-66.9041,-66.9309,-0.00277926,28.6084,-80.6043,28.6085,-80.6043
38.7,2441.72,2448.2,-66.9096,-66.9379,-0.0023712,28.6084,-80.6043,28.6085,-80.6043
38.71,2441.05,2447.53,-66.9151,-66.943,-0.0021109,28.6084,-80.6043,28.6085,-80.6043
38.72,2440.38,2446.87,-66.9206,-66.9489,-0.00122803,28.6084,-80.6043,28.6085,-80.6043
38.73,2439.71,2446.2,-66.9261,-66.9551,-0.000831772,28.6084,-80.6043,28.6085,-80.6043
38.74,2439.04,2445.53,-66.9315,-66.9603,-0.000850829,28.6084,-80.6043,28.6085,-80.6043
38.75,2438.37,2444.86,-66.937,-66.9677,-6.01439e-05,28.6084,-80.6043,28.6085,-80.6043
38.76,2437.7,2444.19,-66.9424,-66.9724,-0.000738558,28.6084,-80.6043,28.6085,-80.6043
38.77,2437.03,2443.52,-66.9478,-66.9782,-0.000337363,28.6084,-80.6043,28.6085,-80.6043
38.78,2436.36,2442.85,-66.9531,-66.9829,0.000478834,28.6084,-80.6043,28.6085,-80.6043
38.79,2435.69,2442.18,-66.9585,-66.9873,0.00134311,28.6084,-80.6043,28.6085,-80.6043
38.8,2435.02,2441.75,-66.9638,-66.9917,0.00117885,28.6084,-80.6043,28.6085,-80.6043
38.81,2434.35,2441.08,-66.9691,-66.9987,0.000712273,28.6084,-80.6043,28.6085,-80.6043
38.82,2433.68,2440.41,-66.9743,-67.0047,-0.000213255,28.6084,-80.6043,28.6085,-80.6043
38.83,2433.01,2439.74,-66.9796,-67.0119,0.000305615,28.6084,-80.6043,28.6085,-80.6043
38.84,2432.34,2439.07,-66.9848,-67.0182,-0.000421103,28.6084,-80.6043,28.6085,-80.6043
38.85,2431.67,2438.4,-66.99,-67.0236,0.000266543,28.6084,-80.6043,28.6085,-80.6043
38.86,2431,2437.73,-66.9952,-67.027,-0.000546219,28.6084,-80.6043,28.6085,-80.6043
38.87,2430.33,2437.06,-67.0004,-67.0333,0.000189109,28.6084,-80.6043,28.6085,-80.6043
38.88,2429.66,2436.39,-67.0055,-67.0388,0.00104774,28.6084,-80.6043,28.6085,-80.6043
38.89,2428.99,2435.72,-67.0106,-67.0442,0.00185752,28.6084,-80.6043,28.6085,-80.6043
38.9,2428.32,2434.95,-67.0157,-67.0475,0.00150297,28.6084,-80.6043,28.6085,-80.6043
38.91,2427.65,2434.28,-67.0208,-67.0522,0.00190056,28.6084,-80.6043,28.6085,-80.6043
38.92,2426.98,2433.61,-67.0258,-67.0581,0.00247082,28.6084,-80.6043,28.6085,-80.6043
38.93,2426.31,2432.94,-67.0309,-67.0627,0.00148585,28.6084,-80.6043,28.6085,-80.6043
38.94,2425.64,2432.27,-67.0359,-67.0668,0.00118543,28.6084,-80.6043,28.6085,-80.6043
38.95,2424.97,2431.6,-67.0409,-67.0721,0.00177387,28.6084,-80.6043,28.6085,-80.6043
38.96,2424.3,2430.93,-67.0458,-67.0758,0.00215806,28.6084,-80.6043,28.6085,-80.6043
38.97,2423.63,2430.26,-67.0508,-67.0824,0.00287487,28.6084,-80.6043,28.6085,-80.6043
38.98,2422.96,2429.58,-67.0557,-67.0865,0.00357584,28.6084,-80.6043,28.6085,-80.6043
38.99,2422.29,2428.91,-67.0606,-67.093,0.00425963,28.6084,-80.6043,28.6085,-80.6043
39,2421.62,2427.79,-67.0655,-67.0987,0.00513716,28.6084,-80.6043,28.6084,-80.6043
39.01,2420.95,2427.11,-67.0704,-67.1025,0.00447706,28.6084,-80.6043,28.6084,-80.6043
39.02,2420.28,2426.44,-67.0752,-67.109,0.00493082,28.6084,-80.6043,28.6084,-80.6043
39.03,2419.61,2425.77,-67.08,-67.1157,0.0047026,28.6084,-80.6043,28.6084,-80.6043
39.04,2418.94,2425.1,-67.0848,-67.1212,0.00398818,28.6084,-80.6043,28.6084,-80.6043
39.05,2418.26,2424.43,-67.0896,-67.1277,0.00420812,28.6084,-80.6043,28.6084,-80.6043
39.06,2417.59,2423.76,-67.0944,-67.1307,0.00459129,28.6084,-80.6043,28.6084,-80.6043
39.07,2416.92,2423.09,-67.0991,-67.135,0.00488165,28.6084,-80.6043,28.6084,-80.6043
39.08,2416.25,2422.42,-67.1038,-67.1415,0.00396739,28.6084,-80.6043,28.6084,-80.6043
39.09,2415.58,2421.74,-67.1085,-67.1465,0.00469249,28.6084,-80.6043,28.6084,-80.6043
39.1,2414.91,2420.97,-67.1132,-67.1502,0.00475339,28.6084,-80.6043,28.6084,-80.6043
39.11,2414.24,2420.3,-67.1178,-67.154,0.00451527,28.6084,-80.6043,28.6084,-80.6043
39.12,2413.57,2419.62,-67.1225,-67.1574,0.00407949,28.6084,-80.6043,28.6084,-80.6043
39.13,2412.9,2418.95,-67.1271,-67.1612,0.0045888,28.6084,-80.6043,28.6084,-80.6043
39.14,2412.22,2418.28,-67.1317,-67.1676,0.00379372,28.6084,-80.6043,28.6084,-80.6043
39.15,2411.55,2417.61,-67.1363,-67.1705,0.00416577,28.6084,-80.6043,28.6084,-80.6043
39.16,2410.88,2416.94,-67.1408,-67.1733,0.00321353,28.6084,-80.6043,28.6084,-80.6043
39.17,2410.21,2416.27,-67.1454,-67.1769,0.00351619,28.6084,-80.6043,28.6084,-80.6043
39.18,2409.54,2415.59,-67.1499,-67.1831,0.00278633,28.6084,-80.6043,28.6084,-80.6043
39.19,2408.87,2414.92,-67.1544,-67.1857,0.00220094,28.6084,-80.6043,28.6084,-80.6043
39.2,2408.2,2414.19,-67.1588,-67.1913,0.00235979,28.6084,-80.6043,28.6084,-80.6043
39.21,2407.52,2413.52,-67.1633,-67.1972,0.00175361,28.6084,-80.6043,28.6084,-80.6043
39.22,2406.85,2412.85,-67.1677,-67.2006,0.00265906,28.6084,-80.6043,28.6084,-80.6043
39.23,2406.18,2412.17,-67.1722,-67.206,0.00209868,28.6084,-80.6043,28.6084,-80.6043
39.24,2405.51,2411.5,-67.1766,-67.2092,0.00304816,28.6084,-80.6043,28.6084,-80.6043
39.25,2404.84,2410.83,-67.1809,-67.2125,0.00312061,28.6084,-80.6043,28.6084,-80.6043
39.26,2404.16,2410.16,-67.1853,-67.2172,0.002383,28.6084,-80.6043,28.6084,-80.6043
39.27,2403.49,2409.49,-67.1896,-67.2222,0.00277714,28.6084,-80.6043,28.6084,-80.6043
39.28,2402.82,2408.81,-67.1939,-67.2252,0.00199069,28.6084,-80.6043,28.6084,-80.6043
39.29,2402.15,2408.14,-67.1982,-67.2285,0.00284779,28.6084,-80.6043,28.6084,-80.6043
39.3,2401.48,2407.89,-67.2025,-67.2346,0.00271443,28.6084,-80.6043,28.6084,-80.6043
39.31,2400.8,2407.21,-67.2068,-67.2375,0.00207945,28.6084,-80.6043,28.6084,-80.6043
39.32,2400.13,2406.54,-67.211,-67.2417,0.00131901,28.6084,-80.6043,28.6084,-80.6043
39.33,2399.46,2405.87,-67.2152,-67.2467,0.00126658,28.6084,-80.6043,28.6084,-80.6043
39.34,2398.79,2405.2,-67.2194,-67.2515,0.00134127,28.6084,-80.6043,28.6084,-80.6043
39.35,2398.12,2404.52,-67.2236,-67.2575,0.00126588,28.6084,-80.6043,28.6084,-80.6043
39.36,2397.44,2403.85,-67.2278,-67.2619,0.000766116,28.6084,-80.6043,28.6084,-80.6043
39.37,2396.77,2403.18,-67.2319,-67.2671,0.000568947,28.6084,-80.6043,28.6084,-80.6043
39.38,2396.1,2402.5,-67.2361,-67.2712,0.000493983,28.6084,-80.6043,28.6084,-80.6043
39.39,2395.43,2401.83,-67.2402,-67.2765,0.00042326,28.6084,-80.6043,28.6084,-80.6043
39.4,2394.75,2400.68,-67.2443,-67.2817,0.000929085,28.6084,-80.6043,28.6084,-80.6043
39.41,2394.08,2400.01,-67.2483,-67.2843,0.000139148,28.6084,-80.6043,28.6084,-80.6043
39.42,2393.41,2399.33,-67.2524,-67.288,-0.000520728,28.6084,-80.6043,28.6084,-80.6043
39.43,2392.74,2398.66,-67.2564,-67.2932,-0.000872798,28.6084,-80.6043,28.6084,-80.6043
39.44,2392.06,2397.99,-67.2604,-67.2988,-0.00138641,28.6084,-80.6043,28.6084,-80.6043
39.45,2391.39,2397.31,-67.2644,-67.3018,-0.000483193,28.6084,-80.6043,28.6084,-80.6043
39.46,2390.72,2396.64,-67.2684,-67.3065,0.000396399,28.6084,-80.6043,28.6084,-80.6043
39.47,2390.05,2395.97,-67.2723,-67.3107,0.000232879,28.6084,-80.6043,28.6084,-80.6043
39.48,2389.37,2395.29,-67.2763,-67.3156,0.00109232,28.6084,-80.6043,28.6084,-80.6043
39.49,2388.7,2394.62,-67.2802,-67.3185,0.00168177,28.6084,-80.6043,28.6084,-80.6043
39.5,2388.03,2393.81,-67.2841,-67.3205,0.00109703,28.6084,-80.6043,28.6084,-80.6043
39.51,2387.35,2393.13,-67.288,-67.3254,0.00099772,28.6084,-80.6043,28.6084,-80.6043
39.52,2386.68,2392.46,-67.2918,-67.3287,0.00144361,28.6084,-80.6043,28.6084,-80.6043
39.53,2386.01,2391.79,-67.2957,-67.3309,0.00216664,28.6084,-80.6043,28.6084,-80.6043
39.54,2385.34,2391.11,-67.2995,-67.336,0.00141792,28.6084,-80.6043,28.6084,-80.6043
39.55,2384.66,2390.44,-67.3033,-67.3393,0.000552281,28.6084,-80.6043,28.6084,-80.6043
39.56,2383.99,2389.77,-67.3071,-67.3432,0.000991203,28.6084,-80.6043,28.6084,-80.6043
39.57,2383.32,2389.09,-67.3109,-67.3464,0.00127056,28.6084,-80.6043,28.6084,-80.6043
39.58,2382.64,2388.42,-67.3146,-67.3485,0.00220617,28.6084,-80.6043,28.6084,-80.6043
39.59,2381.97,2387.75,-67.3184,-67.3512,0.00155509,28.6084,-80.6043,28.6084,-80.6043
39.6,2381.3,2386.83,-67.3221,-67.3541,0.00193488,28.6084,-80.6043,28.6084,-80.6043
39.61,2380.62,2386.16,-67.3258,-67.3579,0.00122655,28.6084,-80.6043,28.6084,-80.6043
39.62,2379.95,2385.49,-67.3295,-67.36,0.00207109,28.6084,-80.6043,28.6084,-80.6043
39.63,2379.28,2384.81,-67.3332,-67.3653,0.00234406,28.6084,-80.6043,28.6084,-80.6043
39.64,2378.6,2384.14,-67.3368,-67.3681,0.00146103,28.6084,-80.6043,28.6084,-80.6043
39.65,2377.93,2383.47,-67.3404,-67.3704,0.00238185,28.6084,-80.6043,28.6084,-80.6043
39.66,2377.26,2382.79,-67.344,-67.3748,0.00197077,28.6084,-80.6043,28.6084,-80.6043
39.67,2376.58,2382.12,-67.3476,-67.378,0.00099973,28.6084,-80.6043,28.6084,-80.6043
39.68,2375.91,2381.44,-67.3512,-67.3827,0.000933233,28.6084,-80.6043,28.6084,-80.6043
39.69,2375.24,2380.77,-67.3548,-67.3875,0.000599161,28.6084,-80.6043,28.6084,-80.6043
39.7,2374.56,2380.31,-67.3583,-67.3927,0.000137645,28.6084,-80.6043,28.6084,-80.6043
39.71,2373.89,2379.64,-67.3618,-67.395,0.000963813,28.6084,-80.6043,28.6084,-80.6043
39.72,2373.22,2378.97,-67.3654,-67.3988,0.00142763,28.6084,-80.6043,28.6084,-80.6043
39.73,2372.54,2378.29,-67.3688,-67.4007,0.000788715,28.6084,-80.6043,28.6084,-80.6043
39.74,2371.87,2377.62,-67.3723,-67.4026,0.00100069,28.6084,-80.6043,28.6084,-80.6043
39.75,2371.19,2376.94,-67.3758,-67.4046,0.000759265,28.6084,-80.6043,28.6084,-80.6043
39.76,2370.52,2376.27,-67.3792,-67.4089,-0.000208189,28.6084,-80.6043,28.6084,-80.6043
39.77,2369.85,2375.6,-67.3826,-67.4133,-0.000821899,28.6084,-80.6043,28.6084,-80.6043
39.78,2369.17,2374.92,-67.386,-67.4183,-8.02847e-06,28.6084,-80.6043,28.6084,-80.6043
39.79,2368.5,2374.25,-67.3894,-67.42,-0.000707399,28.6084,-80.6043,28.6084,-80.6043
39.8,2367.83,2373.91,-67.3928,-67.4224,3.36857e-05,28.6084,-80.6043,28.6084,-80.6043
39.81,2367.15,2373.23,-67.3961,-67.426,-1.47591e-05,28.6084,-80.6043,28.6084,-80.6043
39.82,2366.48,2372.56,-67.3995,-67.4295,-0.000509079,28.6084,-80.6043,28.6084,-80.6043
39.83,2365.8,2371.88,-67.4028,-67.431,-0.000192297,28.6084,-80.6043,28.6084,-80.6043
39.84,2365.13,2371.21,-67.4061,-67.434,-0.00114488,28.6084,-80.6043,28.6084,-80.6043
39.85,2364.46,2370.53,-67.4094,-67.4356,-0.00136811,28.6084,-80.6043,28.6084,-80.6043
39.86,2363.78,2369.86,-67.4127,-67.4376,-0.000686678,28.6084,-80.6043,28.6084,-80.6043
39.87,2363.11,2369.18,-67.4159,-67.4395,-0.000574152,28.6084,-80.6043,28.6084,-80.6043
39.88,2362.43,2368.51,-67.4191,-67.4418,-0.0015518,28.6084,-80.6043,28.6084,-80.6043
39.89,2361.76,2367.84,-67.4224,-67.4452,-0.00189661,28.6084,-80.6043,28.6084,-80.6043
39.9,2361.08,2366.71,-67.4256,-67.4469,-0.00121277,28.6084,-80.6043,28.6084,-80.6043
39.91,2360.41,2366.03,-67.4288,-67.4497,-0.00198802,28.6084,-80.6043,28.6084,-80.6043
39.92,2359.74,2365.36,-67.4319,-67.4517,-0.00100859,28.6084,-80.6043,28.6084,-80.6043
39.93,2359.06,2364.68,-67.4351,-67.4567,-0.000605085,28.6084,-80.6043,28.6084,-80.6043
39.94,2358.39,2364.01,-67.4382,-67.4613,-6.43647e-05,28.6084,-80.6043,28.6084,-80.6043
39.95,2357.71,2363.33,-67.4413,-67.4642,9.93934e-05,28.6084,-80.6043,28.6084,-80.6043
39.96,2357.04,2362.66,-67.4444,-67.466,-0.000804461,28.6084,-80.6043,28.6084,-80.6043
39.97,2356.36,2361.98,-67.4475,-67.4709,-0.00166703,28.6084,-80.6043,28.6084,-80.6043
39.98,2355.69,2361.31,-67.4506,-67.472,-0.00127383,28.6084,-80.6043,28.6084,-80.6043
39.99,2355.01,2360.63,-67.4536,-67.4745,-0.00224521,28.6084,-80.6043,28.6084,-80.6043
40,2354.34,2360.4,-67.4567,-67.477,-0.00315941,28.6084,-80.6043,28.6085,-80.6044
40.01,2353.67,2359.73,-67.4597,-67.4787,-0.00241234,28.6084,-80.6043,28.6085,-80.6044
40.02,2352.99,2359.05,-67.4627,-67.4803,-0.00238403,28.6084,-80.6043,28.6085,-80.6044
40.03,2352.32,2358.38,-67.4657,-67.4822,-0.00198506,28.6084,-80.6043,28.6085,-80.6044
40.04,2351.64,2357.7,-67.4687,-67.4867,-0.00165664,28.6084,-80.6043,28.6085,-80.6044
40.05,2350.97,2357.03,-67.4716,-67.4884,-0.000848159,28.6084,-80.6043,28.6085,-80.6044
40.06,2350.29,2356.35,-67.4746,-67.4907,-0.000185831,28.6084,-80.6043,28.6085,-80.6044
40.07,2349.62,2355.68,-67.4775,-67.4933,0.000402085,28.6084,-80.6043,28.6085,-80.6044
40.08,2348.94,2355,-67.4804,-67.4958,-0.00024134,28.6084,-80.6043,28.6085,-80.6044
40.09,2348.27,2354.33,-67.4833,-67.4991,-0.00040654,28.6084,-80.6043,28.6085,-80.6044
40.1,2347.59,2353.62,-67.4862,-67.5031,-0.000578452,28.6084,-80.6043,28.6085,-80.6044
40.11,2346.92,2352.94,-67.4891,-67.506,-0.00135717,28.6084,-80.6043,28.6085,-80.6044
40.12,2346.24,2352.27,-67.4919,-67.5103,-0.00189461,28.6084,-80.6043,28.6085,-80.6044
40.13,2345.57,2351.59,-67.4947,-67.5122,-0.00252754,28.6084,-80.6043,28.6085,-80.6044
40.14,2344.89,2350.92,-67.4976,-67.5168,-0.0031279,28.6084,-80.6043,28.6085,-80.6044
40.15,2344.22,2350.24,-67.5004,-67.5213,-0.00319815,28.6084,-80.6043,28.6085,-80.6044
40.16,2343.54,2349.57,-67.5031,-67.5246,-0.00231459,28.6084,-80.6043,28.6085,-80.6044
40.17,2342.87,2348.89,-67.5059,-67.5281,-0.00151353,28.6084,-80.6043,28.6085,-80.6044
40.18,2342.19,2348.22,-67.5087,-67.53,-0.00246969,28.6084,-80.6043,28.6085,-80.6044
40.19,2341.52,2347.54,-67.5114,-67.5347,-0.00272505,28.6084,-80.6043,28.6085,-80.6044
40.2,2340.84,2346.59,-67.5141,-67.5361,-0.00189026,28.6084,-80.6043,28.6085,-80.6044
40.21,2340.17,2345.91,-67.5168,-67.5407,-0.00184349,28.6084,-80.6043,28.6085,-80.6044
40.22,2339.49,2345.24,-67.5195,-67.5421,-0.00231056,28.6084,-80.6043,28.6085,-80.6044
40.23,2338.82,2344.56,-67.5222,-67.5439,-0.00291848,28.6084,-80.6043,28.6085,-80.6044
40.24,2338.14,2343.89,-67.5249,-67.5459,-0.00206241,28.6084,-80.6043,28.6085,-80.6044
40.25,2337.47,2343.21,-67.5275,-67.5481,-0.00272244,28.6084,-80.6043,28.6085,-80.6044
40.26,2336.79,2342.54,-67.5302,-67.5521,-0.00228099,28.6084,-80.6043,28.6085,-80.6044
40.27,2336.12,2341.86,-67.5328,-67.5555,-0.00252845,28.6084,-80.6043,28.6085,-80.6044
40.28,2335.44,2341.19,-67.5354,-67.5583,-0.00254014,28.6084,-80.6043,28.6085,-80.6044
40.29,2334.77,2340.51,-67.538,-67.5611,-0.0022293,28.6084,-80.6043,28.6085,-80.6044
40.3,2334.09,2340.03,-67.5405,-67.5635,-0.00140712,28.6084,-80.6043,28.6085,-80.6044
40.31,2333.41,2339.36,-67.5431,-67.5679,-0.00194007,28.6084,-80.6043,28.6085,-80.6044
40.32,2332.74,2338.68,-67.5456,-67.5686,-0.00253785,28.6084,-80.6043,28.6085,-80.6044
40.33,2332.06,2338.01,-67.5482,-67.5721,-0.00162687,28.6084,-80.6043,28.6085,-80.6044
40.34,2331.39,2337.33,-67.5507,-67.5744,-0.00244843,28.6084,-80.6043,28.6085,-80.6044
40.35,2330.71,2336.65,-67.5532,-67.5754,-0.00224908,28.6084,-80.6043,28.6085,-80.6044
40.36,2330.04,2335.98,-67.5557,-67.5768,-0.00245654,28.6084,-80.6043,28.6085,-80.6044
40.37,2329.36,2335.3,-67.5581,-67.5796,-0.00341528,28.6084,-80.6043,28.6085,-80.6044
40.38,2328.69,2334.63,-67.5606,-67.5837,-0.00318345,28.6084,-80.6043,28.6085,-80.6044
40.39,2328.01,2333.95,-67.563,-67.5853,-0.00413149,28.6084,-80.6043,28.6085,-80.6044
40.4,2327.33,2333.28,-67.5655,-67.5888,-0.00338253,28.6084,-80.6043,28.6085,-80.6044
40.41,2326.66,2332.61,-67.5679,-67.5926,-0.00401233,28.6084,-80.6043,28.6085,-80.6044
40.42,2325.98,2331.93,-67.5703,-67.5948,-0.00420768,28.6084,-80.6043,28.6085,-80.6044
40.43,2325.31,2331.25,-67.5727,-67.5964,-0.00322075,28.6084,-80.6043,28.6085,-80.6044
40.44,2324.63,2330.58,-67.575,-67.6006,-0.0037598,28.6084,-80.6043,28.6085,-80.6044
40.45,2323.96,2329.9,-67.5774,-67.6013,-0.0045607,28.6084,-80.6043,28.6085,-80.6044
40.46,2323.28,2329.23,-67.5797,-67.6028,-0.00528455,28.6084,-80.6043,28.6085,-80.6044
40.47,2322.6,2328.55,-67.5821,-67.6069,-0.00443538,28.6084,-80.6043,28.6085,-80.6044
40.48,2321.93,2327.87,-67.5844,-67.6097,-0.00344063,28.6084,-80.6043,28.6085,-80.6044
40.49,2321.25,2327.2,-67.5867,-67.612,-0.00347514,28.6084,-80.6043,28.6085,-80.6044
40.5,2320.58,2326.98,-67.5889,-67.6128,-0.00427977,28.6084,-80.6043,28.6085,-80.6044
40.51,2319.9,2326.31,-67.5912,-67.6161,-0.00424465,28.6084,-80.6043,28.6085,-80.6044
40.52,2319.22,2325.63,-67.5935,-67.6193,-0.0045157,28.6084,-80.6043,28.6085,-80.6044
40.53,2318.55,2324.95,-67.5957,-67.623,-0.00359162,28.6084,-80.6043,28.6085,-80.6044
40.54,2317.87,2324.28,-67.5979,-67.6257,-0.00387268,28.6084,-80.6043,28.6085,-80.6044
40.55,2317.2,2323.6,-67.6002,-67.6265,-0.00374982,28.6084,-80.6043,28.6085,-80.6044
40.56,2316.52,2322.92,-67.6024,-67.6295,-0.00470658,28.6084,-80.6043,28.6085,-80.6044
40.57,2315.84,2322.25,-67.6045,-67.6333,-0.00428953,28.6084,-80.6043,28.6085,-80.6044
40.58,2315.17,2321.57,-67.6067,-67.6346,-0.00508525,28.6084,-80.6043,28.6085,-80.6044
40.59,2314.49,2320.9,-67.6089,-67.6357,-0.00422256,28.6084,-80.6043,28.6085,-80.6044
40.6,2313.82,2319.95,-67.611,-67.6399,-0.00349092,28.6084,-80.6043,28.6085,-80.6044
40.61,2313.14,2319.28,-67.6131,-67.6414,-0.00267553,28.6084,-80.6043,28.6085,-80.6044
40.62,2312.46,2318.6,-67.6153,-67.6432,-0.00259894,28.6084,-80.6043,28.6085,-80.6044
40.63,2311.79,2317.92,-67.6174,-67.6436,-0.00344409,28.6084,-80.6043,28.6085,-80.6044
40.64,2311.11,2317.25,-67.6195,-67.6477,-0.00289343,28.6084,-80.6043,28.6085,-80.6044
40.65,2310.44,2316.57,-67.6215,-67.651,-0.00337754,28.6084,-80.6043,28.6085,-80.6044
40.66,2309.76,2315.89,-67.6236,-67.6549,-0.00299219,28.6084,-80.6043,28.6085,-80.6044
40.67,2309.08,2315.22,-67.6256,-67.6569,-0.00317952,28.6084,-80.6043,28.6085,-80.6044
40.68,2308.41,2314.54,-67.6277,-67.6576,-0.00322447,28.6084,-80.6043,28.6085,-80.6044
40.69,2307.73,2313.87,-67.6297,-67.6585,-0.00385323,28.6084,-80.6043,28.6085,-80.6044
40.7,2307.05,2312.83,-67.6317,-67.6612,-0.0041368,28.6084,-80.6043,28.6085,-80.6044
40.71,2306.38,2312.15,-67.6337,-67.6633,-0.00420301,28.6084,-80.6043,28.6085,-80.6044
40.72,2305.7,2311.48,-67.6357,-67.6664,-0.00512992,28.6084,-80.6043,28.6085,-80.6044
40.73,2305.02,2310.8,-67.6377,-67.6681,-0.00419671,28.6084,-80.6043,28.6085,-80.6044
40.74,2304.35,2310.12,-67.6396,-67.6682,-0.00404526,28.6084,-80.6043,28.6085,-80.6044
40.75,2303.67,2309.45,-67.6416,-67.6688,-0.00379982,28.6084,-80.6043,28.6085,-80.6044
40.76,2303,2308.77,-67.6435,-67.6699,-0.00331958,28.6084,-80.6043,28.6085,-80.6044
40.77,2302.32,2308.09,-67.6454,-67.673,-0.00380201,28.6084,-80.6043,28.6085,-80.6044
40.78,2301.64,2307.41,-67.6473,-67.6743,-0.00424289,28.6084,-80.6043,28.6085,-80.6044
40.79,2300.97,2306.74,-67.6492,-67.6771,-0.00440184,28.6084,-80.6043,28.6085,-80.6044
40.8,2300.29,2305.93,-67.6511,-67.6791,-0.00432631,28.6084,-80.6043,28.6085,-80.6044
40.81,2299.61,2305.25,-67.6529,-67.6811,-0.00521981,28.6084,-80.6043,28.6085,-80.6044
40.82,2298.94,2304.58,-67.6548,-67.6815,-0.00427281,28.6084,-80.6043,28.6085,-80.6044
40.83,2298.26,2303.9,-67.6566,-67.6832,-0.00394181,28.6084,-80.6043,28.6085,-80.6044
40.84,2297.58,2303.22,-67.6584,-67.6864,-0.00325215,28.6084,-80.6043,28.6085,-80.6044
40.85,2296.91,2302.54,-67.6603,-67.6901,-0.00295028,28.6084,-80.6043,28.6085,-80.6044
40.86,2296.23,2301.87,-67.6621,-67.6932,-0.00296906,28.6084,-80.6043,28.6085,-80.6044
40.87,2295.55,2301.19,-67.6638,-67.6936,-0.00353497,28.6084,-80.6043,28.6085,-80.6044
40.88,2294.88,2300.51,-67.6656,-67.6971,-0.00289921,28.6084,-80.6043,28.6085,-80.6044
40.89,2294.2,2299.84,-67.6674,-67.7002,-0.00262848,28.6084,-80.6043,28.6085,-80.6044
40.9,2293.52,2298.85,-67.6691,-67.7013,-0.00201315,28.6084,-80.6043,28.6085,-80.6044
40.91,2292.85,2298.18,-67.6709,-67.7036,-0.00299355,28.6084,-80.6043,28.6085,-80.6044
40.92,2292.17,2297.5,-67.6726,-67.7049,-0.00392233,28.6084,-80.6043,28.6085,-80.6044
40.93,2291.49,2296.82,-67.6743,-67.7074,-0.0031334,28.6084,-80.6043,28.6085,-80.6044
40.94,2290.82,2296.14,-67.676,-67.7093,-0.00264533,28.6084,-80.6043,28.6085,-80.6044
40.95,2290.14,2295.47,-67.6777,-67.7113,-0.0018083,28.6084,-80.6043,28.6085,-80.6044
40.96,2289.46,2294.79,-67.6794,-67.7114,-0.00183733,28.6084,-80.6043,28.6085,-80.6044
40.97,2288.79,2294.11,-67.681,-67.7119,-0.00110756,28.6084,-80.6043,28.6085,-80.6044
40.98,2288.11,2293.44,-67.6827,-67.7155,-0.0012021,28.6084,-80.6043,28.6085,-80.6044
40.99,2287.43,2292.76,-67.6843,-67.719,-0.000479918,28.6084,-80.6043,28.6085,-80.6044
41,2286.76,2292.05,-67.6859,-67.7207,-0.000130038,28.6084,-80.6043,28.6083,-80.6043
41.01,2286.08,2291.37,-67.6875,-67.7242,-7.76113e-05,28.6084,-80.6043,28.6083,-80.6043
41.02,2285.4,2290.69,-67.6891,-67.726,0.00024652,28.6084,-80.6043,28.6083,-80.6043
41.03,2284.73,2290.02,-67.6907,-67.7256,-0.000250991,28.6084,-80.6043,28.6083,-80.6043
41.04,2284.05,2289.34,-67.6923,-67.7291,-0.000481377,28.6084,-80.6043,28.6083,-80.6043
41.05,2283.37,2288.66,-67.6939,-67.7316,-0.000216231,28.6084,-80.6043,28.6083,-80.6043
41.06,2282.69,2287.98,-67.6954,-67.7335,-0.000115423,28.6084,-80.6043,28.6083,-80.6043
41.07,2282.02,2287.31,-67.6969,-67.7349,0.000637675,28.6084,-80.6043,28.6083,-80.6043
41.08,2281.34,2286.63,-67.6985,-67.7373,0.00155621,28.6084,-80.6043,28.6083,-80.6043
41.09,2280.66,2285.95,-67.7,-67.7376,0.000927874,28.6084,-80.6043,28.6083,-80.6043
41.1,2279.99,2285.82,-67.7015,-67.7393,0.00109246,28.6084,-80.6043,28.6083,-80.6043
41.11,2279.31,2285.14,-67.703,-67.7426,0.000162513,28.6084,-80.6043,28.6083,-80.6043
41.12,2278.63,2284.47,-67.7045,-67.7458,-0.000193285,28.6084,-80.6043,28.6083,-80.6043
41.13,2277.96,2283.79,-67.7059,-67.7472,0.000306038,28.6084,-80.6043,28.6083,-80.6043
41.14,2277.28,2283.11,-67.7074,-67.7492,0.000263104,28.6084,-80.6043,28.6083,-80.6043
41.15,2276.6,2282.44,-67.7088,-67.7516,0.000507767,28.6084,-80.6043,28.6083,-80.6043
41.16,2275.92,2281.76,-67.7102,-67.753,0.000747698,28.6084,-80.6043,28.6083,-80.6043
41.17,2275.25,2281.08,-67.7117,-67.7561,8.22939e-05,28.6084,-80.6043,28.6083,-80.6043
41.18,2274.57,2280.4,-67.7131,-67.7571,-0.000283392,28.6084,-80.6043,28.6083,-80.6043
41.19,2273.89,2279.72,-67.7145,-67.7597,0.000714931,28.6084,-80.6043,28.6083,-80.6043
41.2,2273.22,2279.03,-67.7159,-67.7608,0.00135053,28.6084,-80.6043,28.6083,-80.6043
41.21,2272.54,2278.36,-67.7172,-67.7625,0.0010402,28.6084,-80.6043,28.6083,-80.6043
41.22,2271.86,2277.68,-67.7186,-67.7647,0.000886291,28.6084,-80.6043,28.6083,-80.6043
41.23,2271.18,2277,-67.7199,-67.7668,6.86733e-05,28.6084,-80.6043,28.6083,-80.6043
41.24,2270.51,2276.32,-67.7213,-67.7677,0.000566387,28.6084,-80.6043,28.6083,-80.6043
41.25,2269.83,2275.65,-67.7226,-67.7683,0.000885571,28.6084,-80.6043,28.6083,-80.6043
41.26,2269.15,2274.97,-67.7239,-67.7708,0.00130259,28.6084,-80.6043,28.6083,-80.6043
41.27,2268.47,2274.29,-67.7252,-67.7712,0.00136653,28.6084,-80.6043,28.6083,-80.6043
41.28,2267.8,2273.61,-67.7265,-67.7736,0.00133448,28.6084,-80.6043,28.6083,-80.6043
41.29,2267.12,2272.94,-67.7278,-67.7733,0.00173152,28.6084,-80.6043,28.6083,-80.6043
41.3,2266.44,2271.91,-67.7291,-67.7735,0.00176751,28.6084,-80.6043,28.6083,-80.6043
41.31,2265.77,2271.24,-67.7303,-67.7759,0.00193532,28.6084,-80.6043,28.6083,-80.6043
41.32,2265.09,2270.56,-67.7316,-67.7777,0.00292366,28.6084,-80.6043,28.6083,-80.6043
41.33,2264.41,2269.88,-67.7328,-67.7773,0.0030362,28.6084,-80.6043,28.6083,-80.6043
41.34,2263.73,2269.2,-67.734,-67.7766,0.00299473,28.6084,-80.6043,28.6083,-80.6043
41.35,2263.06,2268.53,-67.7352,-67.7783,0.00282055,28.6084,-80.6043,28.6083,-80.6043
41.36,2262.38,2267.85,-67.7364,-67.7791,0.00325836,28.6084,-80.6043,28.6083,-80.6043
41.37,2261.7,2267.17,-67.7376,-67.7794,0.00232019,28.6084,-80.6043,28.6083,-80.6043
41.38,2261.02,2266.49,-67.7388,-67.7825,0.00292064,28.6084,-80.6043,28.6083,-80.6043
41.39,2260.35,2265.81,-67.74,-67.7831,0.00346438,28.6084,-80.6043,28.6083,-80.6043
41.4,2259.67,2265.08,-67.7411,-67.7844,0.00306314,28.6084,-80.6043,28.6083,-80.6043
41.41,2258.99,2264.4,-67.7423,-67.7836,0.00213053,28.6084,-80.6043,28.6083,-80.6043
41.42,2258.31,2263.72,-67.7434,-67.7847,0.00193495,28.6084,-80.6043,28.6083,-80.6043
41.43,2257.64,2263.05,-67.7445,-67.7857,0.00175369,28.6084,-80.6043,28.6083,-80.6043
41.44,2256.96,2262.37,-67.7456,-67.7884,0.00130873,28.6084,-80.6043,28.6083,-80.6043
41.45,2256.28,2261.69,-67.7467,-67.7878,0.000917685,28.6084,-80.6043,28.6083,-80.6043
41.46,2255.6,2261.01,-67.7478,-67.7883,0.000940222,28.6084,-80.6043,28.6083,-80.6043
41.47,2254.93,2260.33,-67.7489,-67.7887,0.00124323,28.6084,-80.6043,28.6083,-80.6043
41.48,2254.25,2259.66,-67.75,-67.7901,0.00070683,28.6084,-80.6043,28.6083,-80.6043
41.49,2253.57,2258.98,-67.751,-67.7906,0.00149002,28.6084,-80.6043,28.6083,-80.6043
41.5,2252.89,2258.05,-67.7521,-67.7912,0.000605513,28.6084,-80.6043,28.6083,-80.6043
41.51,2252.22,2257.37,-67.7531,-67.7922,0.00113908,28.6084,-80.6043,28.6083,-80.6043
41.52,2251.54,2256.7,-67.7541,-67.7931,0.000834661,28.6084,-80.6043,28.6083,-80.6043
41.53,2250.86,2256.02,-67.7552,-67.7939,0.000174983,28.6084,-80.6043,28.6083,-80.6043
41.54,2250.18,2255.34,-67.7562,-67.7964,-0.000743564,28.6084,-80.6043,28.6083,-80.6043
41.55,2249.51,2254.66,-67.7572,-67.7975,-0.00154077,28.6084,-80.6043,28.6083,-80.6043
41.56,2248.83,2253.98,-67.7581,-67.7996,-0.0015343,28.6084,-80.6043,28.6083,-80.6043
41.57,2248.15,2253.31,-67.7591,-67.8001,-0.00128398,28.6084,-80.6043,28.6083,-80.6043
41.58,2247.47,2252.63,-67.7601,-67.803,-0.00223503,28.6084,-80.6043,28.6083,-80.6043
41.59,2246.8,2251.95,-67.761,-67.8031,-0.00263818,28.6084,-80.6043,28.6083,-80.6043
41.6,2246.12,2251.19,-67.762,-67.8022,-0.00357745,28.6084,-80.6043,28.6083,-80.6043
41.61,2245.44,2250.51,-67.7629,-67.8013,-0.00316567,28.6084,-80.6043,28.6083,-80.6043
41.62,2244.76,2249.84,-67.7638,-67.8018,-0.0024148,28.6084,-80.6043,28.6083,-80.6043
41.63,2244.09,2249.16,-67.7647,-67.801,-0.00291059,28.6084,-80.6043,28.6083,-80.6043
41.64,2243.41,2248.48,-67.7656,-67.8008,-0.00282347,28.6084,-80.6043,28.6083,-80.6043
41.65,2242.73,2247.8,-67.7665,-67.8024,-0.00329049,28.6084,-80.6043,28.6083,-80.6043
41.66,2242.05,2247.12,-67.7674,-67.8018,-0.00413723,28.6084,-80.6043,28.6083,-80.6043
41.67,2241.38,2246.44,-67.7683,-67.8015,-0.00470497,28.6084,-80.6043,28.6083,-80.6043
41.68,2240.7,2245.77,-67.7691,-67.8018,-0.00377093,28.6084,-80.6043,28.6083,-80.6043
41.69,2240.02,2245.09,-67.77,-67.8033,-0.00340218,28.6084,-80.6043,28.6083,-80.6043
41.7,2239.34,2244.48,-67.7708,-67.8044,-0.00352781,28.6084,-80.6043,28.6083,-80.6043
41.71,2238.66,2243.8,-67.7716,-67.8036,-0.00442324,28.6084,-80.6043,28.6083,-80.6043
41.72,2237.99,2243.12,-67.7725,-67.8043,-0.00350183,28.6084,-80.6043,28.6083,-80.6043
41.73,2237.31,2242.44,-67.7733,-67.8068,-0.00398508,28.6084,-80.6043,28.6083,-80.6043
41.74,2236.63,2241.76,-67.7741,-67.8085,-0.0049279,28.6084,-80.6043,28.6083,-80.6043
41.75,2235.95,2241.09,-67.7748,-67.8102,-0.00549812,28.6084,-80.6043,28.6083,-80.6043
41.76,2235.28,2240.41,-67.7756,-67.811,-0.00450885,28.6084,-80.6043,28.6083,-80.6043
41.77,2234.6,2239.73,-67.7764,-67.8105,-0.00477459,28.6084,-80.6043,28.6083,-80.6043
41.78,2233.92,2239.05,-67.7771,-67.8095,-0.00562608,28.6084,-80.6043,28.6083,-80.6043
41.79,2233.24,2238.37,-67.7779,-67.8117,-0.00567431,28.6084,-80.6043,28.6083,-80.6043
41.8,2232.56,2238.23,-67.7786,-67.8129,-0.00587301,28.6084,-80.6043,28.6083,-80.6043
41.81,2231.89,2237.55,-67.7794,-67.8143,-0.00647798,28.6084,-80.6043,28.6083,-80.6043
41.82,2231.21,2236.88,-67.7801,-67.8147,-0.00726921,28.6084,-80.6043,28.6083,-80.6043
41.83,2230.53,2236.2,-67.7808,-67.8168,-0.00647694,28.6084,-80.6043,28.6083,-80.6043
41.84,2229.85,2235.52,-67.7815,-67.8163,-0.00627474,28.6084,-80.6043,28.6083,-80.6043
41.85,2229.18,2234.84,-67.7822,-67.8177,-0.00588258,28.6084,-80.6043,28.6083,-80.6043
41.86,2228.5,2234.16,-67.7829,-67.8182,-0.00611137,28.6084,-80.6043,28.6083,-80.6043
41.87,2227.82,2233.49,-67.7835,-67.82,-0.00610815,28.6084,-80.6043,28.6083,-80.6043
41.88,2227.14,2232.81,-67.7842,-67.8208,-0.00613429,28.6084,-80.6043,28.6083,-80.6043
41.89,2226.46,2232.13,-67.7848,-67.8204,-0.00615237,28.6084,-80.6043,28.6083,-80.6043
41.9,2225.79,2231.46,-67.7855,-67.8199,-0.00520111,28.6084,-80.6043,28.6083,-80.6043
41.91,2225.11,2230.78,-67.7861,-67.8186,-0.00460555,28.6084,-80.6043,28.6083,-80.6043
41.92,2224.43,2230.1,-67.7867,-67.8198,-0.00420029,28.6084,-80.6043,28.6083,-80.6043
41.93,2223.75,2229.42,-67.7873,-67.819,-0.00423239,28.6084,-80.6043,28.6083,-80.6043
41.94,2223.08,2228.74,-67.7879,-67.8208,-0.00472011,28.6084,-80.6043,28.6083,-80.6043
41.95,2222.4,2228.06,-67.7885,-67.8199,-0.00467464,28.6084,-80.6043,28.6083,-80.6043
41.96,2221.72,2227.39,-67.7891,-67.8196,-0.00551041,28.6084,-80.6043,28.6083,-80.6043
41.97,2221.04,2226.71,-67.7897,-67.8219,-0.00486789,28.6084,-80.6043,28.6083,-80.6043
41.98,2220.36,2226.03,-67.7902,-67.8234,-0.00390946,28.6084,-80.6043,28.6083,-80.6043
41.99,2219.69,2225.35,-67.7908,-67.8235,-0.00321394,28.6084,-80.6043,28.6083,-80.6043
42,2219.01,2224.99,-67.7913,-67.8248,-0.00360176,28.6084,-80.6043,28.6083,-80.6044
42.01,2218.33,2224.31,-67.7919,-67.8258,-0.00353245,28.6084,-80.6043,28.6083,-80.6044
42.02,2217.65,2223.63,-67.7924,-67.8257,-0.00322952,28.6084,-80.6043,28.6083,-80.6044
42.03,2216.97,2222.95,-67.7929,-67.8251,-0.00297625,28.6084,-80.6043,28.6083,-80.6044
42.04,2216.3,2222.27,-67.7934,-67.825,-0.00284112,28.6084,-80.6043,28.6083,-80.6044
42.05,2215.62,2221.6,-67.7939,-67.8258,-0.0018733,28.6084,-80.6043,28.6083,-80.6044
42.06,2214.94,2220.92,-67.7944,-67.8273,-0.00228038,28.6084,-80.6043,28.6083,-80.6044
42.07,2214.26,2220.24,-67.7949,-67.8279,-0.00238298,28.6084,-80.6043,28.6083,-80.6044
42.08,2213.58,2219.56,-67.7954,-67.8281,-0.00267804,28.6084,-80.6043,28.6083,-80.6044
42.09,2212.91,2218.88,-67.7958,-67.8267,-0.00313909,28.6084,-80.6043,28.6083,-80.6044
42.1,2212.23,2218.42,-67.7963,-67.8274,-0.00403007,28.6084,-80.6043,28.6083,-80.6044
42.11,2211.55,2217.74,-67.7967,-67.8295,-0.00496261,28.6084,-80.6043,28.6083,-80.6044
42.12,2210.87,2217.06,-67.7972,-67.8291,-0.00490461,28.6084,-80.6043,28.6083,-80.6044
42.13,2210.19,2216.38,-67.7976,-67.8302,-0.00589093,28.6084,-80.6043,28.6083,-80.6044
42.14,2209.52,2215.7,-67.798,-67.8289,-0.00680213,28.6084,-80.6043,28.6083,-80.6044
42.15,2208.84,2215.02,-67.7984,-67.8292,-0.00618626,28.6084,-80.6043,28.6083,-80.6044
42.16,2208.16,2214.35,-67.7988,-67.8307,-0.0060601,28.6084,-80.6043,28.6083,-80.6044
42.17,2207.48,2213.67,-67.7992,-67.8313,-0.00534736,28.6084,-80.6043,28.6083,-80.6044
42.18,2206.8,2212.99,-67.7996,-67.8322,-0.00617619,28.6084,-80.6043,28.6083,-80.6044
42.19,2206.13,2212.31,-67.8,-67.8326,-0.00532038,28.6084,-80.6043,28.6083,-80.6044
42.2,2205.45,2211.81,-67.8003,-67.833,-0.00537158,28.6084,-80.6043,28.6083,-80.6044
42.21,2204.77,2211.13,-67.8007,-67.8345,-0.00448704,28.6084,-80.6043,28.6083,-80.6044
42.22,2204.09,2210.45,-67.801,-67.8343,-0.00476892,28.6084,-80.6043,28.6083,-80.6044
42.23,2203.41,2209.77,-67.8014,-67.8354,-0.00453247,28.6084,-80.6043,28.6083,-80.6044
42.24,2202.74,2209.09,-67.8017,-67.8353,-0.00407382,28.6084,-80.6043,28.6083,-80.6044
42.25,2202.06,2208.41,-67.802,-67.8349,-0.00363529,28.6084,-80.6043,28.6083,-80.6044
42.26,2201.38,2207.73,-67.8023,-67.8355,-0.00322235,28.6084,-80.6043,28.6083,-80.6044
42.27,2200.7,2207.06,-67.8026,-67.8362,-0.00234322,28.6084,-80.6043,28.6083,-80.6044
42.28,2200.02,2206.38,-67.8029,-67.8383,-0.00248952,28.6084,-80.6043,28.6083,-80.6044
42.29,2199.35,2205.7,-67.8032,-67.8371,-0.00329525,28.6084,-80.6043,28.6083,-80.6044
42.3,2198.67,2205.3,-67.8035,-67.8355,-0.00296492,28.6084,-80.6043,28.6083,-80.6044
42.31,2197.99,2204.62,-67.8037,-67.8366,-0.0037167,28.6084,-80.6043,28.6083,-80.6044
42.32,2197.31,2203.95,-67.804,-67.8382,-0.00293319,28.6084,-80.6043,28.6083,-80.6044
42.33,2196.63,2203.27,-67.8042,-67.8396,-0.00263537,28.6084,-80.6043,28.6083,-80.6044
42.34,2195.96,2202.59,-67.8045,-67.8386,-0.00219598,28.6084,-80.6043,28.6083,-80.6044
42.35,2195.28,2201.91,-67.8047,-67.8403,-0.00316047,28.6084,-80.6043,28.6083,-80.6044
42.36,2194.6,2201.23,-67.8049,-67.8404,-0.00402931,28.6084,-80.6043,28.6083,-80.6044
42.37,2193.92,2200.55,-67.8052,-67.84,-0.00325888,28.6084,-80.6043,28.6083,-80.6044
42.38,2193.24,2199.88,-67.8054,-67.8408,-0.00369333,28.6084,-80.6043,28.6083,-80.6044
42.39,2192.57,2199.2,-67.8056,-67.8409,-0.00451405,28.6084,-80.6043,28.6083,-80.6044
42.4,2191.89,2198.5,-67.8058,-67.8393,-0.00504802,28.6084,-80.6043,28.6083,-80.6044
42.41,2191.21,2197.82,-67.8059,-67.8394,-0.00474196,28.6084,-80.6043,28.6083,-80.6044
42.42,2190.53,2197.14,-67.8061,-67.8399,-0.00431253,28.6084,-80.6043,28.6083,-80.6044
42.43,2189.85,2196.46,-67.8063,-67.8417,-0.00471853,28.6084,-80.6043,28.6083,-80.6044
42.44,2189.18,2195.78,-67.8064,-67.8406,-0.00562209,28.6084,-80.6043,28.6083,-80.6044
42.45,2188.5,2195.11,-67.8066,-67.8389,-0.00639431,28.6084,-80.6043,28.6083,-80.6044
42.46,2187.82,2194.43,-67.8067,-67.8387,-0.00722176,28.6084,-80.6043,28.6083,-80.6044
42.47,2187.14,2193.75,-67.8069,-67.8398,-0.00727896,28.6084,-80.6043,28.6083,-80.6044
42.48,2186.46,2193.07,-67.807,-67.8407,-0.00643653,28.6084,-80.6043,28.6083,-80.6044
42.49,2185.79,2192.39,-67.8071,-67.8417,-0.00740521,28.6084,-80.6043,28.6083,-80.6044
42.5,2185.11,2191.83,-67.8072,-67.8436,-0.00778758,28.6084,-80.6043,28.6083,-80.6044
42.51,2184.43,2191.15,-67.8073,-67.8435,-0.00684086,28.6084,-80.6043,28.6083,-80.6044
42.52,2183.75,2190.47,-67.8074,-67.8439,-0.0069,28.6084,-80.6043,28.6083,-80.6044
42.53,2183.07,2189.79,-67.8075,-67.845,-0.00601845,28.6084,-80.6043,28.6083,-80.6044
42.54,2182.39,2189.11,-67.8076,-67.8448,-0.00659514,28.6084,-80.6043,28.6083,-80.6044
42.55,2181.72,2188.43,-67.8076,-67.8462,-0.0074746,28.6084,-80.6043,28.6083,-80.6044
42.56,2181.04,2187.75,-67.8077,-67.8448,-0.00682095,28.6084,-80.6043,28.6083,-80.6044
42.57,2180.36,2187.08,-67.8077,-67.8448,-0.00664426,28.6084,-80.6043,28.6083,-80.6044
42.58,2179.68,2186.4,-67.8078,-67.8432,-0.00605017,28.6084,-80.6043,28.6083,-80.6044
42.59,2179,2185.72,-67.8078,-67.8437,-0.00514033,28.6084,-80.6043,28.6083,-80.6044
42.6,2178.33,2184.59,-67.8078,-67.8427,-0.00511215,28.6084,-80.6043,28.6083,-80.6044
42.61,2177.65,2183.91,-67.8079,-67.8425,-0.00453935,28.6084,-80.6043,28.6083,-80.6044
42.62,2176.97,2183.23,-67.8079,-67.8445,-0.00525646,28.6084,-80.6043,28.6083,-80.6044
42.63,2176.29,2182.55,-67.8079,-67.8437,-0.00566242,28.6084,-80.6043,28.6083,-80.6044
42.64,2175.61,2181.88,-67.8079,-67.8451,-0.00515813,28.6084,-80.6043,28.6083,-80.6044
42.65,2174.94,2181.2,-67.8079,-67.8446,-0.00476029,28.6084,-80.6043,28.6083,-80.6044
42.66,2174.26,2180.52,-67.8079,-67.8432,-0.0046019,28.6084,-80.6043,28.6083,-80.6044
42.67,2173.58,2179.84,-67.8078,-67.8446,-0.00493654,28.6084,-80.6043,28.6083,-80.6044
42.68,2172.9,2179.16,-67.8078,-67.8433,-0.00580308,28.6084,-80.6043,28.6083,-80.6044
42.69,2172.22,2178.48,-67.8077,-67.8416,-0.00670911,28.6084,-80.6043,28.6083,-80.6044
42.7,2171.55,2178.13,-67.8077,-67.8426,-0.00580307,28.6084,-80.6043,28.6083,-80.6044
42.71,2170.87,2177.46,-67.8076,-67.8409,-0.00589694,28.6084,-80.6043,28.6083,-80.6044
42.72,2170.19,2176.78,-67.8076,-67.8408,-0.00494884,28.6084,-80.6043,28.6083,-80.6044
42.73,2169.51,2176.1,-67.8075,-67.8417,-0.00413052,28.6084,-80.6043,28.6083,-80.6044
42.74,2168.83,2175.42,-67.8074,-67.8399,-0.00511188,28.6084,-80.6043,28.6083,-80.6044
42.75,2168.16,2174.74,-67.8073,-67.8401,-0.00518481,28.6084,-80.6043,28.6083,-80.6044
42.76,2167.48,2174.06,-67.8072,-67.8386,-0.00576552,28.6084,-80.6043,28.6083,-80.6044
42.77,2166.8,2173.39,-67.8071,-67.8386,-0.00477301,28.6084,-80.6043,28.6083,-80.6044
42.78,2166.12,2172.71,-67.807,-67.8369,-0.00423999,28.6084,-80.6043,28.6083,-80.6044
42.79,2165.44,2172.03,-67.8069,-67.8381,-0.00390119,28.6084,-80.6043,28.6083,-80.6044
42.8,2164.76,2170.87,-67.8068,-67.8385,-0.00319662,28.6084,-80.6043,28.6083,-80.6044
42.81,2164.09,2170.19,-67.8066,-67.8383,-0.00224015,28.6084,-80.6043,28.6083,-80.6044
42.82,2163.41,2169.51,-67.8065,-67.8367,-0.00166641,28.6084,-80.6043,28.6083,-80.6044
42.83,2162.73,2168.83,-67.8064,-67.8383,-0.00115224,28.6084,-80.6043,28.6083,-80.6044
42.84,2162.05,2168.16,-67.8062,-67.8368,-0.00158126,28.6084,-80.6043,28.6083,-80.6044
42.85,2161.37,2167.48,-67.806,-67.8358,-0.00107232,28.6084,-80.6043,28.6083,-80.6044
42.86,2160.7,2166.8,-67.8059,-67.8362,-0.00174598,28.6084,-80.6043,28.6083,-80.6044
42.87,2160.02,2166.12,-67.8057,-67.837,-0.0020922,28.6084,-80.6043,28.6083,-80.6044
42.88,2159.34,2165.44,-67.8055,-67.8372,-0.00274702,28.6084,-80.6043,28.6083,-80.6044
42.89,2158.66,2164.76,-67.8053,-67.838,-0.00290181,28.6084,-80.6043,28.6083,-80.6044
42.9,2157.98,2164.54,-67.8051,-67.8374,-0.00246303,28.6084,-80.6043,28.6083,-80.6044
42.91,2157.31,2163.86,-67.8049,-67.8381,-0.00308528,28.6084,-80.6043,28.6083,-80.6044
42.92,2156.63,2163.18,-67.8047,-67.8388,-0.00263979,28.6084,-80.6043,28.6083,-80.6044
42.93,2155.95,2162.5,-67.8045,-67.8367,-0.00278573,28.6084,-80.6043,28.6083,-80.6044
42.94,2155.27,2161.82,-67.8042,-67.8369,-0.00313027,28.6084,-80.6043,28.6083,-80.6044
42.95,2154.59,2161.15,-67.804,-67.8376,-0.00228267,28.6084,-80.6043,28.6083,-80.6044
42.96,2153.92,2160.47,-67.8038,-67.8382,-0.00276757,28.6084,-80.6043,28.6083,-80.6044
42.97,2153.24,2159.79,-67.8035,-67.8368,-0.00363531,28.6084,-80.6043,28.6083,-80.6044
42.98,2152.56,2159.11,-67.8033,-67.8373,-0.00354486,28.6084,-80.6043,28.6083,-80.6044
42.99,2151.88,2158.43,-67.803,-67.8355,-0.00336884,28.6084,-80.6043,28.6083,-80.6044
43,2151.2,2158.01,-67.8027,-67.8362,-0.00305994,28.6084,-80.6043,28.6083,-80.6044
43.01,2150.53,2157.34,-67.8024,-67.8341,-0.00222418,28.6084,-80.6043,28.6083,-80.6044
43.02,2149.85,2156.66,-67.8022,-67.8337,-0.00271538,28.6084,-80.6043,28.6083,-80.6044
43.03,2149.17,2155.98,-67.8019,-67.8327,-0.00322943,28.6084,-80.6043,28.6083,-80.6044
43.04,2148.49,2155.3,-67.8016,-67.8323,-0.00324584,28.6084,-80.6043,28.6083,-80.6044
43.05,2147.81,2154.62,-67.8013,-67.8323,-0.00263489,28.6084,-80.6043,28.6083,-80.6044
43.06,2147.14,2153.94,-67.8009,-67.8331,-0.0028604,28.6084,-80.6043,28.6083,-80.6044
43.07,2146.46,2153.27,-67.8006,-67.8338,-0.00264704,28.6084,-80.6043,28.6083,-80.6044
43.08,2145.78,2152.59,-67.8003,-67.8326,-0.0026234,28.6084,-80.6043,28.6083,-80.6044
43.09,2145.1,2151.91,-67.8,-67.8322,-0.00163493,28.6084,-80.6043,28.6083,-80.6044
43.1,2144.42,2151.08,-67.7996,-67.8308,-0.00199768,28.6084,-80.6043,28.6083,-80.6044
43.11,2143.75,2150.4,-67.7993,-67.8322,-0.00126998,28.6084,-80.6043,28.6083,-80.6044
43.12,2143.07,2149.72,-67.7989,-67.83,-0.000950204,28.6084,-80.6043,28.6083,-80.6044
43.13,2142.39,2149.04,-67.7986,-67.8311,-0.000720594,28.6084,-80.6043,28.6083,-80.6044
43.14,2141.71,2148.37,-67.7982,-67.8304,-0.000645219,28.6084,-80.6043,28.6083,-80.6044
43.15,2141.03,2147.69,-67.7978,-67.8299,9.17105e-05,28.6084,-80.6043,28.6083,-80.6044
43.16,2140.36,2147.01,-67.7974,-67.83,0.000338024,28.6084,-80.6043,28.6083,-80.6044
43.17,2139.68,2146.33,-67.797,-67.83,0.000585777,28.6084,-80.6043,28.6083,-80.6044
43.18,2139,2145.65,-67.7966,-67.8304,0.000855834,28.6084,-80.6043,28.6083,-80.6044
43.19,2138.32,2144.97,-67.7962,-67.8314,0.00145836,28.6084,-80.6043,28.6083,-80.6044
43.2,2137.64,2143.81,-67.7958,-67.8327,0.00238068,28.6084,-80.6043,28.6083,-80.6044
43.21,2136.97,2143.13,-67.7954,-67.8342,0.001768,28.6084,-80.6043,28.6083,-80.6044
43.22,2136.29,2142.46,-67.795,-67.8333,0.00110621,28.6084,-80.6043,28.6083,-80.6044
43.23,2135.61,2141.78,-67.7946,-67.8321,0.000412148,28.6084,-80.6043,28.6083,-80.6044
43.24,2134.93,2141.1,-67.7941,-67.833,0.000361838,28.6084,-80.6043,28.6083,-80.6044
43.25,2134.25,2140.42,-67.7937,-67.8327,-0.000190738,28.6084,-80.6043,28.6083,-80.6044
43.26,2133.58,2139.74,-67.7932,-67.832,-0.000519853,28.6084,-80.6043,28.6083,-80.6044
43.27,2132.9,2139.06,-67.7928,-67.8328,-0.00110662,28.6084,-80.6043,28.6083,-80.6044
43.28,2132.22,2138.39,-67.7923,-67.8325,-0.000508879,28.6084,-80.6043,28.6083,-80.6044
43.29,2131.54,2137.71,-67.7919,-67.8308,0.000475744,28.6084,-80.6043,28.6083,-80.6044
43.3,2130.86,2136.98,-67.7914,-67.831,0.000827371,28.6084,-80.6043,28.6083,-80.6044
43.31,2130.19,2136.3,-67.7909,-67.8311,-3.68972e-05,28.6084,-80.6043,28.6083,-80.6044
43.32,2129.51,2135.62,-67.7904,-67.8287,-0.000508534,28.6084,-80.6043,28.6083,-80.6044
43.33,2128.83,2134.94,-67.7899,-67.8274,-0.00122583,28.6084,-80.6043,28.6083,-80.6044
43.34,2128.15,2134.26,-67.7894,-67.8286,-0.000686273,28.6084,-80.6043,28.6083,-80.6044
43.35,2127.48,2133.59,-67.7889,-67.8297,-0.00152379,28.6084,-80.6043,28.6083,-80.6044
43.36,2126.8,2132.91,-67.7884,-67.8303,-0.00193144,28.6084,-80.6043,28.6083,-80.6044
43.37,2126.12,2132.23,-67.7879,-67.829,-0.00214542,28.6084,-80.6043,28.6083,-80.6044
43.38,2125.44,2131.55,-67.7873,-67.8304,-0.00143202,28.6084,-80.6043,28.6083,-80.6044
43.39,2124.76,2130.87,-67.7868,-67.8297,-0.00147902,28.6084,-80.6043,28.6083,-80.6044
43.4,2124.09,2130.65,-67.7863,-67.8298,-0.0009189,28.6084,-80.6043,28.6083,-80.6044
43.41,2123.41,2129.97,-67.7857,-67.8312,9.35712e-06,28.6084,-80.6043,28.6083,-80.6044
43.42,2122.73,2129.29,-67.7852,-67.8317,-0.00075393,28.6084,-80.6043,28.6083,-80.6044
43.43,2122.05,2128.61,-67.7846,-67.8301,-0.00167955,28.6084,-80.6043,28.6083,-80.6044
43.44,2121.37,2127.94,-67.7841,-67.8311,-0.00249043,28.6084,-80.6043,28.6083,-80.6044
43.45,2120.7,2127.26,-67.7835,-67.8297,-0.00254552,28.6084,-80.6043,28.6083,-80.6044
43.46,2120.02,2126.58,-67.7829,-67.8309,-0.00198378,28.6084,-80.6043,28.6083,-80.6044
43.47,2119.34,2125.9,-67.7823,-67.8305,-0.00235687,28.6084,-80.6043,28.6083,-80.6044
43.48,2118.66,2125.22,-67.7817,-67.83,-0.00215791,28.6084,-80.6043,28.6083,-80.6044
43.49,2117.99,2124.54,-67.7811,-67.8298,-0.00265083,28.6084,-80.6043,28.6083,-80.6044
43.5,2117.31,2123.98,-67.7805,-67.8284,-0.00273055,28.6084,-80.6043,28.6083,-80.6044
43.51,2116.63,2123.31,-67.7799,-67.8279,-0.00340281,28.6084,-80.6043,28.6083,-80.6044
43.52,2115.95,2122.63,-67.7793,-67.8258,-0.00240317,28.6084,-80.6043,28.6083,-80.6044
43.53,2115.27,2121.95,-67.7787,-67.8271,-0.00254955,28.6084,-80.6043,28.6083,-80.6044
43.54,2114.6,2121.27,-67.7781,-67.8266,-0.00285185,28.6084,-80.6043,28.6083,-80.6044
43.55,2113.92,2120.59,-67.7775,-67.8271,-0.00285275,28.6084,-80.6043,28.6083,-80.6044
43.56,2113.24,2119.91,-67.7768,-67.8285,-0.00351075,28.6084,-80.6043,28.6083,-80.6044
43.57,2112.56,2119.24,-67.7762,-67.8269,-0.00424887,28.6084,-80.6043,28.6083,-80.6044
43.58,2111.89,2118.56,-67.7755,-67.8245,-0.00371571,28.6084,-80.6043,28.6083,-80.6044
43.59,2111.21,2117.88,-67.7749,-67.8249,-0.00465859,28.6084,-80.6043,28.6083,-80.6044
43.6,2110.53,2117.64,-67.7742,-67.8243,-0.00423045,28.6084,-80.6043,28.6083,-80.6044
43.61,2109.85,2116.96,-67.7735,-67.8253,-0.00488606,28.6084,-80.6043,28.6083,-80.6044
43.62,2109.17,2116.29,-67.7729,-67.8251,-0.00439763,28.6084,-80.6043,28.6083,-80.6044
43.63,2108.5,2115.61,-67.7722,-67.8233,-0.00385726,28.6084,-80.6043,28.6083,-80.6044
43.64,2107.82,2114.93,-67.7715,-67.8206,-0.00390994,28.6084,-80.6043,28.6083,-80.6044
43.65,2107.14,2114.25,-67.7708,-67.821,-0.00395952,28.6084,-80.6043,28.6083,-80.6044
43.66,2106.46,2113.57,-67.7701,-67.8204,-0.00417114,28.6084,-80.6043,28.6083,-80.6044
43.67,2105.79,2112.89,-67.7694,-67.8204,-0.00422785,28.6084,-80.6043,28.6083,-80.6044
43.68,2105.11,2112.22,-67.7687,-67.82,-0.00368288,28.6084,-80.6043,28.6083,-80.6044
43.69,2104.43,2111.54,-67.768,-67.8175,-0.00315567,28.6084,-80.6043,28.6083,-80.6044
43.7,2103.75,2110.52,-67.7673,-67.8149,-0.00326065,28.6084,-80.6043,28.6083,-80.6044
43.71,2103.07,2109.84,-67.7665,-67.813,-0.00390685,28.6084,-80.6043,28.6083,-80.6044
43.72,2102.4,2109.16,-67.7658,-67.8107,-0.00473814,28.6084,-80.6043,28.6083,-80.6044
43.73,2101.72,2108.49,-67.7651,-67.8081,-0.00544065,28.6084,-80.6043,28.6083,-80.6044
43.74,2101.04,2107.81,-67.7643,-67.809,-0.00559453,28.6084,-80.6043,28.6083,-80.6044
43.75,2100.36,2107.13,-67.7636,-67.8068,-0.00621303,28.6084,-80.6043,28.6083,-80.6044
43.76,2099.69,2106.45,-67.7628,-67.8053,-0.00714301,28.6084,-80.6043,28.6083,-80.6044
43.77,2099.01,2105.77,-67.7621,-67.8042,-0.00728755,28.6084,-80.6043,28.6083,-80.6044
43.78,2098.33,2105.09,-67.7613,-67.8022,-0.00758312,28.6084,-80.6043,28.6083,-80.6044
43.79,2097.65,2104.42,-67.7605,-67.8017,-0.00802243,28.6084,-80.6043,28.6083,-80.6044
43.8,2096.98,2103.32,-67.7597,-67.8006,-0.00722102,28.6084,-80.6043,28.6083,-80.6044
43.81,2096.3,2102.64,-67.759,-67.7988,-0.00772826,28.6084,-80.6043,28.6083,-80.6044
43.82,2095.62,2101.97,-67.7582,-67.7991,-0.00794531,28.6084,-80.6043,28.6083,-80.6044
43.83,2094.94,2101.29,-67.7574,-67.8003,-0.00860176,28.6084,-80.6043,28.6083,-80.6044
43.84,2094.27,2100.61,-67.7566,-67.8008,-0.00760532,28.6084,-80.6043,28.6083,-80.6044
43.85,2093.59,2099.93,-67.7558,-67.7996,-0.00674277,28.6084,-80.6043,28.6083,-80.6044
43.86,2092.91,2099.25,-67.755,-67.8002,-0.0061504,28.6084,-80.6043,28.6083,-80.6044
43.87,2092.23,2098.58,-67.7542,-67.798,-0.00668454,28.6084,-80.6043,28.6083,-80.6044
43.88,2091.56,2097.9,-67.7533,-67.7962,-0.00571022,28.6084,-80.6043,28.6083,-80.6044
43.89,2090.88,2097.22,-67.7525,-67.796,-0.00638478,28.6084,-80.6043,28.6083,-80.6044
43.9,2090.2,2097,-67.7517,-67.7938,-0.00631159,28.6084,-80.6043,28.6083,-80.6044
43.91,2089.52,2096.32,-67.7508,-67.7915,-0.00707434,28.6084,-80.6043,28.6083,-80.6044
43.92,2088.85,2095.64,-67.75,-67.7916,-0.00669099,28.6084,-80.6043,28.6083,-80.6044
43.93,2088.17,2094.96,-67.7491,-67.7909,-0.00629208,28.6084,-80.6043,28.6083,-80.6044
43.94,2087.49,2094.28,-67.7483,-67.7881,-0.00718532,28.6084,-80.6043,28.6083,-80.6044
43.95,2086.81,2093.61,-67.7474,-67.7869,-0.00673696,28.6084,-80.6043,28.6083,-80.6044
43.96,2086.14,2092.93,-67.7466,-67.7879,-0.00604387,28.6084,-80.6043,28.6083,-80.6044
43.97,2085.46,2092.25,-67.7457,-67.7852,-0.00620071,28.6084,-80.6043,28.6083,-80.6044
43.98,2084.78,2091.57,-67.7448,-67.7829,-0.00696118,28.6084,-80.6043,28.6083,-80.6044
43.99,2084.1,2090.89,-67.7439,-67.7817,-0.00623393,28.6084,-80.6043,28.6083,-80.6044
44,2083.43,2090.53,-67.743,-67.7798,-0.00621805,28.6084,-80.6043,28.6085,-80.6044
44.01,2082.75,2089.85,-67.7422,-67.7809,-0.00652535,28.6084,-80.6043,28.6085,-80.6044
44.02,2082.07,2089.18,-67.7413,-67.7796,-0.0066501,28.6084,-80.6043,28.6085,-80.6044
44.03,2081.39,2088.5,-67.7404,-67.78,-0.00739497,28.6084,-80.6043,28.6085,-80.6044
44.04,2080.72,2087.82,-67.7395,-67.78,-0.00825801,28.6084,-80.6043,28.6085,-80.6044
44.05,2080.04,2087.14,-67.7385,-67.7801,-0.00814237,28.6084,-80.6043,28.6085,-80.6044
44.06,2079.36,2086.47,-67.7376,-67.7781,-0.00770831,28.6084,-80.6043,28.6085,-80.6044
44.07,2078.68,2085.79,-67.7367,-67.7782,-0.00724397,28.6084,-80.6043,28.6085,-80.6044
44.08,2078.01,2085.11,-67.7358,-67.7761,-0.00652909,28.6084,-80.6043,28.6085,-80.6044
44.09,2077.33,2084.43,-67.7348,-67.7754,-0.00592806,28.6084,-80.6043,28.6085,-80.6044
44.1,2076.65,2083.69,-67.7339,-67.7736,-0.00611937,28.6084,-80.6043,28.6085,-80.6044
44.11,2075.97,2083.01,-67.733,-67.7738,-0.00607115,28.6084,-80.6043,28.6085,-80.6044
44.12,2075.3,2082.33,-67.732,-67.7717,-0.00620513,28.6084,-80.6043,28.6085,-80.6044
44.13,2074.62,2081.66,-67.7311,-67.7717,-0.00659174,28.6084,-80.6043,28.6085,-80.6044
44.14,2073.94,2080.98,-67.7301,-67.7709,-0.00599492,28.6084,-80.6043,28.6085,-80.6044
44.15,2073.27,2080.3,-67.7291,-67.7693,-0.00561426,28.6084,-80.6043,28.6085,-80.6044
44.16,2072.59,2079.62,-67.7282,-67.7701,-0.00464113,28.6084,-80.6043,28.6085,-80.6044
44.17,2071.91,2078.95,-67.7272,-67.77,-0.00461928,28.6084,-80.6043,28.6085,-80.6044
44.18,2071.23,2078.27,-67.7262,-67.7703,-0.00480153,28.6084,-80.6043,28.6085,-80.6044
44.19,2070.56,2077.59,-67.7252,-67.7682,-0.00532446,28.6084,-80.6043,28.6085,-80.6044
44.2,2069.88,2076.89,-67.7242,-67.7665,-0.00561926,28.6084,-80.6043,28.6085,-80.6044
44.21,2069.2,2076.21,-67.7232,-67.7636,-0.00539951,28.6084,-80.6043,28.6085,-80.6044
44.22,2068.52,2075.53,-67.7222,-67.7616,-0.0061145,28.6084,-80.6043,28.6085,-80.6044
44.23,2067.85,2074.85,-67.7212,-67.7608,-0.00674007,28.6084,-80.6043,28.6085,-80.6044
44.24,2067.17,2074.18,-67.7202,-67.758,-0.00739747,28.6084,-80.6043,28.6085,-80.6044
44.25,2066.49,2073.5,-67.7192,-67.7566,-0.00806726,28.6084,-80.6043,28.6085,-80.6044
44.26,2065.82,2072.82,-67.7182,-67.7546,-0.00883591,28.6084,-80.6043,28.6085,-80.6044
44.27,2065.14,2072.14,-67.7172,-67.7517,-0.00948852,28.6084,-80.6043,28.6085,-80.6044
44.28,2064.46,2071.47,-67.7161,-67.7512,-0.0099474,28.6084,-80.6043,28.6085,-80.6044
44.29,2063.78,2070.79,-67.7151,-67.7497,-0.0105929,28.6084,-80.6043,28.6085,-80.6044
44.3,2063.11,2069.89,-67.7141,-67.7469,-0.0109744,28.6084,-80.6043,28.6085,-80.6044
44.31,2062.43,2069.22,-67.713,-67.7469,-0.0107934,28.6084,-80.6043,28.6085,-80.6044
44.32,2061.75,2068.54,-67.712,-67.7448,-0.0116329,28.6084,-80.6043,28.6085,-80.6044
44.33,2061.08,2067.86,-67.7109,-67.7418,-0.0115204,28.6084,-80.6043,28.6085,-80.6044
44.34,2060.4,2067.18,-67.7099,-67.7414,-0.0112114,28.6084,-80.6043,28.6085,-80.6044
44.35,2059.72,2066.51,-67.7088,-67.7387,-0.0115765,28.6084,-80.6043,28.6085,-80.6044
44.36,2059.04,2065.83,-67.7077,-67.7395,-0.011539,28.6084,-80.6043,28.6085,-80.6044
44.37,2058.37,2065.15,-67.7067,-67.7403,-0.0122009,28.6084,-80.6043,28.6085,-80.6044
44.38,2057.69,2064.47,-67.7056,-67.7373,-0.0127298,28.6084,-80.6043,28.6085,-80.6044
44.39,2057.01,2063.8,-67.7045,-67.7377,-0.0134151,28.6084,-80.6043,28.6085,-80.6044
44.4,2056.34,2063.46,-67.7034,-67.7353,-0.0138607,28.6084,-80.6043,28.6085,-80.6044
44.41,2055.66,2062.78,-67.7023,-67.7327,-0.0143786,28.6084,-80.6043,28.6085,-80.6044
44.42,2054.98,2062.11,-67.7012,-67.7333,-0.0147354,28.6084,-80.6043,28.6085,-80.6044
44.43,2054.31,2061.43,-67.7001,-67.7321,-0.0143541,28.6084,-80.6043,28.6085,-80.6044
44.44,2053.63,2060.75,-67.699,-67.731,-0.0144837,28.6084,-80.6043,28.6085,-80.6044
44.45,2052.95,2060.07,-67.6979,-67.7279,-0.0139849,28.6084,-80.6043,28.6085,-80.6044
44.46,2052.27,2059.4,-67.6968,-67.7274,-0.0138041,28.6084,-80.6043,28.6085,-80.6044
44.47,2051.6,2058.72,-67.6957,-67.7263,-0.0139528,28.6084,-80.6043,28.6085,-80.6044
44.48,2050.92,2058.04,-67.6945,-67.7248,-0.0148185,28.6084,-80.6043,28.6085,-80.6044
44.49,2050.24,2057.37,-67.6934,-67.7227,-0.0153299,28.6084,-80.6043,28.6085,-80.6044
44.5,2049.57,2057.03,-67.6923,-67.7196,-0.0162062,28.6084,-80.6043,28.6085,-80.6044
44.51,2048.89,2056.35,-67.6911,-67.7194,-0.0169859,28.6084,-80.6043,28.6085,-80.6044
44.52,2048.21,2055.67,-67.69,-67.7185,-0.0170243,28.6084,-80.6043,28.6085,-80.6044
44.53,2047.54,2055,-67.6889,-67.718,-0.0169202,28.6084,-80.6043,28.6085,-80.6044
44.54,2046.86,2054.32,-67.6877,-67.7163,-0.0175747,28.6084,-80.6043,28.6085,-80.6044
44.55,2046.18,2053.64,-67.6865,-67.7138,-0.0175023,28.6084,-80.6043,28.6085,-80.6044
44.56,2045.51,2052.96,-67.6854,-67.7142,-0.0183617,28.6084,-80.6043,28.6085,-80.6044
44.57,2044.83,2052.29,-67.6842,-67.7126,-0.0184874,28.6084,-80.6043,28.6085,-80.6044
44.58,2044.15,2051.61,-67.6831,-67.7111,-0.0188903,28.6084,-80.6043,28.6085,-80.6044
44.59,2043.48,2050.93,-67.6819,-67.7082,-0.019856,28.6084,-80.6043,28.6085,-80.6044
44.6,2042.8,2050.11,-67.6807,-67.7078,-0.0194852,28.6084,-80.6043,28.6085,-80.6044
44.61,2042.12,2049.44,-67.6795,-67.7072,-0.0200926,28.6084,-80.6043,28.6085,-80.6044
44.62,2041.44,2048.76,-67.6783,-67.7048,-0.0201353,28.6084,-80.6043,28.6085,-80.6044
44.63,2040.77,2048.08,-67.6771,-67.7046,-0.0200702,28.6084,-80.6043,28.6085,-80.6044
44.64,2040.09,2047.41,-67.6759,-67.7025,-0.0205912,28.6084,-80.6043,28.6085,-80.6044
44.65,2039.41,2046.73,-67.6747,-67.7009,-0.0196037,28.6084,-80.6043,28.6085,-80.6044
44.66,2038.74,2046.05,-67.6735,-67.6988,-0.0191945,28.6084,-80.6043,28.6085,-80.6044
44.67,2038.06,2045.38,-67.6723,-67.6978,-0.0197644,28.6084,-80.6043,28.6085,-80.6044
44.68,2037.38,2044.7,-67.6711,-67.6984,-0.018793,28.6084,-80.6043,28.6085,-80.6044
44.69,2036.71,2044.02,-67.6699,-67.6958,-0.0193468,28.6084,-80.6043,28.6085,-80.6044
44.7,2036.03,2043.61,-67.6687,-67.6933,-0.0195681,28.6084,-80.6043,28.6085,-80.6044
44.71,2035.35,2042.93,-67.6674,-67.6927,-0.0185734,28.6084,-80.6043,28.6085,-80.6044
44.72,2034.68,2042.26,-67.6662,-67.6904,-0.0186392,28.6084,-80.6043,28.6085,-80.6044
44.73,2034,2041.58,-67.665,-67.69,-0.0182156,28.6084,-80.6043,28.6085,-80.6044
44.74,2033.32,2040.9,-67.6637,-67.6888,-0.018027,28.6084,-80.6043,28.6085,-80.6044
44.75,2032.65,2040.23,-67.6625,-67.6879,-0.0173333,28.6084,-80.6043,28.6085,-80.6044
44.76,2031.97,2039.55,-67.6613,-67.6868,-0.0171464,28.6084,-80.6043,28.6085,-80.6044
44.77,2031.29,2038.87,-67.66,-67.685,-0.0162228,28.6084,-80.6043,28.6085,-80.6044
44.78,2030.62,2038.2,-67.6587,-67.6823,-0.0168877,28.6084,-80.6043,28.6085,-80.6044
44.79,2029.94,2037.52,-67.6575,-67.6803,-0.0176949,28.6084,-80.6043,28.6085,-80.6044
44.8,2029.26,2037.08,-67.6562,-67.678,-0.017338,28.6084,-80.6043,28.6085,-80.6044
44.81,2028.59,2036.4,-67.6549,-67.6754,-0.0181136,28.6084,-80.6043,28.6085,-80.6044
44.82,2027.91,2035.73,-67.6537,-67.6759,-0.0180799,28.6084,-80.6043,28.6085,-80.6044
44.83,2027.24,2035.05,-67.6524,-67.6763,-0.0172822,28.6084,-80.6043,28.6085,-80.6044
44.84,2026.56,2034.37,-67.6511,-67.674,-0.0164565,28.6084,-80.6043,28.6085,-80.6044
44.85,2025.88,2033.7,-67.6498,-67.6736,-0.0172995,28.6084,-80.6043,28.6085,-80.6044
44.86,2025.21,2033.02,-67.6485,-67.6711,-0.0177283,28.6084,-80.6043,28.6085,-80.6044
44.87,2024.53,2032.34,-67.6472,-67.6684,-0.0181979,28.6084,-80.6043,28.6085,-80.6044
44.88,2023.85,2031.66,-67.6459,-67.6668,-0.0180657,28.6084,-80.6043,28.6085,-80.6044
44.89,2023.18,2030.99,-67.6446,-67.6645,-0.0187142,28.6084,-80.6043,28.6085,-80.6044
44.9,2022.5,2030.11,-67.6433,-67.6613,-0.0185217,28.6084,-80.6043,28.6085,-80.6044
44.91,2021.82,2029.43,-67.642,-67.6594,-0.0190591,28.6084,-80.6043,28.6085,-80.6044
44.92,2021.15,2028.75,-67.6407,-67.6576,-0.0192317,28.6084,-80.6043,28.6085,-80.6044
44.93,2020.47,2028.08,-67.6394,-67.6566,-0.019621,28.6084,-80.6043,28.6085,-80.6044
44.94,2019.79,2027.4,-67.6381,-67.6553,-0.0202994,28.6084,-80.6043,28.6085,-80.6044
44.95,2019.12,2026.72,-67.6367,-67.652,-0.0206179,28.6084,-80.6043,28.6085,-80.6044
44.96,2018.44,2026.05,-67.6354,-67.6502,-0.0214259,28.6084,-80.6043,28.6085,-80.6044
44.97,2017.77,2025.37,-67.6341,-67.6493,-0.0221375,28.6084,-80.6043,28.6085,-80.6044
44.98,2017.09,2024.69,-67.6327,-67.6492,-0.0225669,28.6084,-80.6043,28.6085,-80.6044
44.99,2016.41,2024.02,-67.6314,-67.6463,-0.0233534,28.6084,-80.6043,28.6085,-80.6044
45,2015.74,2023.25,-67.6301,-67.6447,-0.0224282,28.6084,-80.6043,28.6083,-80.6044
45.01,2015.06,2022.57,-67.6287,-67.6417,-0.0217944,28.6084,-80.6043,28.6083,-80.6044
45.02,2014.38,2021.89,-67.6273,-67.6387,-0.0215617,28.6084,-80.6043,28.6083,-80.6044
45.03,2013.71,2021.22,-67.626,-67.6379,-0.0215302,28.6084,-80.6043,28.6083,-80.6044
45.04,2013.03,2020.54,-67.6246,-67.6375,-0.020724,28.6084,-80.6043,28.6083,-80.6044
45.05,2012.35,2019.86,-67.6233,-67.6351,-0.0199323,28.6084,-80.6043,28.6083,-80.6044
45.06,2011.68,2019.19,-67.6219,-67.6345,-0.0206406,28.6084,-80.6043,28.6083,-80.6044
45.07,2011,2018.51,-67.6205,-67.6343,-0.0199867,28.6084,-80.6043,28.6083,-80.6044
45.08,2010.33,2017.83,-67.6191,-67.6337,-0.0206166,28.6084,-80.6043,28.6083,-80.6044
45.09,2009.65,2017.16,-67.6178,-67.6336,-0.0197486,28.6084,-80.6043,28.6083,-80.6044
45.1,2008.97,2016.7,-67.6164,-67.6331,-0.0196403,28.6084,-80.6043,28.6083,-80.6044
45.11,2008.3,2016.02,-67.615,-67.6334,-0.0189614,28.6084,-80.6043,28.6083,-80.6044
45.12,2007.62,2015.35,-67.6136,-67.6302,-0.018798,28.6084,-80.6043,28.6083,-80.6044
45.13,2006.95,2014.67,-67.6122,-67.6291,-0.0179483,28.6084,-80.6043,28.6083,-80.6044
45.14,2006.27,2013.99,-67.6108,-67.6278,-0.0184041,28.6084,-80.6043,28.6083,-80.6044
45.15,2005.59,2013.32,-67.6094,-67.6254,-0.018091,28.6084,-80.6043,28.6083,-80.6044
45.16,2004.92,2012.64,-67.608,-67.6231,-0.0188415,28.6084,-80.6043,28.6083,-80.6044
45.17,2004.24,2011.97,-67.6066,-67.6214,-0.0191836,28.6084,-80.6043,28.6083,-80.6044
45.18,2003.57,2011.29,-67.6051,-67.6201,-0.02,28.6084,-80.6043,28.6083,-80.6044
45.19,2002.89,2010.61,-67.6037,-67.6183,-0.0202517,28.6084,-80.6043,28.6083,-80.6044
45.2,2002.21,2009.75,-67.6023,-67.6155,-0.0202516,28.6084,-80.6043,28.6083,-80.6044
45.21,2001.54,2009.07,-67.6009,-67.6133,-0.019849,28.6084,-80.6043,28.6083,-80.6044
45.22,2000.86,2008.4,-67.5994,-67.6118,-0.0202664,28.6084,-80.6043,28.6083,-80.6044
45.23,2000.19,2007.72,-67.598,-67.6088,-0.0198951,28.6084,-80.6043,28.6083,-80.6044
45.24,1999.51,2007.04,-67.5966,-67.6085,-0.0205603,28.6084,-80.6043,28.6083,-80.6044
45.25,1998.83,2006.37,-67.5951,-67.6081,-0.0209535,28.6084,-80.6043,28.6083,-80.6044
45.26,1998.16,2005.69,-67.5937,-67.6061,-0.0217949,28.6084,-80.6043,28.6083,-80.6044
45.27,1997.48,2005.02,-67.5922,-67.6056,-0.0223468,28.6084,-80.6043,28.6083,-80.6044
45.28,1996.81,2004.34,-67.5908,-67.6042,-0.0229659,28.6084,-80.6043,28.6083,-80.6044
45.29,1996.13,2003.66,-67.5893,-67.6019,-0.0224372,28.6084,-80.6043,28.6083,-80.6044
45.3,1995.45,2003.33,-67.5879,-67.5987,-0.0227029,28.6084,-80.6043,28.6083,-80.6044
45.31,1994.78,2002.65,-67.5864,-67.5973,-0.0218167,28.6084,-80.6043,28.6083,-80.6044
45.32,1994.1,2001.97,-67.5849,-67.5946,-0.0217606,28.6084,-80.6043,28.6083,-80.6044
45.33,1993.43,2001.3,-67.5835,-67.595,-0.0219402,28.6084,-80.6043,28.6083,-80.6044
45.34,1992.75,2000.62,-67.582,-67.5919,-0.0211927,28.6084,-80.6043,28.6083,-80.6044
45.35,1992.07,1999.95,-67.5805,-67.5888,-0.0210064,28.6084,-80.6043,28.6083,-80.6044
45.36,1991.4,1999.27,-67.579,-67.5859,-0.0207833,28.6084,-80.6043,28.6083,-80.6044
45.37,1990.72,1998.6,-67.5775,-67.5859,-0.021484,28.6084,-80.6043,28.6083,-80.6044
45.38,1990.05,1997.92,-67.5761,-67.5845,-0.0208904,28.6084,-80.6043,28.6083,-80.6044
45.39,1989.37,1997.24,-67.5746,-67.5835,-0.0205598,28.6084,-80.6043,28.6083,-80.6044
45.4,1988.7,1995.95,-67.5731,-67.5838,-0.0202032,28.6084,-80.6043,28.6083,-80.6044
45.41,1988.02,1995.27,-67.5716,-67.5831,-0.0193154,28.6084,-80.6043,28.6083,-80.6044
45.42,1987.34,1994.59,-67.5701,-67.5815,-0.0190989,28.6084,-80.6043,28.6083,-80.6044
45.43,1986.67,1993.92,-67.5686,-67.5814,-0.0196145,28.6084,-80.6043,28.6083,-80.6044
45.44,1985.99,1993.24,-67.5671,-67.5804,-0.0204814,28.6084,-80.6043,28.6083,-80.6044
45.45,1985.32,1992.57,-67.5655,-67.5785,-0.019782,28.6084,-80.6043,28.6083,-80.6044
45.46,1984.64,1991.89,-67.564,-67.5785,-0.0196771,28.6084,-80.6043,28.6083,-80.6044
45.47,1983.97,1991.22,-67.5625,-67.5763,-0.019374,28.6084,-80.6043,28.6083,-80.6044
45.48,1983.29,1990.54,-67.561,-67.5744,-0.0202423,28.6084,-80.6043,28.6083,-80.6044
45.49,1982.61,1989.86,-67.5594,-67.5727,-0.02032,28.6084,-80.6043,28.6083,-80.6044
45.5,1981.94,1988.69,-67.5579,-67.5693,-0.0210262,28.6084,-80.6043,28.6083,-80.6044
45.51,1981.26,1988.01,-67.5564,-67.5685,-0.0215101,28.6084,-80.6043,28.6083,-80.6044
45.52,1980.59,1987.34,-67.5548,-67.567,-0.022339,28.6084,-80.6043,28.6083,-80.6044
45.53,1979.91,1986.66,-67.5533,-67.5673,-0.0216508,28.6084,-80.6043,28.6083,-80.6044
45.54,1979.24,1985.98,-67.5518,-67.5647,-0.0224678,28.6084,-80.6043,28.6083,-80.6044
45.55,1978.56,1985.31,-67.5502,-67.5631,-0.023351,28.6084,-80.6043,28.6083,-80.6044
45.56,1977.89,1984.63,-67.5487,-67.5627,-0.0234184,28.6084,-80.6043,28.6083,-80.6044
45.57,1977.21,1983.96,-67.5471,-67.5608,-0.022787,28.6084,-80.6043,28.6083,-80.6044
45.58,1976.54,1983.28,-67.5456,-67.5588,-0.0221225,28.6084,-80.6043,28.6083,-80.6044
45.59,1975.86,1982.61,-67.544,-67.5585,-0.021788,28.6084,-80.6043,28.6083,-80.6044
45.6,1975.18,1981.95,-67.5424,-67.5572,-0.0227121,28.6084,-80.6043,28.6083,-80.6044
45.61,1974.51,1981.28,-67.5409,-67.5545,-0.0223247,28.6084,-80.6043,28.6083,-80.6044
45.62,1973.83,1980.6,-67.5393,-67.5531,-0.0221619,28.6084,-80.6043,28.6083,-80.6044
45.63,1973.16,1979.93,-67.5377,-67.5505,-0.0211697,28.6084,-80.6043,28.6083,-80.6044
45.64,1972.48,1979.25,-67.5361,-67.5508,-0.0206984,28.6084,-80.6043,28.6083,-80.6044
45.65,1971.81,1978.57,-67.5346,-67.5506,-0.0209744,28.6084,-80.6043,28.6083,-80.6044
45.66,1971.13,1977.9,-67.533,-67.5497,-0.0211722,28.6084,-80.6043,28.6083,-80.6044
45.67,1970.46,1977.22,-67.5314,-67.5468,-0.0213545,28.6084,-80.6043,28.6083,-80.6044
45.68,1969.78,1976.55,-67.5298,-67.5454,-0.0210039,28.6084,-80.6043,28.6083,-80.6044
45.69,1969.11,1975.87,-67.5282,-67.5452,-0.0209091,28.6084,-80.6043,28.6083,-80.6044
45.7,1968.43,1975.62,-67.5266,-67.5448,-0.021473,28.6084,-80.6043,28.6083,-80.6044
45.71,1967.76,1974.95,-67.525,-67.5422,-0.0208568,28.6084,-80.6043,28.6083,-80.6044
45.72,1967.08,1974.27,-67.5234,-67.5403,-0.0213275,28.6084,-80.6043,28.6083,-80.6044
45.73,1966.41,1973.6,-67.5218,-67.5381,-0.0208097,28.6084,-80.6043,28.6083,-80.6044
45.74,1965.73,1972.92,-67.5202,-67.5348,-0.0216458,28.6084,-80.6043,28.6083,-80.6044
45.75,1965.05,1972.25,-67.5186,-67.532,-0.0212005,28.6084,-80.6043,28.6083,-80.6044
45.76,1964.38,1971.57,-67.517,-67.5321,-0.0212195,28.6084,-80.6043,28.6083,-80.6044
45.77,1963.7,1970.89,-67.5153,-67.5318,-0.0209047,28.6084,-80.6043,28.6083,-80.6044
45.78,1963.03,1970.22,-67.5137,-67.5312,-0.0215825,28.6084,-80.6043,28.6083,-80.6044
45.79,1962.35,1969.54,-67.5121,-67.5287,-0.0206111,28.6084,-80.6043,28.6083,-80.6044
45.8,1961.68,1968.92,-67.5105,-67.5279,-0.0214872,28.6084,-80.6043,28.6083,-80.6044
45.81,1961,1968.25,-67.5088,-67.527,-0.0207008,28.6084,-80.6043,28.6083,-80.6044
45.82,1960.33,1967.57,-67.5072,-67.5245,-0.0213787,28.6084,-80.6043,28.6083,-80.6044
45.83,1959.65,1966.9,-67.5056,-67.5226,-0.0206237,28.6084,-80.6043,28.6083,-80.6044
45.84,1958.98,1966.22,-67.5039,-67.5201,-0.0200913,28.6084,-80.6043,28.6083,-80.6044
45.85,1958.3,1965.55,-67.5023,-67.5201,-0.0201646,28.6084,-80.6043,28.6083,-80.6044
45.86,1957.63,1964.87,-67.5006,-67.5187,-0.0193573,28.6084,-80.6043,28.6083,-80.6044
45.87,1956.95,1964.19,-67.499,-67.519,-0.0189677,28.6084,-80.6043,28.6083,-80.6044
45.88,1956.28,1963.52,-67.4973,-67.5171,-0.018382,28.6084,-80.6043,28.6083,-80.6044
45.89,1955.6,1962.84,-67.4957,-67.515,-0.0181301,28.6084,-80.6043,28.6083,-80.6044
45.9,1954.93,1962.26,-67.494,-67.5129,-0.0184314,28.6084,-80.6043,28.6083,-80.6044
45.91,1954.25,1961.58,-67.4924,-67.5105,-0.0184028,28.6084,-80.6043,28.6083,-80.6044
45.92,1953.58,1960.91,-67.4907,-67.5094,-0.0187421,28.6084,-80.6043,28.6083,-80.6044
45.93,1952.9,1960.23,-67.489,-67.507,-0.0196237,28.6084,-80.6043,28.6083,-80.6044
45.94,1952.23,1959.56,-67.4873,-67.5061,-0.0186647,28.6084,-80.6043,28.6083,-80.6044
45.95,1951.55,1958.88,-67.4857,-67.5059,-0.0184146,28.6084,-80.6043,28.6083,-80.6044
45.96,1950.88,1958.21,-67.484,-67.5035,-0.0193859,28.6084,-80.6043,28.6083,-80.6044
45.97,1950.2,1957.53,-67.4823,-67.5024,-0.0186944,28.6084,-80.6043,28.6083,-80.6044
45.98,1949.53,1956.86,-67.4806,-67.5004,-0.0192536,28.6084,-80.6043,28.6083,-80.6044
45.99,1948.86,1956.18,-67.4789,-67.4985,-0.0195556,28.6084,-80.6043,28.6083,-80.6044
46,1948.18,1954.96,-67.4773,-67.4976,-0.0205203,28.6084,-80.6043,28.6084,-80.6044
46.01,1947.51,1954.29,-67.4756,-67.4948,-0.0214172,28.6084,-80.6043,28.6084,-80.6044
46.02,1946.83,1953.61,-67.4739,-67.4947,-0.0216381,28.6084,-80.6043,28.6084,-80.6044
46.03,1946.16,1952.94,-67.4722,-67.4932,-0.0217381,28.6084,-80.6043,28.6084,-80.6044
46.04,1945.48,1952.26,-67.4705,-67.4932,-0.0217093,28.6084,-80.6043,28.6084,-80.6044
46.05,1944.81,1951.59,-67.4688,-67.4896,-0.0218078,28.6084,-80.6043,28.6084,-80.6044
46.06,1944.13,1950.91,-67.4671,-67.4865,-0.0215284,28.6084,-80.6043,28.6084,-80.6044
46.07,1943.46,1950.24,-67.4654,-67.4848,-0.0222068,28.6084,-80.6043,28.6084,-80.6044
46.08,1942.78,1949.56,-67.4636,-67.4826,-0.0219445,28.6084,-80.6043,28.6084,-80.6044
46.09,1942.11,1948.89,-67.4619,-67.4797,-0.0223369,28.6084,-80.6043,28.6084,-80.6044
46.1,1941.43,1947.86,-67.4602,-67.4774,-0.0230792,28.6084,-80.6043,28.6084,-80.6044
46.11,1940.76,1947.19,-67.4585,-67.4771,-0.0233808,28.6084,-80.6043,28.6084,-80.6044
46.12,1940.08,1946.51,-67.4568,-67.4746,-0.0232261,28.6084,-80.6043,28.6084,-80.6044
46.13,1939.41,1945.84,-67.455,-67.4722,-0.0227834,28.6084,-80.6043,28.6084,-80.6044
46.14,1938.74,1945.16,-67.4533,-67.471,-0.0220137,28.6084,-80.6043,28.6084,-80.6044
46.15,1938.06,1944.49,-67.4516,-67.4682,-0.0213528,28.6084,-80.6043,28.6084,-80.6044
46.16,1937.39,1943.81,-67.4498,-67.4659,-0.0211181,28.6084,-80.6043,28.6084,-80.6044
46.17,1936.71,1943.14,-67.4481,-67.4624,-0.0220422,28.6084,-80.6043,28.6084,-80.6044
46.18,1936.04,1942.47,-67.4464,-67.4625,-0.0222799,28.6084,-80.6043,28.6084,-80.6044
46.19,1935.36,1941.79,-67.4446,-67.4622,-0.022148,28.6084,-80.6043,28.6084,-80.6044
46.2,1934.69,1940.81,-67.4429,-67.4611,-0.0219878,28.6084,-80.6043,28.6084,-80.6044
46.21,1934.01,1940.13,-67.4411,-67.4597,-0.0228078,28.6084,-80.6043,28.6084,-80.6044
46.22,1933.34,1939.46,-67.4394,-67.4577,-0.022599,28.6084,-80.6043,28.6084,-80.6044
46.23,1932.67,1938.78,-67.4376,-67.455,-0.0228842,28.6084,-80.6043,28.6084,-80.6044
46.24,1931.99,1938.11,-67.4359,-67.4516,-0.0231509,28.6084,-80.6043,28.6084,-80.6044
46.25,1931.32,1937.44,-67.4341,-67.4499,-0.0240354,28.6084,-80.6043,28.6084,-80.6044
46.26,1930.64,1936.76,-67.4324,-67.4478,-0.0233646,28.6084,-80.6043,28.6084,-80.6044
46.27,1929.97,1936.09,-67.4306,-67.445,-0.0240199,28.6084,-80.6043,28.6084,-80.6044
46.28,1929.29,1935.41,-67.4288,-67.4432,-0.0240542,28.6084,-80.6043,28.6084,-80.6044
46.29,1928.62,1934.74,-67.427,-67.4413,-0.0242833,28.6084,-80.6043,28.6084,-80.6044
46.3,1927.95,1934.54,-67.4253,-67.4405,-0.0245648,28.6084,-80.6043,28.6084,-80.6044
46.31,1927.27,1933.87,-67.4235,-67.4406,-0.0249841,28.6084,-80.6043,28.6084,-80.6044
46.32,1926.6,1933.2,-67.4217,-67.4405,-0.0241346,28.6084,-80.6043,28.6084,-80.6044
46.33,1925.92,1932.52,-67.4199,-67.4381,-0.0247322,28.6084,-80.6043,28.6084,-80.6044
46.34,1925.25,1931.85,-67.4182,-67.4363,-0.0256984,28.6084,-80.6043,28.6084,-80.6044
46.35,1924.57,1931.17,-67.4164,-67.4334,-0.0248955,28.6084,-80.6043,28.6084,-80.6044
46.36,1923.9,1930.5,-67.4146,-67.4336,-0.0241529,28.6084,-80.6043,28.6084,-80.6044
46.37,1923.23,1929.82,-67.4128,-67.4319,-0.0239399,28.6084,-80.6043,28.6084,-80.6044
46.38,1922.55,1929.15,-67.411,-67.4298,-0.0232792,28.6084,-80.6043,28.6084,-80.6044
46.39,1921.88,1928.47,-67.4092,-67.4279,-0.0223609,28.6084,-80.6043,28.6084,-80.6044
46.4,1921.2,1928.12,-67.4074,-67.4269,-0.0222161,28.6084,-80.6043,28.6084,-80.6044
46.41,1920.53,1927.45,-67.4056,-67.4248,-0.0225483,28.6084,-80.6043,28.6084,-80.6044
46.42,1919.86,1926.77,-67.4038,-67.4221,-0.0222431,28.6084,-80.6043,28.6084,-80.6044
46.43,1919.18,1926.1,-67.402,-67.4191,-0.0227325,28.6084,-80.6043,28.6084,-80.6044
46.44,1918.51,1925.42,-67.4002,-67.4191,-0.0235874,28.6084,-80.6043,28.6084,-80.6044
46.45,1917.83,1924.75,-67.3984,-67.4168,-0.0244434,28.6084,-80.6043,28.6084,-80.6044
46.46,1917.16,1924.08,-67.3966,-67.4132,-0.0236337,28.6084,-80.6043,28.6084,-80.6044
46.47,1916.49,1923.4,-67.3947,-67.4128,-0.0228926,28.6084,-80.6043,28.6084,-80.6044
46.48,1915.81,1922.73,-67.3929,-67.4107,-0.0232026,28.6084,-80.6043,28.6084,-80.6044
46.49,1915.14,1922.05,-67.3911,-67.4094,-0.0230161,28.6084,-80.6043,28.6084,-80.6044
46.5,1914.46,1920.95,-67.3893,-67.4091,-0.0234907,28.6084,-80.6043,28.6084,-80.6044
46.51,1913.79,1920.27,-67.3874,-67.4069,-0.0230193,28.6084,-80.6043,28.6084,-80.6044
46.52,1913.12,1919.6,-67.3856,-67.4063,-0.0228391,28.6084,-80.6043,28.6084,-80.6044
46.53,1912.44,1918.92,-67.3838,-67.4042,-0.0224061,28.6084,-80.6043,28.6084,-80.6044
46.54,1911.77,1918.25,-67.3819,-67.4021,-0.021641,28.6084,-80.6043,28.6084,-80.6044
46.55,1911.09,1917.58,-67.3801,-67.4011,-0.0224342,28.6084,-80.6043,28.6084,-80.6044
46.56,1910.42,1916.9,-67.3783,-67.4012,-0.0221886,28.6084,-80.6043,28.6084,-80.6044
46.57,1909.75,1916.23,-67.3764,-67.398,-0.0218143,28.6084,-80.6043,28.6084,-80.6044
46.58,1909.07,1915.55,-67.3746,-67.3964,-0.0226439,28.6084,-80.6043,28.6084,-80.6044
46.59,1908.4,1914.88,-67.3727,-67.3937,-0.0226198,28.6084,-80.6043,28.6084,-80.6044
46.6,1907.73,1914.66,-67.3709,-67.391,-0.0220253,28.6084,-80.6043,28.6084,-80.6044
46.61,1907.05,1913.99,-67.369,-67.3893,-0.0211432,28.6084,-80.6043,28.6084,-80.6044
46.62,1906.38,1913.31,-67.3672,-67.3882,-0.0217815,28.6084,-80.6043,28.6084,-80.6044
46.63,1905.71,1912.64,-67.3653,-67.3872,-0.0214021,28.6084,-80.6043,28.6084,-80.6044
46.64,1905.03,1911.97,-67.3635,-67.3842,-0.0215774,28.6084,-80.6043,28.6084,-80.6044
46.65,1904.36,1911.29,-67.3616,-67.3805,-0.0218385,28.6084,-80.6043,28.6084,-80.6044
46.66,1903.68,1910.62,-67.3597,-67.379,-0.0214623,28.6084,-80.6043,28.6084,-80.6044
46.67,1903.01,1909.95,-67.3579,-67.3769,-0.0224622,28.6084,-80.6043,28.6084,-80.6044
46.68,1902.34,1909.27,-67.356,-67.376,-0.0228867,28.6084,-80.6043,28.6084,-80.6044
46.69,1901.66,1908.6,-67.3541,-67.3739,-0.0236133,28.6084,-80.6043,28.6084,-80.6044
46.7,1900.99,1907.94,-67.3523,-67.3717,-0.023308,28.6084,-80.6043,28.6084,-80.6044
46.71,1900.32,1907.27,-67.3504,-67.3712,-0.0233428,28.6084,-80.6043,28.6084,-80.6044
46.72,1899.64,1906.59,-67.3485,-67.3679,-0.0230649,28.6084,-80.6043,28.6084,-80.6044
46.73,1898.97,1905.92,-67.3466,-67.3657,-0.0228976,28.6084,-80.6043,28.6084,-80.6044
46.74,1898.3,1905.25,-67.3447,-67.3652,-0.0233626,28.6084,-80.6043,28.6084,-80.6044
46.75,1897.62,1904.57,-67.3429,-67.3638,-0.0231449,28.6084,-80.6043,28.6084,-80.6044
46.76,1896.95,1903.9,-67.341,-67.3604,-0.023501,28.6084,-80.6043,28.6084,-80.6044
46.77,1896.28,1903.23,-67.3391,-67.3568,-0.0243951,28.6084,-80.6043,28.6084,-80.6044
46.78,1895.6,1902.55,-67.3372,-67.3545,-0.0241411,28.6084,-80.6043,28.6084,-80.6044
46.79,1894.93,1901.88,-67.3353,-67.3513,-0.0251005,28.6084,-80.6043,28.6084,-80.6044
46.8,1894.26,1900.82,-67.3334,-67.3491,-0.0257075,28.6084,-80.6043,28.6084,-80.6044
46.81,1893.58,1900.14,-67.3315,-67.3474,-0.025172,28.6084,-80.6043,28.6084,-80.6044
46.82,1892.91,1899.47,-67.3296,-67.3458,-0.0251286,28.6084,-80.6043,28.6084,-80.6044
46.83,1892.24,1898.8,-67.3277,-67.3457,-0.0241695,28.6084,-80.6043,28.6084,-80.6044
46.84,1891.56,1898.12,-67.3258,-67.3432,-0.0239053,28.6084,-80.6043,28.6084,-80.6044
46.85,1890.89,1897.45,-67.3239,-67.3407,-0.0232459,28.6084,-80.6043,28.6084,-80.6044
46.86,1890.22,1896.78,-67.322,-67.3375,-0.0240163,28.6084,-80.6043,28.6084,-80.6044
46.87,1889.54,1896.1,-67.3201,-67.3348,-0.0240753,28.6084,-80.6043,28.6084,-80.6044
46.88,1888.87,1895.43,-67.3181,-67.3322,-0.0245318,28.6084,-80.6043,28.6084,-80.6044
46.89,1888.2,1894.76,-67.3162,-67.3298,-0.0236317,28.6084,-80.6043,28.6084,-80.6044
46.9,1887.52,1893.8,-67.3143,-67.3272,-0.024171,28.6084,-80.6043,28.6084,-80.6044
46.91,1886.85,1893.13,-67.3124,-67.324,-0.0248356,28.6084,-80.6043,28.6084,-80.6044
46.92,1886.18,1892.45,-67.3105,-67.3206,-0.0246705,28.6084,-80.6043,28.6084,-80.6044
46.93,1885.5,1891.78,-67.3085,-67.3175,-0.0242663,28.6084,-80.6043,28.6084,-80.6044
46.94,1884.83,1891.11,-67.3066,-67.3152,-0.0245179,28.6084,-80.6043,28.6084,-80.6044
46.95,1884.16,1890.43,-67.3047,-67.3116,-0.0254518,28.6084,-80.6043,28.6084,-80.6044
46.96,1883.49,1889.76,-67.3027,-67.3091,-0.0251191,28.6084,-80.6043,28.6084,-80.6044
46.97,1882.81,1889.09,-67.3008,-67.3073,-0.0257922,28.6084,-80.6043,28.6084,-80.6044
46.98,1882.14,1888.41,-67.2989,-67.3045,-0.0259065,28.6084,-80.6043,28.6084,-80.6044
46.99,1881.47,1887.74,-67.2969,-67.3013,-0.0261985,28.6084,-80.6043,28.6084,-80.6044
47,1880.79,1887.52,-67.295,-67.3011,-0.0258954,28.6084,-80.6043,28.6084,-80.6043
47.01,1880.12,1886.85,-67.2931,-67.3004,-0.0262161,28.6084,-80.6043,28.6084,-80.6043
47.02,1879.45,1886.18,-67.2911,-67.2969,-0.0259932,28.6084,-80.6043,28.6084,-80.6043
47.03,1878.77,1885.5,-67.2892,-67.2959,-0.0253483,28.6084,-80.6043,28.6084,-80.6043
47.04,1878.1,1884.83,-67.2872,-67.2949,-0.0253325,28.6084,-80.6043,28.6084,-80.6043
47.05,1877.43,1884.16,-67.2853,-67.2923,-0.0258553,28.6084,-80.6043,28.6084,-80.6043
47.06,1876.76,1883.48,-67.2833,-67.2897,-0.025816,28.6084,-80.6043,28.6084,-80.6043
47.07,1876.08,1882.81,-67.2813,-67.2864,-0.0258754,28.6084,-80.6043,28.6084,-80.6043
47.08,1875.41,1882.14,-67.2794,-67.2856,-0.0260274,28.6084,-80.6043,28.6084,-80.6043
47.09,1874.74,1881.47,-67.2774,-67.2823,-0.0267867,28.6084,-80.6043,28.6084,-80.6043
47.1,1874.06,1880.41,-67.2755,-67.2805,-0.0268143,28.6084,-80.6043,28.6084,-80.6043
47.11,1873.39,1879.74,-67.2735,-67.2774,-0.026515,28.6084,-80.6043,28.6084,-80.6043
47.12,1872.72,1879.07,-67.2715,-67.2754,-0.0267885,28.6084,-80.6043,28.6084,-80.6043
47.13,1872.05,1878.4,-67.2696,-67.2735,-0.0260634,28.6084,-80.6043,28.6084,-80.6043
47.14,1871.37,1877.72,-67.2676,-67.2718,-0.0268172,28.6084,-80.6043,28.6084,-80.6043
47.15,1870.7,1877.05,-67.2656,-67.2716,-0.0265609,28.6084,-80.6043,28.6084,-80.6043
47.16,1870.03,1876.38,-67.2636,-67.2698,-0.0261527,28.6084,-80.6043,28.6084,-80.6043
47.17,1869.36,1875.71,-67.2617,-67.2678,-0.0270044,28.6084,-80.6043,28.6084,-80.6043
47.18,1868.68,1875.03,-67.2597,-67.2639,-0.0273583,28.6084,-80.6043,28.6084,-80.6043
47.19,1868.01,1874.36,-67.2577,-67.2626,-0.0273792,28.6084,-80.6043,28.6084,-80.6043
47.2,1867.34,1874.08,-67.2557,-67.2587,-0.0272256,28.6084,-80.6043,28.6084,-80.6043
47.21,1866.67,1873.41,-67.2537,-67.2581,-0.0274298,28.6084,-80.6043,28.6084,-80.6043
47.22,1865.99,1872.73,-67.2518,-67.2555,-0.0270117,28.6084,-80.6043,28.6084,-80.6043
47.23,1865.32,1872.06,-67.2498,-67.2523,-0.0270518,28.6084,-80.6043,28.6084,-80.6043
47.24,1864.65,1871.39,-67.2478,-67.249,-0.0274939,28.6084,-80.6043,28.6084,-80.6043
47.25,1863.98,1870.72,-67.2458,-67.2451,-0.0272617,28.6084,-80.6043,28.6084,-80.6043
47.26,1863.3,1870.04,-67.2438,-67.2443,-0.02703,28.6084,-80.6043,28.6084,-80.6043
47.27,1862.63,1869.37,-67.2418,-67.2438,-0.0269049,28.6084,-80.6043,28.6084,-80.6043
47.28,1861.96,1868.7,-67.2398,-67.2435,-0.0259305,28.6084,-80.6043,28.6084,-80.6043
47.29,1861.29,1868.03,-67.2378,-67.2435,-0.0265096,28.6084,-80.6043,28.6084,-80.6043
47.3,1860.61,1867.27,-67.2358,-67.2433,-0.0262515,28.6084,-80.6043,28.6084,-80.6043
47.31,1859.94,1866.6,-67.2338,-67.2406,-0.0269922,28.6084,-80.6043,28.6084,-80.6043
47.32,1859.27,1865.93,-67.2318,-67.2376,-0.0265501,28.6084,-80.6043,28.6084,-80.6043
47.33,1858.6,1865.26,-67.2298,-67.2358,-0.0273791,28.6084,-80.6043,28.6084,-80.6043
47.34,1857.92,1864.58,-67.2278,-67.235,-0.0275386,28.6084,-80.6043,28.6084,-80.6043
47.35,1857.25,1863.91,-67.2257,-67.2323,-0.0277871,28.6084,-80.6043,28.6084,-80.6043
47.36,1856.58,1863.24,-67.2237,-67.2286,-0.0286666,28.6084,-80.6043,28.6084,-80.6043
47.37,1855.91,1862.57,-67.2217,-67.2286,-0.0284335,28.6084,-80.6043,28.6084,-80.6043
47.38,1855.24,1861.89,-67.2197,-67.225,-0.0284511,28.6084,-80.6043,28.6084,-80.6043
47.39,1854.56,1861.22,-67.2177,-67.2232,-0.029129,28.6084,-80.6043,28.6084,-80.6043
47.4,1853.89,1860.73,-67.2157,-67.2214,-0.0300049,28.6084,-80.6043,28.6084,-80.6043
47.41,1853.22,1860.06,-67.2136,-67.2199,-0.0306314,28.6084,-80.6043,28.6084,-80.6043
47.42,1852.55,1859.38,-67.2116,-67.2162,-0.0313102,28.6084,-80.6043,28.6084,-80.6043
47.43,1851.88,1858.71,-67.2096,-67.2155,-0.0304626,28.6084,-80.6043,28.6084,-80.6043
47.44,1851.2,1858.04,-67.2075,-67.214,-0.0310441,28.6084,-80.6043,28.6084,-80.6043
47.45,1850.53,1857.37,-67.2055,-67.2117,-0.0319558,28.6084,-80.6043,28.6084,-80.6043
47.46,1849.86,1856.7,-67.2035,-67.2079,-0.0315908,28.6084,-80.6043,28.6084,-80.6043
47.47,1849.19,1856.02,-67.2015,-67.2047,-0.0312514,28.6084,-80.6043,28.6084,-80.6043
47.48,1848.51,1855.35,-67.1994,-67.2041,-0.0304974,28.6084,-80.6043,28.6084,-80.6043
47.49,1847.84,1854.68,-67.1974,-67.2006,-0.0303865,28.6084,-80.6043,28.6084,-80.6043
47.5,1847.17,1853.5,-67.1953,-67.1984,-0.0308744,28.6084,-80.6043,28.6084,-80.6043
47.51,1846.5,1852.83,-67.1933,-67.1965,-0.0313399,28.6084,-80.6043,28.6084,-80.6043
47.52,1845.83,1852.16,-67.1912,-67.1961,-0.0313767,28.6084,-80.6043,28.6084,-80.6043
47.53,1845.16,1851.49,-67.1892,-67.193,-0.0313257,28.6084,-80.6043,28.6084,-80.6043
47.54,1844.48,1850.81,-67.1872,-67.1904,-0.0318938,28.6084,-80.6043,28.6084,-80.6043
47.55,1843.81,1850.14,-67.1851,-67.188,-0.0328878,28.6084,-80.6043,28.6084,-80.6043
47.56,1843.14,1849.47,-67.1831,-67.1868,-0.0323393,28.6084,-80.6043,28.6084,-80.6043
47.57,1842.47,1848.8,-67.181,-67.183,-0.0324397,28.6084,-80.6043,28.6084,-80.6043
47.58,1841.8,1848.13,-67.1789,-67.1792,-0.0317402,28.6084,-80.6043,28.6084,-80.6043
47.59,1841.12,1847.45,-67.1769,-67.1758,-0.0324253,28.6084,-80.6043,28.6084,-80.6043
47.6,1840.45,1846.85,-67.1748,-67.1742,-0.0316954,28.6084,-80.6043,28.6084,-80.6043
47.61,1839.78,1846.18,-67.1728,-67.1737,-0.0313824,28.6084,-80.6043,28.6084,-80.6043
47.62,1839.11,1845.51,-67.1707,-67.1705,-0.0319418,28.6084,-80.6043,28.6084,-80.6043
47.63,1838.44,1844.84,-67.1686,-67.1683,-0.0316297,28.6084,-80.6043,28.6084,-80.6043
47.64,1837.77,1844.17,-67.1666,-67.1652,-0.0324843,28.6084,-80.6043,28.6084,-80.6043
47.65,1837.09,1843.5,-67.1645,-67.1614,-0.0330067,28.6084,-80.6043,28.6084,-80.6043
47.66,1836.42,1842.82,-67.1624,-67.1587,-0.033648,28.6084,-80.6043,28.6084,-80.6043
47.67,1835.75,1842.15,-67.1604,-67.1573,-0.0343404,28.6084,-80.6043,28.6084,-80.6043
47.68,1835.08,1841.48,-67.1583,-67.1535,-0.0336527,28.6084,-80.6043,28.6084,-80.6043
47.69,1834.41,1840.81,-67.1562,-67.1503,-0.0343451,28.6084,-80.6043,28.6084,-80.6043
47.7,1833.74,1839.69,-67.1541,-67.1485,-0.0337462,28.6084,-80.6043,28.6084,-80.6043
47.71,1833.06,1839.02,-67.1521,-67.1466,-0.0332956,28.6084,-80.6043,28.6084,-80.6043
47.72,1832.39,1838.34,-67.15,-67.143,-0.0339877,28.6084,-80.6043,28.6084,-80.6043
47.73,1831.72,1837.67,-67.1479,-67.1406,-0.0335606,28.6084,-80.6043,28.6084,-80.6043
47.74,1831.05,1837,-67.1458,-67.1392,-0.0326052,28.6084,-80.6043,28.6084,-80.6043
47.75,1830.38,1836.33,-67.1437,-67.1368,-0.0327703,28.6084,-80.6043,28.6084,-80.6043
47.76,1829.71,1835.66,-67.1416,-67.1365,-0.0333002,28.6084,-80.6043,28.6084,-80.6043
47.77,1829.04,1834.99,-67.1396,-67.1356,-0.0337341,28.6084,-80.6043,28.6084,-80.6043
47.78,1828.36,1834.32,-67.1375,-67.1325,-0.0330354,28.6084,-80.6043,28.6084,-80.6043
47.79,1827.69,1833.64,-67.1354,-67.1322,-0.0323531,28.6084,-80.6043,28.6084,-80.6043
47.8,1827.02,1832.69,-67.1333,-67.129,-0.0327578,28.6084,-80.6043,28.6084,-80.6043
47.81,1826.35,1832.02,-67.1312,-67.1269,-0.0325258,28.6084,-80.6043,28.6084,-80.6043
47.82,1825.68,1831.35,-67.1291,-67.1241,-0.0317685,28.6084,-80.6043,28.6084,-80.6043
47.83,1825.01,1830.67,-67.127,-67.1222,-0.0318414,28.6084,-80.6043,28.6084,-80.6043
47.84,1824.34,1830,-67.1249,-67.1219,-0.0310587,28.6084,-80.6043,28.6084,-80.6043
47.85,1823.67,1829.33,-67.1228,-67.1208,-0.0311079,28.6084,-80.6043,28.6084,-80.6043
47.86,1822.99,1828.66,-67.1207,-67.1203,-0.0301312,28.6084,-80.6043,28.6084,-80.6043
47.87,1822.32,1827.99,-67.1186,-67.1187,-0.0306293,28.6084,-80.6043,28.6084,-80.6043
47.88,1821.65,1827.32,-67.1165,-67.1164,-0.0314659,28.6084,-80.6043,28.6084,-80.6043
47.89,1820.98,1826.65,-67.1144,-67.114,-0.0313837,28.6084,-80.6043,28.6084,-80.6043
47.9,1820.31,1826.45,-67.1123,-67.1112,-0.0304241,28.6084,-80.6043,28.6084,-80.6043
47.91,1819.64,1825.78,-67.1102,-67.1087,-0.0310779,28.6084,-80.6043,28.6084,-80.6043
47.92,1818.97,1825.11,-67.108,-67.1051,-0.0307504,28.6084,-80.6043,28.6084,-80.6043
47.93,1818.3,1824.44,-67.1059,-67.1049,-0.0298588,28.6084,-80.6043,28.6084,-80.6043
47.94,1817.63,1823.77,-67.1038,-67.1027,-0.0292912,28.6084,-80.6043,28.6084,-80.6043
47.95,1816.95,1823.1,-67.1017,-67.1016,-0.0302547,28.6084,-80.6043,28.6084,-80.6043
47.96,1816.28,1822.43,-67.0996,-67.0986,-0.0295357,28.6084,-80.6043,28.6084,-80.6043
47.97,1815.61,1821.76,-67.0975,-67.0957,-0.0293293,28.6084,-80.6043,28.6084,-80.6043
47.98,1814.94,1821.09,-67.0953,-67.0943,-0.0300314,28.6084,-80.6043,28.6084,-80.6043
47.99,1814.27,1820.42,-67.0932,-67.0917,-0.03061,28.6084,-80.6043,28.6084,-80.6043
48,1813.6,1820.13,-67.0911,-67.0899,-0.031388,28.6084,-80.6043,28.6084,-80.6043
48.01,1812.93,1819.46,-67.089,-67.0885,-0.0314297,28.6084,-80.6043,28.6084,-80.6043
48.02,1812.26,1818.79,-67.0868,-67.0879,-0.03142,28.6084,-80.6043,28.6084,-80.6043
48.03,1811.59,1818.12,-67.0847,-67.0869,-0.0322184,28.6084,-80.6043,28.6084,-80.6043
48.04,1810.92,1817.45,-67.0826,-67.0864,-0.0329854,28.6084,-80.6043,28.6084,-80.6043
48.05,1810.25,1816.78,-67.0804,-67.0851,-0.0319941,28.6084,-80.6043,28.6084,-80.6043
48.06,1809.57,1816.1,-67.0783,-67.0819,-0.0324015,28.6084,-80.6043,28.6084,-80.6043
48.07,1808.9,1815.43,-67.0762,-67.078,-0.0328313,28.6084,-80.6043,28.6084,-80.6043
48.08,1808.23,1814.76,-67.074,-67.0775,-0.0334614,28.6084,-80.6043,28.6084,-80.6043
48.09,1807.56,1814.09,-67.0719,-67.0762,-0.0328521,28.6084,-80.6043,28.6084,-80.6043
48.1,1806.89,1813.27,-67.0697,-67.0758,-0.0318745,28.6084,-80.6043,28.6084,-80.6043
48.11,1806.22,1812.6,-67.0676,-67.0741,-0.0325989,28.6084,-80.6043,28.6084,-80.6043
48.12,1805.55,1811.93,-67.0655,-67.0737,-0.03245,28.6084,-80.6043,28.6084,-80.6043
48.13,1804.88,1811.26,-67.0633,-67.0714,-0.0331411,28.6084,-80.6043,28.6084,-80.6043
48.14,1804.21,1810.59,-67.0612,-67.0677,-0.0322409,28.6084,-80.6043,28.6084,-80.6043
48.15,1803.54,1809.92,-67.059,-67.065,-0.0323591,28.6084,-80.6043,28.6084,-80.6043
48.16,1802.87,1809.25,-67.0569,-67.0612,-0.0329702,28.6084,-80.6043,28.6084,-80.6043
48.17,1802.2,1808.58,-67.0547,-67.0588,-0.0331327,28.6084,-80.6043,28.6084,-80.6043
48.18,1801.53,1807.91,-67.0526,-67.057,-0.0328073,28.6084,-80.6043,28.6084,-80.6043
48.19,1800.86,1807.24,-67.0504,-67.0548,-0.0327431,28.6084,-80.6043,28.6084,-80.6043
48.2,1800.19,1806.4,-67.0482,-67.0509,-0.0326969,28.6084,-80.6043,28.6084,-80.6043
48.21,1799.52,1805.72,-67.0461,-67.0495,-0.0327678,28.6084,-80.6043,28.6084,-80.6043
48.22,1798.85,1805.05,-67.0439,-67.0469,-0.0331418,28.6084,-80.6043,28.6084,-80.6043
48.23,1798.17,1804.38,-67.0418,-67.0441,-0.0323402,28.6084,-80.6043,28.6084,-80.6043
48.24,1797.5,1803.71,-67.0396,-67.0435,-0.0319524,28.6084,-80.6043,28.6084,-80.6043
48.25,1796.83,1803.04,-67.0374,-67.0398,-0.0319014,28.6084,-80.6043,28.6084,-80.6043
48.26,1796.16,1802.37,-67.0353,-67.0394,-0.0328467,28.6084,-80.6043,28.6084,-80.6043
48.27,1795.49,1801.7,-67.0331,-67.037,-0.0325823,28.6084,-80.6043,28.6084,-80.6043
48.28,1794.82,1801.03,-67.0309,-67.0345,-0.0321356,28.6084,-80.6043,28.6084,-80.6043
48.29,1794.15,1800.36,-67.0288,-67.0323,-0.032081,28.6084,-80.6043,28.6084,-80.6043
48.3,1793.48,1799.41,-67.0266,-67.0307,-0.0311705,28.6084,-80.6043,28.6084,-80.6043
48.31,1792.81,1798.74,-67.0244,-67.0287,-0.0311362,28.6084,-80.6043,28.6084,-80.6043
48.32,1792.14,1798.07,-67.0223,-67.0251,-0.0302022,28.6084,-80.6043,28.6084,-80.6043
48.33,1791.47,1797.4,-67.0201,-67.0242,-0.0304274,28.6084,-80.6043,28.6084,-80.6043
48.34,1790.8,1796.73,-67.0179,-67.022,-0.0311944,28.6084,-80.6043,28.6084,-80.6043
48.35,1790.13,1796.06,-67.0157,-67.0182,-0.0305718,28.6084,-80.6043,28.6084,-80.6043
48.36,1789.46,1795.39,-67.0136,-67.0166,-0.0308216,28.6084,-80.6043,28.6084,-80.6043
48.37,1788.79,1794.72,-67.0114,-67.0148,-0.0304967,28.6084,-80.6043,28.6084,-80.6043
48.38,1788.12,1794.04,-67.0092,-67.0145,-0.0308778,28.6084,-80.6043,28.6084,-80.6043
48.39,1787.45,1793.37,-67.007,-67.0112,-0.0304408,28.6084,-80.6043,28.6084,-80.6043
48.4,1786.78,1792.77,-67.0048,-67.0103,-0.0308296,28.6084,-80.6043,28.6084,-80.6043
48.41,1786.11,1792.1,-67.0026,-67.007,-0.0300805,28.6084,-80.6043,28.6084,-80.6043
48.42,1785.44,1791.43,-67.0005,-67.0052,-0.0294733,28.6084,-80.6043,28.6084,-80.6043
48.43,1784.77,1790.76,-66.9983,-67.0026,-0.0286279,28.6084,-80.6043,28.6084,-80.6043
48.44,1784.1,1790.09,-66.9961,-67.0011,-0.0277183,28.6084,-80.6043,28.6084,-80.6043
48.45,1783.43,1789.42,-66.9939,-66.9974,-0.027174,28.6084,-80.6043,28.6084,-80.6043
48.46,1782.76,1788.75,-66.9917,-66.9951,-0.0273838,28.6084,-80.6043,28.6084,-80.6043
48.47,1782.09,1788.08,-66.9895,-66.9924,-0.0274375,28.6084,-80.6043,28.6084,-80.6043
48.48,1781.42,1787.41,-66.9873,-66.9899,-0.0283984,28.6084,-80.6043,28.6084,-80.6043
48.49,1780.75,1786.74,-66.9851,-66.9858,-0.0280154,28.6084,-80.6043,28.6084,-80.6043
48.5,1780.08,1785.8,-66.9829,-66.9819,-0.0274486,28.6084,-80.6043,28.6084,-80.6043
48.51,1779.41,1785.13,-66.9807,-66.9816,-0.0280643,28.6084,-80.6043,28.6084,-80.6043
48.52,1778.74,1784.46,-66.9785,-66.9785,-0.0284048,28.6084,-80.6043,28.6084,-80.6043
48.53,1778.07,1783.79,-66.9763,-66.9763,-0.0284379,28.6084,-80.6043,28.6084,-80.6043
48.54,1777.4,1783.12,-66.9741,-66.9759,-0.0280366,28.6084,-80.6043,28.6084,-80.6043
48.55,1776.73,1782.45,-66.9719,-66.9726,-0.0273878,28.6084,-80.6043,28.6084,-80.6043
48.56,1776.06,1781.78,-66.9697,-66.9687,-0.0270606,28.6084,-80.6043,28.6084,-80.6043
48.57,1775.39,1781.11,-66.9675,-66.9675,-0.0265992,28.6084,-80.6043,28.6084,-80.6043
48.58,1774.72,1780.44,-66.9653,-66.9663,-0.0272884,28.6084,-80.6043,28.6084,-80.6043
48.59,1774.05,1779.77,-66.9631,-66.9658,-0.0278557,28.6084,-80.6043,28.6084,-80.6043
48.6,1773.38,1778.94,-66.9609,-66.9655,-0.0271883,28.6084,-80.6043,28.6084,-80.6043
48.61,1772.71,1778.27,-66.9587,-66.9624,-0.0272567,28.6084,-80.6043,28.6084,-80.6043
48.62,1772.05,1777.6,-66.9564,-66.9614,-0.0282496,28.6084,-80.6043,28.6084,-80.6043
48.63,1771.38,1776.93,-66.9542,-66.9592,-0.0289141,28.6084,-80.6043,28.6084,-80.6043
48.64,1770.71,1776.26,-66.952,-66.9562,-0.0290832,28.6084,-80.6043,28.6084,-80.6043
48.65,1770.04,1775.59,-66.9498,-66.9522,-0.0286113,28.6084,-80.6043,28.6084,-80.6043
48.66,1769.37,1774.92,-66.9476,-66.9491,-0.0293246,28.6084,-80.6043,28.6084,-80.6043
48.67,1768.7,1774.25,-66.9454,-66.9471,-0.030224,28.6084,-80.6043,28.6084,-80.6043
48.68,1768.03,1773.58,-66.9431,-66.9443,-0.0293784,28.6084,-80.6043,28.6084,-80.6043
48.69,1767.36,1772.91,-66.9409,-66.9437,-0.0296873,28.6084,-80.6043,28.6084,-80.6043
48.7,1766.69,1772.22,-66.9387,-66.9406,-0.0288415,28.6084,-80.6043,28.6084,-80.6043
48.71,1766.02,1771.55,-66.9365,-66.9393,-0.0295303,28.6084,-80.6043,28.6084,-80.6043
48.72,1765.35,1770.88,-66.9342,-66.9391,-0.0292562,28.6084,-80.6043,28.6084,-80.6043
48.73,1764.68,1770.21,-66.932,-66.9376,-0.0301264,28.6084,-80.6043,28.6084,-80.6043
48.74,1764.01,1769.54,-66.9298,-66.934,-0.0304376,28.6084,-80.6043,28.6084,-80.6043
48.75,1763.34,1768.87,-66.9276,-66.9302,-0.0302858,28.6084,-80.6043,28.6084,-80.6043
48.76,1762.67,1768.2,-66.9253,-66.9268,-0.030557,28.6084,-80.6043,28.6084,-80.6043
48.77,1762,1767.53,-66.9231,-66.9235,-0.030004,28.6084,-80.6043,28.6084,-80.6043
48.78,1761.34,1766.86,-66.9209,-66.9199,-0.0291255,28.6084,-80.6043,28.6084,-80.6043
48.79,1760.67,1766.19,-66.9186,-66.9178,-0.0295951,28.6084,-80.6043,28.6084,-80.6043
48.8,1760,1765.45,-66.9164,-66.914,-0.0301801,28.6084,-80.6043,28.6084,-80.6043
48.81,1759.33,1764.78,-66.9142,-66.9098,-0.0298865,28.6084,-80.6043,28.6084,-80.6043
48.82,1758.66,1764.11,-66.9119,-66.9094,-0.029529,28.6084,-80.6043,28.6084,-80.6043
48.83,1757.99,1763.44,-66.9097,-66.9069,-0.0302599,28.6084,-80.6043,28.6084,-80.6043
48.84,1757.32,1762.77,-66.9074,-66.9065,-0.0306969,28.6084,-80.6043,28.6084,-80.6043
48.85,1756.65,1762.1,-66.9052,-66.9061,-0.031103,28.6084,-80.6043,28.6084,-80.6043
48.86,1755.98,1761.44,-66.903,-66.9032,-0.0316769,28.6084,-80.6043,28.6084,-80.6043
48.87,1755.31,1760.77,-66.9007,-66.9018,-0.0320886,28.6084,-80.6043,28.6084,-80.6043
48.88,1754.64,1760.1,-66.8985,-66.8994,-0.0323583,28.6084,-80.6043,28.6084,-80.6043
48.89,1753.98,1759.43,-66.8962,-66.8986,-0.0316214,28.6084,-80.6043,28.6084,-80.6043
48.9,1753.31,1758.35,-66.894,-66.8973,-0.0311746,28.6084,-80.6043,28.6084,-80.6043
48.91,1752.64,1757.68,-66.8917,-66.8945,-0.0311848,28.6084,-80.6043,28.6084,-80.6043
48.92,1751.97,1757.01,-66.8895,-66.8925,-0.0312289,28.6084,-80.6043,28.6084,-80.6043
48.93,1751.3,1756.34,-66.8872,-66.8906,-0.03045,28.6084,-80.6043,28.6084,-80.6043
48.94,1750.63,1755.67,-66.885,-66.8873,-0.0308008,28.6084,-80.6043,28.6084,-80.6043
48.95,1749.96,1755.01,-66.8827,-66.8867,-0.0303429,28.6084,-80.6043,28.6084,-80.6043
48.96,1749.29,1754.34,-66.8805,-66.885,-0.0298555,28.6084,-80.6043,28.6084,-80.6043
48.97,1748.62,1753.67,-66.8782,-66.8817,-0.0307812,28.6084,-80.6043,28.6084,-80.6043
48.98,1747.96,1753,-66.876,-66.8802,-0.0299821,28.6084,-80.6043,28.6084,-80.6043
48.99,1747.29,1752.33,-66.8737,-66.8797,-0.0297924,28.6084,-80.6043,28.6084,-80.6043
49,1746.62,1751.89,-66.8714,-66.8756,-0.0300756,28.6084,-80.6043,28.6085,-80.6043
49.01,1745.95,1751.22,-66.8692,-66.8743,-0.0297582,28.6084,-80.6043,28.6085,-80.6043
49.02,1745.28,1750.55,-66.8669,-66.8713,-0.0296331,28.6084,-80.6043,28.6085,-80.6043
49.03,1744.61,1749.88,-66.8647,-66.8699,-0.0297992,28.6084,-80.6043,28.6085,-80.6043
49.04,1743.94,1749.21,-66.8624,-66.8688,-0.0289677,28.6084,-80.6043,28.6085,-80.6043
49.05,1743.28,1748.54,-66.8601,-66.8649,-0.0287239,28.6084,-80.6043,28.6085,-80.6043
49.06,1742.61,1747.88,-66.8579,-66.863,-0.0290319,28.6084,-80.6043,28.6085,-80.6043
49.07,1741.94,1747.21,-66.8556,-66.8607,-0.0297582,28.6084,-80.6043,28.6085,-80.6043
49.08,1741.27,1746.54,-66.8533,-66.8578,-0.0295417,28.6084,-80.6043,28.6085,-80.6043
49.09,1740.6,1745.87,-66.8511,-66.8541,-0.0304836,28.6084,-80.6043,28.6085,-80.6043
49.1,1739.93,1744.95,-66.8488,-66.8524,-0.0302221,28.6084,-80.6043,28.6085,-80.6043
49.11,1739.26,1744.28,-66.8465,-66.8518,-0.0301615,28.6084,-80.6043,28.6085,-80.6043
49.12,1738.6,1743.61,-66.8443,-66.8511,-0.0306412,28.6084,-80.6043,28.6085,-80.6043
49.13,1737.93,1742.94,-66.842,-66.8488,-0.0306691,28.6084,-80.6043,28.6085,-80.6043
49.14,1737.26,1742.27,-66.8397,-66.8465,-0.0303543,28.6084,-80.6043,28.6085,-80.6043
49.15,1736.59,1741.6,-66.8374,-66.8457,-0.0312382,28.6084,-80.6043,28.6085,-80.6043
49.16,1735.92,1740.94,-66.8352,-66.844,-0.0319011,28.6084,-80.6043,28.6085,-80.6043
49.17,1735.25,1740.27,-66.8329,-66.8407,-0.0310729,28.6084,-80.6043,28.6085,-80.6043
49.18,1734.59,1739.6,-66.8306,-66.8386,-0.0317359,28.6084,-80.6043,28.6085,-80.6043
49.19,1733.92,1738.93,-66.8283,-66.8378,-0.0319922,28.6084,-80.6043,28.6085,-80.6043
49.2,1733.25,1738.53,-66.826,-66.8372,-0.0315121,28.6084,-80.6043,28.6085,-80.6043
49.21,1732.58,1737.86,-66.8238,-66.8339,-0.0320094,28.6084,-80.6043,28.6085,-80.6043
49.22,1731.91,1737.19,-66.8215,-66.83,-0.0328155,28.6084,-80.6043,28.6085,-80.6043
49.23,1731.24,1736.52,-66.8192,-66.8263,-0.0322792,28.6084,-80.6043,28.6085,-80.6043
49.24,1730.58,1735.85,-66.8169,-66.8255,-0.032856,28.6084,-80.6043,28.6085,-80.6043
49.25,1729.91,1735.19,-66.8146,-66.8236,-0.0334717,28.6084,-80.6043,28.6085,-80.6043
49.26,1729.24,1734.52,-66.8123,-66.8198,-0.0326132,28.6084,-80.6043,28.6085,-80.6043
49.27,1728.57,1733.85,-66.81,-66.8183,-0.0333392,28.6084,-80.6043,28.6085,-80.6043
49.28,1727.9,1733.18,-66.8078,-66.8163,-0.0327275,28.6084,-80.6043,28.6085,-80.6043
49.29,1727.24,1732.51,-66.8055,-66.8134,-0.0335795,28.6084,-80.6043,28.6085,-80.6043
49.3,1726.57,1731.84,-66.8032,-66.8093,-0.0331653,28.6084,-80.6043,28.6085,-80.6043
49.31,1725.9,1731.18,-66.8009,-66.8073,-0.033248,28.6084,-80.6043,28.6085,-80.6043
49.32,1725.23,1730.51,-66.7986,-66.8057,-0.0330977,28.6084,-80.6043,28.6085,-80.6043
49.33,1724.56,1729.84,-66.7963,-66.8029,-0.0331821,28.6084,-80.6043,28.6085,-80.6043
49.34,1723.9,1729.17,-66.794,-66.7988,-0.0327672,28.6084,-80.6043,28.6085,-80.6043
49.35,1723.23,1728.5,-66.7917,-66.7977,-0.032342,28.6084,-80.6043,28.6085,-80.6043
49.36,1722.56,1727.84,-66.7894,-66.7969,-0.0324436,28.6084,-80.6043,28.6085,-80.6043
49.37,1721.89,1727.17,-66.7871,-66.7941,-0.0329822,28.6084,-80.6043,28.6085,-80.6043
49.38,1721.22,1726.5,-66.7848,-66.7926,-0.0332158,28.6084,-80.6043,28.6085,-80.6043
49.39,1720.56,1725.83,-66.7825,-66.7909,-0.033175,28.6084,-80.6043,28.6085,-80.6043
49.4,1719.89,1724.86,-66.7802,-66.7874,-0.0330774,28.6084,-80.6043,28.6085,-80.6043
49.41,1719.22,1724.19,-66.7779,-66.7855,-0.0323402,28.6084,-80.6043,28.6085,-80.6043
49.42,1718.55,1723.52,-66.7756,-66.7831,-0.0330841,28.6084,-80.6043,28.6085,-80.6043
49.43,1717.89,1722.85,-66.7733,-66.7801,-0.0337176,28.6084,-80.6043,28.6085,-80.6043
49.44,1717.22,1722.19,-66.771,-66.779,-0.0334677,28.6084,-80.6043,28.6085,-80.6043
49.45,1716.55,1721.52,-66.7687,-66.7751,-0.0332125,28.6084,-80.6043,28.6085,-80.6043
49.46,1715.88,1720.85,-66.7664,-66.7718,-0.0335145,28.6084,-80.6043,28.6085,-80.6043
49.47,1715.21,1720.18,-66.7641,-66.7677,-0.033876,28.6084,-80.6043,28.6085,-80.6043
49.48,1714.55,1719.52,-66.7618,-66.7634,-0.0340259,28.6084,-80.6043,28.6085,-80.6043
49.49,1713.88,1718.85,-66.7595,-66.7621,-0.0336587,28.6084,-80.6043,28.6085,-80.6043
49.5,1713.21,1718.5,-66.7572,-66.7593,-0.032701,28.6084,-80.6043,28.6085,-80.6043
49.51,1712.54,1717.83,-66.7549,-66.7557,-0.0325131,28.6084,-80.6043,28.6085,-80.6043
49.52,1711.88,1717.16,-66.7525,-66.7552,-0.0327513,28.6084,-80.6043,28.6085,-80.6043
49.53,1711.21,1716.49,-66.7502,-66.751,-0.032942,28.6084,-80.6043,28.6085,-80.6043
49.54,1710.54,1715.83,-66.7479,-66.747,-0.0324234,28.6084,-80.6043,28.6085,-80.6043
49.55,1709.87,1715.16,-66.7456,-66.7429,-0.0328265,28.6084,-80.6043,28.6085,-80.6043
49.56,1709.21,1714.49,-66.7433,-66.7407,-0.0321823,28.6084,-80.6043,28.6085,-80.6043
49.57,1708.54,1713.82,-66.741,-66.7371,-0.0319848,28.6084,-80.6043,28.6085,-80.6043
49.58,1707.87,1713.16,-66.7387,-66.7348,-0.0329529,28.6084,-80.6043,28.6085,-80.6043
49.59,1707.2,1712.49,-66.7363,-66.7312,-0.0337099,28.6084,-80.6043,28.6085,-80.6043
49.6,1706.54,1711.47,-66.734,-66.7273,-0.0338531,28.6084,-80.6043,28.6085,-80.6043
49.61,1705.87,1710.8,-66.7317,-66.7235,-0.0340617,28.6084,-80.6043,28.6085,-80.6043
49.62,1705.2,1710.13,-66.7294,-66.7225,-0.0345988,28.6084,-80.6043,28.6085,-80.6043
49.63,1704.54,1709.46,-66.7271,-66.7189,-0.0346968,28.6084,-80.6043,28.6085,-80.6043
49.64,1703.87,1708.8,-66.7247,-66.7149,-0.0348095,28.6084,-80.6043,28.6085,-80.6043
49.65,1703.2,1708.13,-66.7224,-66.7128,-0.0343448,28.6084,-80.6043,28.6085,-80.6043
49.66,1702.53,1707.46,-66.7201,-66.7104,-0.0352971,28.6084,-80.6043,28.6085,-80.6043
49.67,1701.87,1706.8,-66.7178,-66.707,-0.0345039,28.6084,-80.6043,28.6085,-80.6043
49.68,1701.2,1706.13,-66.7154,-66.7067,-0.0351339,28.6084,-80.6043,28.6085,-80.6043
49.69,1700.53,1705.46,-66.7131,-66.7031,-0.0346134,28.6084,-80.6043,28.6085,-80.6043
49.7,1699.87,1704.66,-66.7108,-66.7023,-0.0354207,28.6084,-80.6043,28.6085,-80.6043
49.71,1699.2,1703.99,-66.7084,-66.701,-0.0345626,28.6084,-80.6043,28.6085,-80.6043
49.72,1698.53,1703.32,-66.7061,-66.6974,-0.0346485,28.6084,-80.6043,28.6085,-80.6043
49.73,1697.86,1702.66,-66.7038,-66.6933,-0.0343874,28.6084,-80.6043,28.6085,-80.6043
49.74,1697.2,1701.99,-66.7015,-66.6906,-0.0336847,28.6084,-80.6043,28.6085,-80.6043
49.75,1696.53,1701.32,-66.6991,-66.69,-0.0337966,28.6084,-80.6043,28.6085,-80.6043
49.76,1695.86,1700.66,-66.6968,-66.6893,-0.0338873,28.6084,-80.6043,28.6085,-80.6043
49.77,1695.2,1699.99,-66.6945,-66.6864,-0.034211,28.6084,-80.6043,28.6085,-80.6043
49.78,1694.53,1699.32,-66.6921,-66.685,-0.0350514,28.6084,-80.6043,28.6085,-80.6043
49.79,1693.86,1698.66,-66.6898,-66.6836,-0.0346134,28.6084,-80.6043,28.6085,-80.6043
49.8,1693.2,1698.57,-66.6874,-66.6813,-0.0336423,28.6084,-80.6043,28.6085,-80.6043
49.81,1692.53,1697.9,-66.6851,-66.68,-0.0331104,28.6084,-80.6043,28.6085,-80.6043
49.82,1691.86,1697.24,-66.6828,-66.6791,-0.0330413,28.6084,-80.6043,28.6085,-80.6043
49.83,1691.19,1696.57,-66.6804,-66.675,-0.0321831,28.6084,-80.6043,28.6085,-80.6043
49.84,1690.53,1695.9,-66.6781,-66.6735,-0.0330042,28.6084,-80.6043,28.6085,-80.6043
49.85,1689.86,1695.24,-66.6758,-66.673,-0.0329526,28.6084,-80.6043,28.6085,-80.6043
49.86,1689.19,1694.57,-66.6734,-66.6725,-0.0320436,28.6084,-80.6043,28.6085,-80.6043
49.87,1688.53,1693.9,-66.6711,-66.6707,-0.0320295,28.6084,-80.6043,28.6085,-80.6043
49.88,1687.86,1693.24,-66.6687,-66.6668,-0.0310573,28.6084,-80.6043,28.6085,-80.6043
49.89,1687.19,1692.57,-66.6664,-66.6661,-0.0305555,28.6084,-80.6043,28.6085,-80.6043
49.9,1686.53,1692,-66.664,-66.6656,-0.0304964,28.6084,-80.6043,28.6085,-80.6043
49.91,1685.86,1691.33,-66.6617,-66.6618,-0.0311797,28.6084,-80.6043,28.6085,-80.6043
49.92,1685.19,1690.67,-66.6593,-66.6607,-0.0306296,28.6084,-80.6043,28.6085,-80.6043
49.93,1684.53,1690,-66.657,-66.6594,-0.0307315,28.6084,-80.6043,28.6085,-80.6043
49.94,1683.86,1689.33,-66.6546,-66.657,-0.0302359,28.6084,-80.6043,28.6085,-80.6043
49.95,1683.2,1688.67,-66.6523,-66.655,-0.0297783,28.6084,-80.6043,28.6085,-80.6043
49.96,1682.53,1688,-66.65,-66.6535,-0.0303773,28.6084,-80.6043,28.6085,-80.6043
49.97,1681.86,1687.33,-66.6476,-66.6497,-0.0297455,28.6084,-80.6043,28.6085,-80.6043
49.98,1681.2,1686.67,-66.6452,-66.6487,-0.0291671,28.6084,-80.6043,28.6085,-80.6043
49.99,1680.53,1686,-66.6429,-66.6479,-0.0296852,28.6084,-80.6043,28.6085,-80.6043
50,1679.86,1685.39,-66.6405,-66.6443,-0.0294123,28.6084,-80.6043,28.6084,-80.6044
50.01,1679.2,1684.72,-66.6382,-66.6428,-0.0284283,28.6084,-80.6043,28.6084,-80.6044
50.02,1678.53,1684.05,-66.6358,-66.6389,-0.028589,28.6084,-80.6043,28.6084,-80.6044
50.03,1677.86,1683.39,-66.6335,-66.6385,-0.0287628,28.6084,-80.6043,28.6084,-80.6044
50.04,1677.2,1682.72,-66.6311,-66.637,-0.0287172,28.6084,-80.6043,28.6084,-80.6044
50.05,1676.53,1682.05,-66.6288,-66.6344,-0.028771,28.6084,-80.6043,28.6084,-80.6044
50.06,1675.86,1681.39,-66.6264,-66.6328,-0.0281519,28.6084,-80.6043,28.6084,-80.6044
50.07,1675.2,1680.72,-66.6241,-66.6288,-0.027568,28.6084,-80.6043,28.6084,-80.6044
50.08,1674.53,1680.06,-66.6217,-66.6262,-0.0278546,28.6084,-80.6043,28.6084,-80.6044
50.09,1673.87,1679.39,-66.6193,-66.6237,-0.0271772,28.6084,-80.6043,28.6084,-80.6044
50.1,1673.2,1679.04,-66.617,-66.6211,-0.0274156,28.6084,-80.6043,28.6084,-80.6044
50.11,1672.53,1678.37,-66.6146,-66.6182,-0.0280757,28.6084,-80.6043,28.6084,-80.6044
50.12,1671.87,1677.71,-66.6123,-66.6147,-0.0271763,28.6084,-80.6043,28.6084,-80.6044
50.13,1671.2,1677.04,-66.6099,-66.6104,-0.0273728,28.6084,-80.6043,28.6084,-80.6044
50.14,1670.54,1676.37,-66.6075,-66.6091,-0.0268652,28.6084,-80.6043,28.6084,-80.6044
50.15,1669.87,1675.71,-66.6052,-66.6072,-0.0277879,28.6084,-80.6043,28.6084,-80.6044
50.16,1669.2,1675.04,-66.6028,-66.6051,-0.0280442,28.6084,-80.6043,28.6084,-80.6044
50.17,1668.54,1674.38,-66.6004,-66.6011,-0.0273598,28.6084,-80.6043,28.6084,-80.6044
50.18,1667.87,1673.71,-66.5981,-66.5991,-0.0276893,28.6084,-80.6043,28.6084,-80.6044
50.19,1667.21,1673.04,-66.5957,-66.5983,-0.0268538,28.6084,-80.6043,28.6084,-80.6044
50.2,1666.54,1672.6,-66.5933,-66.5943,-0.0266687,28.6084,-80.6043,28.6084,-80.6044
50.21,1665.87,1671.94,-66.591,-66.593,-0.0266394,28.6084,-80.6043,28.6084,-80.6044
50.22,1665.21,1671.27,-66.5886,-66.5926,-0.0270921,28.6084,-80.6043,28.6084,-80.6044
50.23,1664.54,1670.61,-66.5862,-66.5888,-0.0270356,28.6084,-80.6043,28.6084,-80.6044
50.24,1663.88,1669.94,-66.5838,-66.588,-0.0271784,28.6084,-80.6043,28.6084,-80.6044
50.25,1663.21,1669.27,-66.5815,-66.584,-0.0266444,28.6084,-80.6043,28.6084,-80.6044
50.26,1662.54,1668.61,-66.5791,-66.583,-0.0274865,28.6084,-80.6043,28.6084,-80.6044
50.27,1661.88,1667.94,-66.5767,-66.5805,-0.0283125,28.6084,-80.6043,28.6084,-80.6044
50.28,1661.21,1667.28,-66.5744,-66.5799,-0.0274442,28.6084,-80.6043,28.6084,-80.6044
50.29,1660.55,1666.61,-66.572,-66.5782,-0.0268095,28.6084,-80.6043,28.6084,-80.6044
50.3,1659.88,1666.15,-66.5696,-66.5765,-0.0270769,28.6084,-80.6043,28.6084,-80.6044
50.31,1659.22,1665.49,-66.5672,-66.5752,-0.0274999,28.6084,-80.6043,28.6084,-80.6044
50.32,1658.55,1664.82,-66.5649,-66.5745,-0.0283106,28.6084,-80.6043,28.6084,-80.6044
50.33,1657.88,1664.16,-66.5625,-66.5716,-0.0289075,28.6084,-80.6043,28.6084,-80.6044
50.34,1657.22,1663.49,-66.5601,-66.5712,-0.0288465,28.6084,-80.6043,28.6084,-80.6044
50.35,1656.55,1662.83,-66.5577,-66.5676,-0.0293906,28.6084,-80.6043,28.6084,-80.6044
50.36,1655.89,1662.16,-66.5553,-66.5663,-0.029773,28.6084,-80.6043,28.6084,-80.6044
50.37,1655.22,1661.49,-66.553,-66.565,-0.0297321,28.6084,-80.6043,28.6084,-80.6044
50.38,1654.56,1660.83,-66.5506,-66.5639,-0.0292048,28.6084,-80.6043,28.6084,-80.6044
50.39,1653.89,1660.16,-66.5482,-66.5609,-0.0289872,28.6084,-80.6043,28.6084,-80.6044
50.4,1653.23,1659.67,-66.5458,-66.5579,-0.0291875,28.6084,-80.6043,28.6084,-80.6044
50.41,1652.56,1659,-66.5434,-66.5545,-0.028323,28.6084,-80.6043,28.6084,-80.6044
50.42,1651.9,1658.34,-66.5411,-66.5508,-0.0276928,28.6084,-80.6043,28.6084,-80.6044
50.43,1651.23,1657.67,-66.5387,-66.5469,-0.0283712,28.6084,-80.6043,28.6084,-80.6044
50.44,1650.56,1657.01,-66.5363,-66.544,-0.0289827,28.6084,-80.6043,28.6084,-80.6044
50.45,1649.9,1656.34,-66.5339,-66.5415,-0.0282379,28.6084,-80.6043,28.6084,-80.6044
50.46,1649.23,1655.68,-66.5315,-66.5376,-0.0276068,28.6084,-80.6043,28.6084,-80.6044
50.47,1648.57,1655.01,-66.5291,-66.5334,-0.0266295,28.6084,-80.6043,28.6084,-80.6044
50.48,1647.9,1654.35,-66.5267,-66.5312,-0.0273174,28.6084,-80.6043,28.6084,-80.6044
50.49,1647.24,1653.68,-66.5244,-66.5308,-0.0263777,28.6084,-80.6043,28.6084,-80.6044
50.5,1646.57,1653.22,-66.522,-66.5266,-0.0269198,28.6084,-80.6043,28.6084,-80.6044
50.51,1645.91,1652.56,-66.5196,-66.5254,-0.026991,28.6084,-80.6043,28.6084,-80.6044
50.52,1645.24,1651.89,-66.5172,-66.522,-0.0271126,28.6084,-80.6043,28.6084,-80.6044
50.53,1644.58,1651.23,-66.5148,-66.5207,-0.0273729,28.6084,-80.6043,28.6084,-80.6044
50.54,1643.91,1650.56,-66.5124,-66.5202,-0.0265715,28.6084,-80.6043,28.6084,-80.6044
50.55,1643.25,1649.89,-66.51,-66.5167,-0.0259833,28.6084,-80.6043,28.6084,-80.6044
50.56,1642.58,1649.23,-66.5076,-66.5137,-0.0255793,28.6084,-80.6043,28.6084,-80.6044
50.57,1641.92,1648.56,-66.5052,-66.5108,-0.0256446,28.6084,-80.6043,28.6084,-80.6044
50.58,1641.25,1647.9,-66.5028,-66.5081,-0.0250687,28.6084,-80.6043,28.6084,-80.6044
50.59,1640.59,1647.23,-66.5004,-66.5073,-0.0245434,28.6084,-80.6043,28.6084,-80.6044
50.6,1639.92,1646.26,-66.498,-66.5057,-0.023599,28.6084,-80.6043,28.6084,-80.6044
50.61,1639.26,1645.6,-66.4956,-66.5026,-0.0227455,28.6084,-80.6043,28.6084,-80.6044
50.62,1638.59,1644.93,-66.4932,-66.4997,-0.0226056,28.6084,-80.6043,28.6084,-80.6044
50.63,1637.93,1644.27,-66.4909,-66.4989,-0.0223132,28.6084,-80.6043,28.6084,-80.6044
50.64,1637.26,1643.6,-66.4885,-66.4964,-0.0232471,28.6084,-80.6043,28.6084,-80.6044
50.65,1636.6,1642.94,-66.4861,-66.4925,-0.0227344,28.6084,-80.6043,28.6084,-80.6044
50.66,1635.93,1642.27,-66.4837,-66.4909,-0.0230552,28.6084,-80.6043,28.6084,-80.6044
50.67,1635.27,1641.61,-66.4813,-66.4885,-0.0225927,28.6084,-80.6043,28.6084,-80.6044
50.68,1634.6,1640.94,-66.4789,-66.4859,-0.0218661,28.6084,-80.6043,28.6084,-80.6044
50.69,1633.94,1640.28,-66.4765,-66.4824,-0.0219295,28.6084,-80.6043,28.6084,-80.6044
50.7,1633.27,1639.21,-66.4741,-66.4794,-0.0217828,28.6084,-80.6043,28.6084,-80.6044
50.71,1632.61,1638.54,-66.4717,-66.4785,-0.0223817,28.6084,-80.6043,28.6084,-80.6044
50.72,1631.94,1637.88,-66.4693,-66.4758,-0.021575,28.6084,-80.6043,28.6084,-80.6044
50.73,1631.28,1637.21,-66.4669,-66.4714,-0.0211994,28.6084,-80.6043,28.6084,-80.6044
50.74,1630.61,1636.55,-66.4644,-66.4684,-0.0215923,28.6084,-80.6043,28.6084,-80.6044
50.75,1629.95,1635.88,-66.462,-66.4653,-0.0219471,28.6084,-80.6043,28.6084,-80.6044
50.76,1629.29,1635.22,-66.4596,-66.4632,-0.0217736,28.6084,-80.6043,28.6084,-80.6044
50.77,1628.62,1634.56,-66.4572,-66.4589,-0.0227654,28.6084,-80.6043,28.6084,-80.6044
50.78,1627.96,1633.89,-66.4548,-66.4558,-0.0225373,28.6084,-80.6043,28.6084,-80.6044
50.79,1627.29,1633.23,-66.4524,-66.4532,-0.0221321,28.6084,-80.6043,28.6084,-80.6044
50.8,1626.63,1632.4,-66.45,-66.4509,-0.0225317,28.6084,-80.6043,28.6084,-80.6044
50.81,1625.96,1631.74,-66.4476,-66.4465,-0.0219445,28.6084,-80.6043,28.6084,-80.6044
50.82,1625.3,1631.07,-66.4452,-66.4432,-0.0221515,28.6084,-80.6043,28.6084,-80.6044
50.83,1624.63,1630.41,-66.4428,-66.4401,-0.0221412,28.6084,-80.6043,28.6084,-80.6044
50.84,1623.97,1629.74,-66.4404,-66.4363,-0.0225613,28.6084,-80.6043,28.6084,-80.6044
50.85,1623.31,1629.08,-66.438,-66.4355,-0.0215905,28.6084,-80.6043,28.6084,-80.6044
50.86,1622.64,1628.41,-66.4356,-66.4326,-0.0220325,28.6084,-80.6043,28.6084,-80.6044
50.87,1621.98,1627.75,-66.4331,-66.4299,-0.0219758,28.6084,-80.6043,28.6084,-80.6044
50.88,1621.31,1627.09,-66.4307,-66.4284,-0.0224536,28.6084,-80.6043,28.6084,-80.6044
50.89,1620.65,1626.42,-66.4283,-66.4273,-0.0223114,28.6084,-80.6043,28.6084,-80.6044
50.9,1619.98,1626.11,-66.4259,-66.4232,-0.0222776,28.6084,-80.6043,28.6084,-80.6044
50.91,1619.32,1625.44,-66.4235,-66.4227,-0.0223081,28.6084,-80.6043,28.6084,-80.6044
50.92,1618.66,1624.78,-66.4211,-66.4223,-0.0229533,28.6084,-80.6043,28.6084,-80.6044
50.93,1617.99,1624.11,-66.4187,-66.4215,-0.0228467,28.6084,-80.6043,28.6084,-80.6044
50.94,1617.33,1623.45,-66.4163,-66.4175,-0.0226707,28.6084,-80.6043,28.6084,-80.6044
50.95,1616.66,1622.79,-66.4138,-66.4137,-0.0219214,28.6084,-80.6043,28.6084,-80.6044
50.96,1616,1622.12,-66.4114,-66.4116,-0.0216272,28.6084,-80.6043,28.6084,-80.6044
50.97,1615.33,1621.46,-66.409,-66.4088,-0.0210005,28.6084,-80.6043,28.6084,-80.6044
50.98,1614.67,1620.79,-66.4066,-66.4072,-0.0217891,28.6084,-80.6043,28.6084,-80.6044
50.99,1614.01,1620.13,-66.4042,-66.404,-0.0216012,28.6084,-80.6043,28.6084,-80.6044
51,1613.34,1619.46,-66.4018,-66.4029,-0.0212741,28.6084,-80.6043,28.6084,-80.6042
51.01,1612.68,1618.8,-66.3993,-66.4016,-0.0218003,28.6084,-80.6043,28.6084,-80.6042
51.02,1612.01,1618.13,-66.3969,-66.3982,-0.0218043,28.6084,-80.6043,28.6084,-80.6042
51.03,1611.35,1617.47,-66.3945,-66.3941,-0.0222005,28.6084,-80.6043,28.6084,-80.6042
51.04,1610.69,1616.8,-66.3921,-66.392,-0.0222836,28.6084,-80.6043,28.6084,-80.6042
51.05,1610.02,1616.14,-66.3897,-66.3903,-0.0214298,28.6084,-80.6043,28.6084,-80.6042
51.06,1609.36,1615.48,-66.3872,-66.3861,-0.0217965,28.6084,-80.6043,28.6084,-80.6042
51.07,1608.69,1614.81,-66.3848,-66.3853,-0.0227126,28.6084,-80.6043,28.6084,-80.6042
51.08,1608.03,1614.15,-66.3824,-66.3814,-0.021744,28.6084,-80.6043,28.6084,-80.6042
51.09,1607.37,1613.48,-66.38,-66.3784,-0.0212972,28.6084,-80.6043,28.6084,-80.6042
51.1,1606.7,1612.77,-66.3775,-66.3746,-0.0222034,28.6084,-80.6043,28.6084,-80.6042
51.11,1606.04,1612.11,-66.3751,-66.3727,-0.0214829,28.6084,-80.6043,28.6084,-80.6042
51.12,1605.38,1611.44,-66.3727,-66.3695,-0.0213527,28.6084,-80.6043,28.6084,-80.6042
51.13,1604.71,1610.78,-66.3703,-66.367,-0.0218158,28.6084,-80.6043,28.6084,-80.6042
51.14,1604.05,1610.11,-66.3678,-66.3635,-0.0224118,28.6084,-80.6043,28.6084,-80.6042
51.15,1603.38,1609.45,-66.3654,-66.3612,-0.0229867,28.6084,-80.6043,28.6084,-80.6042
51.16,1602.72,1608.79,-66.363,-66.359,-0.0235176,28.6084,-80.6043,28.6084,-80.6042
51.17,1602.06,1608.12,-66.3606,-66.3548,-0.0226438,28.6084,-80.6043,28.6084,-80.6042
51.18,1601.39,1607.46,-66.3581,-66.3537,-0.0231534,28.6084,-80.6043,28.6084,-80.6042
51.19,1600.73,1606.8,-66.3557,-66.3518,-0.0228844,28.6084,-80.6043,28.6084,-80.6042
51.2,1600.07,1606.08,-66.3533,-66.3492,-0.0233186,28.6084,-80.6043,28.6084,-80.6042
51.21,1599.4,1605.42,-66.3509,-66.3464,-0.0235441,28.6084,-80.6043,28.6084,-80.6042
51.22,1598.74,1604.76,-66.3484,-66.3435,-0.0230662,28.6084,-80.6043,28.6084,-80.6042
51.23,1598.08,1604.09,-66.346,-66.3416,-0.0235669,28.6084,-80.6043,28.6084,-80.6042
51.24,1597.41,1603.43,-66.3436,-66.3393,-0.0241061,28.6084,-80.6043,28.6084,-80.6042
51.25,1596.75,1602.77,-66.3411,-66.3377,-0.0234403,28.6084,-80.6043,28.6084,-80.6042
51.26,1596.09,1602.1,-66.3387,-66.3345,-0.0241268,28.6084,-80.6043,28.6084,-80.6042
51.27,1595.42,1601.44,-66.3363,-66.3321,-0.0246168,28.6084,-80.6043,28.6084,-80.6042
51.28,1594.76,1600.78,-66.3338,-66.3288,-0.0240651,28.6084,-80.6043,28.6084,-80.6042
51.29,1594.1,1600.11,-66.3314,-66.3284,-0.0232707,28.6084,-80.6043,28.6084,-80.6042
51.3,1593.43,1599.81,-66.329,-66.3269,-0.023837,28.6084,-80.6043,28.6084,-80.6042
51.31,1592.77,1599.15,-66.3265,-66.3251,-0.0245166,28.6084,-80.6043,28.6084,-80.6042
51.32,1592.11,1598.49,-66.3241,-66.3236,-0.024169,28.6084,-80.6043,28.6084,-80.6042
51.33,1591.44,1597.82,-66.3217,-66.3215,-0.0239111,28.6084,-80.6043,28.6084,-80.6042
51.34,1590.78,1597.16,-66.3192,-66.3199,-0.0229955,28.6084,-80.6043,28.6084,-80.6042
51.35,1590.12,1596.5,-66.3168,-66.3158,-0.0222236,28.6084,-80.6043,28.6084,-80.6042
51.36,1589.45,1595.83,-66.3144,-66.3121,-0.0226253,28.6084,-80.6043,28.6084,-80.6042
51.37,1588.79,1595.17,-66.3119,-66.3096,-0.0224938,28.6084,-80.6043,28.6084,-80.6042
51.38,1588.13,1594.51,-66.3095,-66.3065,-0.0219834,28.6084,-80.6043,28.6084,-80.6042
51.39,1587.46,1593.85,-66.3071,-66.3059,-0.0211812,28.6084,-80.6043,28.6084,-80.6042
51.4,1586.8,1593.14,-66.3046,-66.3053,-0.0204592,28.6084,-80.6043,28.6084,-80.6042
51.41,1586.14,1592.48,-66.3022,-66.3025,-0.0207222,28.6084,-80.6043,28.6084,-80.6042
51.42,1585.48,1591.81,-66.2997,-66.2987,-0.019915,28.6084,-80.6043,28.6084,-80.6042
51.43,1584.81,1591.15,-66.2973,-66.2976,-0.0192145,28.6084,-80.6043,28.6084,-80.6042
51.44,1584.15,1590.49,-66.2949,-66.294,-0.0193994,28.6084,-80.6043,28.6084,-80.6042
51.45,1583.49,1589.82,-66.2924,-66.2933,-0.0201257,28.6084,-80.6043,28.6084,-80.6042
51.46,1582.82,1589.16,-66.29,-66.2892,-0.0206711,28.6084,-80.6043,28.6084,-80.6042
51.47,1582.16,1588.5,-66.2875,-66.2871,-0.020513,28.6084,-80.6043,28.6084,-80.6042
51.48,1581.5,1587.84,-66.2851,-66.2842,-0.0214353,28.6084,-80.6043,28.6084,-80.6042
51.49,1580.84,1587.17,-66.2827,-66.2802,-0.0212544,28.6084,-80.6043,28.6084,-80.6042
51.5,1580.17,1586.18,-66.2802,-66.2759,-0.0207078,28.6084,-80.6043,28.6084,-80.6042
51.51,1579.51,1585.52,-66.2778,-66.2738,-0.02115,28.6084,-80.6043,28.6084,-80.6042
51.52,1578.85,1584.86,-66.2753,-66.2695,-0.020309,28.6084,-80.6043,28.6084,-80.6042
51.53,1578.18,1584.19,-66.2729,-66.2689,-0.0212865,28.6084,-80.6043,28.6084,-80.6042
51.54,1577.52,1583.53,-66.2704,-66.2651,-0.022115,28.6084,-80.6043,28.6084,-80.6042
51.55,1576.86,1582.87,-66.268,-66.2612,-0.0222899,28.6084,-80.6043,28.6084,-80.6042
51.56,1576.2,1582.21,-66.2656,-66.2596,-0.0228085,28.6084,-80.6043,28.6084,-80.6042
51.57,1575.53,1581.54,-66.2631,-66.2581,-0.0234128,28.6084,-80.6043,28.6084,-80.6042
51.58,1574.87,1580.88,-66.2607,-66.2561,-0.0241954,28.6084,-80.6043,28.6084,-80.6042
51.59,1574.21,1580.22,-66.2582,-66.2517,-0.0236102,28.6084,-80.6043,28.6084,-80.6042
51.6,1573.55,1579.3,-66.2558,-66.2505,-0.0243391,28.6084,-80.6043,28.6084,-80.6042
51.61,1572.88,1578.64,-66.2533,-66.2473,-0.0242483,28.6084,-80.6043,28.6084,-80.6042
51.62,1572.22,1577.98,-66.2509,-66.2457,-0.025177,28.6084,-80.6043,28.6084,-80.6042
51.63,1571.56,1577.31,-66.2484,-66.243,-0.0258482,28.6084,-80.6043,28.6084,-80.6042
51.64,1570.9,1576.65,-66.246,-66.24,-0.0257784,28.6084,-80.6043,28.6084,-80.6042
51.65,1570.23,1575.99,-66.2435,-66.2358,-0.0266915,28.6084,-80.6043,28.6084,-80.6042
51.66,1569.57,1575.33,-66.2411,-66.2322,-0.0272584,28.6084,-80.6043,28.6084,-80.6042
51.67,1568.91,1574.66,-66.2386,-66.2317,-0.0268478,28.6084,-80.6043,28.6084,-80.6042
51.68,1568.25,1574,-66.2362,-66.2302,-0.0277722,28.6084,-80.6043,28.6084,-80.6042
51.69,1567.58,1573.34,-66.2337,-66.2276,-0.0280995,28.6084,-80.6043,28.6084,-80.6042
51.7,1566.92,1572.6,-66.2313,-66.2236,-0.0272207,28.6084,-80.6043,28.6084,-80.6042
51.71,1566.26,1571.94,-66.2288,-66.2206,-0.0278249,28.6084,-80.6043,28.6084,-80.6042
51.72,1565.6,1571.28,-66.2264,-66.2168,-0.0277532,28.6084,-80.6043,28.6084,-80.6042
51.73,1564.93,1570.61,-66.2239,-66.2151,-0.027099,28.6084,-80.6043,28.6084,-80.6042
51.74,1564.27,1569.95,-66.2215,-66.2134,-0.0271344,28.6084,-80.6043,28.6084,-80.6042
51.75,1563.61,1569.29,-66.219,-66.2091,-0.0280816,28.6084,-80.6043,28.6084,-80.6042
51.76,1562.95,1568.63,-66.2166,-66.2051,-0.0280656,28.6084,-80.6043,28.6084,-80.6042
51.77,1562.29,1567.97,-66.2141,-66.2034,-0.0272236,28.6084,-80.6043,28.6084,-80.6042
51.78,1561.62,1567.3,-66.2117,-66.2026,-0.0272879,28.6084,-80.6043,28.6084,-80.6042
51.79,1560.96,1566.64,-66.2092,-66.1999,-0.0270338,28.6084,-80.6043,28.6084,-80.6042
51.8,1560.3,1565.66,-66.2068,-66.1979,-0.0268525,28.6084,-80.6043,28.6084,-80.6042
51.81,1559.64,1565,-66.2043,-66.1958,-0.0266181,28.6084,-80.6043,28.6084,-80.6042
51.82,1558.98,1564.33,-66.2019,-66.1948,-0.0258727,28.6084,-80.6043,28.6084,-80.6042
51.83,1558.31,1563.67,-66.1994,-66.1918,-0.0255848,28.6084,-80.6043,28.6084,-80.6042
51.84,1557.65,1563.01,-66.1969,-66.1905,-0.0254546,28.6084,-80.6043,28.6084,-80.6042
51.85,1556.99,1562.35,-66.1945,-66.1877,-0.0247753,28.6084,-80.6043,28.6084,-80.6042
51.86,1556.33,1561.69,-66.192,-66.1844,-0.0242129,28.6084,-80.6043,28.6084,-80.6042
51.87,1555.67,1561.03,-66.1896,-66.1812,-0.0247093,28.6084,-80.6043,28.6084,-80.6042
51.88,1555,1560.36,-66.1871,-66.1804,-0.024719,28.6084,-80.6043,28.6084,-80.6042
51.89,1554.34,1559.7,-66.1847,-66.1777,-0.0245789,28.6084,-80.6043,28.6084,-80.6042
51.9,1553.68,1559.22,-66.1822,-66.1754,-0.0243654,28.6084,-80.6043,28.6084,-80.6042
51.91,1553.02,1558.56,-66.1797,-66.1731,-0.0235451,28.6084,-80.6043,28.6084,-80.6042
51.92,1552.36,1557.9,-66.1773,-66.1711,-0.0244293,28.6084,-80.6043,28.6084,-80.6042
51.93,1551.7,1557.24,-66.1748,-66.1691,-0.0235822,28.6084,-80.6043,28.6084,-80.6042
51.94,1551.03,1556.57,-66.1724,-66.1659,-0.0230152,28.6084,-80.6043,28.6084,-80.6042
51.95,1550.37,1555.91,-66.1699,-66.1634,-0.0238215,28.6084,-80.6043,28.6084,-80.6042
51.96,1549.71,1555.25,-66.1674,-66.1614,-0.0245588,28.6084,-80.6043,28.6084,-80.6042
51.97,1549.05,1554.59,-66.165,-66.16,-0.0250022,28.6084,-80.6043,28.6084,-80.6042
51.98,1548.39,1553.93,-66.1625,-66.1564,-0.0242866,28.6084,-80.6043,28.6084,-80.6042
51.99,1547.73,1553.27,-66.1601,-66.154,-0.0245835,28.6084,-80.6043,28.6084,-80.6042
52,1547.06,1553.11,-66.1576,-66.1518,-0.0249296,28.6084,-80.6043,28.6084,-80.6042
52.01,1546.4,1552.45,-66.1551,-66.1511,-0.0239396,28.6084,-80.6043,28.6084,-80.6042
52.02,1545.74,1551.79,-66.1527,-66.147,-0.0231791,28.6084,-80.6043,28.6084,-80.6042
52.03,1545.08,1551.13,-66.1502,-66.1427,-0.0231664,28.6084,-80.6043,28.6084,-80.6042
52.04,1544.42,1550.47,-66.1477,-66.1409,-0.0223394,28.6084,-80.6043,28.6084,-80.6042
52.05,1543.76,1549.81,-66.1453,-66.1388,-0.0219153,28.6084,-80.6043,28.6084,-80.6042
52.06,1543.09,1549.14,-66.1428,-66.1345,-0.0213263,28.6084,-80.6043,28.6084,-80.6042
52.07,1542.43,1548.48,-66.1404,-66.1315,-0.0210134,28.6084,-80.6043,28.6084,-80.6042
52.08,1541.77,1547.82,-66.1379,-66.1287,-0.021714,28.6084,-80.6043,28.6084,-80.6042
52.09,1541.11,1547.16,-66.1354,-66.1252,-0.0207467,28.6084,-80.6043,28.6084,-80.6042
52.1,1540.45,1546.21,-66.133,-66.1236,-0.0198124,28.6084,-80.6043,28.6084,-80.6042
52.11,1539.79,1545.55,-66.1305,-66.1221,-0.0191625,28.6084,-80.6043,28.6084,-80.6042
52.12,1539.13,1544.89,-66.128,-66.1186,-0.0193245,28.6084,-80.6043,28.6084,-80.6042
52.13,1538.47,1544.23,-66.1256,-66.1171,-0.020172,28.6084,-80.6043,28.6084,-80.6042
52.14,1537.8,1543.57,-66.1231,-66.1147,-0.020195,28.6084,-80.6043,28.6084,-80.6042
52.15,1537.14,1542.91,-66.1206,-66.1139,-0.0195834,28.6084,-80.6043,28.6084,-80.6042
52.16,1536.48,1542.24,-66.1182,-66.1103,-0.0194607,28.6084,-80.6043,28.6084,-80.6042
52.17,1535.82,1541.58,-66.1157,-66.107,-0.0191029,28.6084,-80.6043,28.6084,-80.6042
52.18,1535.16,1540.92,-66.1132,-66.1045,-0.0196794,28.6084,-80.6043,28.6084,-80.6042
52.19,1534.5,1540.26,-66.1108,-66.104,-0.019834,28.6084,-80.6043,28.6084,-80.6042
52.2,1533.84,1539.19,-66.1083,-66.101,-0.0193809,28.6084,-80.6043,28.6084,-80.6042
52.21,1533.18,1538.53,-66.1058,-66.0989,-0.0196566,28.6084,-80.6043,28.6084,-80.6042
52.22,1532.52,1537.86,-66.1034,-66.0983,-0.020655,28.6084,-80.6043,28.6084,-80.6042
52.23,1531.85,1537.2,-66.1009,-66.0957,-0.0200473,28.6084,-80.6043,28.6084,-80.6042
52.24,1531.19,1536.54,-66.0984,-66.0913,-0.0194615,28.6084,-80.6043,28.6084,-80.6042
52.25,1530.53,1535.88,-66.096,-66.0878,-0.0199687,28.6084,-80.6043,28.6084,-80.6042
52.26,1529.87,1535.22,-66.0935,-66.0839,-0.0197769,28.6084,-80.6043,28.6084,-80.6042
52.27,1529.21,1534.56,-66.091,-66.0794,-0.0202181,28.6084,-80.6043,28.6084,-80.6042
52.28,1528.55,1533.9,-66.0885,-66.0755,-0.0210742,28.6084,-80.6043,28.6084,-80.6042
52.29,1527.89,1533.24,-66.0861,-66.072,-0.0213732,28.6084,-80.6043,28.6084,-80.6042
52.3,1527.23,1532.56,-66.0836,-66.0709,-0.0212298,28.6084,-80.6043,28.6084,-80.6042
52.31,1526.57,1531.9,-66.0811,-66.0699,-0.0216755,28.6084,-80.6043,28.6084,-80.6042
52.32,1525.91,1531.24,-66.0787,-66.0661,-0.0222483,28.6084,-80.6043,28.6084,-80.6042
52.33,1525.25,1530.58,-66.0762,-66.0636,-0.0215629,28.6084,-80.6043,28.6084,-80.6042
52.34,1524.58,1529.92,-66.0737,-66.0606,-0.0223287,28.6084,-80.6043,28.6084,-80.6042
52.35,1523.92,1529.26,-66.0712,-66.0579,-0.0232678,28.6084,-80.6043,28.6084,-80.6042
52.36,1523.26,1528.6,-66.0688,-66.0552,-0.022405,28.6084,-80.6043,28.6084,-80.6042
52.37,1522.6,1527.94,-66.0663,-66.0545,-0.0223235,28.6084,-80.6043,28.6084,-80.6042
52.38,1521.94,1527.28,-66.0638,-66.0522,-0.0215539,28.6084,-80.6043,28.6084,-80.6042
52.39,1521.28,1526.62,-66.0613,-66.0496,-0.0220816,28.6084,-80.6043,28.6084,-80.6042
52.4,1520.62,1526.22,-66.0589,-66.0465,-0.0215384,28.6084,-80.6043,28.6084,-80.6042
52.41,1519.96,1525.56,-66.0564,-66.0457,-0.0210039,28.6084,-80.6043,28.6084,-80.6042
52.42,1519.3,1524.9,-66.0539,-66.0437,-0.0217766,28.6084,-80.6043,28.6084,-80.6042
52.43,1518.64,1524.24,-66.0514,-66.0399,-0.0224928,28.6084,-80.6043,28.6084,-80.6042
52.44,1517.98,1523.58,-66.049,-66.0375,-0.0215281,28.6084,-80.6043,28.6084,-80.6042
52.45,1517.32,1522.92,-66.0465,-66.0342,-0.0213013,28.6084,-80.6043,28.6084,-80.6042
52.46,1516.66,1522.26,-66.044,-66.031,-0.0203199,28.6084,-80.6043,28.6084,-80.6042
52.47,1516,1521.6,-66.0415,-66.0287,-0.019519,28.6084,-80.6043,28.6084,-80.6042
52.48,1515.34,1520.94,-66.0391,-66.0263,-0.0199506,28.6084,-80.6043,28.6084,-80.6042
52.49,1514.68,1520.28,-66.0366,-66.0237,-0.0197571,28.6084,-80.6043,28.6084,-80.6042
52.5,1514.02,1519.4,-66.0341,-66.0198,-0.0196228,28.6084,-80.6043,28.6084,-80.6042
52.51,1513.36,1518.74,-66.0316,-66.0188,-0.0193264,28.6084,-80.6043,28.6084,-80.6042
52.52,1512.7,1518.08,-66.0292,-66.0156,-0.0198703,28.6084,-80.6043,28.6084,-80.6042
52.53,1512.04,1517.42,-66.0267,-66.013,-0.0204652,28.6084,-80.6043,28.6084,-80.6042
52.54,1511.38,1516.76,-66.0242,-66.0107,-0.0210877,28.6084,-80.6043,28.6084,-80.6042
52.55,1510.71,1516.1,-66.0217,-66.0063,-0.020966,28.6084,-80.6043,28.6084,-80.6042
52.56,1510.05,1515.44,-66.0193,-66.0041,-0.0204833,28.6084,-80.6043,28.6084,-80.6042
52.57,1509.39,1514.78,-66.0168,-65.9998,-0.0203751,28.6084,-80.6043,28.6084,-80.6042
52.58,1508.73,1514.12,-66.0143,-65.997,-0.0212177,28.6084,-80.6043,28.6084,-80.6042
52.59,1508.07,1513.46,-66.0118,-65.9965,-0.0210919,28.6084,-80.6043,28.6084,-80.6042
52.6,1507.41,1513.14,-66.0093,-65.9928,-0.0208285,28.6084,-80.6043,28.6084,-80.6042
52.61,1506.75,1512.48,-66.0069,-65.9913,-0.021682,28.6084,-80.6043,28.6084,-80.6042
52.62,1506.09,1511.82,-66.0044,-65.9903,-0.0221568,28.6084,-80.6043,28.6084,-80.6042
52.63,1505.43,1511.16,-66.0019,-65.9884,-0.021783,28.6084,-80.6043,28.6084,-80.6042
52.64,1504.77,1510.5,-65.9994,-65.9844,-0.0223613,28.6084,-80.6043,28.6084,-80.6042
52.65,1504.11,1509.84,-65.9969,-65.9829,-0.0213693,28.6084,-80.6043,28.6084,-80.6042
52.66,1503.45,1509.18,-65.9945,-65.9785,-0.0205648,28.6084,-80.6043,28.6084,-80.6042
52.67,1502.79,1508.52,-65.992,-65.9753,-0.0211173,28.6084,-80.6043,28.6084,-80.6042
52.68,1502.13,1507.86,-65.9895,-65.9731,-0.0203655,28.6084,-80.6043,28.6084,-80.6042
52.69,1501.47,1507.2,-65.987,-65.9699,-0.0201175,28.6084,-80.6043,28.6084,-80.6042
52.7,1500.81,1506.85,-65.9845,-65.966,-0.0206198,28.6084,-80.6043,28.6084,-80.6042
52.71,1500.15,1506.19,-65.982,-65.9652,-0.0212485,28.6084,-80.6043,28.6084,-80.6042
52.72,1499.49,1505.53,-65.9796,-65.9623,-0.0219046,28.6084,-80.6043,28.6084,-80.6042
52.73,1498.84,1504.87,-65.9771,-65.9607,-0.0216309,28.6084,-80.6043,28.6084,-80.6042
52.74,1498.18,1504.21,-65.9746,-65.9573,-0.0225177,28.6084,-80.6043,28.6084,-80.6042
52.75,1497.52,1503.55,-65.9721,-65.9558,-0.0215486,28.6084,-80.6043,28.6084,-80.6042
52.76,1496.86,1502.89,-65.9696,-65.9519,-0.021865,28.6084,-80.6043,28.6084,-80.6042
52.77,1496.2,1502.23,-65.9671,-65.9509,-0.0226605,28.6084,-80.6043,28.6084,-80.6042
52.78,1495.54,1501.57,-65.9647,-65.9476,-0.0220174,28.6084,-80.6043,28.6084,-80.6042
52.79,1494.88,1500.91,-65.9622,-65.9433,-0.0211973,28.6084,-80.6043,28.6084,-80.6042
52.8,1494.22,1500.33,-65.9597,-65.9425,-0.0202821,28.6084,-80.6043,28.6084,-80.6042
52.81,1493.56,1499.68,-65.9572,-65.9384,-0.0200203,28.6084,-80.6043,28.6084,-80.6042
52.82,1492.9,1499.02,-65.9547,-65.9374,-0.0201939,28.6084,-80.6043,28.6084,-80.6042
52.83,1492.24,1498.36,-65.9522,-65.9349,-0.0195589,28.6084,-80.6043,28.6084,-80.6042
52.84,1491.58,1497.7,-65.9498,-65.9342,-0.0198452,28.6084,-80.6043,28.6084,-80.6042
52.85,1490.92,1497.04,-65.9473,-65.9335,-0.020642,28.6084,-80.6043,28.6084,-80.6042
52.86,1490.26,1496.38,-65.9448,-65.9292,-0.021138,28.6084,-80.6043,28.6084,-80.6042
52.87,1489.6,1495.72,-65.9423,-65.9258,-0.0218977,28.6084,-80.6043,28.6084,-80.6042
52.88,1488.94,1495.06,-65.9398,-65.9233,-0.0221837,28.6084,-80.6043,28.6084,-80.6042
52.89,1488.28,1494.4,-65.9373,-65.9194,-0.0220378,28.6084,-80.6043,28.6084,-80.6042
52.9,1487.62,1494.2,-65.9348,-65.9164,-0.0213588,28.6084,-80.6043,28.6084,-80.6042
52.91,1486.96,1493.54,-65.9324,-65.9143,-0.0204104,28.6084,-80.6043,28.6084,-80.6042
52.92,1486.3,1492.88,-65.9299,-65.9117,-0.0200773,28.6084,-80.6043,28.6084,-80.6042
52.93,1485.64,1492.22,-65.9274,-65.908,-0.0201244,28.6084,-80.6043,28.6084,-80.6042
52.94,1484.99,1491.57,-65.9249,-65.9052,-0.0193815,28.6084,-80.6043,28.6084,-80.6042
52.95,1484.33,1490.91,-65.9224,-65.903,-0.0194169,28.6084,-80.6043,28.6084,-80.6042
52.96,1483.67,1490.25,-65.9199,-65.8991,-0.020287,28.6084,-80.6043,28.6084,-80.6042
52.97,1483.01,1489.59,-65.9174,-65.8962,-0.0207619,28.6084,-80.6043,28.6084,-80.6042
52.98,1482.35,1488.93,-65.9149,-65.8934,-0.0209033,28.6084,-80.6043,28.6084,-80.6042
52.99,1481.69,1488.27,-65.9125,-65.8917,-0.0200461,28.6084,-80.6043,28.6084,-80.6042
53,1481.03,1488.01,-65.91,-65.8893,-0.0202433,28.6084,-80.6043,28.6084,-80.6043
53.01,1480.37,1487.36,-65.9075,-65.8853,-0.0210003,28.6084,-80.6043,28.6084,-80.6043
53.02,1479.71,1486.7,-65.905,-65.8814,-0.0203265,28.6084,-80.6043,28.6084,-80.6043
53.03,1479.05,1486.04,-65.9025,-65.8805,-0.0199435,28.6084,-80.6043,28.6084,-80.6043
53.04,1478.39,1485.38,-65.9,-65.879,-0.0208007,28.6084,-80.6043,28.6084,-80.6043
53.05,1477.74,1484.72,-65.8975,-65.8758,-0.020272,28.6084,-80.6043,28.6084,-80.6043
53.06,1477.08,1484.06,-65.895,-65.8724,-0.0203489,28.6084,-80.6043,28.6084,-80.6043
53.07,1476.42,1483.4,-65.8925,-65.8709,-0.02072,28.6084,-80.6043,28.6084,-80.6043
53.08,1475.76,1482.74,-65.89,-65.8691,-0.0203702,28.6084,-80.6043,28.6084,-80.6043
53.09,1475.1,1482.09,-65.8876,-65.8654,-0.0210056,28.6084,-80.6043,28.6084,-80.6043
53.1,1474.44,1481.57,-65.8851,-65.862,-0.0211886,28.6084,-80.6043,28.6084,-80.6043
53.11,1473.78,1480.91,-65.8826,-65.8597,-0.020513,28.6084,-80.6043,28.6084,-80.6043
53.12,1473.12,1480.25,-65.8801,-65.8562,-0.0210325,28.6084,-80.6043,28.6084,-80.6043
53.13,1472.46,1479.59,-65.8776,-65.8544,-0.0217404,28.6084,-80.6043,28.6084,-80.6043
53.14,1471.81,1478.93,-65.8751,-65.8535,-0.0225785,28.6084,-80.6043,28.6084,-80.6043
53.15,1471.15,1478.28,-65.8726,-65.8519,-0.0233502,28.6084,-80.6043,28.6084,-80.6043
53.16,1470.49,1477.62,-65.8701,-65.85,-0.0228581,28.6084,-80.6043,28.6084,-80.6043
53.17,1469.83,1476.96,-65.8676,-65.8457,-0.0234945,28.6084,-80.6043,28.6084,-80.6043
53.18,1469.17,1476.3,-65.8651,-65.8418,-0.023179,28.6084,-80.6043,28.6084,-80.6043
53.19,1468.51,1475.64,-65.8626,-65.8396,-0.0223362,28.6084,-80.6043,28.6084,-80.6043
53.2,1467.85,1474.68,-65.8601,-65.8378,-0.0229448,28.6084,-80.6043,28.6084,-80.6043
53.21,1467.2,1474.02,-65.8577,-65.8346,-0.0230717,28.6084,-80.6043,28.6084,-80.6043
53.22,1466.54,1473.36,-65.8552,-65.8303,-0.0238359,28.6084,-80.6043,28.6084,-80.6043
53.23,1465.88,1472.7,-65.8527,-65.8293,-0.0232948,28.6084,-80.6043,28.6084,-80.6043
53.24,1465.22,1472.04,-65.8502,-65.8276,-0.0225923,28.6084,-80.6043,28.6084,-80.6043
53.25,1464.56,1471.38,-65.8477,-65.8264,-0.0221019,28.6084,-80.6043,28.6084,-80.6043
53.26,1463.9,1470.73,-65.8452,-65.8253,-0.0230683,28.6084,-80.6043,28.6084,-80.6043
53.27,1463.24,1470.07,-65.8427,-65.8228,-0.0232619,28.6084,-80.6043,28.6084,-80.6043
53.28,1462.59,1469.41,-65.8402,-65.8209,-0.0229902,28.6084,-80.6043,28.6084,-80.6043
53.29,1461.93,1468.75,-65.8377,-65.8183,-0.0231279,28.6084,-80.6043,28.6084,-80.6043
53.3,1461.27,1468.29,-65.8352,-65.8142,-0.0228589,28.6084,-80.6043,28.6084,-80.6043
53.31,1460.61,1467.63,-65.8327,-65.8106,-0.0226575,28.6084,-80.6043,28.6084,-80.6043
53.32,1459.95,1466.97,-65.8302,-65.8063,-0.0226585,28.6084,-80.6043,28.6084,-80.6043
53.33,1459.29,1466.31,-65.8277,-65.8048,-0.0228803,28.6084,-80.6043,28.6084,-80.6043
53.34,1458.64,1465.66,-65.8252,-65.8026,-0.0227165,28.6084,-80.6043,28.6084,-80.6043
53.35,1457.98,1465,-65.8227,-65.7998,-0.0235559,28.6084,-80.6043,28.6084,-80.6043
53.36,1457.32,1464.34,-65.8202,-65.7978,-0.0245132,28.6084,-80.6043,28.6084,-80.6043
53.37,1456.66,1463.68,-65.8178,-65.7971,-0.0245436,28.6084,-80.6043,28.6084,-80.6043
53.38,1456,1463.02,-65.8153,-65.7961,-0.0238943,28.6084,-80.6043,28.6084,-80.6043
53.39,1455.35,1462.37,-65.8128,-65.7924,-0.0229263,28.6084,-80.6043,28.6084,-80.6043
53.4,1454.69,1461.75,-65.8103,-65.7919,-0.0228657,28.6084,-80.6043,28.6084,-80.6043
53.41,1454.03,1461.09,-65.8078,-65.7908,-0.0238255,28.6084,-80.6043,28.6084,-80.6043
53.42,1453.37,1460.43,-65.8053,-65.7881,-0.0240842,28.6084,-80.6043,28.6084,-80.6043
53.43,1452.71,1459.77,-65.8028,-65.785,-0.0249434,28.6084,-80.6043,28.6084,-80.6043
53.44,1452.05,1459.12,-65.8003,-65.7813,-0.0248245,28.6084,-80.6043,28.6084,-80.6043
53.45,1451.4,1458.46,-65.7978,-65.778,-0.0246689,28.6084,-80.6043,28.6084,-80.6043
53.46,1450.74,1457.8,-65.7953,-65.7767,-0.0250577,28.6084,-80.6043,28.6084,-80.6043
53.47,1450.08,1457.14,-65.7928,-65.774,-0.0246408,28.6084,-80.6043,28.6084,-80.6043
53.48,1449.42,1456.49,-65.7903,-65.7713,-0.0237915,28.6084,-80.6043,28.6084,-80.6043
53.49,1448.77,1455.83,-65.7878,-65.7703,-0.0244996,28.6084,-80.6043,28.6084,-80.6043
53.5,1448.11,1454.58,-65.7853,-65.7677,-0.0250802,28.6084,-80.6043,28.6084,-80.6043
53.51,1447.45,1453.92,-65.7828,-65.7652,-0.0255525,28.6084,-80.6043,28.6084,-80.6043
53.52,1446.79,1453.26,-65.7803,-65.7607,-0.0252256,28.6084,-80.6043,28.6084,-80.6043
53.53,1446.13,1452.6,-65.7778,-65.7598,-0.0246601,28.6084,-80.6043,28.6084,-80.6043
53.54,1445.48,1451.95,-65.7753,-65.7567,-0.0254758,28.6084,-80.6043,28.6084,-80.6043
53.55,1444.82,1451.29,-65.7728,-65.755,-0.024887,28.6084,-80.6043,28.6084,-80.6043
53.56,1444.16,1450.63,-65.7703,-65.7541,-0.0252207,28.6084,-80.6043,28.6084,-80.6043
53.57,1443.5,1449.97,-65.7678,-65.7522,-0.0252543,28.6084,-80.6043,28.6084,-80.6043
53.58,1442.85,1449.32,-65.7653,-65.7477,-0.0254245,28.6084,-80.6043,28.6084,-80.6043
53.59,1442.19,1448.66,-65.7628,-65.7461,-0.0253272,28.6084,-80.6043,28.6084,-80.6043
53.6,1441.53,1447.98,-65.7603,-65.7451,-0.0246018,28.6084,-80.6043,28.6084,-80.6043
53.61,1440.87,1447.32,-65.7578,-65.7416,-0.0248052,28.6084,-80.6043,28.6084,-80.6043
53.62,1440.22,1446.66,-65.7553,-65.7392,-0.0238262,28.6084,-80.6043,28.6084,-80.6043
53.63,1439.56,1446,-65.7528,-65.7374,-0.0236354,28.6084,-80.6043,28.6084,-80.6043
53.64,1438.9,1445.35,-65.7503,-65.7364,-0.0229706,28.6084,-80.6043,28.6084,-80.6043
53.65,1438.24,1444.69,-65.7478,-65.7327,-0.0226741,28.6084,-80.6043,28.6084,-80.6043
53.66,1437.59,1444.03,-65.7453,-65.7307,-0.0235362,28.6084,-80.6043,28.6084,-80.6043
53.67,1436.93,1443.38,-65.7428,-65.7276,-0.0244829,28.6084,-80.6043,28.6084,-80.6043
53.68,1436.27,1442.72,-65.7403,-65.7265,-0.0246257,28.6084,-80.6043,28.6084,-80.6043
53.69,1435.61,1442.06,-65.7378,-65.7233,-0.0251267,28.6084,-80.6043,28.6084,-80.6043
53.7,1434.96,1441.28,-65.7353,-65.7198,-0.0251895,28.6084,-80.6043,28.6084,-80.6043
53.71,1434.3,1440.62,-65.7328,-65.7179,-0.0245633,28.6084,-80.6043,28.6084,-80.6043
53.72,1433.64,1439.96,-65.7303,-65.714,-0.0254354,28.6084,-80.6043,28.6084,-80.6043
53.73,1432.98,1439.3,-65.7278,-65.7126,-0.0261749,28.6084,-80.6043,28.6084,-80.6043
53.74,1432.33,1438.65,-65.7253,-65.7096,-0.0264792,28.6084,-80.6043,28.6084,-80.6043
53.75,1431.67,1437.99,-65.7228,-65.7052,-0.0267388,28.6084,-80.6043,28.6084,-80.6043
53.76,1431.01,1437.33,-65.7203,-65.7016,-0.0269564,28.6084,-80.6043,28.6084,-80.6043
53.77,1430.35,1436.68,-65.7178,-65.6977,-0.0264308,28.6084,-80.6043,28.6084,-80.6043
53.78,1429.7,1436.02,-65.7153,-65.6944,-0.0265676,28.6084,-80.6043,28.6084,-80.6043
53.79,1429.04,1435.36,-65.7128,-65.6903,-0.0264745,28.6084,-80.6043,28.6084,-80.6043
53.8,1428.38,1434.24,-65.7103,-65.6888,-0.0263816,28.6084,-80.6043,28.6084,-80.6043
53.81,1427.73,1433.58,-65.7078,-65.6847,-0.0269969,28.6084,-80.6043,28.6084,-80.6043
53.82,1427.07,1432.93,-65.7053,-65.6804,-0.0270708,28.6084,-80.6043,28.6084,-80.6043
53.83,1426.41,1432.27,-65.7028,-65.6774,-0.0268496,28.6084,-80.6043,28.6084,-80.6043
53.84,1425.76,1431.61,-65.7003,-65.6741,-0.0271246,28.6084,-80.6043,28.6084,-80.6043
53.85,1425.1,1430.96,-65.6978,-65.6733,-0.0279752,28.6084,-80.6043,28.6084,-80.6043
53.86,1424.44,1430.3,-65.6953,-65.671,-0.0271907,28.6084,-80.6043,28.6084,-80.6043
53.87,1423.78,1429.64,-65.6928,-65.6668,-0.0271882,28.6084,-80.6043,28.6084,-80.6043
53.88,1423.13,1428.99,-65.6903,-65.6659,-0.0280877,28.6084,-80.6043,28.6084,-80.6043
53.89,1422.47,1428.33,-65.6878,-65.6649,-0.0281514,28.6084,-80.6043,28.6084,-80.6043
53.9,1421.81,1427.48,-65.6853,-65.6642,-0.0281834,28.6084,-80.6043,28.6084,-80.6043
53.91,1421.16,1426.83,-65.6828,-65.6628,-0.0285429,28.6084,-80.6043,28.6084,-80.6043
53.92,1420.5,1426.17,-65.6803,-65.6622,-0.0292458,28.6084,-80.6043,28.6084,-80.6043
53.93,1419.84,1425.51,-65.6778,-65.6587,-0.0284408,28.6084,-80.6043,28.6084,-80.6043
53.94,1419.19,1424.86,-65.6753,-65.6554,-0.0274638,28.6084,-80.6043,28.6084,-80.6043
53.95,1418.53,1424.2,-65.6728,-65.6531,-0.0272541,28.6084,-80.6043,28.6084,-80.6043
53.96,1417.87,1423.54,-65.6703,-65.6515,-0.0269715,28.6084,-80.6043,28.6084,-80.6043
53.97,1417.22,1422.89,-65.6678,-65.6488,-0.0264571,28.6084,-80.6043,28.6084,-80.6043
53.98,1416.56,1422.23,-65.6653,-65.6472,-0.0271533,28.6084,-80.6043,28.6084,-80.6043
53.99,1415.9,1421.57,-65.6628,-65.6449,-0.0269039,28.6084,-80.6043,28.6084,-80.6043
54,1415.25,1420.88,-65.6603,-65.6434,-0.0268149,28.6084,-80.6043,28.6083,-80.6043
54.01,1414.59,1420.22,-65.6578,-65.6427,-0.0268859,28.6084,-80.6043,28.6083,-80.6043
54.02,1413.93,1419.56,-65.6553,-65.6395,-0.0264623,28.6084,-80.6043,28.6083,-80.6043
54.03,1413.28,1418.91,-65.6527,-65.6367,-0.0271401,28.6084,-80.6043,28.6083,-80.6043
54.04,1412.62,1418.25,-65.6502,-65.6324,-0.0261556,28.6084,-80.6043,28.6083,-80.6043
54.05,1411.96,1417.59,-65.6477,-65.63,-0.0252406,28.6084,-80.6043,28.6083,-80.6043
54.06,1411.31,1416.94,-65.6452,-65.6289,-0.0257743,28.6084,-80.6043,28.6083,-80.6043
54.07,1410.65,1416.28,-65.6427,-65.625,-0.0251025,28.6084,-80.6043,28.6083,-80.6043
54.08,1409.99,1415.63,-65.6402,-65.6236,-0.0254846,28.6084,-80.6043,28.6083,-80.6043
54.09,1409.34,1414.97,-65.6377,-65.6213,-0.0254529,28.6084,-80.6043,28.6083,-80.6043
54.1,1408.68,1413.96,-65.6352,-65.617,-0.0244888,28.6084,-80.6043,28.6083,-80.6043
54.11,1408.03,1413.31,-65.6327,-65.6154,-0.0252209,28.6084,-80.6043,28.6083,-80.6043
54.12,1407.37,1412.65,-65.6302,-65.6119,-0.0245467,28.6084,-80.6043,28.6083,-80.6043
54.13,1406.71,1412,-65.6277,-65.61,-0.0249719,28.6084,-80.6043,28.6083,-80.6043
54.14,1406.06,1411.34,-65.6252,-65.6059,-0.0249951,28.6084,-80.6043,28.6083,-80.6043
54.15,1405.4,1410.68,-65.6227,-65.6024,-0.0250705,28.6084,-80.6043,28.6083,-80.6043
54.16,1404.74,1410.03,-65.6202,-65.5989,-0.0255373,28.6084,-80.6043,28.6083,-80.6043
54.17,1404.09,1409.37,-65.6177,-65.5979,-0.0256497,28.6084,-80.6043,28.6083,-80.6043
54.18,1403.43,1408.72,-65.6152,-65.5941,-0.0260487,28.6084,-80.6043,28.6083,-80.6043
54.19,1402.78,1408.06,-65.6127,-65.592,-0.0254152,28.6084,-80.6043,28.6083,-80.6043
54.2,1402.12,1407.18,-65.6102,-65.5883,-0.0257061,28.6084,-80.6043,28.6083,-80.6043
54.21,1401.46,1406.52,-65.6077,-65.584,-0.026277,28.6084,-80.6043,28.6083,-80.6043
54.22,1400.81,1405.87,-65.6052,-65.5803,-0.0268037,28.6084,-80.6043,28.6083,-80.6043
54.23,1400.15,1405.21,-65.6026,-65.5777,-0.0273354,28.6084,-80.6043,28.6083,-80.6043
54.24,1399.5,1404.56,-65.6001,-65.5742,-0.0273879,28.6084,-80.6043,28.6083,-80.6043
54.25,1398.84,1403.9,-65.5976,-65.5728,-0.0283367,28.6084,-80.6043,28.6083,-80.6043
54.26,1398.18,1403.24,-65.5951,-65.5696,-0.0286364,28.6084,-80.6043,28.6083,-80.6043
54.27,1397.53,1402.59,-65.5926,-65.566,-0.0285898,28.6084,-80.6043,28.6083,-80.6043
54.28,1396.87,1401.93,-65.5901,-65.5626,-0.0294781,28.6084,-80.6043,28.6083,-80.6043
54.29,1396.22,1401.28,-65.5876,-65.5604,-0.0300709,28.6084,-80.6043,28.6083,-80.6043
54.3,1395.56,1400.22,-65.5851,-65.5567,-0.0293017,28.6084,-80.6043,28.6083,-80.6043
54.31,1394.9,1399.57,-65.5826,-65.5525,-0.0302537,28.6084,-80.6043,28.6083,-80.6043
54.32,1394.25,1398.91,-65.5801,-65.5504,-0.029456,28.6084,-80.6043,28.6083,-80.6043
54.33,1393.59,1398.25,-65.5776,-65.5486,-0.028903,28.6084,-80.6043,28.6083,-80.6043
54.34,1392.94,1397.6,-65.5751,-65.5453,-0.0296904,28.6084,-80.6043,28.6083,-80.6043
54.35,1392.28,1396.94,-65.5726,-65.5442,-0.0293441,28.6084,-80.6043,28.6083,-80.6043
54.36,1391.63,1396.29,-65.5701,-65.5432,-0.0296529,28.6084,-80.6043,28.6083,-80.6043
54.37,1390.97,1395.63,-65.5676,-65.5409,-0.0299371,28.6084,-80.6043,28.6083,-80.6043
54.38,1390.31,1394.98,-65.5651,-65.5369,-0.0295356,28.6084,-80.6043,28.6083,-80.6043
54.39,1389.66,1394.32,-65.5625,-65.5359,-0.0298498,28.6084,-80.6043,28.6083,-80.6043
54.4,1389,1393.36,-65.56,-65.5318,-0.0305779,28.6084,-80.6043,28.6083,-80.6043
54.41,1388.35,1392.71,-65.5575,-65.5311,-0.029769,28.6084,-80.6043,28.6083,-80.6043
54.42,1387.69,1392.05,-65.555,-65.5284,-0.0288042,28.6084,-80.6043,28.6083,-80.6043
54.43,1387.04,1391.4,-65.5525,-65.5241,-0.0278549,28.6084,-80.6043,28.6083,-80.6043
54.44,1386.38,1390.74,-65.55,-65.5228,-0.0273189,28.6084,-80.6043,28.6083,-80.6043
54.45,1385.73,1390.09,-65.5475,-65.5189,-0.0280756,28.6084,-80.6043,28.6083,-80.6043
54.46,1385.07,1389.43,-65.545,-65.515,-0.0273091,28.6084,-80.6043,28.6083,-80.6043
54.47,1384.41,1388.78,-65.5425,-65.5125,-0.0268267,28.6084,-80.6043,28.6083,-80.6043
54.48,1383.76,1388.12,-65.54,-65.5111,-0.0272715,28.6084,-80.6043,28.6083,-80.6043
54.49,1383.1,1387.47,-65.5375,-65.5088,-0.0276435,28.6084,-80.6043,28.6083,-80.6043
54.5,1382.45,1386.73,-65.535,-65.5067,-0.0283836,28.6084,-80.6043,28.6083,-80.6043
54.51,1381.79,1386.08,-65.5325,-65.5044,-0.0281906,28.6084,-80.6043,28.6083,-80.6043
54.52,1381.14,1385.42,-65.53,-65.5007,-0.0279439,28.6084,-80.6043,28.6083,-80.6043
54.53,1380.48,1384.77,-65.5274,-65.499,-0.0271366,28.6084,-80.6043,28.6083,-80.6043
54.54,1379.83,1384.11,-65.5249,-65.4947,-0.0277081,28.6084,-80.6043,28.6083,-80.6043
54.55,1379.17,1383.46,-65.5224,-65.494,-0.0267176,28.6084,-80.6043,28.6083,-80.6043
54.56,1378.52,1382.8,-65.5199,-65.4916,-0.0258295,28.6084,-80.6043,28.6083,-80.6043
54.57,1377.86,1382.15,-65.5174,-65.4889,-0.0259018,28.6084,-80.6043,28.6083,-80.6043
54.58,1377.21,1381.49,-65.5149,-65.4848,-0.0258574,28.6084,-80.6043,28.6083,-80.6043
54.59,1376.55,1380.84,-65.5124,-65.4816,-0.0255128,28.6084,-80.6043,28.6083,-80.6043
54.6,1375.9,1380.6,-65.5099,-65.4796,-0.0249697,28.6084,-80.6043,28.6083,-80.6043
54.61,1375.24,1379.94,-65.5074,-65.477,-0.0254244,28.6084,-80.6043,28.6083,-80.6043
54.62,1374.59,1379.29,-65.5049,-65.4755,-0.0254795,28.6084,-80.6043,28.6083,-80.6043
54.63,1373.93,1378.64,-65.5024,-65.4728,-0.0250543,28.6084,-80.6043,28.6083,-80.6043
54.64,1373.28,1377.98,-65.4999,-65.4691,-0.0241364,28.6084,-80.6043,28.6083,-80.6043
54.65,1372.62,1377.33,-65.4973,-65.4653,-0.0246928,28.6084,-80.6043,28.6083,-80.6043
54.66,1371.97,1376.67,-65.4948,-65.4619,-0.0248148,28.6084,-80.6043,28.6083,-80.6043
54.67,1371.31,1376.02,-65.4923,-65.4613,-0.0251416,28.6084,-80.6043,28.6083,-80.6043
54.68,1370.66,1375.36,-65.4898,-65.4579,-0.0243044,28.6084,-80.6043,28.6083,-80.6043
54.69,1370,1374.71,-65.4873,-65.4562,-0.0234033,28.6084,-80.6043,28.6083,-80.6043
54.7,1369.35,1373.94,-65.4848,-65.4518,-0.0238071,28.6084,-80.6043,28.6083,-80.6043
54.71,1368.69,1373.28,-65.4823,-65.4496,-0.0231157,28.6084,-80.6043,28.6083,-80.6043
54.72,1368.04,1372.63,-65.4798,-65.4455,-0.0225026,28.6084,-80.6043,28.6083,-80.6043
54.73,1367.38,1371.97,-65.4773,-65.4435,-0.0224112,28.6084,-80.6043,28.6083,-80.6043
54.74,1366.73,1371.32,-65.4748,-65.4411,-0.0219124,28.6084,-80.6043,28.6083,-80.6043
54.75,1366.07,1370.66,-65.4723,-65.4393,-0.0209254,28.6084,-80.6043,28.6083,-80.6043
54.76,1365.42,1370.01,-65.4698,-65.4387,-0.0207457,28.6084,-80.6043,28.6083,-80.6043
54.77,1364.76,1369.36,-65.4672,-65.4372,-0.0207725,28.6084,-80.6043,28.6083,-80.6043
54.78,1364.11,1368.7,-65.4647,-65.4362,-0.0198486,28.6084,-80.6043,28.6083,-80.6043
54.79,1363.45,1368.05,-65.4622,-65.4346,-0.0206504,28.6084,-80.6043,28.6083,-80.6043
54.8,1362.8,1367.92,-65.4597,-65.4308,-0.0206608,28.6084,-80.6043,28.6083,-80.6043
54.81,1362.15,1367.27,-65.4572,-65.4271,-0.0206412,28.6084,-80.6043,28.6083,-80.6043
54.82,1361.49,1366.62,-65.4547,-65.426,-0.0196815,28.6084,-80.6043,28.6083,-80.6043
54.83,1360.84,1365.96,-65.4522,-65.4238,-0.0197781,28.6084,-80.6043,28.6083,-80.6043
54.84,1360.18,1365.31,-65.4497,-65.4195,-0.0200048,28.6084,-80.6043,28.6083,-80.6043
54.85,1359.53,1364.65,-65.4472,-65.416,-0.0202801,28.6084,-80.6043,28.6083,-80.6043
54.86,1358.87,1364,-65.4447,-65.4144,-0.0200891,28.6084,-80.6043,28.6083,-80.6043
54.87,1358.22,1363.35,-65.4422,-65.4128,-0.0208982,28.6084,-80.6043,28.6083,-80.6043
54.88,1357.56,1362.69,-65.4396,-65.4085,-0.0202904,28.6084,-80.6043,28.6083,-80.6043
54.89,1356.91,1362.04,-65.4371,-65.4056,-0.0198649,28.6084,-80.6043,28.6083,-80.6043
54.9,1356.26,1361.2,-65.4346,-65.4047,-0.0197292,28.6084,-80.6043,28.6083,-80.6043
54.91,1355.6,1360.55,-65.4321,-65.4012,-0.0190948,28.6084,-80.6043,28.6083,-80.6043
54.92,1354.95,1359.89,-65.4296,-65.3999,-0.0183927,28.6084,-80.6043,28.6083,-80.6043
54.93,1354.29,1359.24,-65.4271,-65.3962,-0.0184195,28.6084,-80.6043,28.6083,-80.6043
54.94,1353.64,1358.59,-65.4246,-65.3919,-0.0182522,28.6084,-80.6043,28.6083,-80.6043
54.95,1352.98,1357.93,-65.4221,-65.3875,-0.0177274,28.6084,-80.6043,28.6083,-80.6043
54.96,1352.33,1357.28,-65.4196,-65.3837,-0.0177449,28.6084,-80.6043,28.6083,-80.6043
54.97,1351.68,1356.63,-65.4171,-65.3795,-0.017131,28.6084,-80.6043,28.6083,-80.6043
54.98,1351.02,1355.97,-65.4146,-65.3753,-0.0174049,28.6084,-80.6043,28.6083,-80.6043
54.99,1350.37,1355.32,-65.412,-65.3719,-0.0177923,28.6084,-80.6043,28.6083,-80.6043
55,1349.71,1354.97,-65.4095,-65.3709,-0.0185929,28.6084,-80.6043,28.6083,-80.6043
55.01,1349.06,1354.32,-65.407,-65.368,-0.0188773,28.6084,-80.6043,28.6083,-80.6043
55.02,1348.4,1353.66,-65.4045,-65.3665,-0.0191081,28.6084,-80.6043,28.6083,-80.6043
55.03,1347.75,1353.01,-65.402,-65.3648,-0.0184424,28.6084,-80.6043,28.6083,-80.6043
55.04,1347.1,1352.35,-65.3995,-65.3639,-0.017455,28.6084,-80.6043,28.6083,-80.6043
55.05,1346.44,1351.7,-65.397,-65.3608,-0.017805,28.6084,-80.6043,28.6083,-80.6043
55.06,1345.79,1351.05,-65.3945,-65.3569,-0.0179466,28.6084,-80.6043,28.6083,-80.6043
55.07,1345.14,1350.39,-65.392,-65.3531,-0.0173567,28.6084,-80.6043,28.6083,-80.6043
55.08,1344.48,1349.74,-65.3895,-65.3525,-0.0167708,28.6084,-80.6043,28.6083,-80.6043
55.09,1343.83,1349.09,-65.3869,-65.3498,-0.0160908,28.6084,-80.6043,28.6083,-80.6043
55.1,1343.17,1348.7,-65.3844,-65.3482,-0.0161534,28.6084,-80.6043,28.6083,-80.6043
55.11,1342.52,1348.05,-65.3819,-65.3451,-0.0154899,28.6084,-80.6043,28.6083,-80.6043
55.12,1341.87,1347.4,-65.3794,-65.343,-0.0154697,28.6084,-80.6043,28.6083,-80.6043
55.13,1341.21,1346.74,-65.3769,-65.3387,-0.0155017,28.6084,-80.6043,28.6083,-80.6043
55.14,1340.56,1346.09,-65.3744,-65.3378,-0.0151957,28.6084,-80.6043,28.6083,-80.6043
55.15,1339.9,1345.44,-65.3719,-65.3339,-0.0146037,28.6084,-80.6043,28.6083,-80.6043
55.16,1339.25,1344.78,-65.3694,-65.3321,-0.0155966,28.6084,-80.6043,28.6083,-80.6043
55.17,1338.6,1344.13,-65.3669,-65.3314,-0.015178,28.6084,-80.6043,28.6083,-80.6043
55.18,1337.94,1343.48,-65.3644,-65.3297,-0.0143902,28.6084,-80.6043,28.6083,-80.6043
55.19,1337.29,1342.82,-65.3618,-65.3259,-0.0148301,28.6084,-80.6043,28.6083,-80.6043
55.2,1336.64,1341.91,-65.3593,-65.3232,-0.0155386,28.6084,-80.6043,28.6083,-80.6043
55.21,1335.98,1341.26,-65.3568,-65.3222,-0.0146238,28.6084,-80.6043,28.6083,-80.6043
55.22,1335.33,1340.6,-65.3543,-65.318,-0.0136518,28.6084,-80.6043,28.6083,-80.6043
55.23,1334.68,1339.95,-65.3518,-65.3145,-0.0136976,28.6084,-80.6043,28.6083,-80.6043
55.24,1334.02,1339.3,-65.3493,-65.3107,-0.0146286,28.6084,-80.6043,28.6083,-80.6043
55.25,1333.37,1338.64,-65.3468,-65.3064,-0.0146826,28.6084,-80.6043,28.6083,-80.6043
55.26,1332.72,1337.99,-65.3443,-65.3049,-0.0141275,28.6084,-80.6043,28.6083,-80.6043
55.27,1332.06,1337.34,-65.3418,-65.301,-0.0136307,28.6084,-80.6043,28.6083,-80.6043
55.28,1331.41,1336.68,-65.3393,-65.2976,-0.0139479,28.6084,-80.6043,28.6083,-80.6043
55.29,1330.76,1336.03,-65.3368,-65.2937,-0.0141978,28.6084,-80.6043,28.6083,-80.6043
55.3,1330.1,1335.91,-65.3342,-65.2924,-0.0138983,28.6084,-80.6043,28.6083,-80.6043
55.31,1329.45,1335.26,-65.3317,-65.2891,-0.0134767,28.6084,-80.6043,28.6083,-80.6043
55.32,1328.8,1334.61,-65.3292,-65.287,-0.0135305,28.6084,-80.6043,28.6083,-80.6043
55.33,1328.14,1333.95,-65.3267,-65.2841,-0.0140706,28.6084,-80.6043,28.6083,-80.6043
55.34,1327.49,1333.3,-65.3242,-65.2805,-0.0147733,28.6084,-80.6043,28.6083,-80.6043
55.35,1326.84,1332.65,-65.3217,-65.2785,-0.0140174,28.6084,-80.6043,28.6083,-80.6043
55.36,1326.18,1332,-65.3192,-65.2775,-0.0143513,28.6084,-80.6043,28.6083,-80.6043
55.37,1325.53,1331.34,-65.3167,-65.2738,-0.0151356,28.6084,-80.6043,28.6083,-80.6043
55.38,1324.88,1330.69,-65.3142,-65.273,-0.015586,28.6084,-80.6043,28.6083,-80.6043
55.39,1324.22,1330.04,-65.3117,-65.2687,-0.0163502,28.6084,-80.6043,28.6083,-80.6043
55.4,1323.57,1329.08,-65.3091,-65.2673,-0.0165364,28.6084,-80.6043,28.6083,-80.6043
55.41,1322.92,1328.43,-65.3066,-65.2654,-0.0170079,28.6084,-80.6043,28.6083,-80.6043
55.42,1322.26,1327.77,-65.3041,-65.2645,-0.0165675,28.6084,-80.6043,28.6083,-80.6043
55.43,1321.61,1327.12,-65.3016,-65.2615,-0.0156508,28.6084,-80.6043,28.6083,-80.6043
55.44,1320.96,1326.47,-65.2991,-65.2607,-0.015073,28.6084,-80.6043,28.6083,-80.6043
55.45,1320.3,1325.81,-65.2966,-65.2577,-0.0144828,28.6084,-80.6043,28.6083,-80.6043
55.46,1319.65,1325.16,-65.2941,-65.2533,-0.014845,28.6084,-80.6043,28.6083,-80.6043
55.47,1319,1324.51,-65.2916,-65.252,-0.0149474,28.6084,-80.6043,28.6083,-80.6043
55.48,1318.35,1323.86,-65.2891,-65.2478,-0.0150791,28.6084,-80.6043,28.6083,-80.6043
55.49,1317.69,1323.2,-65.2866,-65.2465,-0.0159346,28.6084,-80.6043,28.6083,-80.6043
55.5,1317.04,1323.09,-65.284,-65.2427,-0.0167748,28.6084,-80.6043,28.6083,-80.6043
55.51,1316.39,1322.43,-65.2815,-65.2414,-0.0160198,28.6084,-80.6043,28.6083,-80.6043
55.52,1315.73,1321.78,-65.279,-65.2397,-0.016567,28.6084,-80.6043,28.6083,-80.6043
55.53,1315.08,1321.13,-65.2765,-65.2386,-0.0170955,28.6084,-80.6043,28.6083,-80.6043
55.54,1314.43,1320.48,-65.274,-65.2367,-0.0173497,28.6084,-80.6043,28.6083,-80.6043
55.55,1313.78,1319.82,-65.2715,-65.2336,-0.0169487,28.6084,-80.6043,28.6083,-80.6043
55.56,1313.12,1319.17,-65.269,-65.2316,-0.0161349,28.6084,-80.6043,28.6083,-80.6043
55.57,1312.47,1318.52,-65.2665,-65.2279,-0.0169525,28.6084,-80.6043,28.6083,-80.6043
55.58,1311.82,1317.87,-65.264,-65.2253,-0.0164256,28.6084,-80.6043,28.6083,-80.6043
55.59,1311.17,1317.22,-65.2615,-65.2241,-0.0168227,28.6084,-80.6043,28.6083,-80.6043
55.6,1310.51,1316.19,-65.2589,-65.2221,-0.0158594,28.6084,-80.6043,28.6083,-80.6043
55.61,1309.86,1315.54,-65.2564,-65.2205,-0.0164877,28.6084,-80.6043,28.6083,-80.6043
55.62,1309.21,1314.88,-65.2539,-65.217,-0.0162596,28.6084,-80.6043,28.6083,-80.6043
55.63,1308.56,1314.23,-65.2514,-65.2141,-0.015404,28.6084,-80.6043,28.6083,-80.6043
55.64,1307.9,1313.58,-65.2489,-65.2108,-0.0155441,28.6084,-80.6043,28.6083,-80.6043
55.65,1307.25,1312.93,-65.2464,-65.2103,-0.0147833,28.6084,-80.6043,28.6083,-80.6043
55.66,1306.6,1312.28,-65.2439,-65.2075,-0.0140129,28.6084,-80.6043,28.6083,-80.6043
55.67,1305.95,1311.62,-65.2414,-65.2062,-0.0134143,28.6084,-80.6043,28.6083,-80.6043
55.68,1305.29,1310.97,-65.2389,-65.2056,-0.0135781,28.6084,-80.6043,28.6083,-80.6043
55.69,1304.64,1310.32,-65.2364,-65.2045,-0.0137572,28.6084,-80.6043,28.6083,-80.6043
55.7,1303.99,1309.88,-65.2338,-65.2037,-0.0130692,28.6084,-80.6043,28.6083,-80.6043
55.71,1303.34,1309.23,-65.2313,-65.2001,-0.012771,28.6084,-80.6043,28.6083,-80.6043
55.72,1302.68,1308.57,-65.2288,-65.1961,-0.0128104,28.6084,-80.6043,28.6083,-80.6043
55.73,1302.03,1307.92,-65.2263,-65.1939,-0.0136922,28.6084,-80.6043,28.6083,-80.6043
55.74,1301.38,1307.27,-65.2238,-65.1903,-0.013124,28.6084,-80.6043,28.6083,-80.6043
55.75,1300.73,1306.62,-65.2213,-65.1896,-0.0140063,28.6084,-80.6043,28.6083,-80.6043
55.76,1300.08,1305.97,-65.2188,-65.1872,-0.014553,28.6084,-80.6043,28.6083,-80.6043
55.77,1299.42,1305.31,-65.2163,-65.1836,-0.0153759,28.6084,-80.6043,28.6083,-80.6043
55.78,1298.77,1304.66,-65.2138,-65.1797,-0.0149508,28.6084,-80.6043,28.6083,-80.6043
55.79,1298.12,1304.01,-65.2113,-65.1761,-0.0153975,28.6084,-80.6043,28.6083,-80.6043
55.8,1297.47,1303.82,-65.2088,-65.1727,-0.015087,28.6084,-80.6043,28.6083,-80.6043
55.81,1296.81,1303.17,-65.2062,-65.1688,-0.0144119,28.6084,-80.6043,28.6083,-80.6043
55.82,1296.16,1302.52,-65.2037,-65.1657,-0.0141259,28.6084,-80.6043,28.6083,-80.6043
55.83,1295.51,1301.87,-65.2012,-65.1641,-0.0135411,28.6084,-80.6043,28.6083,-80.6043
55.84,1294.86,1301.22,-65.1987,-65.1634,-0.0139083,28.6084,-80.6043,28.6083,-80.6043
55.85,1294.21,1300.57,-65.1962,-65.1603,-0.0132385,28.6084,-80.6043,28.6083,-80.6043
55.86,1293.55,1299.91,-65.1937,-65.1587,-0.0136674,28.6084,-80.6043,28.6083,-80.6043
55.87,1292.9,1299.26,-65.1912,-65.1554,-0.0131387,28.6084,-80.6043,28.6083,-80.6043
55.88,1292.25,1298.61,-65.1887,-65.1521,-0.0126054,28.6084,-80.6043,28.6083,-80.6043
55.89,1291.6,1297.96,-65.1862,-65.1494,-0.012641,28.6084,-80.6043,28.6083,-80.6043
55.9,1290.95,1297.36,-65.1837,-65.1456,-0.0124312,28.6084,-80.6043,28.6083,-80.6043
55.91,1290.3,1296.71,-65.1812,-65.1413,-0.0126518,28.6084,-80.6043,28.6083,-80.6043
55.92,1289.64,1296.06,-65.1786,-65.1406,-0.0118904,28.6084,-80.6043,28.6083,-80.6043
55.93,1288.99,1295.41,-65.1761,-65.1397,-0.0112501,28.6084,-80.6043,28.6083,-80.6043
55.94,1288.34,1294.76,-65.1736,-65.1385,-0.0106051,28.6084,-80.6043,28.6083,-80.6043
55.95,1287.69,1294.11,-65.1711,-65.1361,-0.0115913,28.6084,-80.6043,28.6083,-80.6043
55.96,1287.04,1293.46,-65.1686,-65.1339,-0.0119654,28.6084,-80.6043,28.6083,-80.6043
55.97,1286.39,1292.81,-65.1661,-65.1308,-0.0128234,28.6084,-80.6043,28.6083,-80.6043
55.98,1285.73,1292.15,-65.1636,-65.128,-0.0129271,28.6084,-80.6043,28.6083,-80.6043
55.99,1285.08,1291.5,-65.1611,-65.127,-0.0121572,28.6084,-80.6043,28.6083,-80.6043
56,1284.43,1290.33,-65.1586,-65.1261,-0.0112384,28.6084,-80.6043,28.6084,-80.6044
56.01,1283.78,1289.68,-65.1561,-65.125,-0.0109046,28.6084,-80.6043,28.6084,-80.6044
56.02,1283.13,1289.03,-65.1536,-65.1225,-0.0108039,28.6084,-80.6043,28.6084,-80.6044
56.03,1282.48,1288.38,-65.151,-65.1211,-0.011635,28.6084,-80.6043,28.6084,-80.6044
56.04,1281.82,1287.72,-65.1485,-65.1185,-0.012085,28.6084,-80.6043,28.6084,-80.6044
56.05,1281.17,1287.07,-65.146,-65.1161,-0.0119802,28.6084,-80.6043,28.6084,-80.6044
56.06,1280.52,1286.42,-65.1435,-65.115,-0.0118276,28.6084,-80.6043,28.6084,-80.6044
56.07,1279.87,1285.77,-65.141,-65.113,-0.0122013,28.6084,-80.6043,28.6084,-80.6044
56.08,1279.22,1285.12,-65.1385,-65.1109,-0.0115056,28.6084,-80.6043,28.6084,-80.6044
56.09,1278.57,1284.47,-65.136,-65.1091,-0.0108519,28.6084,-80.6043,28.6084,-80.6044
56.1,1277.92,1283.68,-65.1335,-65.1079,-0.00990035,28.6084,-80.6043,28.6084,-80.6044
56.11,1277.26,1283.03,-65.131,-65.1038,-0.0100524,28.6084,-80.6043,28.6084,-80.6044
56.12,1276.61,1282.38,-65.1285,-65.1032,-0.00982382,28.6084,-80.6043,28.6084,-80.6044
56.13,1275.96,1281.73,-65.126,-65.1007,-0.00886047,28.6084,-80.6043,28.6084,-80.6044
56.14,1275.31,1281.08,-65.1235,-65.0971,-0.00810314,28.6084,-80.6043,28.6084,-80.6044
56.15,1274.66,1280.43,-65.1209,-65.094,-0.00766958,28.6084,-80.6043,28.6084,-80.6044
56.16,1274.01,1279.78,-65.1184,-65.0897,-0.0085053,28.6084,-80.6043,28.6084,-80.6044
56.17,1273.36,1279.13,-65.1159,-65.0884,-0.00851079,28.6084,-80.6043,28.6084,-80.6044
56.18,1272.71,1278.48,-65.1134,-65.0866,-0.00894942,28.6084,-80.6043,28.6084,-80.6044
56.19,1272.05,1277.83,-65.1109,-65.086,-0.00875315,28.6084,-80.6043,28.6084,-80.6044
56.2,1271.4,1277.41,-65.1084,-65.0825,-0.00863966,28.6084,-80.6043,28.6084,-80.6044
56.21,1270.75,1276.76,-65.1059,-65.079,-0.00778112,28.6084,-80.6043,28.6084,-80.6044
56.22,1270.1,1276.11,-65.1034,-65.0782,-0.00732128,28.6084,-80.6043,28.6084,-80.6044
56.23,1269.45,1275.46,-65.1009,-65.0746,-0.00754725,28.6084,-80.6043,28.6084,-80.6044
56.24,1268.8,1274.81,-65.0984,-65.0719,-0.0066713,28.6084,-80.6043,28.6084,-80.6044
56.25,1268.15,1274.16,-65.0959,-65.0699,-0.0067622,28.6084,-80.6043,28.6084,-80.6044
56.26,1267.5,1273.51,-65.0934,-65.0667,-0.00618868,28.6084,-80.6043,28.6084,-80.6044
56.27,1266.85,1272.86,-65.0908,-65.0643,-0.0066254,28.6084,-80.6043,28.6084,-80.6044
56.28,1266.2,1272.21,-65.0883,-65.0626,-0.00670835,28.6084,-80.6043,28.6084,-80.6044
56.29,1265.55,1271.56,-65.0858,-65.0619,-0.00736039,28.6084,-80.6043,28.6084,-80.6044
56.3,1264.89,1270.72,-65.0833,-65.0609,-0.00679684,28.6084,-80.6043,28.6084,-80.6044
56.31,1264.24,1270.07,-65.0808,-65.0599,-0.00584075,28.6084,-80.6043,28.6084,-80.6044
56.32,1263.59,1269.42,-65.0783,-65.057,-0.00581602,28.6084,-80.6043,28.6084,-80.6044
56.33,1262.94,1268.77,-65.0758,-65.0554,-0.00557111,28.6084,-80.6043,28.6084,-80.6044
56.34,1262.29,1268.12,-65.0733,-65.0545,-0.00654411,28.6084,-80.6043,28.6084,-80.6044
56.35,1261.64,1267.47,-65.0708,-65.0532,-0.00581534,28.6084,-80.6043,28.6084,-80.6044
56.36,1260.99,1266.82,-65.0683,-65.0514,-0.0065984,28.6084,-80.6043,28.6084,-80.6044
56.37,1260.34,1266.17,-65.0658,-65.0471,-0.00744937,28.6084,-80.6043,28.6084,-80.6044
56.38,1259.69,1265.52,-65.0633,-65.0431,-0.0078126,28.6084,-80.6043,28.6084,-80.6044
56.39,1259.04,1264.87,-65.0608,-65.04,-0.00716538,28.6084,-80.6043,28.6084,-80.6044
56.4,1258.39,1263.91,-65.0583,-65.0368,-0.00799379,28.6084,-80.6043,28.6084,-80.6044
56.41,1257.74,1263.26,-65.0557,-65.0343,-0.00786851,28.6084,-80.6043,28.6084,-80.6044
56.42,1257.09,1262.61,-65.0532,-65.0307,-0.00734197,28.6084,-80.6043,28.6084,-80.6044
56.43,1256.44,1261.96,-65.0507,-65.0301,-0.00666681,28.6084,-80.6043,28.6084,-80.6044
56.44,1255.79,1261.31,-65.0482,-65.0259,-0.00741027,28.6084,-80.6043,28.6084,-80.6044
56.45,1255.13,1260.66,-65.0457,-65.0229,-0.00829409,28.6084,-80.6043,28.6084,-80.6044
56.46,1254.48,1260.01,-65.0432,-65.0211,-0.00809929,28.6084,-80.6043,28.6084,-80.6044
56.47,1253.83,1259.36,-65.0407,-65.0179,-0.00743953,28.6084,-80.6043,28.6084,-80.6044
56.48,1253.18,1258.71,-65.0382,-65.014,-0.00784224,28.6084,-80.6043,28.6084,-80.6044
56.49,1252.53,1258.06,-65.0357,-65.0097,-0.00710296,28.6084,-80.6043,28.6084,-80.6044
56.5,1251.88,1257.41,-65.0332,-65.0073,-0.00649343,28.6084,-80.6043,28.6084,-80.6044
56.51,1251.23,1256.76,-65.0307,-65.0059,-0.00602116,28.6084,-80.6043,28.6084,-80.6044
56.52,1250.58,1256.11,-65.0282,-65.0043,-0.00607727,28.6084,-80.6043,28.6084,-80.6044
56.53,1249.93,1255.46,-65.0257,-65.0036,-0.00523729,28.6084,-80.6043,28.6084,-80.6044
56.54,1249.28,1254.81,-65.0232,-65.0019,-0.00476585,28.6084,-80.6043,28.6084,-80.6044
56.55,1248.63,1254.16,-65.0207,-65.0013,-0.00419286,28.6084,-80.6043,28.6084,-80.6044
56.56,1247.98,1253.51,-65.0181,-65,-0.00405601,28.6084,-80.6043,28.6084,-80.6044
56.57,1247.33,1252.86,-65.0156,-64.9973,-0.00312212,28.6084,-80.6043,28.6084,-80.6044
56.58,1246.68,1252.21,-65.0131,-64.9944,-0.00332881,28.6084,-80.6043,28.6084,-80.6044
56.59,1246.03,1251.56,-65.0106,-64.9903,-0.00289308,28.6084,-80.6043,28.6084,-80.6044
56.6,1245.38,1251.03,-65.0081,-64.9897,-0.00196853,28.6084,-80.6043,28.6084,-80.6044
56.61,1244.73,1250.38,-65.0056,-64.9891,-0.00169161,28.6084,-80.6043,28.6084,-80.6044
56.62,1244.08,1249.73,-65.0031,-64.9851,-0.0017525,28.6084,-80.6043,28.6084,-80.6044
56.63,1243.43,1249.08,-65.0006,-64.9808,-0.00114122,28.6084,-80.6043,28.6084,-80.6044
56.64,1242.78,1248.43,-64.9981,-64.979,-0.00131132,28.6084,-80.6043,28.6084,-80.6044
56.65,1242.13,1247.78,-64.9956,-64.976,-0.00120447,28.6084,-80.6043,28.6084,-80.6044
56.66,1241.48,1247.13,-64.9931,-64.9755,-0.00151138,28.6084,-80.6043,28.6084,-80.6044
56.67,1240.83,1246.48,-64.9906,-64.9717,-0.00156497,28.6084,-80.6043,28.6084,-80.6044
56.68,1240.18,1245.83,-64.9881,-64.9695,-0.00104064,28.6084,-80.6043,28.6084,-80.6044
56.69,1239.53,1245.18,-64.9856,-64.966,-0.00176707,28.6084,-80.6043,28.6084,-80.6044
56.7,1238.88,1244.66,-64.9831,-64.9624,-0.00165656,28.6084,-80.6043,28.6084,-80.6044
56.71,1238.23,1244.01,-64.9806,-64.9605,-0.00242789,28.6084,-80.6043,28.6084,-80.6044
56.72,1237.58,1243.36,-64.9781,-64.9588,-0.00157596,28.6084,-80.6043,28.6084,-80.6044
56.73,1236.93,1242.71,-64.9756,-64.9562,-0.00215279,28.6084,-80.6043,28.6084,-80.6044
56.74,1236.28,1242.06,-64.9731,-64.9532,-0.00209878,28.6084,-80.6043,28.6084,-80.6044
56.75,1235.63,1241.41,-64.9705,-64.952,-0.00174037,28.6084,-80.6043,28.6084,-80.6044
56.76,1234.98,1240.77,-64.968,-64.9509,-0.00111572,28.6084,-80.6043,28.6084,-80.6044
56.77,1234.33,1240.12,-64.9655,-64.9482,-0.00089576,28.6084,-80.6043,28.6084,-80.6044
56.78,1233.68,1239.47,-64.963,-64.9447,-0.00119556,28.6084,-80.6043,28.6084,-80.6044
56.79,1233.03,1238.82,-64.9605,-64.9404,-0.00186679,28.6084,-80.6043,28.6084,-80.6044
56.8,1232.38,1238.01,-64.958,-64.9361,-0.00186159,28.6084,-80.6043,28.6084,-80.6044
56.81,1231.74,1237.36,-64.9555,-64.9349,-0.00217205,28.6084,-80.6043,28.6084,-80.6044
56.82,1231.09,1236.71,-64.953,-64.9318,-0.00175583,28.6084,-80.6043,28.6084,-80.6044
56.83,1230.44,1236.06,-64.9505,-64.9309,-0.0019406,28.6084,-80.6043,28.6084,-80.6044
56.84,1229.79,1235.41,-64.948,-64.927,-0.00119083,28.6084,-80.6043,28.6084,-80.6044
56.85,1229.14,1234.76,-64.9455,-64.9227,-0.00182012,28.6084,-80.6043,28.6084,-80.6044
56.86,1228.49,1234.11,-64.943,-64.9213,-0.00266571,28.6084,-80.6043,28.6084,-80.6044
56.87,1227.84,1233.47,-64.9405,-64.9188,-0.00339127,28.6084,-80.6043,28.6084,-80.6044
56.88,1227.19,1232.82,-64.938,-64.916,-0.00298259,28.6084,-80.6043,28.6084,-80.6044
56.89,1226.54,1232.17,-64.9355,-64.9123,-0.00375219,28.6084,-80.6043,28.6084,-80.6044
56.9,1225.89,1231.35,-64.933,-64.9083,-0.00383167,28.6084,-80.6043,28.6084,-80.6044
56.91,1225.24,1230.7,-64.9305,-64.9068,-0.00482223,28.6084,-80.6043,28.6084,-80.6044
56.92,1224.59,1230.05,-64.928,-64.9028,-0.00494231,28.6084,-80.6043,28.6084,-80.6044
56.93,1223.94,1229.4,-64.9255,-64.9009,-0.00431277,28.6084,-80.6043,28.6084,-80.6044
56.94,1223.29,1228.75,-64.923,-64.898,-0.00468211,28.6084,-80.6043,28.6084,-80.6044
56.95,1222.64,1228.1,-64.9205,-64.8962,-0.00414214,28.6084,-80.6043,28.6084,-80.6044
56.96,1221.99,1227.45,-64.918,-64.8932,-0.00381785,28.6084,-80.6043,28.6084,-80.6044
56.97,1221.35,1226.8,-64.9155,-64.8911,-0.00415688,28.6084,-80.6043,28.6084,-80.6044
56.98,1220.7,1226.16,-64.913,-64.8875,-0.00352397,28.6084,-80.6043,28.6084,-80.6044
56.99,1220.05,1225.51,-64.9104,-64.8863,-0.00323604,28.6084,-80.6043,28.6084,-80.6044
57,1219.4,1225.09,-64.9079,-64.8827,-0.00351458,28.6084,-80.6043,28.6083,-80.6043
57.01,1218.75,1224.44,-64.9054,-64.8788,-0.00280761,28.6084,-80.6043,28.6083,-80.6043
57.02,1218.1,1223.79,-64.9029,-64.8752,-0.00268774,28.6084,-80.6043,28.6083,-80.6043
57.03,1217.45,1223.14,-64.9004,-64.8729,-0.00322024,28.6084,-80.6043,28.6083,-80.6043
57.04,1216.8,1222.49,-64.8979,-64.8691,-0.00396714,28.6084,-80.6043,28.6083,-80.6043
57.05,1216.15,1221.84,-64.8954,-64.8677,-0.00360483,28.6084,-80.6043,28.6083,-80.6043
57.06,1215.5,1221.19,-64.8929,-64.8649,-0.00341823,28.6084,-80.6043,28.6083,-80.6043
57.07,1214.86,1220.55,-64.8904,-64.8624,-0.00407653,28.6084,-80.6043,28.6083,-80.6043
57.08,1214.21,1219.9,-64.8879,-64.8583,-0.00344994,28.6084,-80.6043,28.6083,-80.6043
57.09,1213.56,1219.25,-64.8854,-64.854,-0.00338794,28.6084,-80.6043,28.6083,-80.6043
57.1,1212.91,1218.97,-64.8829,-64.8516,-0.00368858,28.6084,-80.6043,28.6083,-80.6043
57.11,1212.26,1218.32,-64.8804,-64.8477,-0.00435632,28.6084,-80.6043,28.6083,-80.6043
57.12,1211.61,1217.67,-64.8779,-64.847,-0.00357935,28.6084,-80.6043,28.6083,-80.6043
57.13,1210.96,1217.03,-64.8754,-64.8427,-0.00378416,28.6084,-80.6043,28.6083,-80.6043
57.14,1210.31,1216.38,-64.8729,-64.8393,-0.00318016,28.6084,-80.6043,28.6083,-80.6043
57.15,1209.67,1215.73,-64.8704,-64.8378,-0.00270788,28.6084,-80.6043,28.6083,-80.6043
57.16,1209.02,1215.08,-64.8679,-64.8363,-0.00209006,28.6084,-80.6043,28.6083,-80.6043
57.17,1208.37,1214.43,-64.8654,-64.8337,-0.00147673,28.6084,-80.6043,28.6083,-80.6043
57.18,1207.72,1213.78,-64.8629,-64.8323,-0.000989962,28.6084,-80.6043,28.6083,-80.6043
57.19,1207.07,1213.14,-64.8604,-64.8293,-0.001247,28.6084,-80.6043,28.6083,-80.6043
57.2,1206.42,1212.21,-64.8579,-64.8248,-0.00164025,28.6084,-80.6043,28.6083,-80.6043
57.21,1205.77,1211.56,-64.8554,-64.8206,-0.00104164,28.6084,-80.6043,28.6083,-80.6043
57.22,1205.12,1210.91,-64.8529,-64.8196,-0.00107408,28.6084,-80.6043,28.6083,-80.6043
57.23,1204.48,1210.26,-64.8504,-64.8167,-0.00197472,28.6084,-80.6043,28.6083,-80.6043
57.24,1203.83,1209.62,-64.8479,-64.8161,-0.00279864,28.6084,-80.6043,28.6083,-80.6043
57.25,1203.18,1208.97,-64.8454,-64.814,-0.00204611,28.6084,-80.6043,28.6083,-80.6043
57.26,1202.53,1208.32,-64.8429,-64.8122,-0.00191513,28.6084,-80.6043,28.6083,-80.6043
57.27,1201.88,1207.67,-64.8404,-64.8081,-0.00247304,28.6084,-80.6043,28.6083,-80.6043
57.28,1201.23,1207.02,-64.8379,-64.8055,-0.00285159,28.6084,-80.6043,28.6083,-80.6043
57.29,1200.59,1206.38,-64.8354,-64.8011,-0.00322569,28.6084,-80.6043,28.6083,-80.6043
57.3,1199.94,1205.81,-64.8329,-64.7984,-0.00282391,28.6084,-80.6043,28.6083,-80.6043
57.31,1199.29,1205.16,-64.8304,-64.7957,-0.00340286,28.6084,-80.6043,28.6083,-80.6043
57.32,1198.64,1204.51,-64.8279,-64.7937,-0.00317156,28.6084,-80.6043,28.6083,-80.6043
57.33,1197.99,1203.86,-64.8254,-64.7894,-0.00219444,28.6084,-80.6043,28.6083,-80.6043
57.34,1197.34,1203.22,-64.8229,-64.7849,-0.0013229,28.6084,-80.6043,28.6083,-80.6043
57.35,1196.7,1202.57,-64.8204,-64.7833,-0.000472649,28.6084,-80.6043,28.6083,-80.6043
57.36,1196.05,1201.92,-64.8179,-64.7807,-0.00129017,28.6084,-80.6043,28.6083,-80.6043
57.37,1195.4,1201.27,-64.8154,-64.7801,-0.000300757,28.6084,-80.6043,28.6083,-80.6043
57.38,1194.75,1200.63,-64.8129,-64.7768,-0.00113347,28.6084,-80.6043,28.6083,-80.6043
57.39,1194.1,1199.98,-64.8104,-64.7762,-0.000549704,28.6084,-80.6043,28.6083,-80.6043
57.4,1193.46,1199.2,-64.8079,-64.7738,0.000221803,28.6084,-80.6043,28.6083,-80.6043
57.41,1192.81,1198.55,-64.8054,-64.7728,0.000819569,28.6084,-80.6043,28.6083,-80.6043
57.42,1192.16,1197.9,-64.8029,-64.7709,0.00093843,28.6084,-80.6043,28.6083,-80.6043
57.43,1191.51,1197.25,-64.8004,-64.77,0.000558913,28.6084,-80.6043,28.6083,-80.6043
57.44,1190.86,1196.61,-64.7979,-64.766,0.000901754,28.6084,-80.6043,28.6083,-80.6043
57.45,1190.22,1195.96,-64.7954,-64.7654,0.000765865,28.6084,-80.6043,28.6083,-80.6043
57.46,1189.57,1195.31,-64.7929,-64.7648,0.000209179,28.6084,-80.6043,28.6083,-80.6043
57.47,1188.92,1194.66,-64.7904,-64.7611,0.000524758,28.6084,-80.6043,28.6083,-80.6043
57.48,1188.27,1194.01,-64.7879,-64.7599,0.00109867,28.6084,-80.6043,28.6083,-80.6043
57.49,1187.62,1193.37,-64.7854,-64.7568,0.000321348,28.6084,-80.6043,28.6083,-80.6043
57.5,1186.98,1192.28,-64.7829,-64.756,0.000461447,28.6084,-80.6043,28.6083,-80.6043
57.51,1186.33,1191.63,-64.7804,-64.753,0.000669479,28.6084,-80.6043,28.6083,-80.6043
57.52,1185.68,1190.98,-64.7779,-64.75,0.00141742,28.6084,-80.6043,28.6083,-80.6043
57.53,1185.03,1190.33,-64.7754,-64.7468,0.00167034,28.6084,-80.6043,28.6083,-80.6043
57.54,1184.39,1189.69,-64.7729,-64.7436,0.00101165,28.6084,-80.6043,28.6083,-80.6043
57.55,1183.74,1189.04,-64.7704,-64.7411,0.00159225,28.6084,-80.6043,28.6083,-80.6043
57.56,1183.09,1188.39,-64.7679,-64.7397,0.00121445,28.6084,-80.6043,28.6083,-80.6043
57.57,1182.44,1187.74,-64.7654,-64.7387,0.00177158,28.6084,-80.6043,28.6083,-80.6043
57.58,1181.79,1187.1,-64.7629,-64.7365,0.00166365,28.6084,-80.6043,28.6083,-80.6043
57.59,1181.15,1186.45,-64.7604,-64.7334,0.000847909,28.6084,-80.6043,28.6083,-80.6043
57.6,1180.5,1185.53,-64.7579,-64.7311,1.39053e-05,28.6084,-80.6043,28.6083,-80.6043
57.61,1179.85,1184.88,-64.7554,-64.73,0.000776696,28.6084,-80.6043,28.6083,-80.6043
57.62,1179.2,1184.23,-64.7529,-64.7264,0.00148548,28.6084,-80.6043,28.6083,-80.6043
57.63,1178.56,1183.58,-64.7504,-64.7232,0.00135945,28.6084,-80.6043,28.6083,-80.6043
57.64,1177.91,1182.94,-64.7479,-64.7188,0.00185393,28.6084,-80.6043,28.6083,-80.6043
57.65,1177.26,1182.29,-64.7454,-64.7183,0.00202992,28.6084,-80.6043,28.6083,-80.6043
57.66,1176.61,1181.64,-64.7429,-64.7141,0.00225202,28.6084,-80.6043,28.6083,-80.6043
57.67,1175.97,1181,-64.7404,-64.7128,0.0028347,28.6084,-80.6043,28.6083,-80.6043
57.68,1175.32,1180.35,-64.7379,-64.7111,0.00349756,28.6084,-80.6043,28.6083,-80.6043
57.69,1174.67,1179.7,-64.7354,-64.7088,0.00343628,28.6084,-80.6043,28.6083,-80.6043
57.7,1174.02,1179.31,-64.7329,-64.7069,0.00293127,28.6084,-80.6043,28.6083,-80.6043
57.71,1173.38,1178.67,-64.7304,-64.7037,0.00269785,28.6084,-80.6043,28.6083,-80.6043
57.72,1172.73,1178.02,-64.7279,-64.7013,0.00184875,28.6084,-80.6043,28.6083,-80.6043
57.73,1172.08,1177.37,-64.7254,-64.6975,0.00108476,28.6084,-80.6043,28.6083,-80.6043
57.74,1171.44,1176.72,-64.723,-64.6963,0.000657747,28.6084,-80.6043,28.6083,-80.6043
57.75,1170.79,1176.08,-64.7205,-64.695,0.00026145,28.6084,-80.6043,28.6083,-80.6043
57.76,1170.14,1175.43,-64.718,-64.6907,-0.00057376,28.6084,-80.6043,28.6083,-80.6043
57.77,1169.49,1174.78,-64.7155,-64.6898,6.56651e-05,28.6084,-80.6043,28.6083,-80.6043
57.78,1168.85,1174.14,-64.713,-64.6863,0.000127447,28.6084,-80.6043,28.6083,-80.6043
57.79,1168.2,1173.49,-64.7105,-64.6827,0.000123427,28.6084,-80.6043,28.6083,-80.6043
57.8,1167.55,1173.05,-64.708,-64.68,-0.000129692,28.6084,-80.6043,28.6083,-80.6043
57.81,1166.91,1172.4,-64.7055,-64.6779,2.71289e-05,28.6084,-80.6043,28.6083,-80.6043
57.82,1166.26,1171.76,-64.703,-64.6765,-7.75223e-05,28.6084,-80.6043,28.6083,-80.6043
57.83,1165.61,1171.11,-64.7005,-64.6744,0.000250267,28.6084,-80.6043,28.6083,-80.6043
57.84,1164.96,1170.46,-64.698,-64.6702,0.000757246,28.6084,-80.6043,28.6083,-80.6043
57.85,1164.32,1169.82,-64.6955,-64.6661,0.000968299,28.6084,-80.6043,28.6083,-80.6043
57.86,1163.67,1169.17,-64.693,-64.664,0.000557655,28.6084,-80.6043,28.6083,-80.6043
57.87,1163.02,1168.52,-64.6905,-64.6632,0.000525034,28.6084,-80.6043,28.6083,-80.6043
57.88,1162.38,1167.88,-64.688,-64.6622,-9.37914e-05,28.6084,-80.6043,28.6083,-80.6043
57.89,1161.73,1167.23,-64.6855,-64.6591,-0.000272795,28.6084,-80.6043,28.6083,-80.6043
57.9,1161.08,1166.27,-64.683,-64.657,0.000633454,28.6084,-80.6043,28.6083,-80.6043
57.91,1160.44,1165.62,-64.6805,-64.655,-0.000272477,28.6084,-80.6043,28.6083,-80.6043
57.92,1159.79,1164.97,-64.678,-64.6538,-0.000823018,28.6084,-80.6043,28.6083,-80.6043
57.93,1159.14,1164.33,-64.6755,-64.6509,0.00013893,28.6084,-80.6043,28.6083,-80.6043
57.94,1158.5,1163.68,-64.673,-64.6476,-0.000629376,28.6084,-80.6043,28.6083,-80.6043
57.95,1157.85,1163.03,-64.6705,-64.6456,-0.00135321,28.6084,-80.6043,28.6083,-80.6043
57.96,1157.2,1162.39,-64.6681,-64.6441,-0.000487564,28.6084,-80.6043,28.6083,-80.6043
57.97,1156.56,1161.74,-64.6656,-64.6422,-6.25818e-05,28.6084,-80.6043,28.6083,-80.6043
57.98,1155.91,1161.09,-64.6631,-64.6404,-0.00104523,28.6084,-80.6043,28.6083,-80.6043
57.99,1155.26,1160.45,-64.6606,-64.6373,-0.00185291,28.6084,-80.6043,28.6083,-80.6043
58,1154.62,1159.84,-64.6581,-64.6332,-0.00238281,28.6084,-80.6043,28.6084,-80.6043
58.01,1153.97,1159.19,-64.6556,-64.6307,-0.00276754,28.6084,-80.6043,28.6084,-80.6043
58.02,1153.32,1158.55,-64.6531,-64.6288,-0.00277109,28.6084,-80.6043,28.6084,-80.6043
58.03,1152.68,1157.9,-64.6506,-64.6258,-0.0022726,28.6084,-80.6043,28.6084,-80.6043
58.04,1152.03,1157.25,-64.6481,-64.6217,-0.00208764,28.6084,-80.6043,28.6084,-80.6043
58.05,1151.38,1156.61,-64.6456,-64.6207,-0.00236005,28.6084,-80.6043,28.6084,-80.6043
58.06,1150.74,1155.96,-64.6431,-64.6177,-0.00271887,28.6084,-80.6043,28.6084,-80.6043
58.07,1150.09,1155.32,-64.6406,-64.6148,-0.00328399,28.6084,-80.6043,28.6084,-80.6043
58.08,1149.44,1154.67,-64.6381,-64.6131,-0.0036615,28.6084,-80.6043,28.6084,-80.6043
58.09,1148.8,1154.02,-64.6356,-64.6113,-0.00334954,28.6084,-80.6043,28.6084,-80.6043
58.1,1148.15,1153.15,-64.6331,-64.609,-0.00315334,28.6084,-80.6043,28.6084,-80.6043
58.11,1147.51,1152.5,-64.6307,-64.6062,-0.00353215,28.6084,-80.6043,28.6084,-80.6043
58.12,1146.86,1151.86,-64.6282,-64.6019,-0.00292658,28.6084,-80.6043,28.6084,-80.6043
58.13,1146.21,1151.21,-64.6257,-64.5977,-0.00387132,28.6084,-80.6043,28.6084,-80.6043
58.14,1145.57,1150.57,-64.6232,-64.5943,-0.00452099,28.6084,-80.6043,28.6084,-80.6043
58.15,1144.92,1149.92,-64.6207,-64.5917,-0.0036458,28.6084,-80.6043,28.6084,-80.6043
58.16,1144.27,1149.28,-64.6182,-64.5893,-0.0036056,28.6084,-80.6043,28.6084,-80.6043
58.17,1143.63,1148.63,-64.6157,-64.5877,-0.00264354,28.6084,-80.6043,28.6084,-80.6043
58.18,1142.98,1147.98,-64.6132,-64.5865,-0.00359236,28.6084,-80.6043,28.6084,-80.6043
58.19,1142.34,1147.34,-64.6107,-64.5826,-0.0030885,28.6084,-80.6043,28.6084,-80.6043
58.2,1141.69,1147.07,-64.6082,-64.5815,-0.00361923,28.6084,-80.6043,28.6084,-80.6043
58.21,1141.04,1146.42,-64.6057,-64.5794,-0.00297291,28.6084,-80.6043,28.6084,-80.6043
58.22,1140.4,1145.78,-64.6032,-64.5765,-0.00242729,28.6084,-80.6043,28.6084,-80.6043
58.23,1139.75,1145.13,-64.6008,-64.5754,-0.00154295,28.6084,-80.6043,28.6084,-80.6043
58.24,1139.11,1144.48,-64.5983,-64.5732,-0.00137549,28.6084,-80.6043,28.6084,-80.6043
58.25,1138.46,1143.84,-64.5958,-64.5706,-0.0023403,28.6084,-80.6043,28.6084,-80.6043
58.26,1137.81,1143.19,-64.5933,-64.5686,-0.00163857,28.6084,-80.6043,28.6084,-80.6043
58.27,1137.17,1142.55,-64.5908,-64.5643,-0.00227733,28.6084,-80.6043,28.6084,-80.6043
58.28,1136.52,1141.9,-64.5883,-64.5606,-0.00132393,28.6084,-80.6043,28.6084,-80.6043
58.29,1135.88,1141.26,-64.5858,-64.5565,-0.000391638,28.6084,-80.6043,28.6084,-80.6043
58.3,1135.23,1140.63,-64.5833,-64.554,0.000290499,28.6084,-80.6043,28.6084,-80.6043
58.31,1134.58,1139.98,-64.5808,-64.5517,-0.000474678,28.6084,-80.6043,28.6084,-80.6043
58.32,1133.94,1139.33,-64.5783,-64.5495,-0.00109813,28.6084,-80.6043,28.6084,-80.6043
58.33,1133.29,1138.69,-64.5758,-64.5485,-0.00149649,28.6084,-80.6043,28.6084,-80.6043
58.34,1132.65,1138.04,-64.5734,-64.5442,-0.00190919,28.6084,-80.6043,28.6084,-80.6043
58.35,1132,1137.4,-64.5709,-64.5416,-0.00224589,28.6084,-80.6043,28.6084,-80.6043
58.36,1131.36,1136.75,-64.5684,-64.538,-0.00252865,28.6084,-80.6043,28.6084,-80.6043
58.37,1130.71,1136.11,-64.5659,-64.5338,-0.00245324,28.6084,-80.6043,28.6084,-80.6043
58.38,1130.06,1135.46,-64.5634,-64.5313,-0.00168784,28.6084,-80.6043,28.6084,-80.6043
58.39,1129.42,1134.82,-64.5609,-64.527,-0.00253434,28.6084,-80.6043,28.6084,-80.6043
58.4,1128.77,1133.74,-64.5584,-64.5248,-0.00156615,28.6084,-80.6043,28.6084,-80.6043
58.41,1128.13,1133.1,-64.5559,-64.5225,-0.000699832,28.6084,-80.6043,28.6084,-80.6043
58.42,1127.48,1132.45,-64.5534,-64.5194,-0.0015702,28.6084,-80.6043,28.6084,-80.6043
58.43,1126.84,1131.81,-64.5509,-64.5153,-0.00149284,28.6084,-80.6043,28.6084,-80.6043
58.44,1126.19,1131.16,-64.5485,-64.5147,-0.00165568,28.6084,-80.6043,28.6084,-80.6043
58.45,1125.55,1130.52,-64.546,-64.5127,-0.00169585,28.6084,-80.6043,28.6084,-80.6043
58.46,1124.9,1129.87,-64.5435,-64.5104,-0.00170153,28.6084,-80.6043,28.6084,-80.6043
58.47,1124.26,1129.23,-64.541,-64.5063,-0.00143019,28.6084,-80.6043,28.6084,-80.6043
58.48,1123.61,1128.58,-64.5385,-64.5032,-0.00200875,28.6084,-80.6043,28.6084,-80.6043
58.49,1122.96,1127.94,-64.536,-64.5004,-0.00114113,28.6084,-80.6043,28.6084,-80.6043
58.5,1122.32,1127.15,-64.5335,-64.497,-0.000326082,28.6084,-80.6043,28.6084,-80.6043
58.51,1121.67,1126.5,-64.531,-64.4937,0.000370033,28.6084,-80.6043,28.6084,-80.6043
58.52,1121.03,1125.86,-64.5286,-64.4922,0.000565671,28.6084,-80.6043,28.6084,-80.6043
58.53,1120.38,1125.21,-64.5261,-64.4888,-2.85233e-05,28.6084,-80.6043,28.6084,-80.6043
58.54,1119.74,1124.57,-64.5236,-64.4857,-0.000721056,28.6084,-80.6043,28.6084,-80.6043
58.55,1119.09,1123.92,-64.5211,-64.4844,-0.00146275,28.6084,-80.6043,28.6084,-80.6043
58.56,1118.45,1123.28,-64.5186,-64.4822,-0.00222243,28.6084,-80.6043,28.6084,-80.6043
58.57,1117.8,1122.63,-64.5161,-64.4787,-0.00223766,28.6084,-80.6043,28.6084,-80.6043
58.58,1117.16,1121.99,-64.5136,-64.4781,-0.00263157,28.6084,-80.6043,28.6084,-80.6043
58.59,1116.51,1121.34,-64.5111,-64.4755,-0.00273439,28.6084,-80.6043,28.6084,-80.6043
58.6,1115.87,1120.4,-64.5087,-64.4723,-0.00372786,28.6084,-80.6043,28.6084,-80.6043
58.61,1115.22,1119.76,-64.5062,-64.4682,-0.00290153,28.6084,-80.6043,28.6084,-80.6043
58.62,1114.58,1119.11,-64.5037,-64.4656,-0.00226129,28.6084,-80.6043,28.6084,-80.6043
58.63,1113.93,1118.47,-64.5012,-64.4646,-0.00304624,28.6084,-80.6043,28.6084,-80.6043
58.64,1113.29,1117.82,-64.4987,-64.4611,-0.00230611,28.6084,-80.6043,28.6084,-80.6043
58.65,1112.64,1117.18,-64.4962,-64.4606,-0.00240084,28.6084,-80.6043,28.6084,-80.6043
58.66,1112,1116.53,-64.4937,-64.4562,-0.00167463,28.6084,-80.6043,28.6084,-80.6043
58.67,1111.35,1115.89,-64.4913,-64.4529,-0.00152927,28.6084,-80.6043,28.6084,-80.6043
58.68,1110.71,1115.25,-64.4888,-64.4501,-0.000745379,28.6084,-80.6043,28.6084,-80.6043
58.69,1110.06,1114.6,-64.4863,-64.4486,-0.000250179,28.6084,-80.6043,28.6084,-80.6043
58.7,1109.42,1113.76,-64.4838,-64.4478,-0.00049737,28.6084,-80.6043,28.6084,-80.6043
58.71,1108.77,1113.12,-64.4813,-64.4466,-0.00121583,28.6084,-80.6043,28.6084,-80.6043
58.72,1108.13,1112.47,-64.4788,-64.4434,-0.00175761,28.6084,-80.6043,28.6084,-80.6043
58.73,1107.48,1111.83,-64.4763,-64.4412,-0.0023758,28.6084,-80.6043,28.6084,-80.6043
58.74,1106.84,1111.19,-64.4739,-64.438,-0.00312258,28.6084,-80.6043,28.6084,-80.6043
58.75,1106.19,1110.54,-64.4714,-64.4367,-0.00297521,28.6084,-80.6043,28.6084,-80.6043
58.76,1105.55,1109.9,-64.4689,-64.435,-0.00376054,28.6084,-80.6043,28.6084,-80.6043
58.77,1104.9,1109.25,-64.4664,-64.4341,-0.00450716,28.6084,-80.6043,28.6084,-80.6043
58.78,1104.26,1108.61,-64.4639,-64.4327,-0.00508143,28.6084,-80.6043,28.6084,-80.6043
58.79,1103.62,1107.96,-64.4614,-64.4287,-0.00587886,28.6084,-80.6043,28.6084,-80.6043
58.8,1102.97,1107.16,-64.4589,-64.4273,-0.00621236,28.6084,-80.6043,28.6084,-80.6043
58.81,1102.33,1106.52,-64.4565,-64.4265,-0.00716777,28.6084,-80.6043,28.6084,-80.6043
58.82,1101.68,1105.88,-64.454,-64.4234,-0.006798,28.6084,-80.6043,28.6084,-80.6043
58.83,1101.04,1105.23,-64.4515,-64.4193,-0.00600584,28.6084,-80.6043,28.6084,-80.6043
58.84,1100.39,1104.59,-64.449,-64.4171,-0.00501949,28.6084,-80.6043,28.6084,-80.6043
58.85,1099.75,1103.94,-64.4465,-64.4155,-0.00480417,28.6084,-80.6043,28.6084,-80.6043
58.86,1099.1,1103.3,-64.444,-64.4142,-0.00497767,28.6084,-80.6043,28.6084,-80.6043
58.87,1098.46,1102.65,-64.4416,-64.4127,-0.0051349,28.6084,-80.6043,28.6084,-80.6043
58.88,1097.82,1102.01,-64.4391,-64.4088,-0.00520266,28.6084,-80.6043,28.6084,-80.6043
58.89,1097.17,1101.37,-64.4366,-64.4079,-0.00423532,28.6084,-80.6043,28.6084,-80.6043
58.9,1096.53,1100.47,-64.4341,-64.4047,-0.00388977,28.6084,-80.6043,28.6084,-80.6043
58.91,1095.88,1099.83,-64.4316,-64.4031,-0.00333353,28.6084,-80.6043,28.6084,-80.6043
58.92,1095.24,1099.19,-64.4291,-64.401,-0.00233585,28.6084,-80.6043,28.6084,-80.6043
58.93,1094.59,1098.54,-64.4267,-64.3965,-0.00274076,28.6084,-80.6043,28.6084,-80.6043
58.94,1093.95,1097.9,-64.4242,-64.3956,-0.00330296,28.6084,-80.6043,28.6084,-80.6043
58.95,1093.3,1097.25,-64.4217,-64.3926,-0.00395041,28.6084,-80.6043,28.6084,-80.6043
58.96,1092.66,1096.61,-64.4192,-64.3909,-0.00364424,28.6084,-80.6043,28.6084,-80.6043
58.97,1092.02,1095.97,-64.4167,-64.3871,-0.00265461,28.6084,-80.6043,28.6084,-80.6043
58.98,1091.37,1095.32,-64.4142,-64.3844,-0.00221227,28.6084,-80.6043,28.6084,-80.6043
58.99,1090.73,1094.68,-64.4118,-64.3822,-0.00209126,28.6084,-80.6043,28.6084,-80.6043
59,1090.08,1094.49,-64.4093,-64.3777,-0.00302133,28.6084,-80.6043,28.6084,-80.6043
59.01,1089.44,1093.84,-64.4068,-64.3742,-0.00340098,28.6084,-80.6043,28.6084,-80.6043
59.02,1088.8,1093.2,-64.4043,-64.3726,-0.00390571,28.6084,-80.6043,28.6084,-80.6043
59.03,1088.15,1092.56,-64.4018,-64.3704,-0.00301365,28.6084,-80.6043,28.6084,-80.6043
59.04,1087.51,1091.91,-64.3994,-64.3678,-0.00360524,28.6084,-80.6043,28.6084,-80.6043
59.05,1086.86,1091.27,-64.3969,-64.3644,-0.00269563,28.6084,-80.6043,28.6084,-80.6043
59.06,1086.22,1090.62,-64.3944,-64.3631,-0.00226537,28.6084,-80.6043,28.6084,-80.6043
59.07,1085.58,1089.98,-64.3919,-64.3616,-0.00265902,28.6084,-80.6043,28.6084,-80.6043
59.08,1084.93,1089.34,-64.3894,-64.3574,-0.00189274,28.6084,-80.6043,28.6084,-80.6043
59.09,1084.29,1088.69,-64.3869,-64.355,-0.00240482,28.6084,-80.6043,28.6084,-80.6043
59.1,1083.64,1088.1,-64.3845,-64.3524,-0.00279574,28.6084,-80.6043,28.6084,-80.6043
59.11,1083,1087.45,-64.382,-64.3509,-0.00374431,28.6084,-80.6043,28.6084,-80.6043
59.12,1082.36,1086.81,-64.3795,-64.3478,-0.0034162,28.6084,-80.6043,28.6084,-80.6043
59.13,1081.71,1086.17,-64.377,-64.3472,-0.00301412,28.6084,-80.6043,28.6084,-80.6043
59.14,1081.07,1085.52,-64.3745,-64.3451,-0.00316157,28.6084,-80.6043,28.6084,-80.6043
59.15,1080.43,1084.88,-64.3721,-64.3446,-0.00297958,28.6084,-80.6043,28.6084,-80.6043
59.16,1079.78,1084.24,-64.3696,-64.3413,-0.00240456,28.6084,-80.6043,28.6084,-80.6043
59.17,1079.14,1083.59,-64.3671,-64.3374,-0.00152881,28.6084,-80.6043,28.6084,-80.6043
59.18,1078.49,1082.95,-64.3646,-64.336,-0.000908257,28.6084,-80.6043,28.6084,-80.6043
59.19,1077.85,1082.31,-64.3621,-64.3336,-0.00105166,28.6084,-80.6043,28.6084,-80.6043
59.2,1077.21,1081.4,-64.3597,-64.331,-0.00119054,28.6084,-80.6043,28.6084,-80.6043
59.21,1076.56,1080.76,-64.3572,-64.328,-0.00082473,28.6084,-80.6043,28.6084,-80.6043
59.22,1075.92,1080.11,-64.3547,-64.3238,-0.00145756,28.6084,-80.6043,28.6084,-80.6043
59.23,1075.28,1079.47,-64.3522,-64.3211,-0.00162963,28.6084,-80.6043,28.6084,-80.6043
59.24,1074.63,1078.83,-64.3498,-64.3189,-0.00242508,28.6084,-80.6043,28.6084,-80.6043
59.25,1073.99,1078.18,-64.3473,-64.3155,-0.00209245,28.6084,-80.6043,28.6084,-80.6043
59.26,1073.35,1077.54,-64.3448,-64.3142,-0.00160401,28.6084,-80.6043,28.6084,-80.6043
59.27,1072.7,1076.9,-64.3423,-64.3124,-0.000864239,28.6084,-80.6043,28.6084,-80.6043
59.28,1072.06,1076.25,-64.3398,-64.3089,-0.00179737,28.6084,-80.6043,28.6084,-80.6043
59.29,1071.42,1075.61,-64.3374,-64.3072,-0.00241765,28.6084,-80.6043,28.6084,-80.6043
59.3,1070.77,1074.88,-64.3349,-64.3066,-0.00166222,28.6084,-80.6043,28.6084,-80.6043
59.31,1070.13,1074.23,-64.3324,-64.3026,-0.00117829,28.6084,-80.6043,28.6084,-80.6043
59.32,1069.49,1073.59,-64.3299,-64.2988,-0.00206579,28.6084,-80.6043,28.6084,-80.6043
59.33,1068.84,1072.95,-64.3275,-64.2962,-0.00247833,28.6084,-80.6043,28.6084,-80.6043
59.34,1068.2,1072.31,-64.325,-64.2937,-0.003305,28.6084,-80.6043,28.6084,-80.6043
59.35,1067.56,1071.66,-64.3225,-64.2904,-0.00407321,28.6084,-80.6043,28.6084,-80.6043
59.36,1066.91,1071.02,-64.32,-64.2885,-0.00425882,28.6084,-80.6043,28.6084,-80.6043
59.37,1066.27,1070.38,-64.3175,-64.2879,-0.00421923,28.6084,-80.6043,28.6084,-80.6043
59.38,1065.63,1069.73,-64.3151,-64.2835,-0.00429047,28.6084,-80.6043,28.6084,-80.6043
59.39,1064.98,1069.09,-64.3126,-64.2792,-0.00513944,28.6084,-80.6043,28.6084,-80.6043
59.4,1064.34,1068.95,-64.3101,-64.278,-0.00491212,28.6084,-80.6043,28.6084,-80.6043
59.41,1063.7,1068.31,-64.3076,-64.2764,-0.00402002,28.6084,-80.6043,28.6084,-80.6043
59.42,1063.05,1067.66,-64.3052,-64.2753,-0.00363864,28.6084,-80.6043,28.6084,-80.6043
59.43,1062.41,1067.02,-64.3027,-64.2709,-0.00376273,28.6084,-80.6043,28.6084,-80.6043
59.44,1061.77,1066.38,-64.3002,-64.2669,-0.00471447,28.6084,-80.6043,28.6084,-80.6043
59.45,1061.13,1065.73,-64.2977,-64.2652,-0.00419316,28.6084,-80.6043,28.6084,-80.6043
59.46,1060.48,1065.09,-64.2953,-64.2613,-0.0050779,28.6084,-80.6043,28.6084,-80.6043
59.47,1059.84,1064.45,-64.2928,-64.2585,-0.00425282,28.6084,-80.6043,28.6084,-80.6043
59.48,1059.2,1063.81,-64.2903,-64.2556,-0.0035081,28.6084,-80.6043,28.6084,-80.6043
59.49,1058.55,1063.16,-64.2878,-64.2535,-0.00311503,28.6084,-80.6043,28.6084,-80.6043
59.5,1057.91,1063.07,-64.2854,-64.2507,-0.00308906,28.6084,-80.6043,28.6084,-80.6043
59.51,1057.27,1062.42,-64.2829,-64.2501,-0.00296226,28.6084,-80.6043,28.6084,-80.6043
59.52,1056.63,1061.78,-64.2804,-64.2474,-0.00200809,28.6084,-80.6043,28.6084,-80.6043
59.53,1055.98,1061.14,-64.2779,-64.2468,-0.00200832,28.6084,-80.6043,28.6084,-80.6043
59.54,1055.34,1060.5,-64.2755,-64.2461,-0.002587,28.6084,-80.6043,28.6084,-80.6043
59.55,1054.7,1059.85,-64.273,-64.2452,-0.0029191,28.6084,-80.6043,28.6084,-80.6043
59.56,1054.05,1059.21,-64.2705,-64.2442,-0.00379991,28.6084,-80.6043,28.6084,-80.6043
59.57,1053.41,1058.57,-64.268,-64.2417,-0.00314301,28.6084,-80.6043,28.6084,-80.6043
59.58,1052.77,1057.93,-64.2656,-64.2411,-0.00229673,28.6084,-80.6043,28.6084,-80.6043
59.59,1052.13,1057.28,-64.2631,-64.2378,-0.00317031,28.6084,-80.6043,28.6084,-80.6043
59.6,1051.48,1056.21,-64.2606,-64.2364,-0.003231,28.6084,-80.6043,28.6084,-80.6043
59.61,1050.84,1055.57,-64.2581,-64.2322,-0.00413444,28.6084,-80.6043,28.6084,-80.6043
59.62,1050.2,1054.92,-64.2557,-64.2284,-0.00332181,28.6084,-80.6043,28.6084,-80.6043
59.63,1049.56,1054.28,-64.2532,-64.2243,-0.00386355,28.6084,-80.6043,28.6084,-80.6043
59.64,1048.91,1053.64,-64.2507,-64.2214,-0.00382897,28.6084,-80.6043,28.6084,-80.6043
59.65,1048.27,1053,-64.2482,-64.2179,-0.00355778,28.6084,-80.6043,28.6084,-80.6043
59.66,1047.63,1052.36,-64.2458,-64.2154,-0.00394676,28.6084,-80.6043,28.6084,-80.6043
59.67,1046.99,1051.71,-64.2433,-64.2142,-0.00395032,28.6084,-80.6043,28.6084,-80.6043
59.68,1046.34,1051.07,-64.2408,-64.2124,-0.00357427,28.6084,-80.6043,28.6084,-80.6043
59.69,1045.7,1050.43,-64.2384,-64.2097,-0.00348638,28.6084,-80.6043,28.6084,-80.6043
59.7,1045.06,1049.69,-64.2359,-64.206,-0.00271682,28.6084,-80.6043,28.6084,-80.6043
59.71,1044.42,1049.05,-64.2334,-64.2028,-0.00297689,28.6084,-80.6043,28.6084,-80.6043
59.72,1043.77,1048.4,-64.2309,-64.2003,-0.00217641,28.6084,-80.6043,28.6084,-80.6043
59.73,1043.13,1047.76,-64.2285,-64.1986,-0.0027381,28.6084,-80.6043,28.6084,-80.6043
59.74,1042.49,1047.12,-64.226,-64.1943,-0.00267428,28.6084,-80.6043,28.6084,-80.6043
59.75,1041.85,1046.48,-64.2235,-64.1911,-0.00190838,28.6084,-80.6043,28.6084,-80.6043
59.76,1041.21,1045.84,-64.221,-64.1873,-0.00143419,28.6084,-80.6043,28.6084,-80.6043
59.77,1040.56,1045.2,-64.2186,-64.184,-0.000964859,28.6084,-80.6043,28.6084,-80.6043
59.78,1039.92,1044.55,-64.2161,-64.1809,-7.66267e-05,28.6084,-80.6043,28.6084,-80.6043
59.79,1039.28,1043.91,-64.2136,-64.179,-0.000726573,28.6084,-80.6043,28.6084,-80.6043
59.8,1038.64,1043.75,-64.2112,-64.1758,0.000219646,28.6084,-80.6043,28.6084,-80.6043
59.81,1038,1043.1,-64.2087,-64.1726,-0.000457856,28.6084,-80.6043,28.6084,-80.6043
59.82,1037.35,1042.46,-64.2062,-64.1713,-0.000807802,28.6084,-80.6043,28.6084,-80.6043
59.83,1036.71,1041.82,-64.2038,-64.1675,-0.000317389,28.6084,-80.6043,28.6084,-80.6043
59.84,1036.07,1041.18,-64.2013,-64.1635,-1.57122e-05,28.6084,-80.6043,28.6084,-80.6043
59.85,1035.43,1040.54,-64.1988,-64.1605,8.56492e-05,28.6084,-80.6043,28.6084,-80.6043
59.86,1034.78,1039.9,-64.1963,-64.158,0.00108555,28.6084,-80.6043,28.6084,-80.6043
59.87,1034.14,1039.25,-64.1939,-64.1573,0.000910024,28.6084,-80.6043,28.6084,-80.6043
59.88,1033.5,1038.61,-64.1914,-64.1556,0.000470017,28.6084,-80.6043,28.6084,-80.6043
59.89,1032.86,1037.97,-64.1889,-64.1537,0.00111994,28.6084,-80.6043,28.6084,-80.6043
59.9,1032.22,1037.89,-64.1865,-64.1493,0.000637213,28.6084,-80.6043,28.6084,-80.6043
59.91,1031.58,1037.25,-64.184,-64.1462,0.00158446,28.6084,-80.6043,28.6084,-80.6043
59.92,1030.93,1036.61,-64.1815,-64.1442,0.00131175,28.6084,-80.6043,28.6084,-80.6043
59.93,1030.29,1035.96,-64.1791,-64.1401,0.00176273,28.6084,-80.6043,28.6084,-80.6043
59.94,1029.65,1035.32,-64.1766,-64.1375,0.00197067,28.6084,-80.6043,28.6084,-80.6043
59.95,1029.01,1034.68,-64.1741,-64.1342,0.00144032,28.6084,-80.6043,28.6084,-80.6043
59.96,1028.37,1034.04,-64.1716,-64.1314,0.00216002,28.6084,-80.6043,28.6084,-80.6043
59.97,1027.73,1033.4,-64.1692,-64.1292,0.00300149,28.6084,-80.6043,28.6084,-80.6043
59.98,1027.08,1032.76,-64.1667,-64.1259,0.00235033,28.6084,-80.6043,28.6084,-80.6043
59.99,1026.44,1032.12,-64.1642,-64.1222,0.00207024,28.6084,-80.6043,28.6084,-80.6043
60,1025.8,1031.69,-64.1618,-64.1185,0.00175103,28.6084,-80.6043,28.6083,-80.6043
60.01,1025.16,1031.05,-64.1593,-64.1146,0.00155348,28.6084,-80.6043,28.6083,-80.6043
60.02,1024.52,1030.41,-64.1568,-64.1115,0.00239821,28.6084,-80.6043,28.6083,-80.6043
60.03,1023.88,1029.77,-64.1544,-64.1084,0.00323525,28.6084,-80.6043,28.6083,-80.6043
60.04,1023.23,1029.13,-64.1519,-64.1056,0.00294713,28.6084,-80.6043,28.6083,-80.6043
60.05,1022.59,1028.49,-64.1494,-64.1016,0.00387443,28.6084,-80.6043,28.6083,-80.6043
60.06,1021.95,1027.84,-64.147,-64.0983,0.0044942,28.6084,-80.6043,28.6083,-80.6043
60.07,1021.31,1027.2,-64.1445,-64.095,0.0040107,28.6084,-80.6043,28.6083,-80.6043
60.08,1020.67,1026.56,-64.142,-64.0929,0.00378618,28.6084,-80.6043,28.6083,-80.6043
60.09,1020.03,1025.92,-64.1396,-64.0905,0.00280531,28.6084,-80.6043,28.6083,-80.6043
60.1,1019.39,1025.57,-64.1371,-64.089,0.00364989,28.6084,-80.6043,28.6083,-80.6043
60.11,1018.74,1024.93,-64.1346,-64.0848,0.00284329,28.6084,-80.6043,28.6083,-80.6043
60.12,1018.1,1024.29,-64.1322,-64.0815,0.00247662,28.6084,-80.6043,28.6083,-80.6043
60.13,1017.46,1023.65,-64.1297,-64.0774,0.00159743,28.6084,-80.6043,28.6083,-80.6043
60.14,1016.82,1023.01,-64.1272,-64.0762,0.00200834,28.6084,-80.6043,28.6083,-80.6043
60.15,1016.18,1022.37,-64.1248,-64.0739,0.00195398,28.6084,-80.6043,28.6083,-80.6043
60.16,1015.54,1021.73,-64.1223,-64.0702,0.0012397,28.6084,-80.6043,28.6083,-80.6043
60.17,1014.9,1021.09,-64.1198,-64.0692,0.00169014,28.6084,-80.6043,28.6083,-80.6043
60.18,1014.26,1020.45,-64.1174,-64.0656,0.000792582,28.6084,-80.6043,28.6083,-80.6043
60.19,1013.61,1019.81,-64.1149,-64.0639,9.02529e-05,28.6084,-80.6043,28.6083,-80.6043
60.2,1012.97,1019.58,-64.1124,-64.0597,-0.000380663,28.6084,-80.6043,28.6083,-80.6043
60.21,1012.33,1018.94,-64.11,-64.0557,0.000526699,28.6084,-80.6043,28.6083,-80.6043
60.22,1011.69,1018.3,-64.1075,-64.0548,-0.000139076,28.6084,-80.6043,28.6083,-80.6043
60.23,1011.05,1017.66,-64.105,-64.0529,0.000100409,28.6084,-80.6043,28.6083,-80.6043
60.24,1010.41,1017.02,-64.1026,-64.0518,0.000278419,28.6084,-80.6043,28.6083,-80.6043
60.25,1009.77,1016.38,-64.1001,-64.0491,-0.000507612,28.6084,-80.6043,28.6083,-80.6043
60.26,1009.13,1015.74,-64.0977,-64.0465,-0.000230145,28.6084,-80.6043,28.6083,-80.6043
60.27,1008.49,1015.1,-64.0952,-64.0427,0.000494606,28.6084,-80.6043,28.6083,-80.6043
60.28,1007.84,1014.46,-64.0927,-64.0401,0.00126942,28.6084,-80.6043,28.6083,-80.6043
60.29,1007.2,1013.82,-64.0903,-64.0394,0.000760004,28.6084,-80.6043,28.6083,-80.6043
60.3,1006.56,1013.34,-64.0878,-64.0376,0.000807635,28.6084,-80.6043,28.6083,-80.6043
60.31,1005.92,1012.7,-64.0853,-64.0369,0.00112067,28.6084,-80.6043,28.6083,-80.6043
60.32,1005.28,1012.06,-64.0829,-64.0333,0.000690263,28.6084,-80.6043,28.6083,-80.6043
60.33,1004.64,1011.42,-64.0804,-64.03,-0.000161211,28.6084,-80.6043,28.6083,-80.6043
60.34,1004,1010.78,-64.0779,-64.0278,0.000140994,28.6084,-80.6043,28.6083,-80.6043
60.35,1003.36,1010.14,-64.0755,-64.026,-0.000254906,28.6084,-80.6043,28.6083,-80.6043
60.36,1002.72,1009.5,-64.073,-64.0239,-0.000669934,28.6084,-80.6043,28.6083,-80.6043
60.37,1002.08,1008.86,-64.0706,-64.0218,-0.000526996,28.6084,-80.6043,28.6083,-80.6043
60.38,1001.44,1008.22,-64.0681,-64.0188,-0.00143008,28.6084,-80.6043,28.6083,-80.6043
60.39,1000.8,1007.58,-64.0656,-64.0153,-0.00198426,28.6084,-80.6043,28.6083,-80.6043
60.4,1000.16,1006.83,-64.0632,-64.0125,-0.00127399,28.6084,-80.6043,28.6083,-80.6043
60.41,999.515,1006.19,-64.0607,-64.009,-0.000909725,28.6084,-80.6043,28.6083,-80.6043
60.42,998.874,1005.55,-64.0582,-64.006,-0.000371606,28.6084,-80.6043,28.6083,-80.6043
60.43,998.234,1004.91,-64.0558,-64.0032,-7.61904e-06,28.6084,-80.6043,28.6083,-80.6043
60.44,997.593,1004.27,-64.0533,-64.0027,0.000829546,28.6084,-80.6043,28.6083,-80.6043
60.45,996.953,1003.63,-64.0509,-64.0014,-4.54501e-05,28.6084,-80.6043,28.6083,-80.6043
60.46,996.312,1002.99,-64.0484,-63.9993,0.000679198,28.6084,-80.6043,28.6083,-80.6043
60.47,995.672,1002.35,-64.0459,-63.9955,0.00106977,28.6084,-80.6043,28.6083,-80.6043
60.48,995.031,1001.71,-64.0435,-63.9928,0.00189004,28.6084,-80.6043,28.6083,-80.6043
60.49,994.391,1001.07,-64.041,-63.9918,0.00133236,28.6084,-80.6043,28.6083,-80.6043
60.5,993.751,1000.07,-64.0386,-63.9903,0.0011943,28.6084,-80.6043,28.6083,-80.6043
60.51,993.11,999.429,-64.0361,-63.9874,0.00191366,28.6084,-80.6043,28.6083,-80.6043
60.52,992.47,998.79,-64.0336,-63.9861,0.00126433,28.6084,-80.6043,28.6083,-80.6043
60.53,991.83,998.15,-64.0312,-63.982,0.0021546,28.6084,-80.6043,28.6083,-80.6043
60.54,991.189,997.51,-64.0287,-63.98,0.00215186,28.6084,-80.6043,28.6083,-80.6043
60.55,990.549,996.87,-64.0263,-63.9763,0.00148558,28.6084,-80.6043,28.6083,-80.6043
60.56,989.909,996.231,-64.0238,-63.973,0.00145039,28.6084,-80.6043,28.6083,-80.6043
60.57,989.269,995.591,-64.0213,-63.9693,0.00144422,28.6084,-80.6043,28.6083,-80.6043
60.58,988.628,994.951,-64.0189,-63.9686,0.00140392,28.6084,-80.6043,28.6083,-80.6043
60.59,987.988,994.311,-64.0164,-63.9661,0.00234497,28.6084,-80.6043,28.6083,-80.6043
60.6,987.348,993.657,-64.014,-63.9629,0.0024925,28.6084,-80.6043,28.6083,-80.6043
60.61,986.708,993.018,-64.0115,-63.9609,0.00231178,28.6084,-80.6043,28.6083,-80.6043
60.62,986.068,992.378,-64.009,-63.9602,0.00154786,28.6084,-80.6043,28.6083,-80.6043
60.63,985.428,991.738,-64.0066,-63.9584,0.000958293,28.6084,-80.6043,28.6083,-80.6043
60.64,984.788,991.099,-64.0041,-63.9566,0.00109572,28.6084,-80.6043,28.6083,-80.6043
60.65,984.148,990.459,-64.0017,-63.9536,0.00202517,28.6084,-80.6043,28.6083,-80.6043
60.66,983.508,989.82,-63.9992,-63.9527,0.0020169,28.6084,-80.6043,28.6083,-80.6043
60.67,982.868,989.18,-63.9967,-63.9516,0.00158785,28.6084,-80.6043,28.6083,-80.6043
60.68,982.228,988.541,-63.9943,-63.9496,0.000801539,28.6084,-80.6043,28.6083,-80.6043
60.69,981.588,987.901,-63.9918,-63.9464,0.00160682,28.6084,-80.6043,28.6083,-80.6043
60.7,980.948,987.254,-63.9894,-63.9423,0.00230797,28.6084,-80.6043,28.6083,-80.6043
60.71,980.308,986.615,-63.9869,-63.9393,0.00260483,28.6084,-80.6043,28.6083,-80.6043
60.72,979.668,985.976,-63.9845,-63.9383,0.00248776,28.6084,-80.6043,28.6083,-80.6043
60.73,979.029,985.336,-63.982,-63.9374,0.0027651,28.6084,-80.6043,28.6083,-80.6043
60.74,978.389,984.697,-63.9795,-63.9353,0.00339298,28.6084,-80.6043,28.6083,-80.6043
60.75,977.749,984.058,-63.9771,-63.9339,0.00397899,28.6084,-80.6043,28.6083,-80.6043
60.76,977.109,983.418,-63.9746,-63.932,0.00422313,28.6084,-80.6043,28.6083,-80.6043
60.77,976.47,982.779,-63.9722,-63.9281,0.00418306,28.6084,-80.6043,28.6083,-80.6043
60.78,975.83,982.14,-63.9697,-63.9239,0.0033321,28.6084,-80.6043,28.6083,-80.6043
60.79,975.19,981.501,-63.9673,-63.9202,0.00335321,28.6084,-80.6043,28.6083,-80.6043
60.8,974.55,980.696,-63.9648,-63.9169,0.003921,28.6084,-80.6043,28.6083,-80.6043
60.81,973.911,980.056,-63.9624,-63.9139,0.00481221,28.6084,-80.6043,28.6083,-80.6043
60.82,973.271,979.417,-63.9599,-63.9098,0.00503336,28.6084,-80.6043,28.6083,-80.6043
60.83,972.632,978.778,-63.9574,-63.9092,0.00521313,28.6084,-80.6043,28.6083,-80.6043
60.84,971.992,978.139,-63.955,-63.9067,0.00613226,28.6084,-80.6043,28.6083,-80.6043
60.85,971.353,977.5,-63.9525,-63.9044,0.00541968,28.6084,-80.6043,28.6083,-80.6043
60.86,970.713,976.861,-63.9501,-63.9026,0.00459746,28.6084,-80.6043,28.6083,-80.6043
60.87,970.074,976.222,-63.9476,-63.9011,0.00517857,28.6084,-80.6043,28.6083,-80.6043
60.88,969.434,975.583,-63.9452,-63.8997,0.00599813,28.6084,-80.6043,28.6083,-80.6043
60.89,968.795,974.944,-63.9427,-63.8985,0.00506035,28.6084,-80.6043,28.6083,-80.6043
60.9,968.155,973.972,-63.9403,-63.8975,0.00605146,28.6084,-80.6043,28.6083,-80.6043
60.91,967.516,973.333,-63.9378,-63.8955,0.00678118,28.6084,-80.6043,28.6083,-80.6043
60.92,966.877,972.694,-63.9353,-63.8915,0.00715343,28.6084,-80.6043,28.6083,-80.6043
60.93,966.237,972.056,-63.9329,-63.8873,0.00753777,28.6084,-80.6043,28.6083,-80.6043
60.94,965.598,971.417,-63.9304,-63.8861,0.00783793,28.6084,-80.6043,28.6083,-80.6043
60.95,964.959,970.778,-63.928,-63.8837,0.00847268,28.6084,-80.6043,28.6083,-80.6043
60.96,964.319,970.139,-63.9255,-63.8799,0.00831602,28.6084,-80.6043,28.6083,-80.6043
60.97,963.68,969.5,-63.9231,-63.8765,0.00825048,28.6084,-80.6043,28.6083,-80.6043
60.98,963.041,968.862,-63.9206,-63.8742,0.00787733,28.6084,-80.6043,28.6083,-80.6043
60.99,962.402,968.223,-63.9182,-63.8698,0.00774471,28.6084,-80.6043,28.6083,-80.6043
61,961.763,967.822,-63.9157,-63.8663,0.00699302,28.6084,-80.6043,28.6083,-80.6043
61.01,961.124,967.183,-63.9133,-63.8627,0.00678355,28.6084,-80.6043,28.6083,-80.6043
61.02,960.484,966.544,-63.9108,-63.8592,0.00596566,28.6084,-80.6043,28.6083,-80.6043
61.03,959.845,965.906,-63.9084,-63.857,0.00650854,28.6084,-80.6043,28.6083,-80.6043
61.04,959.206,965.267,-63.9059,-63.8546,0.00585162,28.6084,-80.6043,28.6083,-80.6043
61.05,958.567,964.629,-63.9035,-63.8516,0.0055658,28.6084,-80.6043,28.6083,-80.6043
61.06,957.928,963.99,-63.901,-63.8477,0.00571715,28.6084,-80.6043,28.6083,-80.6043
61.07,957.289,963.352,-63.8986,-63.8471,0.00482583,28.6084,-80.6043,28.6083,-80.6043
61.08,956.65,962.713,-63.8961,-63.8457,0.00487648,28.6084,-80.6043,28.6083,-80.6043
61.09,956.011,962.075,-63.8936,-63.8418,0.0040413,28.6084,-80.6043,28.6083,-80.6043
61.1,955.372,961.748,-63.8912,-63.8376,0.00423182,28.6084,-80.6043,28.6083,-80.6043
61.11,954.734,961.11,-63.8887,-63.8349,0.00504919,28.6084,-80.6043,28.6083,-80.6043
61.12,954.095,960.471,-63.8863,-63.8323,0.0057588,28.6084,-80.6043,28.6083,-80.6043
61.13,953.456,959.833,-63.8838,-63.8292,0.00606727,28.6084,-80.6043,28.6083,-80.6043
61.14,952.817,959.195,-63.8814,-63.8262,0.00607796,28.6084,-80.6043,28.6083,-80.6043
61.15,952.178,958.557,-63.8789,-63.8256,0.00549979,28.6084,-80.6043,28.6083,-80.6043
61.16,951.54,957.918,-63.8765,-63.8229,0.00520888,28.6084,-80.6043,28.6083,-80.6043
61.17,950.901,957.28,-63.874,-63.8185,0.00552158,28.6084,-80.6043,28.6083,-80.6043
61.18,950.262,956.642,-63.8716,-63.8149,0.00603805,28.6084,-80.6043,28.6083,-80.6043
61.19,949.623,956.004,-63.8691,-63.8139,0.00694473,28.6084,-80.6043,28.6083,-80.6043
61.2,948.985,955.224,-63.8667,-63.8119,0.00693979,28.6084,-80.6043,28.6083,-80.6043
61.21,948.346,954.586,-63.8642,-63.8082,0.00703337,28.6084,-80.6043,28.6083,-80.6043
61.22,947.707,953.948,-63.8618,-63.8043,0.00642531,28.6084,-80.6043,28.6083,-80.6043
61.23,947.069,953.309,-63.8593,-63.8035,0.00689941,28.6084,-80.6043,28.6083,-80.6043
61.24,946.43,952.671,-63.8569,-63.802,0.00593764,28.6084,-80.6043,28.6083,-80.6043
61.25,945.792,952.033,-63.8544,-63.8002,0.00659366,28.6084,-80.6043,28.6083,-80.6043
61.26,945.153,951.395,-63.852,-63.798,0.00607567,28.6084,-80.6043,28.6083,-80.6043
61.27,944.515,950.758,-63.8495,-63.7961,0.00566572,28.6084,-80.6043,28.6083,-80.6043
61.28,943.876,950.12,-63.8471,-63.792,0.00469038,28.6084,-80.6043,28.6083,-80.6043
61.29,943.238,949.482,-63.8447,-63.7878,0.00450823,28.6084,-80.6043,28.6083,-80.6043
61.3,942.599,949.264,-63.8422,-63.7872,0.00379526,28.6084,-80.6043,28.6083,-80.6043
61.31,941.961,948.626,-63.8398,-63.7828,0.00305588,28.6084,-80.6043,28.6083,-80.6043
61.32,941.323,947.989,-63.8373,-63.7798,0.00245226,28.6084,-80.6043,28.6083,-80.6043
61.33,940.684,947.351,-63.8349,-63.7758,0.00299426,28.6084,-80.6043,28.6083,-80.6043
61.34,940.046,946.713,-63.8324,-63.7748,0.00256042,28.6084,-80.6043,28.6083,-80.6043
61.35,939.408,946.075,-63.83,-63.7733,0.00348548,28.6084,-80.6043,28.6083,-80.6043
61.36,938.769,945.438,-63.8275,-63.7718,0.00411612,28.6084,-80.6043,28.6083,-80.6043
61.37,938.131,944.8,-63.8251,-63.768,0.00401464,28.6084,-80.6043,28.6083,-80.6043
61.38,937.493,944.162,-63.8226,-63.764,0.00414448,28.6084,-80.6043,28.6083,-80.6043
61.39,936.855,943.525,-63.8202,-63.7607,0.00495759,28.6084,-80.6043,28.6083,-80.6043
61.4,936.216,942.711,-63.8177,-63.7567,0.00506889,28.6084,-80.6043,28.6083,-80.6043
61.41,935.578,942.073,-63.8153,-63.7548,0.00589637,28.6084,-80.6043,28.6083,-80.6043
61.42,934.94,941.436,-63.8128,-63.7518,0.00497999,28.6084,-80.6043,28.6083,-80.6043
61.43,934.302,940.798,-63.8104,-63.7477,0.00512881,28.6084,-80.6043,28.6083,-80.6043
61.44,933.664,940.161,-63.8079,-63.7454,0.00610463,28.6084,-80.6043,28.6083,-80.6043
61.45,933.026,939.524,-63.8055,-63.7421,0.00595452,28.6084,-80.6043,28.6083,-80.6043
61.46,932.388,938.886,-63.8031,-63.74,0.006651,28.6084,-80.6043,28.6083,-80.6043
61.47,931.75,938.249,-63.8006,-63.7394,0.00685595,28.6084,-80.6043,28.6083,-80.6043
61.48,931.112,937.611,-63.7982,-63.736,0.00750898,28.6084,-80.6043,28.6083,-80.6043
61.49,930.474,936.974,-63.7957,-63.7325,0.00654871,28.6084,-80.6043,28.6083,-80.6043
61.5,929.836,935.899,-63.7933,-63.7317,0.00698177,28.6084,-80.6043,28.6083,-80.6043
61.51,929.198,935.262,-63.7908,-63.7301,0.00707057,28.6084,-80.6043,28.6083,-80.6043
61.52,928.56,934.625,-63.7884,-63.7268,0.00766619,28.6084,-80.6043,28.6083,-80.6043
61.53,927.922,933.987,-63.7859,-63.7259,0.00756629,28.6084,-80.6043,28.6083,-80.6043
61.54,927.285,933.35,-63.7835,-63.7227,0.00657939,28.6084,-80.6043,28.6083,-80.6043
61.55,926.647,932.713,-63.781,-63.7222,0.00568167,28.6084,-80.6043,28.6083,-80.6043
61.56,926.009,932.076,-63.7786,-63.7212,0.00652056,28.6084,-80.6043,28.6083,-80.6043
61.57,925.371,931.438,-63.7762,-63.718,0.00589374,28.6084,-80.6043,28.6083,-80.6043
61.58,924.733,930.801,-63.7737,-63.7141,0.00542846,28.6084,-80.6043,28.6083,-80.6043
61.59,924.096,930.164,-63.7713,-63.7111,0.00609531,28.6084,-80.6043,28.6083,-80.6043
61.6,923.458,929.905,-63.7688,-63.7068,0.00521985,28.6084,-80.6043,28.6083,-80.6043
61.61,922.82,929.268,-63.7664,-63.7054,0.00445541,28.6084,-80.6043,28.6083,-80.6043
61.62,922.183,928.631,-63.7639,-63.7016,0.00459605,28.6084,-80.6043,28.6083,-80.6043
61.63,921.545,927.994,-63.7615,-63.6973,0.00478441,28.6084,-80.6043,28.6083,-80.6043
61.64,920.908,927.357,-63.7591,-63.6945,0.00386311,28.6084,-80.6043,28.6083,-80.6043
61.65,920.27,926.72,-63.7566,-63.6928,0.00458979,28.6084,-80.6043,28.6083,-80.6043
61.66,919.632,926.083,-63.7542,-63.6886,0.00530001,28.6084,-80.6043,28.6083,-80.6043
61.67,918.995,925.446,-63.7517,-63.6858,0.00579507,28.6084,-80.6043,28.6083,-80.6043
61.68,918.357,924.809,-63.7493,-63.6815,0.00486667,28.6084,-80.6043,28.6083,-80.6043
61.69,917.72,924.172,-63.7468,-63.6793,0.00580863,28.6084,-80.6043,28.6083,-80.6043
61.7,917.083,923.798,-63.7444,-63.6787,0.0058147,28.6084,-80.6043,28.6083,-80.6043
61.71,916.445,923.161,-63.742,-63.6778,0.00520667,28.6084,-80.6043,28.6083,-80.6043
61.72,915.808,922.524,-63.7395,-63.6761,0.0058196,28.6084,-80.6043,28.6083,-80.6043
61.73,915.17,921.887,-63.7371,-63.6738,0.00669894,28.6084,-80.6043,28.6083,-80.6043
61.74,914.533,921.251,-63.7346,-63.6708,0.00659621,28.6084,-80.6043,28.6083,-80.6043
61.75,913.896,920.614,-63.7322,-63.6704,0.0073514,28.6084,-80.6043,28.6083,-80.6043
61.76,913.258,919.977,-63.7298,-63.6688,0.00659085,28.6084,-80.6043,28.6083,-80.6043
61.77,912.621,919.341,-63.7273,-63.6655,0.00729582,28.6084,-80.6043,28.6083,-80.6043
61.78,911.984,918.704,-63.7249,-63.6648,0.00691974,28.6084,-80.6043,28.6083,-80.6043
61.79,911.347,918.067,-63.7224,-63.6626,0.00612649,28.6084,-80.6043,28.6083,-80.6043
61.8,910.709,917.793,-63.72,-63.6596,0.00573849,28.6084,-80.6043,28.6083,-80.6043
61.81,910.072,917.156,-63.7176,-63.659,0.006522,28.6084,-80.6043,28.6083,-80.6043
61.82,909.435,916.52,-63.7151,-63.6554,0.00640643,28.6084,-80.6043,28.6083,-80.6043
61.83,908.798,915.883,-63.7127,-63.6512,0.00591147,28.6084,-80.6043,28.6083,-80.6043
61.84,908.161,915.247,-63.7102,-63.6491,0.00684958,28.6084,-80.6043,28.6083,-80.6043
61.85,907.524,914.61,-63.7078,-63.6456,0.00690748,28.6084,-80.6043,28.6083,-80.6043
61.86,906.887,913.974,-63.7054,-63.6415,0.00781056,28.6084,-80.6043,28.6083,-80.6043
61.87,906.25,913.338,-63.7029,-63.6377,0.0082835,28.6084,-80.6043,28.6083,-80.6043
61.88,905.613,912.701,-63.7005,-63.6356,0.00882544,28.6084,-80.6043,28.6083,-80.6043
61.89,904.976,912.065,-63.698,-63.6337,0.00955249,28.6084,-80.6043,28.6083,-80.6043
61.9,904.339,911.271,-63.6956,-63.6302,0.00906039,28.6084,-80.6043,28.6083,-80.6043
61.91,903.702,910.635,-63.6932,-63.6291,0.0100038,28.6084,-80.6043,28.6083,-80.6043
61.92,903.065,909.998,-63.6907,-63.6247,0.0109172,28.6084,-80.6043,28.6083,-80.6043
61.93,902.428,909.362,-63.6883,-63.6231,0.0107988,28.6084,-80.6043,28.6083,-80.6043
61.94,901.791,908.726,-63.6859,-63.6224,0.0116116,28.6084,-80.6043,28.6083,-80.6043
61.95,901.154,908.09,-63.6834,-63.619,0.0108378,28.6084,-80.6043,28.6083,-80.6043
61.96,900.518,907.453,-63.681,-63.617,0.011115,28.6084,-80.6043,28.6083,-80.6043
61.97,899.881,906.817,-63.6785,-63.613,0.0117677,28.6084,-80.6043,28.6083,-80.6043
61.98,899.244,906.181,-63.6761,-63.6103,0.0111003,28.6084,-80.6043,28.6083,-80.6043
61.99,898.607,905.545,-63.6737,-63.6089,0.0111707,28.6084,-80.6043,28.6083,-80.6043
62,897.971,905.181,-63.6712,-63.6047,0.0117077,28.6084,-80.6043,28.6083,-80.6044
62.01,897.334,904.545,-63.6688,-63.6024,0.0119073,28.6084,-80.6043,28.6083,-80.6044
62.02,896.697,903.909,-63.6664,-63.5997,0.0112108,28.6084,-80.6043,28.6083,-80.6044
62.03,896.061,903.273,-63.6639,-63.5987,0.0118748,28.6084,-80.6043,28.6083,-80.6044
62.04,895.424,902.637,-63.6615,-63.5971,0.0109475,28.6084,-80.6043,28.6083,-80.6044
62.05,894.787,902.001,-63.659,-63.5934,0.0105387,28.6084,-80.6043,28.6083,-80.6044
62.06,894.151,901.365,-63.6566,-63.589,0.00971355,28.6084,-80.6043,28.6083,-80.6044
62.07,893.514,900.729,-63.6542,-63.5856,0.00881955,28.6084,-80.6043,28.6083,-80.6044
62.08,892.878,900.094,-63.6517,-63.5812,0.00878621,28.6084,-80.6043,28.6083,-80.6044
62.09,892.241,899.458,-63.6493,-63.5801,0.00854206,28.6084,-80.6043,28.6083,-80.6044
62.1,891.605,899.047,-63.6469,-63.5792,0.00770178,28.6084,-80.6043,28.6083,-80.6044
62.11,890.968,898.411,-63.6444,-63.5779,0.00719404,28.6084,-80.6043,28.6083,-80.6044
62.12,890.332,897.775,-63.642,-63.5757,0.00664063,28.6084,-80.6043,28.6083,-80.6044
62.13,889.696,897.139,-63.6396,-63.5746,0.00606532,28.6084,-80.6043,28.6083,-80.6044
62.14,889.059,896.504,-63.6371,-63.5714,0.00514795,28.6084,-80.6043,28.6083,-80.6044
62.15,888.423,895.868,-63.6347,-63.5677,0.00592834,28.6084,-80.6043,28.6083,-80.6044
62.16,887.786,895.232,-63.6323,-63.566,0.00529416,28.6084,-80.6043,28.6083,-80.6044
62.17,887.15,894.597,-63.6298,-63.5637,0.00525685,28.6084,-80.6043,28.6083,-80.6044
62.18,886.514,893.961,-63.6274,-63.5619,0.00485731,28.6084,-80.6043,28.6083,-80.6044
62.19,885.878,893.325,-63.625,-63.5584,0.0045831,28.6084,-80.6043,28.6083,-80.6044
62.2,885.241,892.706,-63.6225,-63.5575,0.00373202,28.6084,-80.6043,28.6083,-80.6044
62.21,884.605,892.07,-63.6201,-63.5557,0.0043539,28.6084,-80.6043,28.6083,-80.6044
62.22,883.969,891.435,-63.6177,-63.5536,0.00372416,28.6084,-80.6043,28.6083,-80.6044
62.23,883.333,890.799,-63.6152,-63.552,0.00387411,28.6084,-80.6043,28.6083,-80.6044
62.24,882.697,890.164,-63.6128,-63.5493,0.00370652,28.6084,-80.6043,28.6083,-80.6044
62.25,882.061,889.528,-63.6104,-63.5463,0.00424121,28.6084,-80.6043,28.6083,-80.6044
62.26,881.425,888.893,-63.6079,-63.5454,0.00504314,28.6084,-80.6043,28.6083,-80.6044
62.27,880.789,888.257,-63.6055,-63.5441,0.00469832,28.6084,-80.6043,28.6083,-80.6044
62.28,880.153,887.622,-63.6031,-63.5434,0.00454537,28.6084,-80.6043,28.6083,-80.6044
62.29,879.517,886.986,-63.6006,-63.5429,0.00376584,28.6084,-80.6043,28.6083,-80.6044
62.3,878.881,885.868,-63.5982,-63.5416,0.00457843,28.6084,-80.6043,28.6083,-80.6044
62.31,878.245,885.232,-63.5958,-63.5394,0.00432751,28.6084,-80.6043,28.6083,-80.6044
62.32,877.609,884.597,-63.5933,-63.5353,0.00481783,28.6084,-80.6043,28.6083,-80.6044
62.33,876.973,883.962,-63.5909,-63.5321,0.00521776,28.6084,-80.6043,28.6083,-80.6044
62.34,876.337,883.326,-63.5885,-63.5313,0.00577517,28.6084,-80.6043,28.6083,-80.6044
62.35,875.701,882.691,-63.586,-63.5277,0.00570303,28.6084,-80.6043,28.6083,-80.6044
62.36,875.065,882.056,-63.5836,-63.5234,0.00587375,28.6084,-80.6043,28.6083,-80.6044
62.37,874.429,881.421,-63.5812,-63.5195,0.00518412,28.6084,-80.6043,28.6083,-80.6044
62.38,873.794,880.785,-63.5788,-63.5155,0.00507966,28.6084,-80.6043,28.6083,-80.6044
62.39,873.158,880.15,-63.5763,-63.5122,0.00467134,28.6084,-80.6043,28.6083,-80.6044
62.4,872.522,879.307,-63.5739,-63.5114,0.00464251,28.6084,-80.6043,28.6083,-80.6044
62.41,871.886,878.672,-63.5715,-63.5094,0.00503605,28.6084,-80.6043,28.6083,-80.6044
62.42,871.251,878.037,-63.569,-63.506,0.00418103,28.6084,-80.6043,28.6083,-80.6044
62.43,870.615,877.402,-63.5666,-63.5051,0.00466867,28.6084,-80.6043,28.6083,-80.6044
62.44,869.979,876.767,-63.5642,-63.504,0.00438059,28.6084,-80.6043,28.6083,-80.6044
62.45,869.344,876.132,-63.5617,-63.5009,0.00462564,28.6084,-80.6043,28.6083,-80.6044
62.46,868.708,875.497,-63.5593,-63.4974,0.00367495,28.6084,-80.6043,28.6083,-80.6044
62.47,868.073,874.862,-63.5569,-63.4948,0.00371436,28.6084,-80.6043,28.6083,-80.6044
62.48,867.437,874.227,-63.5545,-63.4916,0.00320163,28.6084,-80.6043,28.6083,-80.6044
62.49,866.801,873.592,-63.552,-63.4886,0.00315787,28.6084,-80.6043,28.6083,-80.6044
62.5,866.166,872.353,-63.5496,-63.4881,0.00234127,28.6084,-80.6043,28.6083,-80.6044
62.51,865.531,871.719,-63.5472,-63.4859,0.00327025,28.6084,-80.6043,28.6083,-80.6044
62.52,864.895,871.084,-63.5447,-63.4831,0.00323636,28.6084,-80.6043,28.6083,-80.6044
62.53,864.26,870.449,-63.5423,-63.481,0.00287956,28.6084,-80.6043,28.6083,-80.6044
62.54,863.624,869.814,-63.5399,-63.4775,0.0029093,28.6084,-80.6043,28.6083,-80.6044
62.55,862.989,869.179,-63.5375,-63.4738,0.00226735,28.6084,-80.6043,28.6083,-80.6044
62.56,862.354,868.545,-63.535,-63.4713,0.00227525,28.6084,-80.6043,28.6083,-80.6044
62.57,861.718,867.91,-63.5326,-63.4672,0.00245713,28.6084,-80.6043,28.6083,-80.6044
62.58,861.083,867.275,-63.5302,-63.4643,0.00275824,28.6084,-80.6043,28.6083,-80.6044
62.59,860.448,866.641,-63.5277,-63.4608,0.00371866,28.6084,-80.6043,28.6083,-80.6044
62.6,859.812,866.062,-63.5253,-63.4592,0.00351104,28.6084,-80.6043,28.6083,-80.6044
62.61,859.177,865.427,-63.5229,-63.4557,0.00439076,28.6084,-80.6043,28.6083,-80.6044
62.62,858.542,864.793,-63.5205,-63.4542,0.00344024,28.6084,-80.6043,28.6083,-80.6044
62.63,857.907,864.158,-63.518,-63.453,0.00424469,28.6084,-80.6043,28.6083,-80.6044
62.64,857.272,863.524,-63.5156,-63.4506,0.0036478,28.6084,-80.6043,28.6083,-80.6044
62.65,856.636,862.889,-63.5132,-63.4462,0.00454987,28.6084,-80.6043,28.6083,-80.6044
62.66,856.001,862.255,-63.5108,-63.4425,0.00546671,28.6084,-80.6043,28.6083,-80.6044
62.67,855.366,861.621,-63.5083,-63.4399,0.00504276,28.6084,-80.6043,28.6083,-80.6044
62.68,854.731,860.986,-63.5059,-63.438,0.00579475,28.6084,-80.6043,28.6083,-80.6044
62.69,854.096,860.352,-63.5035,-63.4373,0.00656585,28.6084,-80.6043,28.6083,-80.6044
62.7,853.461,859.489,-63.5011,-63.4341,0.00605773,28.6084,-80.6043,28.6083,-80.6044
62.71,852.826,858.854,-63.4986,-63.4321,0.00536309,28.6084,-80.6043,28.6083,-80.6044
62.72,852.191,858.22,-63.4962,-63.4277,0.00598584,28.6084,-80.6043,28.6083,-80.6044
62.73,851.556,857.586,-63.4938,-63.4241,0.00652304,28.6084,-80.6043,28.6083,-80.6044
62.74,850.921,856.952,-63.4914,-63.4205,0.00573086,28.6084,-80.6043,28.6083,-80.6044
62.75,850.286,856.318,-63.4889,-63.4194,0.00582355,28.6084,-80.6043,28.6083,-80.6044
62.76,849.652,855.683,-63.4865,-63.4172,0.00503283,28.6084,-80.6043,28.6083,-80.6044
62.77,849.017,855.049,-63.4841,-63.4135,0.00494079,28.6084,-80.6043,28.6083,-80.6044
62.78,848.382,854.415,-63.4817,-63.412,0.00538685,28.6084,-80.6043,28.6083,-80.6044
62.79,847.747,853.781,-63.4792,-63.4077,0.00536624,28.6084,-80.6043,28.6083,-80.6044
62.8,847.112,852.802,-63.4768,-63.4044,0.00618199,28.6084,-80.6043,28.6083,-80.6044
62.81,846.478,852.168,-63.4744,-63.4028,0.00610653,28.6084,-80.6043,28.6083,-80.6044
62.82,845.843,851.534,-63.472,-63.4001,0.00519863,28.6084,-80.6043,28.6083,-80.6044
62.83,845.208,850.9,-63.4695,-63.3983,0.00549785,28.6084,-80.6043,28.6083,-80.6044
62.84,844.574,850.266,-63.4671,-63.3941,0.00454073,28.6084,-80.6043,28.6083,-80.6044
62.85,843.939,849.632,-63.4647,-63.3901,0.00421193,28.6084,-80.6043,28.6083,-80.6044
62.86,843.304,848.998,-63.4623,-63.3889,0.00330839,28.6084,-80.6043,28.6083,-80.6044
62.87,842.67,848.364,-63.4599,-63.3871,0.00234829,28.6084,-80.6043,28.6083,-80.6044
62.88,842.035,847.731,-63.4574,-63.3833,0.00154656,28.6084,-80.6043,28.6083,-80.6044
62.89,841.401,847.097,-63.455,-63.3796,0.00245731,28.6084,-80.6043,28.6083,-80.6044
62.9,840.766,846.64,-63.4526,-63.3782,0.00217307,28.6084,-80.6043,28.6083,-80.6044
62.91,840.132,846.006,-63.4502,-63.3762,0.00153043,28.6084,-80.6043,28.6083,-80.6044
62.92,839.497,845.372,-63.4477,-63.3724,0.00184383,28.6084,-80.6043,28.6083,-80.6044
62.93,838.863,844.739,-63.4453,-63.3684,0.00243471,28.6084,-80.6043,28.6083,-80.6044
62.94,838.228,844.105,-63.4429,-63.3674,0.00267204,28.6084,-80.6043,28.6083,-80.6044
62.95,837.594,843.471,-63.4405,-63.3642,0.00255415,28.6084,-80.6043,28.6083,-80.6044
62.96,836.959,842.838,-63.4381,-63.3626,0.00188532,28.6084,-80.6043,28.6083,-80.6044
62.97,836.325,842.204,-63.4356,-63.362,0.0015655,28.6084,-80.6043,28.6083,-80.6044
62.98,835.691,841.571,-63.4332,-63.3596,0.00191221,28.6084,-80.6043,28.6083,-80.6044
62.99,835.056,840.937,-63.4308,-63.3581,0.00196279,28.6084,-80.6043,28.6083,-80.6044
63,834.422,840.155,-63.4284,-63.3554,0.00217737,28.6084,-80.6043,28.6083,-80.6044
63.01,833.788,839.521,-63.426,-63.352,0.00305302,28.6084,-80.6043,28.6083,-80.6044
63.02,833.154,838.888,-63.4235,-63.3494,0.00290099,28.6084,-80.6043,28.6083,-80.6044
63.03,832.519,838.254,-63.4211,-63.3477,0.00374744,28.6084,-80.6043,28.6083,-80.6044
63.04,831.885,837.621,-63.4187,-63.3441,0.00408631,28.6084,-80.6043,28.6083,-80.6044
63.05,831.251,836.987,-63.4163,-63.3433,0.00438071,28.6084,-80.6043,28.6083,-80.6044
63.06,830.617,836.354,-63.4139,-63.3415,0.00338795,28.6084,-80.6043,28.6083,-80.6044
63.07,829.983,835.721,-63.4114,-63.3393,0.003333,28.6084,-80.6043,28.6083,-80.6044
63.08,829.349,835.087,-63.409,-63.3364,0.00262491,28.6084,-80.6043,28.6083,-80.6044
63.09,828.715,834.454,-63.4066,-63.3324,0.00345754,28.6084,-80.6043,28.6083,-80.6044
63.1,828.081,833.934,-63.4042,-63.3307,0.0043322,28.6084,-80.6043,28.6083,-80.6044
63.11,827.447,833.301,-63.4018,-63.3293,0.00455357,28.6084,-80.6043,28.6083,-80.6044
63.12,826.813,832.668,-63.3994,-63.3267,0.00423494,28.6084,-80.6043,28.6083,-80.6044
63.13,826.179,832.035,-63.3969,-63.3256,0.0035057,28.6084,-80.6043,28.6083,-80.6044
63.14,825.545,831.401,-63.3945,-63.3249,0.00409915,28.6084,-80.6043,28.6083,-80.6044
63.15,824.911,830.768,-63.3921,-63.3242,0.00475587,28.6084,-80.6043,28.6083,-80.6044
63.16,824.277,830.135,-63.3897,-63.3227,0.0039762,28.6084,-80.6043,28.6083,-80.6044
63.17,823.643,829.502,-63.3873,-63.3207,0.00435483,28.6084,-80.6043,28.6083,-80.6044
63.18,823.009,828.869,-63.3848,-63.3186,0.0039887,28.6084,-80.6043,28.6083,-80.6044
63.19,822.375,828.235,-63.3824,-63.3162,0.00314965,28.6084,-80.6043,28.6083,-80.6044
63.2,821.742,827.902,-63.38,-63.3141,0.00243988,28.6084,-80.6043,28.6083,-80.6044
63.21,821.108,827.269,-63.3776,-63.3121,0.00261539,28.6084,-80.6043,28.6083,-80.6044
63.22,820.474,826.636,-63.3752,-63.3082,0.00170487,28.6084,-80.6043,28.6083,-80.6044
63.23,819.84,826.003,-63.3728,-63.3048,0.0022903,28.6084,-80.6043,28.6083,-80.6044
63.24,819.207,825.37,-63.3703,-63.3005,0.00138081,28.6084,-80.6043,28.6083,-80.6044
63.25,818.573,824.737,-63.3679,-63.2972,0.000815726,28.6084,-80.6043,28.6083,-80.6044
63.26,817.939,824.104,-63.3655,-63.2934,0.000497183,28.6084,-80.6043,28.6083,-80.6044
63.27,817.306,823.471,-63.3631,-63.29,-0.000100152,28.6084,-80.6043,28.6083,-80.6044
63.28,816.672,822.838,-63.3607,-63.2875,0.000661709,28.6084,-80.6043,28.6083,-80.6044
63.29,816.038,822.205,-63.3583,-63.2859,0.000295796,28.6084,-80.6043,28.6083,-80.6044
63.3,815.405,821.448,-63.3559,-63.2817,-0.000495719,28.6084,-80.6043,28.6083,-80.6044
63.31,814.771,820.816,-63.3534,-63.279,-0.000499817,28.6084,-80.6043,28.6083,-80.6044
63.32,814.138,820.183,-63.351,-63.2775,-0.000549138,28.6084,-80.6043,28.6083,-80.6044
63.33,813.504,819.55,-63.3486,-63.2738,-9.94006e-06,28.6084,-80.6043,28.6083,-80.6044
63.34,812.871,818.917,-63.3462,-63.2712,-0.000542474,28.6084,-80.6043,28.6083,-80.6044
63.35,812.237,818.285,-63.3438,-63.2671,0.00038236,28.6084,-80.6043,28.6083,-80.6044
63.36,811.604,817.652,-63.3414,-63.264,0.000387302,28.6084,-80.6043,28.6083,-80.6044
63.37,810.971,817.02,-63.339,-63.2603,0.000789172,28.6084,-80.6043,28.6083,-80.6044
63.38,810.337,816.387,-63.3365,-63.2589,0.0010577,28.6084,-80.6043,28.6083,-80.6044
63.39,809.704,815.754,-63.3341,-63.2558,0.000620577,28.6084,-80.6043,28.6083,-80.6044
63.4,809.071,814.651,-63.3317,-63.254,0.00137947,28.6084,-80.6043,28.6083,-80.6044
63.41,808.437,814.019,-63.3293,-63.253,0.00162947,28.6084,-80.6043,28.6083,-80.6044
63.42,807.804,813.386,-63.3269,-63.2512,0.00108017,28.6084,-80.6043,28.6083,-80.6044
63.43,807.171,812.754,-63.3245,-63.2488,0.00131878,28.6084,-80.6043,28.6083,-80.6044
63.44,806.538,812.121,-63.3221,-63.2462,0.00123891,28.6084,-80.6043,28.6083,-80.6044
63.45,805.904,811.489,-63.3197,-63.2429,0.000488447,28.6084,-80.6043,28.6083,-80.6044
63.46,805.271,810.856,-63.3172,-63.2404,-6.85641e-05,28.6084,-80.6043,28.6083,-80.6044
63.47,804.638,810.224,-63.3148,-63.2384,0.000930844,28.6084,-80.6043,28.6083,-80.6044
63.48,804.005,809.592,-63.3124,-63.2378,0.000262954,28.6084,-80.6043,28.6083,-80.6044
63.49,803.372,808.959,-63.31,-63.2352,-0.000196814,28.6084,-80.6043,28.6083,-80.6044
63.5,802.739,808.543,-63.3076,-63.2344,-0.00016095,28.6084,-80.6043,28.6083,-80.6044
63.51,802.106,807.911,-63.3052,-63.2303,-0.000441989,28.6084,-80.6043,28.6083,-80.6044
63.52,801.473,807.278,-63.3028,-63.2274,0.000196861,28.6084,-80.6043,28.6083,-80.6044
63.53,800.84,806.646,-63.3004,-63.223,-0.000224669,28.6084,-80.6043,28.6083,-80.6044
63.54,800.207,806.014,-63.2979,-63.2222,-0.000508565,28.6084,-80.6043,28.6083,-80.6044
63.55,799.574,805.382,-63.2955,-63.2211,-0.00102266,28.6084,-80.6043,28.6083,-80.6044
63.56,798.941,804.749,-63.2931,-63.2205,-0.000435304,28.6084,-80.6043,28.6083,-80.6044
63.57,798.308,804.117,-63.2907,-63.2177,-0.000858419,28.6084,-80.6043,28.6083,-80.6044
63.58,797.675,803.485,-63.2883,-63.2161,-0.00144707,28.6084,-80.6043,28.6083,-80.6044
63.59,797.042,802.853,-63.2859,-63.2124,-0.000927734,28.6084,-80.6043,28.6083,-80.6044
63.6,796.409,802.293,-63.2835,-63.2082,-1.65105e-05,28.6084,-80.6043,28.6083,-80.6044
63.61,795.777,801.661,-63.2811,-63.2067,-0.000312376,28.6084,-80.6043,28.6083,-80.6044
63.62,795.144,801.029,-63.2787,-63.2051,-0.00093819,28.6084,-80.6043,28.6083,-80.6044
63.63,794.511,800.396,-63.2763,-63.2027,-0.000259681,28.6084,-80.6043,28.6083,-80.6044
63.64,793.878,799.764,-63.2738,-63.2004,-6.18972e-05,28.6084,-80.6043,28.6083,-80.6044
63.65,793.246,799.132,-63.2714,-63.1986,-0.000294859,28.6084,-80.6043,28.6083,-80.6044
63.66,792.613,798.501,-63.269,-63.1974,0.000138475,28.6084,-80.6043,28.6083,-80.6044
63.67,791.98,797.869,-63.2666,-63.197,-0.000858409,28.6084,-80.6043,28.6083,-80.6044
63.68,791.348,797.237,-63.2642,-63.1937,-0.00125841,28.6084,-80.6043,28.6083,-80.6044
63.69,790.715,796.605,-63.2618,-63.1929,-0.00212149,28.6084,-80.6043,28.6083,-80.6044
63.7,790.082,795.604,-63.2594,-63.1906,-0.00243074,28.6084,-80.6043,28.6083,-80.6044
63.71,789.45,794.972,-63.257,-63.1897,-0.00156725,28.6084,-80.6043,28.6083,-80.6044
63.72,788.817,794.34,-63.2546,-63.1876,-0.00144332,28.6084,-80.6043,28.6083,-80.6044
63.73,788.185,793.708,-63.2522,-63.1867,-0.00194165,28.6084,-80.6043,28.6083,-80.6044
63.74,787.552,793.076,-63.2498,-63.185,-0.00280838,28.6084,-80.6043,28.6083,-80.6044
63.75,786.92,792.445,-63.2474,-63.1837,-0.00259704,28.6084,-80.6043,28.6083,-80.6044
63.76,786.287,791.813,-63.245,-63.1825,-0.00248001,28.6084,-80.6043,28.6083,-80.6044
63.77,785.655,791.181,-63.2425,-63.1785,-0.00267114,28.6084,-80.6043,28.6083,-80.6044
63.78,785.022,790.549,-63.2401,-63.1778,-0.00221381,28.6084,-80.6043,28.6083,-80.6044
63.79,784.39,789.917,-63.2377,-63.1739,-0.00186275,28.6084,-80.6043,28.6083,-80.6044
63.8,783.758,789.064,-63.2353,-63.1732,-0.00237243,28.6084,-80.6043,28.6083,-80.6044
63.81,783.125,788.433,-63.2329,-63.1693,-0.00286058,28.6084,-80.6043,28.6083,-80.6044
63.82,782.493,787.801,-63.2305,-63.1655,-0.00283471,28.6084,-80.6043,28.6083,-80.6044
63.83,781.861,787.169,-63.2281,-63.1629,-0.00191143,28.6084,-80.6043,28.6083,-80.6044
63.84,781.229,786.538,-63.2257,-63.1601,-0.00286222,28.6084,-80.6043,28.6083,-80.6044
63.85,780.596,785.906,-63.2233,-63.1585,-0.00243632,28.6084,-80.6043,28.6083,-80.6044
63.86,779.964,785.275,-63.2209,-63.1569,-0.00295881,28.6084,-80.6043,28.6083,-80.6044
63.87,779.332,784.643,-63.2185,-63.156,-0.00226094,28.6084,-80.6043,28.6083,-80.6044
63.88,778.7,784.012,-63.2161,-63.1541,-0.00249339,28.6084,-80.6043,28.6083,-80.6044
63.89,778.068,783.38,-63.2137,-63.153,-0.00260778,28.6084,-80.6043,28.6083,-80.6044
63.9,777.435,783.089,-63.2113,-63.1503,-0.00205529,28.6084,-80.6043,28.6083,-80.6044
63.91,776.803,782.457,-63.2089,-63.1472,-0.00172396,28.6084,-80.6043,28.6083,-80.6044
63.92,776.171,781.826,-63.2065,-63.1465,-0.00227322,28.6084,-80.6043,28.6083,-80.6044
63.93,775.539,781.194,-63.2041,-63.1446,-0.00142078,28.6084,-80.6043,28.6083,-80.6044
63.94,774.907,780.563,-63.2017,-63.1406,-0.00146041,28.6084,-80.6043,28.6083,-80.6044
63.95,774.275,779.932,-63.1992,-63.1395,-0.000943298,28.6084,-80.6043,28.6083,-80.6044
63.96,773.643,779.3,-63.1968,-63.1379,-0.00108868,28.6084,-80.6043,28.6083,-80.6044
63.97,773.011,778.669,-63.1944,-63.1351,-0.000497401,28.6084,-80.6043,28.6083,-80.6044
63.98,772.379,778.038,-63.192,-63.1307,-0.000338574,28.6084,-80.6043,28.6083,-80.6044
63.99,771.748,777.406,-63.1896,-63.1288,-0.0013229,28.6084,-80.6043,28.6083,-80.6044
64,771.116,776.427,-63.1872,-63.1249,-0.00214293,28.6084,-80.6043,28.6084,-80.6044
64.01,770.484,775.795,-63.1848,-63.1233,-0.00269707,28.6084,-80.6043,28.6084,-80.6044
64.02,769.852,775.164,-63.1824,-63.1216,-0.00180876,28.6084,-80.6043,28.6084,-80.6044
64.03,769.22,774.533,-63.18,-63.1204,-0.00262763,28.6084,-80.6043,28.6084,-80.6044
64.04,768.588,773.902,-63.1776,-63.1176,-0.00293631,28.6084,-80.6043,28.6084,-80.6044
64.05,767.957,773.271,-63.1752,-63.1142,-0.00259855,28.6084,-80.6043,28.6084,-80.6044
64.06,767.325,772.639,-63.1728,-63.1115,-0.00329744,28.6084,-80.6043,28.6084,-80.6044
64.07,766.693,772.008,-63.1704,-63.1087,-0.00335359,28.6084,-80.6043,28.6084,-80.6044
64.08,766.062,771.377,-63.168,-63.1058,-0.00282063,28.6084,-80.6043,28.6084,-80.6044
64.09,765.43,770.746,-63.1656,-63.1045,-0.00199373,28.6084,-80.6043,28.6084,-80.6044
64.1,764.798,769.777,-63.1632,-63.1033,-0.00129722,28.6084,-80.6043,28.6084,-80.6044
64.11,764.167,769.146,-63.1608,-63.1,-0.00144188,28.6084,-80.6043,28.6084,-80.6044
64.12,763.535,768.515,-63.1584,-63.0993,-0.00207216,28.6084,-80.6043,28.6084,-80.6044
64.13,762.904,767.884,-63.156,-63.0976,-0.00271993,28.6084,-80.6043,28.6084,-80.6044
64.14,762.272,767.253,-63.1536,-63.0953,-0.00284138,28.6084,-80.6043,28.6084,-80.6044
64.15,761.64,766.622,-63.1512,-63.0933,-0.00259457,28.6084,-80.6043,28.6084,-80.6044
64.16,761.009,765.992,-63.1488,-63.0892,-0.00358308,28.6084,-80.6043,28.6084,-80.6044
64.17,760.378,765.361,-63.1464,-63.085,-0.0028135,28.6084,-80.6043,28.6084,-80.6044
64.18,759.746,764.73,-63.144,-63.0838,-0.00375694,28.6084,-80.6043,28.6084,-80.6044
64.19,759.115,764.099,-63.1416,-63.0815,-0.00366028,28.6084,-80.6043,28.6084,-80.6044
64.2,758.483,763.215,-63.1392,-63.0779,-0.00434434,28.6084,-80.6043,28.6084,-80.6044
64.21,757.852,762.584,-63.1368,-63.077,-0.0038382,28.6084,-80.6043,28.6084,-80.6044
64.22,757.221,761.954,-63.1344,-63.0743,-0.00370659,28.6084,-80.6043,28.6084,-80.6044
64.23,756.589,761.323,-63.132,-63.0718,-0.00306306,28.6084,-80.6043,28.6084,-80.6044
64.24,755.958,760.692,-63.1296,-63.0695,-0.00263638,28.6084,-80.6043,28.6084,-80.6044
64.25,755.327,760.062,-63.1272,-63.0664,-0.00325969,28.6084,-80.6043,28.6084,-80.6044
64.26,754.695,759.431,-63.1248,-63.0624,-0.00406432,28.6084,-80.6043,28.6084,-80.6044
64.27,754.064,758.8,-63.1224,-63.0609,-0.00491388,28.6084,-80.6043,28.6084,-80.6044
64.28,753.433,758.17,-63.12,-63.0589,-0.0050127,28.6084,-80.6043,28.6084,-80.6044
64.29,752.802,757.539,-63.1176,-63.0563,-0.00431058,28.6084,-80.6043,28.6084,-80.6044
64.3,752.171,757.438,-63.1152,-63.0525,-0.004954,28.6084,-80.6043,28.6084,-80.6044
64.31,751.54,756.808,-63.1128,-63.0489,-0.00572199,28.6084,-80.6043,28.6084,-80.6044
64.32,750.908,756.177,-63.1104,-63.0458,-0.0066059,28.6084,-80.6043,28.6084,-80.6044
64.33,750.277,755.547,-63.108,-63.0448,-0.00727476,28.6084,-80.6043,28.6084,-80.6044
64.34,749.646,754.916,-63.1056,-63.042,-0.00641716,28.6084,-80.6043,28.6084,-80.6044
64.35,749.015,754.286,-63.1032,-63.0403,-0.0059657,28.6084,-80.6043,28.6084,-80.6044
64.36,748.384,753.655,-63.1008,-63.0365,-0.00681249,28.6084,-80.6043,28.6084,-80.6044
64.37,747.753,753.025,-63.0984,-63.0348,-0.00695314,28.6084,-80.6043,28.6084,-80.6044
64.38,747.122,752.395,-63.096,-63.032,-0.0076756,28.6084,-80.6043,28.6084,-80.6044
64.39,746.491,751.764,-63.0936,-63.028,-0.0080566,28.6084,-80.6043,28.6084,-80.6044
64.4,745.86,751.53,-63.0913,-63.0244,-0.00886205,28.6084,-80.6043,28.6084,-80.6044
64.41,745.23,750.9,-63.0889,-63.0232,-0.00911856,28.6084,-80.6043,28.6084,-80.6044
64.42,744.599,750.27,-63.0865,-63.0217,-0.00948203,28.6084,-80.6043,28.6084,-80.6044
64.43,743.968,749.64,-63.0841,-63.018,-0.0088221,28.6084,-80.6043,28.6084,-80.6044
64.44,743.337,749.009,-63.0817,-63.0169,-0.00847817,28.6084,-80.6043,28.6084,-80.6044
64.45,742.706,748.379,-63.0793,-63.0165,-0.00755615,28.6084,-80.6043,28.6084,-80.6044
64.46,742.075,747.749,-63.0769,-63.014,-0.00830763,28.6084,-80.6043,28.6084,-80.6044
64.47,741.445,747.119,-63.0745,-63.011,-0.00813686,28.6084,-80.6043,28.6084,-80.6044
64.48,740.814,746.489,-63.0721,-63.0096,-0.00753075,28.6084,-80.6043,28.6084,-80.6044
64.49,740.183,745.859,-63.0697,-63.0084,-0.00813603,28.6084,-80.6043,28.6084,-80.6044
64.5,739.553,745.635,-63.0673,-63.0075,-0.00730107,28.6084,-80.6043,28.6084,-80.6044
64.51,738.922,745.005,-63.0649,-63.0069,-0.00783208,28.6084,-80.6043,28.6084,-80.6044
64.52,738.291,744.375,-63.0625,-63.0045,-0.00723336,28.6084,-80.6043,28.6084,-80.6044
64.53,737.661,743.745,-63.0601,-63.0026,-0.0074337,28.6084,-80.6043,28.6084,-80.6044
64.54,737.03,743.115,-63.0577,-63.0018,-0.0080696,28.6084,-80.6043,28.6084,-80.6044
64.55,736.4,742.485,-63.0553,-62.9994,-0.00845215,28.6084,-80.6043,28.6084,-80.6044
64.56,735.769,741.855,-63.0529,-62.9987,-0.00771445,28.6084,-80.6043,28.6084,-80.6044
64.57,735.139,741.225,-63.0505,-62.9959,-0.00790087,28.6084,-80.6043,28.6084,-80.6044
64.58,734.508,740.595,-63.0482,-62.9928,-0.00807332,28.6084,-80.6043,28.6084,-80.6044
64.59,733.878,739.965,-63.0458,-62.9901,-0.00834703,28.6084,-80.6043,28.6084,-80.6044
64.6,733.247,738.997,-63.0434,-62.988,-0.00827278,28.6084,-80.6043,28.6084,-80.6044
64.61,732.617,738.367,-63.041,-62.9841,-0.00892356,28.6084,-80.6043,28.6084,-80.6044
64.62,731.986,737.738,-63.0386,-62.9818,-0.00829387,28.6084,-80.6043,28.6084,-80.6044
64.63,731.356,737.108,-63.0362,-62.9775,-0.00795862,28.6084,-80.6043,28.6084,-80.6044
64.64,730.726,736.478,-63.0338,-62.977,-0.0087501,28.6084,-80.6043,28.6084,-80.6044
64.65,730.095,735.848,-63.0314,-62.9743,-0.00960323,28.6084,-80.6043,28.6084,-80.6044
64.66,729.465,735.219,-63.029,-62.9727,-0.00896404,28.6084,-80.6043,28.6084,-80.6044
64.67,728.835,734.589,-63.0266,-62.97,-0.00975039,28.6084,-80.6043,28.6084,-80.6044
64.68,728.205,733.959,-63.0242,-62.9688,-0.00882207,28.6084,-80.6043,28.6084,-80.6044
64.69,727.574,733.33,-63.0218,-62.9676,-0.00907224,28.6084,-80.6043,28.6084,-80.6044
64.7,726.944,732.738,-63.0195,-62.9654,-0.00902342,28.6084,-80.6043,28.6084,-80.6044
64.71,726.314,732.108,-63.0171,-62.9631,-0.00980698,28.6084,-80.6043,28.6084,-80.6044
64.72,725.684,731.479,-63.0147,-62.9592,-0.0107644,28.6084,-80.6043,28.6084,-80.6044
64.73,725.054,730.849,-63.0123,-62.9568,-0.0108717,28.6084,-80.6043,28.6084,-80.6044
64.74,724.424,730.22,-63.0099,-62.9548,-0.00998366,28.6084,-80.6043,28.6084,-80.6044
64.75,723.794,729.59,-63.0075,-62.9505,-0.0104338,28.6084,-80.6043,28.6084,-80.6044
64.76,723.164,728.961,-63.0051,-62.9482,-0.0111177,28.6084,-80.6043,28.6084,-80.6044
64.77,722.534,728.331,-63.0027,-62.9448,-0.0115073,28.6084,-80.6043,28.6084,-80.6044
64.78,721.904,727.702,-63.0003,-62.9438,-0.0116705,28.6084,-80.6043,28.6084,-80.6044
64.79,721.274,727.072,-62.9979,-62.9422,-0.0121905,28.6084,-80.6043,28.6084,-80.6044
64.8,720.644,726.26,-62.9956,-62.9418,-0.0124089,28.6084,-80.6043,28.6084,-80.6044
64.81,720.014,725.631,-62.9932,-62.9392,-0.0114986,28.6084,-80.6043,28.6084,-80.6044
64.82,719.384,725.001,-62.9908,-62.9362,-0.0124667,28.6084,-80.6043,28.6084,-80.6044
64.83,718.754,724.372,-62.9884,-62.9321,-0.0117267,28.6084,-80.6043,28.6084,-80.6044
64.84,718.124,723.743,-62.986,-62.9302,-0.0119656,28.6084,-80.6043,28.6084,-80.6044
64.85,717.494,723.113,-62.9836,-62.9282,-0.011257,28.6084,-80.6043,28.6084,-80.6044
64.86,716.864,722.484,-62.9812,-62.925,-0.0112517,28.6084,-80.6043,28.6084,-80.6044
64.87,716.235,721.855,-62.9788,-62.9217,-0.0107878,28.6084,-80.6043,28.6084,-80.6044
64.88,715.605,721.226,-62.9764,-62.9212,-0.011446,28.6084,-80.6043,28.6084,-80.6044
64.89,714.975,720.597,-62.9741,-62.9203,-0.0105087,28.6084,-80.6043,28.6084,-80.6044
64.9,714.345,720.295,-62.9717,-62.9193,-0.0107261,28.6084,-80.6043,28.6084,-80.6044
64.91,713.716,719.666,-62.9693,-62.9171,-0.011442,28.6084,-80.6043,28.6084,-80.6044
64.92,713.086,719.037,-62.9669,-62.9137,-0.0115455,28.6084,-80.6043,28.6084,-80.6044
64.93,712.456,718.408,-62.9645,-62.911,-0.0123826,28.6084,-80.6043,28.6084,-80.6044
64.94,711.827,717.779,-62.9621,-62.9079,-0.0122546,28.6084,-80.6043,28.6084,-80.6044
64.95,711.197,717.15,-62.9597,-62.9056,-0.0127831,28.6084,-80.6043,28.6084,-80.6044
64.96,710.568,716.52,-62.9574,-62.9037,-0.0129284,28.6084,-80.6043,28.6084,-80.6044
64.97,709.938,715.891,-62.955,-62.8998,-0.0131222,28.6084,-80.6043,28.6084,-80.6044
64.98,709.308,715.263,-62.9526,-62.898,-0.0126021,28.6084,-80.6043,28.6084,-80.6044
64.99,708.679,714.634,-62.9502,-62.8944,-0.0121477,28.6084,-80.6043,28.6084,-80.6044
65,708.049,713.788,-62.9478,-62.8934,-0.0118512,28.6084,-80.6043,28.6084,-80.6043
65.01,707.42,713.159,-62.9454,-62.8913,-0.0121055,28.6084,-80.6043,28.6084,-80.6043
65.02,706.791,712.53,-62.943,-62.8897,-0.0118048,28.6084,-80.6043,28.6084,-80.6043
65.03,706.161,711.902,-62.9407,-62.8866,-0.0114498,28.6084,-80.6043,28.6084,-80.6043
65.04,705.532,711.273,-62.9383,-62.8857,-0.0124286,28.6084,-80.6043,28.6084,-80.6043
65.05,704.902,710.644,-62.9359,-62.8821,-0.0116818,28.6084,-80.6043,28.6084,-80.6043
65.06,704.273,710.015,-62.9335,-62.8799,-0.0119217,28.6084,-80.6043,28.6084,-80.6043
65.07,703.644,709.386,-62.9311,-62.8757,-0.0126275,28.6084,-80.6043,28.6084,-80.6043
65.08,703.015,708.758,-62.9287,-62.8715,-0.0127733,28.6084,-80.6043,28.6084,-80.6043
65.09,702.385,708.129,-62.9263,-62.8696,-0.013111,28.6084,-80.6043,28.6084,-80.6043
65.1,701.756,707.649,-62.924,-62.8658,-0.0135653,28.6084,-80.6043,28.6084,-80.6043
65.11,701.127,707.021,-62.9216,-62.8625,-0.0144994,28.6084,-80.6043,28.6084,-80.6043
65.12,700.498,706.392,-62.9192,-62.86,-0.0136426,28.6084,-80.6043,28.6084,-80.6043
65.13,699.868,705.763,-62.9168,-62.8588,-0.0142897,28.6084,-80.6043,28.6084,-80.6043
65.14,699.239,705.135,-62.9144,-62.857,-0.0136008,28.6084,-80.6043,28.6084,-80.6043
65.15,698.61,704.506,-62.912,-62.8544,-0.0135286,28.6084,-80.6043,28.6084,-80.6043
65.16,697.981,703.878,-62.9097,-62.8519,-0.0143426,28.6084,-80.6043,28.6084,-80.6043
65.17,697.352,703.249,-62.9073,-62.8482,-0.0149896,28.6084,-80.6043,28.6084,-80.6043
65.18,696.723,702.621,-62.9049,-62.8447,-0.0149901,28.6084,-80.6043,28.6084,-80.6043
65.19,696.094,701.992,-62.9025,-62.8432,-0.0143866,28.6084,-80.6043,28.6084,-80.6043
65.2,695.465,701.042,-62.9001,-62.8415,-0.0150682,28.6084,-80.6043,28.6084,-80.6043
65.21,694.836,700.413,-62.8978,-62.8401,-0.01584,28.6084,-80.6043,28.6084,-80.6043
65.22,694.207,699.785,-62.8954,-62.8381,-0.0155532,28.6084,-80.6043,28.6084,-80.6043
65.23,693.578,699.156,-62.893,-62.8355,-0.0149722,28.6084,-80.6043,28.6084,-80.6043
65.24,692.949,698.528,-62.8906,-62.8313,-0.0151807,28.6084,-80.6043,28.6084,-80.6043
65.25,692.32,697.9,-62.8882,-62.8306,-0.0147633,28.6084,-80.6043,28.6084,-80.6043
65.26,691.691,697.272,-62.8858,-62.8278,-0.0155707,28.6084,-80.6043,28.6084,-80.6043
65.27,691.063,696.643,-62.8835,-62.8265,-0.0155199,28.6084,-80.6043,28.6084,-80.6043
65.28,690.434,696.015,-62.8811,-62.825,-0.0156933,28.6084,-80.6043,28.6084,-80.6043
65.29,689.805,695.387,-62.8787,-62.8211,-0.0164371,28.6084,-80.6043,28.6084,-80.6043
65.3,689.176,694.966,-62.8763,-62.8168,-0.0165814,28.6084,-80.6043,28.6084,-80.6043
65.31,688.547,694.338,-62.8739,-62.8138,-0.0170812,28.6084,-80.6043,28.6084,-80.6043
65.32,687.919,693.709,-62.8716,-62.8101,-0.0163879,28.6084,-80.6043,28.6084,-80.6043
65.33,687.29,693.081,-62.8692,-62.8067,-0.0171548,28.6084,-80.6043,28.6084,-80.6043
65.34,686.661,692.453,-62.8668,-62.8038,-0.0180163,28.6084,-80.6043,28.6084,-80.6043
65.35,686.033,691.825,-62.8644,-62.8023,-0.0171984,28.6084,-80.6043,28.6084,-80.6043
65.36,685.404,691.197,-62.862,-62.7988,-0.0174187,28.6084,-80.6043,28.6084,-80.6043
65.37,684.776,690.569,-62.8597,-62.7972,-0.0175947,28.6084,-80.6043,28.6084,-80.6043
65.38,684.147,689.941,-62.8573,-62.7931,-0.0183804,28.6084,-80.6043,28.6084,-80.6043
65.39,683.518,689.314,-62.8549,-62.7912,-0.0187267,28.6084,-80.6043,28.6084,-80.6043
65.4,682.89,688.227,-62.8525,-62.7901,-0.0195363,28.6084,-80.6043,28.6084,-80.6043
65.41,682.261,687.599,-62.8501,-62.786,-0.0198721,28.6084,-80.6043,28.6084,-80.6043
65.42,681.633,686.972,-62.8478,-62.7839,-0.0197711,28.6084,-80.6043,28.6084,-80.6043
65.43,681.004,686.344,-62.8454,-62.7805,-0.0200893,28.6084,-80.6043,28.6084,-80.6043
65.44,680.376,685.716,-62.843,-62.7774,-0.0196736,28.6084,-80.6043,28.6084,-80.6043
65.45,679.748,685.088,-62.8406,-62.7739,-0.0200078,28.6084,-80.6043,28.6084,-80.6043
65.46,679.119,684.461,-62.8383,-62.7705,-0.0209701,28.6084,-80.6043,28.6084,-80.6043
65.47,678.491,683.833,-62.8359,-62.7695,-0.0207502,28.6084,-80.6043,28.6084,-80.6043
65.48,677.863,683.205,-62.8335,-62.766,-0.0211897,28.6084,-80.6043,28.6084,-80.6043
65.49,677.234,682.578,-62.8311,-62.7646,-0.0205136,28.6084,-80.6043,28.6084,-80.6043
65.5,676.606,681.748,-62.8288,-62.762,-0.0211791,28.6084,-80.6043,28.6084,-80.6043
65.51,675.978,681.12,-62.8264,-62.7592,-0.0212113,28.6084,-80.6043,28.6084,-80.6043
65.52,675.349,680.493,-62.824,-62.7588,-0.0204574,28.6084,-80.6043,28.6084,-80.6043
65.53,674.721,679.865,-62.8216,-62.756,-0.0206471,28.6084,-80.6043,28.6084,-80.6043
65.54,674.093,679.238,-62.8192,-62.7548,-0.020124,28.6084,-80.6043,28.6084,-80.6043
65.55,673.465,678.61,-62.8169,-62.7525,-0.0208687,28.6084,-80.6043,28.6084,-80.6043
65.56,672.837,677.983,-62.8145,-62.752,-0.0202038,28.6084,-80.6043,28.6084,-80.6043
65.57,672.209,677.355,-62.8121,-62.7493,-0.020046,28.6084,-80.6043,28.6084,-80.6043
65.58,671.581,676.728,-62.8097,-62.7466,-0.0192105,28.6084,-80.6043,28.6084,-80.6043
65.59,670.952,676.1,-62.8074,-62.7452,-0.0196393,28.6084,-80.6043,28.6084,-80.6043
65.6,670.324,675.969,-62.805,-62.7421,-0.0194584,28.6084,-80.6043,28.6084,-80.6043
65.61,669.696,675.342,-62.8026,-62.7415,-0.0189501,28.6084,-80.6043,28.6084,-80.6043
65.62,669.068,674.714,-62.8002,-62.7385,-0.0190018,28.6084,-80.6043,28.6084,-80.6043
65.63,668.44,674.087,-62.7979,-62.738,-0.0181675,28.6084,-80.6043,28.6084,-80.6043
65.64,667.812,673.46,-62.7955,-62.7364,-0.0179866,28.6084,-80.6043,28.6084,-80.6043
65.65,667.184,672.832,-62.7931,-62.7356,-0.0171489,28.6084,-80.6043,28.6084,-80.6043
65.66,666.557,672.205,-62.7907,-62.7331,-0.0170124,28.6084,-80.6043,28.6084,-80.6043
65.67,665.929,671.578,-62.7884,-62.729,-0.0171857,28.6084,-80.6043,28.6084,-80.6043
65.68,665.301,670.95,-62.786,-62.728,-0.0175005,28.6084,-80.6043,28.6084,-80.6043
65.69,664.673,670.323,-62.7836,-62.7251,-0.0166588,28.6084,-80.6043,28.6084,-80.6043
65.7,664.045,669.901,-62.7812,-62.7214,-0.0161693,28.6084,-80.6043,28.6084,-80.6043
65.71,663.417,669.274,-62.7789,-62.7172,-0.0165261,28.6084,-80.6043,28.6084,-80.6043
65.72,662.79,668.647,-62.7765,-62.7147,-0.0170197,28.6084,-80.6043,28.6084,-80.6043
65.73,662.162,668.02,-62.7741,-62.7134,-0.0164482,28.6084,-80.6043,28.6084,-80.6043
65.74,661.534,667.393,-62.7718,-62.7109,-0.0155966,28.6084,-80.6043,28.6084,-80.6043
65.75,660.906,666.766,-62.7694,-62.709,-0.0154212,28.6084,-80.6043,28.6084,-80.6043
65.76,660.279,666.139,-62.767,-62.7061,-0.0161604,28.6084,-80.6043,28.6084,-80.6043
65.77,659.651,665.512,-62.7646,-62.7048,-0.0169499,28.6084,-80.6043,28.6084,-80.6043
65.78,659.024,664.885,-62.7623,-62.7037,-0.0176224,28.6084,-80.6043,28.6084,-80.6043
65.79,658.396,664.257,-62.7599,-62.7017,-0.0171119,28.6084,-80.6043,28.6084,-80.6043
65.8,657.768,663.785,-62.7575,-62.7003,-0.0174394,28.6084,-80.6043,28.6084,-80.6043
65.81,657.141,663.158,-62.7552,-62.6988,-0.0178921,28.6084,-80.6043,28.6084,-80.6043
65.82,656.513,662.531,-62.7528,-62.6956,-0.0169407,28.6084,-80.6043,28.6084,-80.6043
65.83,655.886,661.904,-62.7504,-62.6928,-0.0172964,28.6084,-80.6043,28.6084,-80.6043
65.84,655.258,661.277,-62.748,-62.6888,-0.0173779,28.6084,-80.6043,28.6084,-80.6043
65.85,654.631,660.65,-62.7457,-62.6882,-0.0166862,28.6084,-80.6043,28.6084,-80.6043
65.86,654.003,660.023,-62.7433,-62.6873,-0.0169093,28.6084,-80.6043,28.6084,-80.6043
65.87,653.376,659.396,-62.7409,-62.6854,-0.0171335,28.6084,-80.6043,28.6084,-80.6043
65.88,652.749,658.769,-62.7386,-62.6825,-0.0178138,28.6084,-80.6043,28.6084,-80.6043
65.89,652.121,658.143,-62.7362,-62.6784,-0.0177068,28.6084,-80.6043,28.6084,-80.6043
65.9,651.494,657.795,-62.7338,-62.6759,-0.0176779,28.6084,-80.6043,28.6084,-80.6043
65.91,650.867,657.168,-62.7314,-62.6748,-0.0171559,28.6084,-80.6043,28.6084,-80.6043
65.92,650.239,656.541,-62.7291,-62.6733,-0.0164933,28.6084,-80.6043,28.6084,-80.6043
65.93,649.612,655.915,-62.7267,-62.6692,-0.0160787,28.6084,-80.6043,28.6084,-80.6043
65.94,648.985,655.288,-62.7243,-62.6665,-0.016733,28.6084,-80.6043,28.6084,-80.6043
65.95,648.358,654.661,-62.722,-62.6659,-0.0159765,28.6084,-80.6043,28.6084,-80.6043
65.96,647.73,654.035,-62.7196,-62.6616,-0.0163421,28.6084,-80.6043,28.6084,-80.6043
65.97,647.103,653.408,-62.7172,-62.6589,-0.0154122,28.6084,-80.6043,28.6084,-80.6043
65.98,646.476,652.782,-62.7149,-62.6548,-0.0146015,28.6084,-80.6043,28.6084,-80.6043
65.99,645.849,652.155,-62.7125,-62.651,-0.014816,28.6084,-80.6043,28.6084,-80.6043
66,645.222,651.629,-62.7101,-62.6467,-0.0144012,28.6084,-80.6043,28.6084,-80.6043
66.01,644.595,651.002,-62.7078,-62.6443,-0.0152383,28.6084,-80.6043,28.6084,-80.6043
66.02,643.968,650.376,-62.7054,-62.6405,-0.0151545,28.6084,-80.6043,28.6084,-80.6043
66.03,643.341,649.75,-62.703,-62.6371,-0.0154415,28.6084,-80.6043,28.6084,-80.6043
66.04,642.714,649.123,-62.7007,-62.6338,-0.0155538,28.6084,-80.6043,28.6084,-80.6043
66.05,642.087,648.497,-62.6983,-62.6329,-0.016521,28.6084,-80.6043,28.6084,-80.6043
66.06,641.46,647.871,-62.6959,-62.6315,-0.0174365,28.6084,-80.6043,28.6084,-80.6043
66.07,640.833,647.244,-62.6936,-62.6282,-0.016713,28.6084,-80.6043,28.6084,-80.6043
66.08,640.206,646.618,-62.6912,-62.627,-0.0161787,28.6084,-80.6043,28.6084,-80.6043
66.09,639.579,645.992,-62.6888,-62.6237,-0.0167698,28.6084,-80.6043,28.6084,-80.6043
66.1,638.952,645.149,-62.6865,-62.623,-0.0171235,28.6084,-80.6043,28.6084,-80.6043
66.11,638.325,644.523,-62.6841,-62.6219,-0.0176664,28.6084,-80.6043,28.6084,-80.6043
66.12,637.698,643.897,-62.6817,-62.6214,-0.0178453,28.6084,-80.6043,28.6084,-80.6043
66.13,637.072,643.271,-62.6794,-62.6203,-0.0173686,28.6084,-80.6043,28.6084,-80.6043
66.14,636.445,642.644,-62.677,-62.6161,-0.0172459,28.6084,-80.6043,28.6084,-80.6043
66.15,635.818,642.018,-62.6746,-62.6125,-0.0165392,28.6084,-80.6043,28.6084,-80.6043
66.16,635.191,641.392,-62.6723,-62.6099,-0.017417,28.6084,-80.6043,28.6084,-80.6043
66.17,634.565,640.766,-62.6699,-62.6068,-0.0182338,28.6084,-80.6043,28.6084,-80.6043
66.18,633.938,640.14,-62.6675,-62.6031,-0.01913,28.6084,-80.6043,28.6084,-80.6043
66.19,633.311,639.514,-62.6652,-62.5994,-0.0195652,28.6084,-80.6043,28.6084,-80.6043
66.2,632.685,638.35,-62.6628,-62.5984,-0.0188963,28.6084,-80.6043,28.6084,-80.6043
66.21,632.058,637.724,-62.6604,-62.5958,-0.01878,28.6084,-80.6043,28.6084,-80.6043
66.22,631.432,637.098,-62.6581,-62.5937,-0.0189263,28.6084,-80.6043,28.6084,-80.6043
66.23,630.805,636.472,-62.6557,-62.5921,-0.0196079,28.6084,-80.6043,28.6084,-80.6043
66.24,630.179,635.846,-62.6533,-62.5892,-0.0197885,28.6084,-80.6043,28.6084,-80.6043
66.25,629.552,635.22,-62.651,-62.5869,-0.0191872,28.6084,-80.6043,28.6084,-80.6043
66.26,628.926,634.594,-62.6486,-62.5848,-0.0187653,28.6084,-80.6043,28.6084,-80.6043
66.27,628.299,633.968,-62.6463,-62.5811,-0.0180892,28.6084,-80.6043,28.6084,-80.6043
66.28,627.673,633.343,-62.6439,-62.5771,-0.0179493,28.6084,-80.6043,28.6084,-80.6043
66.29,627.046,632.717,-62.6415,-62.5737,-0.0180033,28.6084,-80.6043,28.6084,-80.6043
66.3,626.42,631.8,-62.6392,-62.5717,-0.0177445,28.6084,-80.6043,28.6084,-80.6043
66.31,625.793,631.174,-62.6368,-62.5713,-0.018095,28.6084,-80.6043,28.6084,-80.6043
66.32,625.167,630.548,-62.6344,-62.5705,-0.0185162,28.6084,-80.6043,28.6084,-80.6043
66.33,624.541,629.922,-62.6321,-62.5686,-0.0176513,28.6084,-80.6043,28.6084,-80.6043
66.34,623.914,629.297,-62.6297,-62.5659,-0.0175591,28.6084,-80.6043,28.6084,-80.6043
66.35,623.288,628.671,-62.6274,-62.5625,-0.0183006,28.6084,-80.6043,28.6084,-80.6043
66.36,622.662,628.046,-62.625,-62.5591,-0.0186504,28.6084,-80.6043,28.6084,-80.6043
66.37,622.036,627.42,-62.6226,-62.5566,-0.0192811,28.6084,-80.6043,28.6084,-80.6043
66.38,621.41,626.794,-62.6203,-62.5536,-0.0188656,28.6084,-80.6043,28.6084,-80.6043
66.39,620.783,626.169,-62.6179,-62.55,-0.0197455,28.6084,-80.6043,28.6084,-80.6043
66.4,620.157,625.519,-62.6156,-62.5489,-0.0195123,28.6084,-80.6043,28.6084,-80.6043
66.41,619.531,624.894,-62.6132,-62.5465,-0.019616,28.6084,-80.6043,28.6084,-80.6043
66.42,618.905,624.268,-62.6108,-62.5449,-0.0189906,28.6084,-80.6043,28.6084,-80.6043
66.43,618.279,623.643,-62.6085,-62.5445,-0.0197871,28.6084,-80.6043,28.6084,-80.6043
66.44,617.653,623.018,-62.6061,-62.5429,-0.0199715,28.6084,-80.6043,28.6084,-80.6043
66.45,617.027,622.392,-62.6037,-62.5397,-0.0203545,28.6084,-80.6043,28.6084,-80.6043
66.46,616.401,621.767,-62.6014,-62.5359,-0.0212427,28.6084,-80.6043,28.6084,-80.6043
66.47,615.775,621.141,-62.599,-62.5338,-0.0219466,28.6084,-80.6043,28.6084,-80.6043
66.48,615.149,620.516,-62.5967,-62.5317,-0.0222359,28.6084,-80.6043,28.6084,-80.6043
66.49,614.523,619.891,-62.5943,-62.5285,-0.0212786,28.6084,-80.6043,28.6084,-80.6043
66.5,613.897,619.693,-62.5919,-62.5276,-0.0205805,28.6084,-80.6043,28.6084,-80.6043
66.51,613.271,619.068,-62.5896,-62.5243,-0.0207853,28.6084,-80.6043,28.6084,-80.6043
66.52,612.645,618.443,-62.5872,-62.5203,-0.0215898,28.6084,-80.6043,28.6084,-80.6043
66.53,612.019,617.818,-62.5849,-62.5195,-0.0211157,28.6084,-80.6043,28.6084,-80.6043
66.54,611.393,617.192,-62.5825,-62.5185,-0.0215249,28.6084,-80.6043,28.6084,-80.6043
66.55,610.768,616.567,-62.5802,-62.5167,-0.021234,28.6084,-80.6043,28.6084,-80.6043
66.56,610.142,615.942,-62.5778,-62.5156,-0.0206304,28.6084,-80.6043,28.6084,-80.6043
66.57,609.516,615.317,-62.5754,-62.5114,-0.021612,28.6084,-80.6043,28.6084,-80.6043
66.58,608.89,614.692,-62.5731,-62.5077,-0.0224663,28.6084,-80.6043,28.6084,-80.6043
66.59,608.265,614.067,-62.5707,-62.5062,-0.023011,28.6084,-80.6043,28.6084,-80.6043
66.6,607.639,613.372,-62.5684,-62.5026,-0.022804,28.6084,-80.6043,28.6084,-80.6043
66.61,607.013,612.747,-62.566,-62.5019,-0.0237514,28.6084,-80.6043,28.6084,-80.6043
66.62,606.388,612.122,-62.5637,-62.5006,-0.0241665,28.6084,-80.6043,28.6084,-80.6043
66.63,605.762,611.497,-62.5613,-62.4987,-0.0232581,28.6084,-80.6043,28.6084,-80.6043
66.64,605.137,610.872,-62.5589,-62.4973,-0.0232502,28.6084,-80.6043,28.6084,-80.6043
66.65,604.511,610.247,-62.5566,-62.4937,-0.0242351,28.6084,-80.6043,28.6084,-80.6043
66.66,603.885,609.622,-62.5542,-62.4896,-0.0248335,28.6084,-80.6043,28.6084,-80.6043
66.67,603.26,608.997,-62.5519,-62.4855,-0.0257354,28.6084,-80.6043,28.6084,-80.6043
66.68,602.634,608.373,-62.5495,-62.4839,-0.0254039,28.6084,-80.6043,28.6084,-80.6043
66.69,602.009,607.748,-62.5472,-62.4827,-0.0252009,28.6084,-80.6043,28.6084,-80.6043
66.7,601.383,607.472,-62.5448,-62.4823,-0.0244962,28.6084,-80.6043,28.6084,-80.6043
66.71,600.758,606.847,-62.5424,-62.4787,-0.0238493,28.6084,-80.6043,28.6084,-80.6043
66.72,600.133,606.222,-62.5401,-62.4752,-0.0235672,28.6084,-80.6043,28.6084,-80.6043
66.73,599.507,605.598,-62.5377,-62.4712,-0.0243629,28.6084,-80.6043,28.6084,-80.6043
66.74,598.882,604.973,-62.5354,-62.4674,-0.0239624,28.6084,-80.6043,28.6084,-80.6043
66.75,598.257,604.348,-62.533,-62.4642,-0.0230522,28.6084,-80.6043,28.6084,-80.6043
66.76,597.631,603.724,-62.5307,-62.4616,-0.0225884,28.6084,-80.6043,28.6084,-80.6043
66.77,597.006,603.099,-62.5283,-62.4605,-0.0218833,28.6084,-80.6043,28.6084,-80.6043
66.78,596.381,602.474,-62.526,-62.4597,-0.0225959,28.6084,-80.6043,28.6084,-80.6043
66.79,595.756,601.85,-62.5236,-62.4588,-0.0223608,28.6084,-80.6043,28.6084,-80.6043
66.8,595.13,601.5,-62.5213,-62.4547,-0.0230985,28.6084,-80.6043,28.6084,-80.6043
66.81,594.505,600.875,-62.5189,-62.4521,-0.0239787,28.6084,-80.6043,28.6084,-80.6043
66.82,593.88,600.251,-62.5165,-62.4493,-0.0240711,28.6084,-80.6043,28.6084,-80.6043
66.83,593.255,599.626,-62.5142,-62.446,-0.0234215,28.6084,-80.6043,28.6084,-80.6043
66.84,592.63,599.002,-62.5118,-62.4454,-0.0229314,28.6084,-80.6043,28.6084,-80.6043
66.85,592.005,598.377,-62.5095,-62.4424,-0.0222248,28.6084,-80.6043,28.6084,-80.6043
66.86,591.38,597.753,-62.5071,-62.4397,-0.0222237,28.6084,-80.6043,28.6084,-80.6043
66.87,590.754,597.129,-62.5048,-62.4367,-0.022809,28.6084,-80.6043,28.6084,-80.6043
66.88,590.129,596.504,-62.5024,-62.4348,-0.0222838,28.6084,-80.6043,28.6084,-80.6043
66.89,589.504,595.88,-62.5001,-62.4341,-0.0230895,28.6084,-80.6043,28.6084,-80.6043
66.9,588.879,594.828,-62.4977,-62.4319,-0.0240272,28.6084,-80.6043,28.6084,-80.6043
66.91,588.255,594.204,-62.4954,-62.4289,-0.024586,28.6084,-80.6043,28.6084,-80.6043
66.92,587.63,593.58,-62.493,-62.4266,-0.0249585,28.6084,-80.6043,28.6084,-80.6043
66.93,587.005,592.956,-62.4907,-62.4247,-0.0246916,28.6084,-80.6043,28.6084,-80.6043
66.94,586.38,592.331,-62.4883,-62.4207,-0.0250692,28.6084,-80.6043,28.6084,-80.6043
66.95,585.755,591.707,-62.486,-62.4173,-0.0250689,28.6084,-80.6043,28.6084,-80.6043
66.96,585.13,591.083,-62.4836,-62.4151,-0.0244199,28.6084,-80.6043,28.6084,-80.6043
66.97,584.505,590.459,-62.4813,-62.4142,-0.0235944,28.6084,-80.6043,28.6084,-80.6043
66.98,583.881,589.835,-62.4789,-62.4117,-0.0227088,28.6084,-80.6043,28.6084,-80.6043
66.99,583.256,589.211,-62.4766,-62.4075,-0.0231184,28.6084,-80.6043,28.6084,-80.6043
67,582.631,588.254,-62.4742,-62.4046,-0.0224756,28.6084,-80.6043,28.6085,-80.6044
67.01,582.006,587.63,-62.4719,-62.4008,-0.0225117,28.6084,-80.6043,28.6085,-80.6044
67.02,581.382,587.006,-62.4695,-62.3999,-0.0222828,28.6084,-80.6043,28.6085,-80.6044
67.03,580.757,586.382,-62.4672,-62.3967,-0.0229309,28.6084,-80.6043,28.6085,-80.6044
67.04,580.132,585.758,-62.4648,-62.3953,-0.0221051,28.6084,-80.6043,28.6085,-80.6044
67.05,579.508,585.134,-62.4625,-62.3933,-0.021542,28.6084,-80.6043,28.6085,-80.6044
67.06,578.883,584.51,-62.4601,-62.3921,-0.0210203,28.6084,-80.6043,28.6085,-80.6044
67.07,578.258,583.886,-62.4578,-62.3901,-0.0217044,28.6084,-80.6043,28.6085,-80.6044
67.08,577.634,583.262,-62.4554,-62.3894,-0.0223451,28.6084,-80.6043,28.6085,-80.6044
67.09,577.009,582.638,-62.4531,-62.3865,-0.0222832,28.6084,-80.6043,28.6085,-80.6044
67.1,576.385,581.634,-62.4507,-62.3861,-0.0217309,28.6084,-80.6043,28.6085,-80.6044
67.11,575.76,581.01,-62.4484,-62.384,-0.021293,28.6084,-80.6043,28.6085,-80.6044
67.12,575.136,580.386,-62.446,-62.382,-0.0205942,28.6084,-80.6043,28.6085,-80.6044
67.13,574.511,579.762,-62.4437,-62.3803,-0.0211276,28.6084,-80.6043,28.6085,-80.6044
67.14,573.887,579.139,-62.4413,-62.3771,-0.0212089,28.6084,-80.6043,28.6085,-80.6044
67.15,573.263,578.515,-62.439,-62.3739,-0.0206498,28.6084,-80.6043,28.6085,-80.6044
67.16,572.638,577.891,-62.4366,-62.3696,-0.0197303,28.6084,-80.6043,28.6085,-80.6044
67.17,572.014,577.268,-62.4343,-62.3656,-0.0195478,28.6084,-80.6043,28.6085,-80.6044
67.18,571.39,576.644,-62.4319,-62.3625,-0.0203472,28.6084,-80.6043,28.6085,-80.6044
67.19,570.765,576.02,-62.4296,-62.3587,-0.0201764,28.6084,-80.6043,28.6085,-80.6044
67.2,570.141,575.487,-62.4272,-62.3564,-0.0198874,28.6084,-80.6043,28.6085,-80.6044
67.21,569.517,574.864,-62.4249,-62.3528,-0.0207684,28.6084,-80.6043,28.6085,-80.6044
67.22,568.893,574.24,-62.4225,-62.3486,-0.0211088,28.6084,-80.6043,28.6085,-80.6044
67.23,568.268,573.617,-62.4202,-62.3473,-0.0208527,28.6084,-80.6043,28.6085,-80.6044
67.24,567.644,572.994,-62.4178,-62.3435,-0.0213661,28.6084,-80.6043,28.6085,-80.6044
67.25,567.02,572.37,-62.4155,-62.3415,-0.021757,28.6084,-80.6043,28.6085,-80.6044
67.26,566.396,571.747,-62.4132,-62.338,-0.0225108,28.6084,-80.6043,28.6085,-80.6044
67.27,565.772,571.123,-62.4108,-62.3348,-0.0222169,28.6084,-80.6043,28.6085,-80.6044
67.28,565.148,570.5,-62.4085,-62.3326,-0.0213176,28.6084,-80.6043,28.6085,-80.6044
67.29,564.524,569.877,-62.4061,-62.3308,-0.0204748,28.6084,-80.6043,28.6085,-80.6044
67.3,563.9,569.038,-62.4038,-62.3278,-0.0212002,28.6084,-80.6043,28.6085,-80.6044
67.31,563.276,568.414,-62.4014,-62.3239,-0.0220769,28.6084,-80.6043,28.6085,-80.6044
67.32,562.652,567.791,-62.3991,-62.3216,-0.0224827,28.6084,-80.6043,28.6085,-80.6044
67.33,562.028,567.168,-62.3967,-62.3206,-0.0227781,28.6084,-80.6043,28.6085,-80.6044
67.34,561.404,566.545,-62.3944,-62.3167,-0.0224603,28.6084,-80.6043,28.6085,-80.6044
67.35,560.78,565.922,-62.3921,-62.3124,-0.0220712,28.6084,-80.6043,28.6085,-80.6044
67.36,560.156,565.299,-62.3897,-62.3084,-0.0229586,28.6084,-80.6043,28.6085,-80.6044
67.37,559.532,564.675,-62.3874,-62.3053,-0.0234657,28.6084,-80.6043,28.6085,-80.6044
67.38,558.908,564.052,-62.385,-62.3038,-0.0238806,28.6084,-80.6043,28.6085,-80.6044
67.39,558.284,563.429,-62.3827,-62.303,-0.0238031,28.6084,-80.6043,28.6085,-80.6044
67.4,557.661,562.978,-62.3803,-62.2999,-0.0239796,28.6084,-80.6043,28.6085,-80.6044
67.41,557.037,562.355,-62.378,-62.2982,-0.0247232,28.6084,-80.6043,28.6085,-80.6044
67.42,556.413,561.732,-62.3756,-62.294,-0.0251595,28.6084,-80.6043,28.6085,-80.6044
67.43,555.789,561.109,-62.3733,-62.2933,-0.0254777,28.6084,-80.6043,28.6085,-80.6044
67.44,555.166,560.486,-62.371,-62.2921,-0.0249923,28.6084,-80.6043,28.6085,-80.6044
67.45,554.542,559.863,-62.3686,-62.2899,-0.0257894,28.6084,-80.6043,28.6085,-80.6044
67.46,553.918,559.24,-62.3663,-62.2881,-0.0257097,28.6084,-80.6043,28.6085,-80.6044
67.47,553.295,558.618,-62.3639,-62.2854,-0.0253809,28.6084,-80.6043,28.6085,-80.6044
67.48,552.671,557.995,-62.3616,-62.2822,-0.0244947,28.6084,-80.6043,28.6085,-80.6044
67.49,552.047,557.372,-62.3592,-62.2797,-0.0247732,28.6084,-80.6043,28.6085,-80.6044
67.5,551.424,557.098,-62.3569,-62.2756,-0.0252904,28.6084,-80.6043,28.6085,-80.6044
67.51,550.8,556.475,-62.3546,-62.2741,-0.0244785,28.6084,-80.6043,28.6085,-80.6044
67.52,550.177,555.852,-62.3522,-62.2717,-0.0248951,28.6084,-80.6043,28.6085,-80.6044
67.53,549.553,555.23,-62.3499,-62.2706,-0.024633,28.6084,-80.6043,28.6085,-80.6044
67.54,548.93,554.607,-62.3475,-62.2669,-0.0238425,28.6084,-80.6043,28.6085,-80.6044
67.55,548.306,553.984,-62.3452,-62.2664,-0.0245093,28.6084,-80.6043,28.6085,-80.6044
67.56,547.683,553.362,-62.3429,-62.2632,-0.0251673,28.6084,-80.6043,28.6085,-80.6044
67.57,547.06,552.739,-62.3405,-62.2623,-0.0241733,28.6084,-80.6043,28.6085,-80.6044
67.58,546.436,552.116,-62.3382,-62.2609,-0.0241919,28.6084,-80.6043,28.6085,-80.6044
67.59,545.813,551.494,-62.3358,-62.2598,-0.0232088,28.6084,-80.6043,28.6085,-80.6044
67.6,545.189,551.36,-62.3335,-62.2556,-0.0236054,28.6084,-80.6043,28.6085,-80.6044
67.61,544.566,550.738,-62.3312,-62.2538,-0.0228204,28.6084,-80.6043,28.6085,-80.6044
67.62,543.943,550.115,-62.3288,-62.2534,-0.0233992,28.6084,-80.6043,28.6085,-80.6044
67.63,543.32,549.493,-62.3265,-62.2497,-0.0232589,28.6084,-80.6043,28.6085,-80.6044
67.64,542.696,548.87,-62.3241,-62.247,-0.022708,28.6084,-80.6043,28.6085,-80.6044
67.65,542.073,548.248,-62.3218,-62.2435,-0.0220105,28.6084,-80.6043,28.6085,-80.6044
67.66,541.45,547.625,-62.3195,-62.24,-0.0215755,28.6084,-80.6043,28.6085,-80.6044
67.67,540.827,547.003,-62.3171,-62.2382,-0.0224488,28.6084,-80.6043,28.6085,-80.6044
67.68,540.204,546.381,-62.3148,-62.2342,-0.0234416,28.6084,-80.6043,28.6085,-80.6044
67.69,539.58,545.758,-62.3124,-62.2303,-0.0228191,28.6084,-80.6043,28.6085,-80.6044
67.7,538.957,545.088,-62.3101,-62.2298,-0.0236983,28.6084,-80.6043,28.6085,-80.6044
67.71,538.334,544.466,-62.3078,-62.2273,-0.024278,28.6084,-80.6043,28.6085,-80.6044
67.72,537.711,543.843,-62.3054,-62.2249,-0.0243455,28.6084,-80.6043,28.6085,-80.6044
67.73,537.088,543.221,-62.3031,-62.2218,-0.0238982,28.6084,-80.6043,28.6085,-80.6044
67.74,536.465,542.599,-62.3008,-62.2196,-0.0235586,28.6084,-80.6043,28.6085,-80.6044
67.75,535.842,541.977,-62.2984,-62.2191,-0.0229255,28.6084,-80.6043,28.6085,-80.6044
67.76,535.219,541.355,-62.2961,-62.2181,-0.0220897,28.6084,-80.6043,28.6085,-80.6044
67.77,534.596,540.732,-62.2937,-62.2144,-0.0223113,28.6084,-80.6043,28.6085,-80.6044
67.78,533.973,540.11,-62.2914,-62.211,-0.0224915,28.6084,-80.6043,28.6085,-80.6044
67.79,533.351,539.488,-62.2891,-62.2069,-0.0224337,28.6084,-80.6043,28.6085,-80.6044
67.8,532.728,538.53,-62.2867,-62.2056,-0.021815,28.6084,-80.6043,28.6085,-80.6044
67.81,532.105,537.908,-62.2844,-62.2041,-0.0224512,28.6084,-80.6043,28.6085,-80.6044
67.82,531.482,537.286,-62.2821,-62.2023,-0.0217412,28.6084,-80.6043,28.6085,-80.6044
67.83,530.859,536.664,-62.2797,-62.2012,-0.022226,28.6084,-80.6043,28.6085,-80.6044
67.84,530.236,536.042,-62.2774,-62.1982,-0.0227621,28.6084,-80.6043,28.6085,-80.6044
67.85,529.614,535.42,-62.2751,-62.1966,-0.0233769,28.6084,-80.6043,28.6085,-80.6044
67.86,528.991,534.799,-62.2727,-62.1945,-0.0233205,28.6084,-80.6043,28.6085,-80.6044
67.87,528.368,534.177,-62.2704,-62.1913,-0.0224893,28.6084,-80.6043,28.6085,-80.6044
67.88,527.746,533.555,-62.268,-62.19,-0.02261,28.6084,-80.6043,28.6085,-80.6044
67.89,527.123,532.933,-62.2657,-62.1882,-0.0218122,28.6084,-80.6043,28.6085,-80.6044
67.9,526.5,532.729,-62.2634,-62.186,-0.0224325,28.6084,-80.6043,28.6085,-80.6044
67.91,525.878,532.107,-62.261,-62.1854,-0.0233732,28.6084,-80.6043,28.6085,-80.6044
67.92,525.255,531.486,-62.2587,-62.1832,-0.0241005,28.6084,-80.6043,28.6085,-80.6044
67.93,524.632,530.864,-62.2564,-62.1811,-0.0242459,28.6084,-80.6043,28.6085,-80.6044
67.94,524.01,530.242,-62.254,-62.1781,-0.0239239,28.6084,-80.6043,28.6085,-80.6044
67.95,523.387,529.62,-62.2517,-62.1768,-0.0229924,28.6084,-80.6043,28.6085,-80.6044
67.96,522.765,528.999,-62.2494,-62.1741,-0.0231552,28.6084,-80.6043,28.6085,-80.6044
67.97,522.142,528.377,-62.247,-62.1724,-0.0232453,28.6084,-80.6043,28.6085,-80.6044
67.98,521.52,527.755,-62.2447,-62.1697,-0.0230709,28.6084,-80.6043,28.6085,-80.6044
67.99,520.898,527.133,-62.2424,-62.1689,-0.0223987,28.6084,-80.6043,28.6085,-80.6044
68,520.275,526.331,-62.24,-62.1649,-0.0227711,28.6084,-80.6043,28.6084,-80.6044
68.01,519.653,525.71,-62.2377,-62.1634,-0.0237116,28.6084,-80.6043,28.6084,-80.6044
68.02,519.03,525.088,-62.2354,-62.1604,-0.0237727,28.6084,-80.6043,28.6084,-80.6044
68.03,518.408,524.466,-62.233,-62.1578,-0.0236499,28.6084,-80.6043,28.6084,-80.6044
68.04,517.786,523.845,-62.2307,-62.1537,-0.0231215,28.6084,-80.6043,28.6084,-80.6044
68.05,517.164,523.223,-62.2284,-62.1509,-0.0234868,28.6084,-80.6043,28.6084,-80.6044
68.06,516.541,522.602,-62.226,-62.1473,-0.0242756,28.6084,-80.6043,28.6084,-80.6044
68.07,515.919,521.98,-62.2237,-62.1452,-0.0248088,28.6084,-80.6043,28.6084,-80.6044
68.08,515.297,521.359,-62.2214,-62.1427,-0.0255709,28.6084,-80.6043,28.6084,-80.6044
68.09,514.675,520.738,-62.2191,-62.1388,-0.0250319,28.6084,-80.6043,28.6084,-80.6044
68.1,514.052,520.003,-62.2167,-62.1382,-0.0250431,28.6084,-80.6043,28.6084,-80.6044
68.11,513.43,519.382,-62.2144,-62.1371,-0.0241444,28.6084,-80.6043,28.6084,-80.6044
68.12,512.808,518.761,-62.2121,-62.1336,-0.0251413,28.6084,-80.6043,28.6084,-80.6044
68.13,512.186,518.139,-62.2097,-62.133,-0.0248848,28.6084,-80.6043,28.6084,-80.6044
68.14,511.564,517.518,-62.2074,-62.129,-0.0251161,28.6084,-80.6043,28.6084,-80.6044
68.15,510.942,516.897,-62.2051,-62.125,-0.0254358,28.6084,-80.6043,28.6084,-80.6044
68.16,510.32,516.275,-62.2027,-62.123,-0.0262064,28.6084,-80.6043,28.6084,-80.6044
68.17,509.698,515.654,-62.2004,-62.1227,-0.0254392,28.6084,-80.6043,28.6084,-80.6044
68.18,509.076,515.033,-62.1981,-62.1196,-0.0253112,28.6084,-80.6043,28.6084,-80.6044
68.19,508.454,514.412,-62.1957,-62.116,-0.0254048,28.6084,-80.6043,28.6084,-80.6044
68.2,507.832,513.669,-62.1934,-62.1149,-0.0261339,28.6084,-80.6043,28.6084,-80.6044
68.21,507.21,513.048,-62.1911,-62.1135,-0.0259556,28.6084,-80.6043,28.6084,-80.6044
68.22,506.588,512.427,-62.1888,-62.1113,-0.0252731,28.6084,-80.6043,28.6084,-80.6044
68.23,505.966,511.806,-62.1864,-62.1081,-0.0255231,28.6084,-80.6043,28.6084,-80.6044
68.24,505.345,511.185,-62.1841,-62.1054,-0.0249377,28.6084,-80.6043,28.6084,-80.6044
68.25,504.723,510.564,-62.1818,-62.1016,-0.0243398,28.6084,-80.6043,28.6084,-80.6044
68.26,504.101,509.943,-62.1794,-62.1004,-0.0237024,28.6084,-80.6043,28.6084,-80.6044
68.27,503.479,509.322,-62.1771,-62.0977,-0.0242852,28.6084,-80.6043,28.6084,-80.6044
68.28,502.857,508.701,-62.1748,-62.0938,-0.0248465,28.6084,-80.6043,28.6084,-80.6044
68.29,502.236,508.08,-62.1725,-62.093,-0.0252992,28.6084,-80.6043,28.6084,-80.6044
68.3,501.614,507.242,-62.1701,-62.0922,-0.0253882,28.6084,-80.6043,28.6084,-80.6044
68.31,500.992,506.622,-62.1678,-62.0891,-0.025472,28.6084,-80.6043,28.6084,-80.6044
68.32,500.371,506.001,-62.1655,-62.0865,-0.0245986,28.6084,-80.6043,28.6084,-80.6044
68.33,499.749,505.38,-62.1631,-62.0861,-0.0248197,28.6084,-80.6043,28.6084,-80.6044
68.34,499.127,504.759,-62.1608,-62.0842,-0.0253697,28.6084,-80.6043,28.6084,-80.6044
68.35,498.506,504.138,-62.1585,-62.0818,-0.0250957,28.6084,-80.6043,28.6084,-80.6044
68.36,497.884,503.517,-62.1562,-62.0793,-0.0258677,28.6084,-80.6043,28.6084,-80.6044
68.37,497.263,502.897,-62.1538,-62.0785,-0.0261182,28.6084,-80.6043,28.6084,-80.6044
68.38,496.641,502.276,-62.1515,-62.0749,-0.0261332,28.6084,-80.6043,28.6084,-80.6044
68.39,496.02,501.655,-62.1492,-62.0706,-0.0259037,28.6084,-80.6043,28.6084,-80.6044
68.4,495.398,500.778,-62.1469,-62.0688,-0.0253348,28.6084,-80.6043,28.6084,-80.6044
68.41,494.777,500.157,-62.1445,-62.0652,-0.0255836,28.6084,-80.6043,28.6084,-80.6044
68.42,494.155,499.537,-62.1422,-62.0648,-0.0264438,28.6084,-80.6043,28.6084,-80.6044
68.43,493.534,498.916,-62.1399,-62.0621,-0.0271523,28.6084,-80.6043,28.6084,-80.6044
68.44,492.913,498.295,-62.1376,-62.0604,-0.0266965,28.6084,-80.6043,28.6084,-80.6044
68.45,492.291,497.675,-62.1352,-62.0576,-0.0276339,28.6084,-80.6043,28.6084,-80.6044
68.46,491.67,497.054,-62.1329,-62.0534,-0.0285151,28.6084,-80.6043,28.6084,-80.6044
68.47,491.049,496.434,-62.1306,-62.0507,-0.0276906,28.6084,-80.6043,28.6084,-80.6044
68.48,490.427,495.813,-62.1283,-62.05,-0.0267063,28.6084,-80.6043,28.6084,-80.6044
68.49,489.806,495.193,-62.1259,-62.0485,-0.0270933,28.6084,-80.6043,28.6084,-80.6044
68.5,489.185,494.273,-62.1236,-62.0461,-0.0262148,28.6084,-80.6043,28.6084,-80.6044
68.51,488.564,493.653,-62.1213,-62.0424,-0.0271013,28.6084,-80.6043,28.6084,-80.6044
68.52,487.942,493.033,-62.119,-62.0412,-0.0271952,28.6084,-80.6043,28.6084,-80.6044
68.53,487.321,492.412,-62.1166,-62.0387,-0.0277948,28.6084,-80.6043,28.6084,-80.6044
68.54,486.7,491.792,-62.1143,-62.0381,-0.0269724,28.6084,-80.6043,28.6084,-80.6044
68.55,486.079,491.171,-62.112,-62.0339,-0.0261932,28.6084,-80.6043,28.6084,-80.6044
68.56,485.458,490.551,-62.1097,-62.0332,-0.0264728,28.6084,-80.6043,28.6084,-80.6044
68.57,484.837,489.931,-62.1073,-62.0292,-0.0271493,28.6084,-80.6043,28.6084,-80.6044
68.58,484.216,489.311,-62.105,-62.025,-0.0280178,28.6084,-80.6043,28.6084,-80.6044
68.59,483.595,488.69,-62.1027,-62.0227,-0.0276518,28.6084,-80.6043,28.6084,-80.6044
68.6,482.974,488.251,-62.1004,-62.0197,-0.0275785,28.6084,-80.6043,28.6084,-80.6044
68.61,482.353,487.63,-62.0981,-62.0167,-0.0282998,28.6084,-80.6043,28.6084,-80.6044
68.62,481.732,487.01,-62.0957,-62.0141,-0.0276841,28.6084,-80.6043,28.6084,-80.6044
68.63,481.111,486.39,-62.0934,-62.0133,-0.0269381,28.6084,-80.6043,28.6084,-80.6044
68.64,480.49,485.77,-62.0911,-62.0125,-0.026641,28.6084,-80.6043,28.6084,-80.6044
68.65,479.869,485.15,-62.0888,-62.0089,-0.0257323,28.6084,-80.6043,28.6084,-80.6044
68.66,479.248,484.53,-62.0864,-62.0075,-0.0249944,28.6084,-80.6043,28.6084,-80.6044
68.67,478.627,483.91,-62.0841,-62.0065,-0.0245292,28.6084,-80.6043,28.6084,-80.6044
68.68,478.007,483.29,-62.0818,-62.0045,-0.0247909,28.6084,-80.6043,28.6084,-80.6044
68.69,477.386,482.67,-62.0795,-62.001,-0.025132,28.6084,-80.6043,28.6084,-80.6044
68.7,476.765,482.306,-62.0772,-61.9992,-0.0247519,28.6084,-80.6043,28.6084,-80.6044
68.71,476.144,481.686,-62.0748,-61.9972,-0.0245318,28.6084,-80.6043,28.6084,-80.6044
68.72,475.524,481.066,-62.0725,-61.9946,-0.0241936,28.6084,-80.6043,28.6084,-80.6044
68.73,474.903,480.446,-62.0702,-61.9916,-0.0250169,28.6084,-80.6043,28.6084,-80.6044
68.74,474.282,479.827,-62.0679,-61.9898,-0.0253314,28.6084,-80.6043,28.6084,-80.6044
68.75,473.662,479.207,-62.0656,-61.987,-0.0263101,28.6084,-80.6043,28.6084,-80.6044
68.76,473.041,478.587,-62.0632,-61.9864,-0.0257813,28.6084,-80.6043,28.6084,-80.6044
68.77,472.42,477.967,-62.0609,-61.9838,-0.0250274,28.6084,-80.6043,28.6084,-80.6044
68.78,471.8,477.347,-62.0586,-61.9799,-0.0251184,28.6084,-80.6043,28.6084,-80.6044
68.79,471.179,476.727,-62.0563,-61.9756,-0.0250296,28.6084,-80.6043,28.6084,-80.6044
68.8,470.559,476.325,-62.054,-61.9742,-0.0241382,28.6084,-80.6043,28.6084,-80.6044
68.81,469.938,475.706,-62.0516,-61.9706,-0.0249089,28.6084,-80.6043,28.6084,-80.6044
68.82,469.318,475.086,-62.0493,-61.968,-0.024801,28.6084,-80.6043,28.6084,-80.6044
68.83,468.697,474.466,-62.047,-61.9658,-0.0250871,28.6084,-80.6043,28.6084,-80.6044
68.84,468.077,473.847,-62.0447,-61.9619,-0.0244118,28.6084,-80.6043,28.6084,-80.6044
68.85,467.456,473.227,-62.0424,-61.9614,-0.0248024,28.6084,-80.6043,28.6084,-80.6044
68.86,466.836,472.608,-62.0401,-61.9589,-0.0244884,28.6084,-80.6043,28.6084,-80.6044
68.87,466.215,471.988,-62.0377,-61.955,-0.0250468,28.6084,-80.6043,28.6084,-80.6044
68.88,465.595,471.368,-62.0354,-61.9534,-0.0240946,28.6084,-80.6043,28.6084,-80.6044
68.89,464.975,470.749,-62.0331,-61.9508,-0.0237436,28.6084,-80.6043,28.6084,-80.6044
68.9,464.354,469.746,-62.0308,-61.948,-0.0235765,28.6084,-80.6043,28.6084,-80.6044
68.91,463.734,469.127,-62.0285,-61.9448,-0.0242464,28.6084,-80.6043,28.6084,-80.6044
68.92,463.114,468.507,-62.0262,-61.942,-0.0247237,28.6084,-80.6043,28.6084,-80.6044
68.93,462.494,467.888,-62.0238,-61.9392,-0.0244978,28.6084,-80.6043,28.6084,-80.6044
68.94,461.873,467.268,-62.0215,-61.9356,-0.0237253,28.6084,-80.6043,28.6084,-80.6044
68.95,461.253,466.649,-62.0192,-61.9331,-0.0234659,28.6084,-80.6043,28.6084,-80.6044
68.96,460.633,466.03,-62.0169,-61.9327,-0.0231192,28.6084,-80.6043,28.6084,-80.6044
68.97,460.013,465.41,-62.0146,-61.9316,-0.0229676,28.6084,-80.6043,28.6084,-80.6044
68.98,459.393,464.791,-62.0123,-61.9307,-0.0228812,28.6084,-80.6043,28.6084,-80.6044
68.99,458.773,464.172,-62.0099,-61.9285,-0.0218915,28.6084,-80.6043,28.6084,-80.6044
69,458.153,463.436,-62.0076,-61.9258,-0.0213637,28.6084,-80.6043,28.6084,-80.6044
69.01,457.533,462.817,-62.0053,-61.9233,-0.0210606,28.6084,-80.6043,28.6084,-80.6044
69.02,456.913,462.198,-62.003,-61.9216,-0.0215496,28.6084,-80.6043,28.6084,-80.6044
69.03,456.293,461.579,-62.0007,-61.9204,-0.020702,28.6084,-80.6043,28.6084,-80.6044
69.04,455.673,460.959,-61.9984,-61.9201,-0.0205135,28.6084,-80.6043,28.6084,-80.6044
69.05,455.053,460.34,-61.996,-61.9194,-0.0202702,28.6084,-80.6043,28.6084,-80.6044
69.06,454.433,459.721,-61.9937,-61.9157,-0.0198534,28.6084,-80.6043,28.6084,-80.6044
69.07,453.813,459.102,-61.9914,-61.9144,-0.0195307,28.6084,-80.6043,28.6084,-80.6044
69.08,453.193,458.483,-61.9891,-61.9118,-0.0189442,28.6084,-80.6043,28.6084,-80.6044
69.09,452.573,457.864,-61.9868,-61.9103,-0.0187111,28.6084,-80.6043,28.6084,-80.6044
69.1,451.953,457.021,-61.9845,-61.9081,-0.0187564,28.6084,-80.6043,28.6084,-80.6044
69.11,451.333,456.401,-61.9822,-61.907,-0.0197153,28.6084,-80.6043,28.6084,-80.6044
69.12,450.714,455.782,-61.9799,-61.9041,-0.0194781,28.6084,-80.6043,28.6084,-80.6044
69.13,450.094,455.163,-61.9775,-61.9013,-0.0196473,28.6084,-80.6043,28.6084,-80.6044
69.14,449.474,454.544,-61.9752,-61.9004,-0.0189315,28.6084,-80.6043,28.6084,-80.6044
69.15,448.854,453.925,-61.9729,-61.8998,-0.0180664,28.6084,-80.6043,28.6084,-80.6044
69.16,448.235,453.306,-61.9706,-61.8977,-0.0176771,28.6084,-80.6043,28.6084,-80.6044
69.17,447.615,452.687,-61.9683,-61.8963,-0.0172904,28.6084,-80.6043,28.6084,-80.6044
69.18,446.995,452.069,-61.966,-61.8923,-0.0178972,28.6084,-80.6043,28.6084,-80.6044
69.19,446.376,451.45,-61.9637,-61.8892,-0.0178619,28.6084,-80.6043,28.6084,-80.6044
69.2,445.756,451.005,-61.9613,-61.8878,-0.0182318,28.6084,-80.6043,28.6084,-80.6044
69.21,445.136,450.386,-61.959,-61.886,-0.0181324,28.6084,-80.6043,28.6084,-80.6044
69.22,444.517,449.767,-61.9567,-61.8855,-0.0179552,28.6084,-80.6043,28.6084,-80.6044
69.23,443.897,449.148,-61.9544,-61.8838,-0.018304,28.6084,-80.6043,28.6084,-80.6044
69.24,443.278,448.529,-61.9521,-61.8827,-0.0176849,28.6084,-80.6043,28.6084,-80.6044
69.25,442.658,447.911,-61.9498,-61.8792,-0.0178901,28.6084,-80.6043,28.6084,-80.6044
69.26,442.039,447.292,-61.9475,-61.8771,-0.0172431,28.6084,-80.6043,28.6084,-80.6044
69.27,441.419,446.673,-61.9452,-61.8766,-0.0181393,28.6084,-80.6043,28.6084,-80.6044
69.28,440.8,446.054,-61.9429,-61.8746,-0.0182107,28.6084,-80.6043,28.6084,-80.6044
69.29,440.181,445.436,-61.9405,-61.8734,-0.0186263,28.6084,-80.6043,28.6084,-80.6044
69.3,439.561,445.343,-61.9382,-61.871,-0.019327,28.6084,-80.6043,28.6084,-80.6044
69.31,438.942,444.724,-61.9359,-61.8677,-0.0194821,28.6084,-80.6043,28.6084,-80.6044
69.32,438.322,444.105,-61.9336,-61.8657,-0.0201836,28.6084,-80.6043,28.6084,-80.6044
69.33,437.703,443.487,-61.9313,-61.8629,-0.0209499,28.6084,-80.6043,28.6084,-80.6044
69.34,437.084,442.868,-61.929,-61.86,-0.0201407,28.6084,-80.6043,28.6084,-80.6044
69.35,436.465,442.25,-61.9267,-61.8579,-0.0210606,28.6084,-80.6043,28.6084,-80.6044
69.36,435.845,441.631,-61.9244,-61.854,-0.0200973,28.6084,-80.6043,28.6084,-80.6044
69.37,435.226,441.013,-61.9221,-61.8534,-0.0201232,28.6084,-80.6043,28.6084,-80.6044
69.38,434.607,440.394,-61.9198,-61.8518,-0.0203227,28.6084,-80.6043,28.6084,-80.6044
69.39,433.988,439.776,-61.9175,-61.8487,-0.0210545,28.6084,-80.6043,28.6084,-80.6044
69.4,433.369,438.861,-61.9151,-61.8476,-0.0218754,28.6084,-80.6043,28.6084,-80.6044
69.41,432.749,438.243,-61.9128,-61.845,-0.0225984,28.6084,-80.6043,28.6084,-80.6044
69.42,432.13,437.625,-61.9105,-61.8422,-0.0226764,28.6084,-80.6043,28.6084,-80.6044
69.43,431.511,437.006,-61.9082,-61.8395,-0.0220036,28.6084,-80.6043,28.6084,-80.6044
69.44,430.892,436.388,-61.9059,-61.8362,-0.0227356,28.6084,-80.6043,28.6084,-80.6044
69.45,430.273,435.769,-61.9036,-61.832,-0.022769,28.6084,-80.6043,28.6084,-80.6044
69.46,429.654,435.151,-61.9013,-61.8302,-0.0229521,28.6084,-80.6043,28.6084,-80.6044
69.47,429.035,434.533,-61.899,-61.8263,-0.0229338,28.6084,-80.6043,28.6084,-80.6044
69.48,428.416,433.915,-61.8967,-61.8259,-0.0238867,28.6084,-80.6043,28.6084,-80.6044
69.49,427.797,433.296,-61.8944,-61.8248,-0.0230224,28.6084,-80.6043,28.6084,-80.6044
69.5,427.178,432.212,-61.8921,-61.8227,-0.0235901,28.6084,-80.6043,28.6084,-80.6044
69.51,426.559,431.594,-61.8898,-61.8191,-0.0240087,28.6084,-80.6043,28.6084,-80.6044
69.52,425.941,430.976,-61.8875,-61.8175,-0.0234854,28.6084,-80.6043,28.6084,-80.6044
69.53,425.322,430.358,-61.8851,-61.8144,-0.0244656,28.6084,-80.6043,28.6084,-80.6044
69.54,424.703,429.739,-61.8828,-61.8105,-0.0236773,28.6084,-80.6043,28.6084,-80.6044
69.55,424.084,429.121,-61.8805,-61.8098,-0.0237511,28.6084,-80.6043,28.6084,-80.6044
69.56,423.465,428.503,-61.8782,-61.8059,-0.0242752,28.6084,-80.6043,28.6084,-80.6044
69.57,422.847,427.885,-61.8759,-61.8052,-0.0245112,28.6084,-80.6043,28.6084,-80.6044
69.58,422.228,427.267,-61.8736,-61.8016,-0.0236738,28.6084,-80.6043,28.6084,-80.6044
69.59,421.609,426.649,-61.8713,-61.8007,-0.0227243,28.6084,-80.6043,28.6084,-80.6044
69.6,420.99,426.021,-61.869,-61.7968,-0.0224872,28.6084,-80.6043,28.6084,-80.6044
69.61,420.372,425.403,-61.8667,-61.7951,-0.0224367,28.6084,-80.6043,28.6084,-80.6044
69.62,419.753,424.785,-61.8644,-61.7915,-0.0227553,28.6084,-80.6043,28.6084,-80.6044
69.63,419.134,424.167,-61.8621,-61.789,-0.0237156,28.6084,-80.6043,28.6084,-80.6044
69.64,418.516,423.549,-61.8598,-61.7876,-0.0247071,28.6084,-80.6043,28.6084,-80.6044
69.65,417.897,422.932,-61.8575,-61.7863,-0.0255001,28.6084,-80.6043,28.6084,-80.6044
69.66,417.279,422.314,-61.8552,-61.7842,-0.0254467,28.6084,-80.6043,28.6084,-80.6044
69.67,416.66,421.696,-61.8529,-61.7823,-0.0260408,28.6084,-80.6043,28.6084,-80.6044
69.68,416.042,421.078,-61.8506,-61.7811,-0.0261784,28.6084,-80.6043,28.6084,-80.6044
69.69,415.423,420.46,-61.8483,-61.7804,-0.0269548,28.6084,-80.6043,28.6084,-80.6044
69.7,414.805,419.709,-61.846,-61.778,-0.0268312,28.6084,-80.6043,28.6084,-80.6044
69.71,414.186,419.091,-61.8437,-61.7775,-0.0265429,28.6084,-80.6043,28.6084,-80.6044
69.72,413.568,418.473,-61.8414,-61.7756,-0.0263242,28.6084,-80.6043,28.6084,-80.6044
69.73,412.95,417.855,-61.8391,-61.773,-0.0262244,28.6084,-80.6043,28.6084,-80.6044
69.74,412.331,417.238,-61.8368,-61.7704,-0.0262892,28.6084,-80.6043,28.6084,-80.6044
69.75,411.713,416.62,-61.8345,-61.7694,-0.0254517,28.6084,-80.6043,28.6084,-80.6044
69.76,411.094,416.002,-61.8322,-61.766,-0.0250644,28.6084,-80.6043,28.6084,-80.6044
69.77,410.476,415.385,-61.8298,-61.7626,-0.0258214,28.6084,-80.6043,28.6084,-80.6044
69.78,409.858,414.767,-61.8275,-61.7613,-0.0252566,28.6084,-80.6043,28.6084,-80.6044
69.79,409.24,414.149,-61.8252,-61.7595,-0.0257632,28.6084,-80.6043,28.6084,-80.6044
69.8,408.621,413.866,-61.8229,-61.7591,-0.0257675,28.6084,-80.6043,28.6084,-80.6044
69.81,408.003,413.248,-61.8206,-61.756,-0.0249294,28.6084,-80.6043,28.6084,-80.6044
69.82,407.385,412.631,-61.8183,-61.7522,-0.0244039,28.6084,-80.6043,28.6084,-80.6044
69.83,406.767,412.013,-61.816,-61.7505,-0.0234245,28.6084,-80.6043,28.6084,-80.6044
69.84,406.149,411.396,-61.8137,-61.7467,-0.0226626,28.6084,-80.6043,28.6084,-80.6044
69.85,405.531,410.778,-61.8114,-61.7442,-0.0218481,28.6084,-80.6043,28.6084,-80.6044
69.86,404.913,410.161,-61.8091,-61.7413,-0.0224568,28.6084,-80.6043,28.6084,-80.6044
69.87,404.294,409.544,-61.8068,-61.7397,-0.022939,28.6084,-80.6043,28.6084,-80.6044
69.88,403.676,408.926,-61.8045,-61.7363,-0.0221953,28.6084,-80.6043,28.6084,-80.6044
69.89,403.058,408.309,-61.8022,-61.7327,-0.022743,28.6084,-80.6043,28.6084,-80.6044
69.9,402.44,407.768,-61.7999,-61.7322,-0.0222195,28.6084,-80.6043,28.6084,-80.6044
69.91,401.822,407.151,-61.7976,-61.7319,-0.0221708,28.6084,-80.6043,28.6084,-80.6044
69.92,401.204,406.533,-61.7953,-61.7311,-0.0212181,28.6084,-80.6043,28.6084,-80.6044
69.93,400.587,405.916,-61.793,-61.7295,-0.0211727,28.6084,-80.6043,28.6084,-80.6044
69.94,399.969,405.299,-61.7907,-61.7283,-0.0215225,28.6084,-80.6043,28.6084,-80.6044
69.95,399.351,404.681,-61.7884,-61.728,-0.0207002,28.6084,-80.6043,28.6084,-80.6044
69.96,398.733,404.064,-61.7861,-61.7242,-0.019821,28.6084,-80.6043,28.6084,-80.6044
69.97,398.115,403.447,-61.7838,-61.7207,-0.0195551,28.6084,-80.6043,28.6084,-80.6044
69.98,397.497,402.83,-61.7815,-61.7192,-0.0189715,28.6084,-80.6043,28.6084,-80.6044
69.99,396.879,402.213,-61.7792,-61.7169,-0.0196298,28.6084,-80.6043,28.6084,-80.6044
70,396.262,401.852,-61.7769,-61.7152,-0.0198004,28.6084,-80.6043,28.6084,-80.6043
70.01,395.644,401.235,-61.7746,-61.7116,-0.0193271,28.6084,-80.6043,28.6084,-80.6043
70.02,395.026,400.618,-61.7724,-61.7077,-0.0192798,28.6084,-80.6043,28.6084,-80.6043
70.03,394.409,400.001,-61.7701,-61.7048,-0.0189115,28.6084,-80.6043,28.6084,-80.6043
70.04,393.791,399.384,-61.7678,-61.7023,-0.0191463,28.6084,-80.6043,28.6084,-80.6043
70.05,393.173,398.767,-61.7655,-61.7012,-0.0188285,28.6084,-80.6043,28.6084,-80.6043
70.06,392.556,398.15,-61.7632,-61.6995,-0.018798,28.6084,-80.6043,28.6084,-80.6043
70.07,391.938,397.533,-61.7609,-61.6985,-0.018634,28.6084,-80.6043,28.6084,-80.6043
70.08,391.32,396.916,-61.7586,-61.6948,-0.0192296,28.6084,-80.6043,28.6084,-80.6043
70.09,390.703,396.299,-61.7563,-61.6925,-0.0188085,28.6084,-80.6043,28.6084,-80.6043
70.1,390.085,395.717,-61.754,-61.6917,-0.019218,28.6084,-80.6043,28.6084,-80.6043
70.11,389.468,395.1,-61.7517,-61.69,-0.0200438,28.6084,-80.6043,28.6084,-80.6043
70.12,388.85,394.483,-61.7494,-61.6863,-0.0198387,28.6084,-80.6043,28.6084,-80.6043
70.13,388.233,393.867,-61.7471,-61.6843,-0.0203074,28.6084,-80.6043,28.6084,-80.6043
70.14,387.615,393.25,-61.7448,-61.6823,-0.0193687,28.6084,-80.6043,28.6084,-80.6043
70.15,386.998,392.633,-61.7425,-61.682,-0.0193642,28.6084,-80.6043,28.6084,-80.6043
70.16,386.38,392.016,-61.7402,-61.6806,-0.0191426,28.6084,-80.6043,28.6084,-80.6043
70.17,385.763,391.399,-61.7379,-61.6786,-0.0185617,28.6084,-80.6043,28.6084,-80.6043
70.18,385.146,390.783,-61.7356,-61.6773,-0.0193441,28.6084,-80.6043,28.6084,-80.6043
70.19,384.528,390.166,-61.7333,-61.6757,-0.0190599,28.6084,-80.6043,28.6084,-80.6043
70.2,383.911,389.473,-61.731,-61.6742,-0.0181001,28.6084,-80.6043,28.6084,-80.6043
70.21,383.294,388.856,-61.7287,-61.6739,-0.018777,28.6084,-80.6043,28.6084,-80.6043
70.22,382.677,388.239,-61.7264,-61.6712,-0.0184313,28.6084,-80.6043,28.6084,-80.6043
70.23,382.059,387.622,-61.7241,-61.6695,-0.0192789,28.6084,-80.6043,28.6084,-80.6043
70.24,381.442,387.006,-61.7218,-61.6677,-0.0192678,28.6084,-80.6043,28.6084,-80.6043
70.25,380.825,386.389,-61.7195,-61.6659,-0.0188141,28.6084,-80.6043,28.6084,-80.6043
70.26,380.208,385.772,-61.7173,-61.6618,-0.0188969,28.6084,-80.6043,28.6084,-80.6043
70.27,379.591,385.156,-61.715,-61.6592,-0.0188173,28.6084,-80.6043,28.6084,-80.6043
70.28,378.973,384.539,-61.7127,-61.6554,-0.0181305,28.6084,-80.6043,28.6084,-80.6043
70.29,378.356,383.923,-61.7104,-61.6512,-0.0174138,28.6084,-80.6043,28.6084,-80.6043
70.3,377.739,383.638,-61.7081,-61.6476,-0.0174837,28.6084,-80.6043,28.6084,-80.6043
70.31,377.122,383.021,-61.7058,-61.6468,-0.0167044,28.6084,-80.6043,28.6084,-80.6043
70.32,376.505,382.405,-61.7035,-61.6428,-0.0162725,28.6084,-80.6043,28.6084,-80.6043
70.33,375.888,381.788,-61.7012,-61.6385,-0.0167993,28.6084,-80.6043,28.6084,-80.6043
70.34,375.271,381.172,-61.6989,-61.6368,-0.0171678,28.6084,-80.6043,28.6084,-80.6043
70.35,374.654,380.556,-61.6966,-61.6356,-0.0174496,28.6084,-80.6043,28.6084,-80.6043
70.36,374.037,379.939,-61.6943,-61.6348,-0.0176935,28.6084,-80.6043,28.6084,-80.6043
70.37,373.42,379.323,-61.692,-61.6307,-0.0170514,28.6084,-80.6043,28.6084,-80.6043
70.38,372.803,378.707,-61.6897,-61.6274,-0.0180145,28.6084,-80.6043,28.6084,-80.6043
70.39,372.187,378.09,-61.6875,-61.6263,-0.0185198,28.6084,-80.6043,28.6084,-80.6043
70.4,371.57,377.395,-61.6852,-61.6245,-0.0176573,28.6084,-80.6043,28.6084,-80.6043
70.41,370.953,376.779,-61.6829,-61.6234,-0.0176393,28.6084,-80.6043,28.6084,-80.6043
70.42,370.336,376.163,-61.6806,-61.6203,-0.0171642,28.6084,-80.6043,28.6084,-80.6043
70.43,369.719,375.547,-61.6783,-61.6186,-0.0167899,28.6084,-80.6043,28.6084,-80.6043
70.44,369.103,374.931,-61.676,-61.6159,-0.0173936,28.6084,-80.6043,28.6084,-80.6043
70.45,368.486,374.315,-61.6737,-61.615,-0.0169514,28.6084,-80.6043,28.6084,-80.6043
70.46,367.869,373.698,-61.6714,-61.6121,-0.0178678,28.6084,-80.6043,28.6084,-80.6043
70.47,367.252,373.082,-61.6691,-61.6092,-0.0181265,28.6084,-80.6043,28.6084,-80.6043
70.48,366.636,372.466,-61.6668,-61.6088,-0.01738,28.6084,-80.6043,28.6084,-80.6043
70.49,366.019,371.85,-61.6645,-61.6056,-0.017668,28.6084,-80.6043,28.6084,-80.6043
70.5,365.402,371.555,-61.6623,-61.6049,-0.0184924,28.6084,-80.6043,28.6084,-80.6043
70.51,364.786,370.939,-61.66,-61.6026,-0.0194323,28.6084,-80.6043,28.6084,-80.6043
70.52,364.169,370.322,-61.6577,-61.601,-0.0200131,28.6084,-80.6043,28.6084,-80.6043
70.53,363.553,369.706,-61.6554,-61.6006,-0.0199538,28.6084,-80.6043,28.6084,-80.6043
70.54,362.936,369.091,-61.6531,-61.5984,-0.0200769,28.6084,-80.6043,28.6084,-80.6043
70.55,362.32,368.475,-61.6508,-61.5963,-0.0197938,28.6084,-80.6043,28.6084,-80.6043
70.56,361.703,367.859,-61.6485,-61.5949,-0.0188539,28.6084,-80.6043,28.6084,-80.6043
70.57,361.087,367.243,-61.6462,-61.5931,-0.0198049,28.6084,-80.6043,28.6084,-80.6043
70.58,360.47,366.627,-61.6439,-61.5915,-0.0206986,28.6084,-80.6043,28.6084,-80.6043
70.59,359.854,366.011,-61.6417,-61.5888,-0.0206575,28.6084,-80.6043,28.6084,-80.6043
70.6,359.238,365.302,-61.6394,-61.5877,-0.0209746,28.6084,-80.6043,28.6084,-80.6043
70.61,358.621,364.686,-61.6371,-61.5867,-0.0200183,28.6084,-80.6043,28.6084,-80.6043
70.62,358.005,364.07,-61.6348,-61.5842,-0.0204435,28.6084,-80.6043,28.6084,-80.6043
70.63,357.388,363.454,-61.6325,-61.5805,-0.0208945,28.6084,-80.6043,28.6084,-80.6043
70.64,356.772,362.839,-61.6302,-61.5776,-0.0200122,28.6084,-80.6043,28.6084,-80.6043
70.65,356.156,362.223,-61.6279,-61.5759,-0.020717,28.6084,-80.6043,28.6084,-80.6043
70.66,355.54,361.607,-61.6256,-61.574,-0.0209322,28.6084,-80.6043,28.6084,-80.6043
70.67,354.923,360.991,-61.6234,-61.5718,-0.0206953,28.6084,-80.6043,28.6084,-80.6043
70.68,354.307,360.376,-61.6211,-61.5698,-0.0216901,28.6084,-80.6043,28.6084,-80.6043
70.69,353.691,359.76,-61.6188,-61.5692,-0.0209315,28.6084,-80.6043,28.6084,-80.6043
70.7,353.075,358.839,-61.6165,-61.567,-0.0204976,28.6084,-80.6043,28.6084,-80.6043
70.71,352.459,358.223,-61.6142,-61.5661,-0.0213317,28.6084,-80.6043,28.6084,-80.6043
70.72,351.843,357.608,-61.6119,-61.565,-0.02082,28.6084,-80.6043,28.6084,-80.6043
70.73,351.226,356.992,-61.6096,-61.5642,-0.0201976,28.6084,-80.6043,28.6084,-80.6043
70.74,350.61,356.376,-61.6074,-61.5628,-0.0205149,28.6084,-80.6043,28.6084,-80.6043
70.75,349.994,355.761,-61.6051,-61.5619,-0.0206117,28.6084,-80.6043,28.6084,-80.6043
70.76,349.378,355.145,-61.6028,-61.5593,-0.0213501,28.6084,-80.6043,28.6084,-80.6043
70.77,348.762,354.53,-61.6005,-61.555,-0.0205985,28.6084,-80.6043,28.6084,-80.6043
70.78,348.146,353.914,-61.5982,-61.5508,-0.0210547,28.6084,-80.6043,28.6084,-80.6043
70.79,347.53,353.299,-61.5959,-61.5484,-0.020208,28.6084,-80.6043,28.6084,-80.6043
70.8,346.914,352.594,-61.5937,-61.5456,-0.0198743,28.6084,-80.6043,28.6084,-80.6043
70.81,346.299,351.979,-61.5914,-61.544,-0.0205949,28.6084,-80.6043,28.6084,-80.6043
70.82,345.683,351.363,-61.5891,-61.5399,-0.0206599,28.6084,-80.6043,28.6084,-80.6043
70.83,345.067,350.748,-61.5868,-61.5391,-0.0216076,28.6084,-80.6043,28.6084,-80.6043
70.84,344.451,350.133,-61.5845,-61.5374,-0.021396,28.6084,-80.6043,28.6084,-80.6043
70.85,343.835,349.517,-61.5822,-61.5341,-0.0213699,28.6084,-80.6043,28.6084,-80.6043
70.86,343.219,348.902,-61.5799,-61.5337,-0.0207177,28.6084,-80.6043,28.6084,-80.6043
70.87,342.604,348.287,-61.5777,-61.5306,-0.0201276,28.6084,-80.6043,28.6084,-80.6043
70.88,341.988,347.671,-61.5754,-61.5265,-0.0200976,28.6084,-80.6043,28.6084,-80.6043
70.89,341.372,347.056,-61.5731,-61.5259,-0.0204906,28.6084,-80.6043,28.6084,-80.6043
70.9,340.756,345.953,-61.5708,-61.5229,-0.0204444,28.6084,-80.6043,28.6084,-80.6043
70.91,340.141,345.338,-61.5685,-61.5191,-0.0204036,28.6084,-80.6043,28.6084,-80.6043
70.92,339.525,344.723,-61.5663,-61.5157,-0.0198422,28.6084,-80.6043,28.6084,-80.6043
70.93,338.909,344.108,-61.564,-61.5123,-0.0202682,28.6084,-80.6043,28.6084,-80.6043
70.94,338.294,343.493,-61.5617,-61.5092,-0.020415,28.6084,-80.6043,28.6084,-80.6043
70.95,337.678,342.878,-61.5594,-61.5051,-0.0213425,28.6084,-80.6043,28.6084,-80.6043
70.96,337.063,342.263,-61.5571,-61.503,-0.0221554,28.6084,-80.6043,28.6084,-80.6043
70.97,336.447,341.648,-61.5548,-61.4988,-0.0213139,28.6084,-80.6043,28.6084,-80.6043
70.98,335.831,341.033,-61.5526,-61.4975,-0.0222877,28.6084,-80.6043,28.6084,-80.6043
70.99,335.216,340.418,-61.5503,-61.4962,-0.0216044,28.6084,-80.6043,28.6084,-80.6043
71,334.601,340.135,-61.548,-61.4929,-0.0210432,28.6084,-80.6043,28.6083,-80.6043
71.01,333.985,339.52,-61.5457,-61.4891,-0.0210744,28.6084,-80.6043,28.6083,-80.6043
71.02,333.37,338.905,-61.5434,-61.4858,-0.0203784,28.6084,-80.6043,28.6083,-80.6043
71.03,332.754,338.29,-61.5412,-61.4829,-0.0208374,28.6084,-80.6043,28.6083,-80.6043
71.04,332.139,337.676,-61.5389,-61.4796,-0.0209063,28.6084,-80.6043,28.6083,-80.6043
71.05,331.523,337.061,-61.5366,-61.4762,-0.0208908,28.6084,-80.6043,28.6083,-80.6043
71.06,330.908,336.446,-61.5343,-61.4749,-0.0207242,28.6084,-80.6043,28.6083,-80.6043
71.07,330.293,335.831,-61.532,-61.4714,-0.0198239,28.6084,-80.6043,28.6083,-80.6043
71.08,329.677,335.217,-61.5298,-61.4711,-0.0193266,28.6084,-80.6043,28.6083,-80.6043
71.09,329.062,334.602,-61.5275,-61.4669,-0.0194003,28.6084,-80.6043,28.6083,-80.6043
71.1,328.447,334.07,-61.5252,-61.4633,-0.0184536,28.6084,-80.6043,28.6083,-80.6043
71.11,327.832,333.455,-61.5229,-61.4614,-0.0174806,28.6084,-80.6043,28.6083,-80.6043
71.12,327.217,332.84,-61.5206,-61.4586,-0.0166413,28.6084,-80.6043,28.6083,-80.6043
71.13,326.601,332.226,-61.5184,-61.4553,-0.0167772,28.6084,-80.6043,28.6083,-80.6043
71.14,325.986,331.611,-61.5161,-61.4518,-0.0171271,28.6084,-80.6043,28.6083,-80.6043
71.15,325.371,330.997,-61.5138,-61.4479,-0.0171741,28.6084,-80.6043,28.6083,-80.6043
71.16,324.756,330.382,-61.5115,-61.4441,-0.0163424,28.6084,-80.6043,28.6083,-80.6043
71.17,324.141,329.768,-61.5092,-61.4429,-0.0159073,28.6084,-80.6043,28.6083,-80.6043
71.18,323.526,329.154,-61.507,-61.4403,-0.0159185,28.6084,-80.6043,28.6083,-80.6043
71.19,322.911,328.539,-61.5047,-61.4382,-0.0168216,28.6084,-80.6043,28.6083,-80.6043
71.2,322.296,327.493,-61.5024,-61.4368,-0.0158911,28.6084,-80.6043,28.6083,-80.6043
71.21,321.681,326.879,-61.5001,-61.4354,-0.015371,28.6084,-80.6043,28.6083,-80.6043
71.22,321.066,326.265,-61.4979,-61.4341,-0.0146139,28.6084,-80.6043,28.6083,-80.6043
71.23,320.451,325.65,-61.4956,-61.4318,-0.0151515,28.6084,-80.6043,28.6083,-80.6043
71.24,319.836,325.036,-61.4933,-61.4301,-0.0154498,28.6084,-80.6043,28.6083,-80.6043
71.25,319.221,324.422,-61.491,-61.429,-0.0149986,28.6084,-80.6043,28.6083,-80.6043
71.26,318.606,323.808,-61.4888,-61.4271,-0.0156165,28.6084,-80.6043,28.6083,-80.6043
71.27,317.991,323.193,-61.4865,-61.4253,-0.0159194,28.6084,-80.6043,28.6083,-80.6043
71.28,317.376,322.579,-61.4842,-61.4213,-0.0153013,28.6084,-80.6043,28.6083,-80.6043
71.29,316.761,321.965,-61.4819,-61.4204,-0.0157836,28.6084,-80.6043,28.6083,-80.6043
71.3,316.147,321.752,-61.4797,-61.4172,-0.0155325,28.6084,-80.6043,28.6083,-80.6043
71.31,315.532,321.138,-61.4774,-61.4164,-0.0148335,28.6084,-80.6043,28.6083,-80.6043
71.32,314.917,320.524,-61.4751,-61.4128,-0.0153848,28.6084,-80.6043,28.6083,-80.6043
71.33,314.302,319.91,-61.4728,-61.4111,-0.0157781,28.6084,-80.6043,28.6083,-80.6043
71.34,313.688,319.296,-61.4705,-61.4097,-0.0155195,28.6084,-80.6043,28.6083,-80.6043
71.35,313.073,318.682,-61.4683,-61.4084,-0.0153848,28.6084,-80.6043,28.6083,-80.6043
71.36,312.458,318.068,-61.466,-61.4061,-0.0163274,28.6084,-80.6043,28.6083,-80.6043
71.37,311.844,317.454,-61.4637,-61.4026,-0.0165744,28.6084,-80.6043,28.6083,-80.6043
71.38,311.229,316.84,-61.4615,-61.4002,-0.0174878,28.6084,-80.6043,28.6083,-80.6043
71.39,310.615,316.226,-61.4592,-61.397,-0.0167114,28.6084,-80.6043,28.6083,-80.6043
71.4,310,315.745,-61.4569,-61.3958,-0.0168238,28.6084,-80.6043,28.6083,-80.6043
71.41,309.385,315.131,-61.4546,-61.3942,-0.0161821,28.6084,-80.6043,28.6083,-80.6043
71.42,308.771,314.517,-61.4524,-61.3913,-0.0164366,28.6084,-80.6043,28.6083,-80.6043
71.43,308.156,313.904,-61.4501,-61.3885,-0.0158072,28.6084,-80.6043,28.6083,-80.6043
71.44,307.542,313.29,-61.4478,-61.3857,-0.0160963,28.6084,-80.6043,28.6083,-80.6043
71.45,306.927,312.676,-61.4455,-61.3837,-0.0155763,28.6084,-80.6043,28.6083,-80.6043
71.46,306.313,312.062,-61.4433,-61.3794,-0.0159968,28.6084,-80.6043,28.6083,-80.6043
71.47,305.699,311.448,-61.441,-61.3767,-0.0165545,28.6084,-80.6043,28.6083,-80.6043
71.48,305.084,310.835,-61.4387,-61.3739,-0.0157359,28.6084,-80.6043,28.6083,-80.6043
71.49,304.47,310.221,-61.4364,-61.3717,-0.0162101,28.6084,-80.6043,28.6083,-80.6043
71.5,303.856,309.524,-61.4342,-61.3707,-0.0170876,28.6084,-80.6043,28.6083,-80.6043
71.51,303.241,308.91,-61.4319,-61.3674,-0.0163409,28.6084,-80.6043,28.6083,-80.6043
71.52,302.627,308.297,-61.4296,-61.3665,-0.0158529,28.6084,-80.6043,28.6083,-80.6043
71.53,302.013,307.683,-61.4274,-61.3626,-0.0151417,28.6084,-80.6043,28.6083,-80.6043
71.54,301.398,307.069,-61.4251,-61.3598,-0.0158126,28.6084,-80.6043,28.6083,-80.6043
71.55,300.784,306.456,-61.4228,-61.3583,-0.014914,28.6084,-80.6043,28.6083,-80.6043
71.56,300.17,305.842,-61.4205,-61.3556,-0.0156735,28.6084,-80.6043,28.6083,-80.6043
71.57,299.556,305.229,-61.4183,-61.3529,-0.0147209,28.6084,-80.6043,28.6083,-80.6043
71.58,298.942,304.615,-61.416,-61.3496,-0.0148617,28.6084,-80.6043,28.6083,-80.6043
71.59,298.327,304.002,-61.4137,-61.3469,-0.0156505,28.6084,-80.6043,28.6083,-80.6043
71.6,297.713,303.08,-61.4115,-61.3432,-0.0159146,28.6084,-80.6043,28.6083,-80.6043
71.61,297.099,302.467,-61.4092,-61.3425,-0.014967,28.6084,-80.6043,28.6083,-80.6043
71.62,296.485,301.853,-61.4069,-61.3409,-0.0143805,28.6084,-80.6043,28.6083,-80.6043
71.63,295.871,301.24,-61.4046,-61.3371,-0.0137455,28.6084,-80.6043,28.6083,-80.6043
71.64,295.257,300.627,-61.4024,-61.3366,-0.0146234,28.6084,-80.6043,28.6083,-80.6043
71.65,294.643,300.013,-61.4001,-61.3329,-0.0139892,28.6084,-80.6043,28.6083,-80.6043
71.66,294.029,299.4,-61.3978,-61.3315,-0.0134851,28.6084,-80.6043,28.6083,-80.6043
71.67,293.415,298.787,-61.3956,-61.3274,-0.0144618,28.6084,-80.6043,28.6083,-80.6043
71.68,292.801,298.173,-61.3933,-61.3245,-0.0138415,28.6084,-80.6043,28.6083,-80.6043
71.69,292.187,297.56,-61.391,-61.3216,-0.013175,28.6084,-80.6043,28.6083,-80.6043
71.7,291.573,296.622,-61.3888,-61.3209,-0.0129888,28.6084,-80.6043,28.6083,-80.6043
71.71,290.96,296.009,-61.3865,-61.3189,-0.0135729,28.6084,-80.6043,28.6083,-80.6043
71.72,290.346,295.395,-61.3842,-61.317,-0.0126128,28.6084,-80.6043,28.6083,-80.6043
71.73,289.732,294.782,-61.382,-61.3142,-0.0135708,28.6084,-80.6043,28.6083,-80.6043
71.74,289.118,294.169,-61.3797,-61.3136,-0.0135559,28.6084,-80.6043,28.6083,-80.6043
71.75,288.504,293.556,-61.3774,-61.3117,-0.0141799,28.6084,-80.6043,28.6083,-80.6043
71.76,287.891,292.943,-61.3751,-61.3088,-0.0144542,28.6084,-80.6043,28.6083,-80.6043
71.77,287.277,292.33,-61.3729,-61.3065,-0.0145337,28.6084,-80.6043,28.6083,-80.6043
71.78,286.663,291.717,-61.3706,-61.3052,-0.0148756,28.6084,-80.6043,28.6083,-80.6043
71.79,286.05,291.104,-61.3683,-61.3029,-0.0152615,28.6084,-80.6043,28.6083,-80.6043
71.8,285.436,290.268,-61.3661,-61.3018,-0.0155945,28.6084,-80.6043,28.6083,-80.6043
71.81,284.822,289.655,-61.3638,-61.2992,-0.0160184,28.6084,-80.6043,28.6083,-80.6043
71.82,284.209,289.042,-61.3615,-61.2966,-0.0157613,28.6084,-80.6043,28.6083,-80.6043
71.83,283.595,288.429,-61.3593,-61.296,-0.016301,28.6084,-80.6043,28.6083,-80.6043
71.84,282.981,287.816,-61.357,-61.2939,-0.0168854,28.6084,-80.6043,28.6083,-80.6043
71.85,282.368,287.203,-61.3547,-61.2903,-0.0160882,28.6084,-80.6043,28.6083,-80.6043
71.86,281.754,286.59,-61.3525,-61.2883,-0.0170258,28.6084,-80.6043,28.6083,-80.6043
71.87,281.141,285.977,-61.3502,-61.2868,-0.0171904,28.6084,-80.6043,28.6083,-80.6043
71.88,280.527,285.364,-61.3479,-61.2838,-0.0175249,28.6084,-80.6043,28.6083,-80.6043
71.89,279.914,284.751,-61.3457,-61.2815,-0.0181725,28.6084,-80.6043,28.6083,-80.6043
71.9,279.3,284.667,-61.3434,-61.2784,-0.0177899,28.6084,-80.6043,28.6083,-80.6043
71.91,278.687,284.054,-61.3411,-61.2748,-0.0183841,28.6084,-80.6043,28.6083,-80.6043
71.92,278.074,283.441,-61.3389,-61.2733,-0.0187231,28.6084,-80.6043,28.6083,-80.6043
71.93,277.46,282.829,-61.3366,-61.2709,-0.0180833,28.6084,-80.6043,28.6083,-80.6043
71.94,276.847,282.216,-61.3344,-61.2681,-0.0176038,28.6084,-80.6043,28.6083,-80.6043
71.95,276.234,281.603,-61.3321,-61.2672,-0.0181794,28.6084,-80.6043,28.6083,-80.6043
71.96,275.62,280.991,-61.3298,-61.2641,-0.0182965,28.6084,-80.6043,28.6083,-80.6043
71.97,275.007,280.378,-61.3276,-61.2607,-0.0186401,28.6084,-80.6043,28.6083,-80.6043
71.98,274.394,279.765,-61.3253,-61.2582,-0.0195828,28.6084,-80.6043,28.6083,-80.6043
71.99,273.781,279.153,-61.323,-61.2548,-0.0190879,28.6084,-80.6043,28.6083,-80.6043
72,273.167,278.14,-61.3208,-61.2511,-0.0187107,28.6084,-80.6043,28.6084,-80.6042
72.01,272.554,277.527,-61.3185,-61.2501,-0.0197101,28.6084,-80.6043,28.6084,-80.6042
72.02,271.941,276.915,-61.3162,-61.2477,-0.020044,28.6084,-80.6043,28.6084,-80.6042
72.03,271.328,276.302,-61.314,-61.247,-0.0195878,28.6084,-80.6043,28.6084,-80.6042
72.04,270.715,275.69,-61.3117,-61.2465,-0.0189929,28.6084,-80.6043,28.6084,-80.6042
72.05,270.102,275.077,-61.3095,-61.244,-0.0197145,28.6084,-80.6043,28.6084,-80.6042
72.06,269.489,274.465,-61.3072,-61.2437,-0.0189647,28.6084,-80.6043,28.6084,-80.6042
72.07,268.876,273.852,-61.3049,-61.2415,-0.0189002,28.6084,-80.6043,28.6084,-80.6042
72.08,268.263,273.24,-61.3027,-61.2385,-0.0196858,28.6084,-80.6043,28.6084,-80.6042
72.09,267.65,272.628,-61.3004,-61.2372,-0.0189893,28.6084,-80.6043,28.6084,-80.6042
72.1,267.037,272.452,-61.2981,-61.2356,-0.018046,28.6084,-80.6043,28.6084,-80.6042
72.11,266.424,271.84,-61.2959,-61.2342,-0.0184464,28.6084,-80.6043,28.6084,-80.6042
72.12,265.811,271.228,-61.2936,-61.2306,-0.0191533,28.6084,-80.6043,28.6084,-80.6042
72.13,265.198,270.615,-61.2914,-61.23,-0.0189996,28.6084,-80.6043,28.6084,-80.6042
72.14,264.585,270.003,-61.2891,-61.2257,-0.0184428,28.6084,-80.6043,28.6084,-80.6042
72.15,263.972,269.391,-61.2868,-61.2224,-0.0176797,28.6084,-80.6043,28.6084,-80.6042
72.16,263.359,268.779,-61.2846,-61.2191,-0.0179501,28.6084,-80.6043,28.6084,-80.6042
72.17,262.746,268.166,-61.2823,-61.2171,-0.0187267,28.6084,-80.6043,28.6084,-80.6042
72.18,262.134,267.554,-61.28,-61.2149,-0.0194035,28.6084,-80.6043,28.6084,-80.6042
72.19,261.521,266.942,-61.2778,-61.214,-0.0198669,28.6084,-80.6043,28.6084,-80.6042
72.2,260.908,265.957,-61.2755,-61.2108,-0.0202555,28.6084,-80.6043,28.6084,-80.6042
72.21,260.295,265.345,-61.2733,-61.2095,-0.0197047,28.6084,-80.6043,28.6084,-80.6042
72.22,259.683,264.733,-61.271,-61.206,-0.0200995,28.6084,-80.6043,28.6084,-80.6042
72.23,259.07,264.121,-61.2687,-61.2022,-0.0209536,28.6084,-80.6043,28.6084,-80.6042
72.24,258.457,263.509,-61.2665,-61.2013,-0.0215498,28.6084,-80.6043,28.6084,-80.6042
72.25,257.845,262.897,-61.2642,-61.2009,-0.0216686,28.6084,-80.6043,28.6084,-80.6042
72.26,257.232,262.285,-61.262,-61.1994,-0.0219798,28.6084,-80.6043,28.6084,-80.6042
72.27,256.619,261.673,-61.2597,-61.198,-0.0220471,28.6084,-80.6043,28.6084,-80.6042
72.28,256.007,261.061,-61.2574,-61.196,-0.0213535,28.6084,-80.6043,28.6084,-80.6042
72.29,255.394,260.449,-61.2552,-61.1939,-0.0219284,28.6084,-80.6043,28.6084,-80.6042
72.3,254.782,259.991,-61.2529,-61.1912,-0.0222356,28.6084,-80.6043,28.6084,-80.6042
72.31,254.169,259.379,-61.2507,-61.187,-0.0216759,28.6084,-80.6043,28.6084,-80.6042
72.32,253.557,258.767,-61.2484,-61.1863,-0.0217871,28.6084,-80.6043,28.6084,-80.6042
72.33,252.944,258.155,-61.2462,-61.1823,-0.0222482,28.6084,-80.6043,28.6084,-80.6042
72.34,252.332,257.544,-61.2439,-61.1792,-0.0218992,28.6084,-80.6043,28.6084,-80.6042
72.35,251.719,256.932,-61.2416,-61.1766,-0.0209367,28.6084,-80.6043,28.6084,-80.6042
72.36,251.107,256.32,-61.2394,-61.1752,-0.0212357,28.6084,-80.6043,28.6084,-80.6042
72.37,250.495,255.708,-61.2371,-61.1719,-0.0210658,28.6084,-80.6043,28.6084,-80.6042
72.38,249.882,255.097,-61.2349,-61.1707,-0.0203556,28.6084,-80.6043,28.6084,-80.6042
72.39,249.27,254.485,-61.2326,-61.1675,-0.0204856,28.6084,-80.6043,28.6084,-80.6042
72.4,248.658,254.376,-61.2304,-61.1636,-0.0211328,28.6084,-80.6043,28.6084,-80.6042
72.41,248.045,253.765,-61.2281,-61.1603,-0.0212402,28.6084,-80.6043,28.6084,-80.6042
72.42,247.433,253.153,-61.2258,-61.1592,-0.0208837,28.6084,-80.6043,28.6084,-80.6042
72.43,246.821,252.542,-61.2236,-61.1578,-0.0205117,28.6084,-80.6043,28.6084,-80.6042
72.44,246.209,251.93,-61.2213,-61.154,-0.0197079,28.6084,-80.6043,28.6084,-80.6042
72.45,245.596,251.319,-61.2191,-61.1536,-0.0189437,28.6084,-80.6043,28.6084,-80.6042
72.46,244.984,250.707,-61.2168,-61.1498,-0.0183192,28.6084,-80.6043,28.6084,-80.6042
72.47,244.372,250.096,-61.2146,-61.1456,-0.0186796,28.6084,-80.6043,28.6084,-80.6042
72.48,243.76,249.484,-61.2123,-61.1423,-0.0191705,28.6084,-80.6043,28.6084,-80.6042
72.49,243.148,248.873,-61.21,-61.142,-0.0193141,28.6084,-80.6043,28.6084,-80.6042
72.5,242.536,247.984,-61.2078,-61.1384,-0.0202867,28.6084,-80.6043,28.6084,-80.6042
72.51,241.924,247.373,-61.2055,-61.1353,-0.019695,28.6084,-80.6043,28.6084,-80.6042
72.52,241.312,246.761,-61.2033,-61.1338,-0.0198683,28.6084,-80.6043,28.6084,-80.6042
72.53,240.7,246.15,-61.201,-61.131,-0.0208058,28.6084,-80.6043,28.6084,-80.6042
72.54,240.088,245.539,-61.1988,-61.1273,-0.0207046,28.6084,-80.6043,28.6084,-80.6042
72.55,239.476,244.927,-61.1965,-61.1263,-0.0204982,28.6084,-80.6043,28.6084,-80.6042
72.56,238.864,244.316,-61.1943,-61.1228,-0.0201902,28.6084,-80.6043,28.6084,-80.6042
72.57,238.252,243.705,-61.192,-61.1193,-0.0202444,28.6084,-80.6043,28.6084,-80.6042
72.58,237.64,243.094,-61.1898,-61.1152,-0.0202236,28.6084,-80.6043,28.6084,-80.6042
72.59,237.028,242.483,-61.1875,-61.1135,-0.0195258,28.6084,-80.6043,28.6084,-80.6042
72.6,236.416,241.557,-61.1852,-61.1111,-0.020034,28.6084,-80.6043,28.6084,-80.6042
72.61,235.804,240.946,-61.183,-61.1079,-0.020572,28.6084,-80.6043,28.6084,-80.6042
72.62,235.193,240.335,-61.1807,-61.1075,-0.0213545,28.6084,-80.6043,28.6084,-80.6042
72.63,234.581,239.724,-61.1785,-61.1053,-0.0222013,28.6084,-80.6043,28.6084,-80.6042
72.64,233.969,239.113,-61.1762,-61.1029,-0.0225709,28.6084,-80.6043,28.6084,-80.6042
72.65,233.357,238.502,-61.174,-61.1023,-0.0230759,28.6084,-80.6043,28.6084,-80.6042
72.66,232.746,237.891,-61.1717,-61.1001,-0.0223036,28.6084,-80.6043,28.6084,-80.6042
72.67,232.134,237.28,-61.1695,-61.0976,-0.0214861,28.6084,-80.6043,28.6084,-80.6042
72.68,231.522,236.669,-61.1672,-61.0952,-0.0213376,28.6084,-80.6043,28.6084,-80.6042
72.69,230.911,236.058,-61.165,-61.092,-0.0221622,28.6084,-80.6043,28.6084,-80.6042
72.7,230.299,235.338,-61.1627,-61.0886,-0.0224416,28.6084,-80.6043,28.6084,-80.6042
72.71,229.687,234.727,-61.1605,-61.0848,-0.0230722,28.6084,-80.6043,28.6084,-80.6042
72.72,229.076,234.116,-61.1582,-61.0831,-0.0233063,28.6084,-80.6043,28.6084,-80.6042
72.73,228.464,233.505,-61.156,-61.0801,-0.0228682,28.6084,-80.6043,28.6084,-80.6042
72.74,227.853,232.894,-61.1537,-61.0789,-0.0233926,28.6084,-80.6043,28.6084,-80.6042
72.75,227.241,232.284,-61.1515,-61.0748,-0.0224802,28.6084,-80.6043,28.6084,-80.6042
72.76,226.63,231.673,-61.1492,-61.0722,-0.0230883,28.6084,-80.6043,28.6084,-80.6042
72.77,226.018,231.062,-61.147,-61.0719,-0.0226852,28.6084,-80.6043,28.6084,-80.6042
72.78,225.407,230.452,-61.1447,-61.069,-0.0235313,28.6084,-80.6043,28.6084,-80.6042
72.79,224.795,229.841,-61.1425,-61.0678,-0.0225379,28.6084,-80.6043,28.6084,-80.6042
72.8,224.184,229.212,-61.1402,-61.0668,-0.0225659,28.6084,-80.6043,28.6084,-80.6042
72.81,223.573,228.601,-61.138,-61.0646,-0.023508,28.6084,-80.6043,28.6084,-80.6042
72.82,222.961,227.991,-61.1357,-61.0628,-0.023327,28.6084,-80.6043,28.6084,-80.6042
72.83,222.35,227.38,-61.1335,-61.0601,-0.024011,28.6084,-80.6043,28.6084,-80.6042
72.84,221.739,226.769,-61.1312,-61.0571,-0.0242407,28.6084,-80.6043,28.6084,-80.6042
72.85,221.127,226.159,-61.129,-61.0548,-0.0241196,28.6084,-80.6043,28.6084,-80.6042
72.86,220.516,225.548,-61.1267,-61.0513,-0.0237136,28.6084,-80.6043,28.6084,-80.6042
72.87,219.905,224.938,-61.1245,-61.0474,-0.0243058,28.6084,-80.6043,28.6084,-80.6042
72.88,219.294,224.327,-61.1222,-61.0455,-0.024036,28.6084,-80.6043,28.6084,-80.6042
72.89,218.682,223.717,-61.12,-61.0435,-0.0237642,28.6084,-80.6043,28.6084,-80.6042
72.9,218.071,222.707,-61.1177,-61.0409,-0.0239802,28.6084,-80.6043,28.6084,-80.6042
72.91,217.46,222.096,-61.1155,-61.0397,-0.0241956,28.6084,-80.6043,28.6084,-80.6042
72.92,216.849,221.486,-61.1132,-61.0358,-0.024241,28.6084,-80.6043,28.6084,-80.6042
72.93,216.238,220.875,-61.111,-61.0336,-0.0249035,28.6084,-80.6043,28.6084,-80.6042
72.94,215.627,220.265,-61.1087,-61.0315,-0.0246306,28.6084,-80.6043,28.6084,-80.6042
72.95,215.016,219.655,-61.1065,-61.0286,-0.0236982,28.6084,-80.6043,28.6084,-80.6042
72.96,214.405,219.045,-61.1042,-61.0256,-0.0233308,28.6084,-80.6043,28.6084,-80.6042
72.97,213.794,218.434,-61.102,-61.0239,-0.0237701,28.6084,-80.6043,28.6084,-80.6042
72.98,213.183,217.824,-61.0997,-61.0225,-0.0237199,28.6084,-80.6043,28.6084,-80.6042
72.99,212.572,217.214,-61.0975,-61.0184,-0.0233758,28.6084,-80.6043,28.6084,-80.6042
73,211.961,216.985,-61.0952,-61.018,-0.0233377,28.6084,-80.6043,28.6084,-80.6042
73.01,211.35,216.375,-61.093,-61.0158,-0.023468,28.6084,-80.6043,28.6084,-80.6042
73.02,210.739,215.765,-61.0907,-61.015,-0.0229072,28.6084,-80.6043,28.6084,-80.6042
73.03,210.128,215.155,-61.0885,-61.0121,-0.0228577,28.6084,-80.6043,28.6084,-80.6042
73.04,209.517,214.545,-61.0862,-61.0118,-0.0229268,28.6084,-80.6043,28.6084,-80.6042
73.05,208.906,213.935,-61.084,-61.0079,-0.0220481,28.6084,-80.6043,28.6084,-80.6042
73.06,208.295,213.325,-61.0818,-61.0039,-0.0222755,28.6084,-80.6043,28.6084,-80.6042
73.07,207.685,212.714,-61.0795,-61.0032,-0.022442,28.6084,-80.6043,28.6084,-80.6042
73.08,207.074,212.104,-61.0773,-61.0028,-0.0219163,28.6084,-80.6043,28.6084,-80.6042
73.09,206.463,211.494,-61.075,-61.0011,-0.0214911,28.6084,-80.6043,28.6084,-80.6042
73.1,205.852,211.177,-61.0728,-60.999,-0.0209911,28.6084,-80.6043,28.6084,-80.6042
73.11,205.242,210.567,-61.0705,-60.9948,-0.021441,28.6084,-80.6043,28.6084,-80.6042
73.12,204.631,209.958,-61.0683,-60.9908,-0.0216297,28.6084,-80.6043,28.6084,-80.6042
73.13,204.02,209.348,-61.066,-60.9893,-0.0216889,28.6084,-80.6043,28.6084,-80.6042
73.14,203.41,208.738,-61.0638,-60.9854,-0.022559,28.6084,-80.6043,28.6084,-80.6042
73.15,202.799,208.128,-61.0616,-60.9815,-0.0223677,28.6084,-80.6043,28.6084,-80.6042
73.16,202.188,207.518,-61.0593,-60.9805,-0.0214175,28.6084,-80.6043,28.6084,-80.6042
73.17,201.578,206.908,-61.0571,-60.9773,-0.0204378,28.6084,-80.6043,28.6084,-80.6042
73.18,200.967,206.299,-61.0548,-60.9745,-0.0209315,28.6084,-80.6043,28.6084,-80.6042
73.19,200.357,205.689,-61.0526,-60.9702,-0.0217112,28.6084,-80.6043,28.6084,-80.6042
73.2,199.746,205.329,-61.0503,-60.9693,-0.0208346,28.6084,-80.6043,28.6084,-80.6042
73.21,199.136,204.719,-61.0481,-60.9689,-0.0217418,28.6084,-80.6043,28.6084,-80.6042
73.22,198.525,204.11,-61.0458,-60.9667,-0.0215833,28.6084,-80.6043,28.6084,-80.6042
73.23,197.915,203.5,-61.0436,-60.9633,-0.0208782,28.6084,-80.6043,28.6084,-80.6042
73.24,197.305,202.89,-61.0414,-60.9619,-0.0213663,28.6084,-80.6043,28.6084,-80.6042
73.25,196.694,202.281,-61.0391,-60.9592,-0.0217969,28.6084,-80.6043,28.6084,-80.6042
73.26,196.084,201.671,-61.0369,-60.955,-0.0210417,28.6084,-80.6043,28.6084,-80.6042
73.27,195.473,201.062,-61.0346,-60.9538,-0.0212514,28.6084,-80.6043,28.6084,-80.6042
73.28,194.863,200.452,-61.0324,-60.9528,-0.0208383,28.6084,-80.6043,28.6084,-80.6042
73.29,194.253,199.843,-61.0301,-60.9514,-0.0213163,28.6084,-80.6043,28.6084,-80.6042
73.3,193.643,199.28,-61.0279,-60.9487,-0.0205373,28.6084,-80.6043,28.6084,-80.6042
73.31,193.032,198.671,-61.0257,-60.9466,-0.0203016,28.6084,-80.6043,28.6084,-80.6042
73.32,192.422,198.061,-61.0234,-60.9445,-0.0208382,28.6084,-80.6043,28.6084,-80.6042
73.33,191.812,197.452,-61.0212,-60.9407,-0.0209198,28.6084,-80.6043,28.6084,-80.6042
73.34,191.202,196.842,-61.0189,-60.9391,-0.0218372,28.6084,-80.6043,28.6084,-80.6042
73.35,190.591,196.233,-61.0167,-60.9373,-0.0220478,28.6084,-80.6043,28.6084,-80.6042
73.36,189.981,195.624,-61.0145,-60.9347,-0.0221599,28.6084,-80.6043,28.6084,-80.6042
73.37,189.371,195.014,-61.0122,-60.931,-0.0228058,28.6084,-80.6043,28.6084,-80.6042
73.38,188.761,194.405,-61.01,-60.9297,-0.022372,28.6084,-80.6043,28.6084,-80.6042
73.39,188.151,193.796,-61.0077,-60.9276,-0.0223537,28.6084,-80.6043,28.6084,-80.6042
73.4,187.541,193.258,-61.0055,-60.9261,-0.0218465,28.6084,-80.6043,28.6084,-80.6042
73.41,186.931,192.649,-61.0033,-60.9239,-0.020867,28.6084,-80.6043,28.6084,-80.6042
73.42,186.321,192.04,-61.001,-60.92,-0.0210808,28.6084,-80.6043,28.6084,-80.6042
73.43,185.711,191.43,-60.9988,-60.917,-0.0217056,28.6084,-80.6043,28.6084,-80.6042
73.44,185.101,190.821,-60.9965,-60.9142,-0.0220892,28.6084,-80.6043,28.6084,-80.6042
73.45,184.491,190.212,-60.9943,-60.9136,-0.0228401,28.6084,-80.6043,28.6084,-80.6042
73.46,183.881,189.603,-60.9921,-60.9098,-0.0224502,28.6084,-80.6043,28.6084,-80.6042
73.47,183.271,188.994,-60.9898,-60.9072,-0.0231966,28.6084,-80.6043,28.6084,-80.6042
73.48,182.661,188.385,-60.9876,-60.9047,-0.0241084,28.6084,-80.6043,28.6084,-80.6042
73.49,182.051,187.776,-60.9853,-60.9026,-0.0238939,28.6084,-80.6043,28.6084,-80.6042
73.5,181.442,186.84,-60.9831,-60.9006,-0.0231672,28.6084,-80.6043,28.6084,-80.6042
73.51,180.832,186.231,-60.9809,-60.8995,-0.0227118,28.6084,-80.6043,28.6084,-80.6042
73.52,180.222,185.622,-60.9786,-60.8978,-0.0234341,28.6084,-80.6043,28.6084,-80.6042
73.53,179.612,185.013,-60.9764,-60.8958,-0.0227322,28.6084,-80.6043,28.6084,-80.6042
73.54,179.003,184.404,-60.9741,-60.8929,-0.0222042,28.6084,-80.6043,28.6084,-80.6042
73.55,178.393,183.796,-60.9719,-60.8903,-0.0229109,28.6084,-80.6043,28.6084,-80.6042
73.56,177.783,183.187,-60.9697,-60.8862,-0.0227223,28.6084,-80.6043,28.6084,-80.6042
73.57,177.173,182.578,-60.9674,-60.8858,-0.0230141,28.6084,-80.6043,28.6084,-80.6042
73.58,176.564,181.969,-60.9652,-60.8844,-0.0235579,28.6084,-80.6043,28.6084,-80.6042
73.59,175.954,181.36,-60.963,-60.8841,-0.0233603,28.6084,-80.6043,28.6084,-80.6042
73.6,175.345,181.145,-60.9607,-60.8827,-0.0240949,28.6084,-80.6043,28.6084,-80.6042
73.61,174.735,180.536,-60.9585,-60.8804,-0.0236598,28.6084,-80.6043,28.6084,-80.6042
73.62,174.125,179.927,-60.9563,-60.8777,-0.0235275,28.6084,-80.6043,28.6084,-80.6042
73.63,173.516,179.319,-60.954,-60.8744,-0.0243488,28.6084,-80.6043,28.6084,-80.6042
73.64,172.906,178.71,-60.9518,-60.8735,-0.0249423,28.6084,-80.6043,28.6084,-80.6042
73.65,172.297,178.101,-60.9495,-60.8695,-0.0251854,28.6084,-80.6043,28.6084,-80.6042
73.66,171.687,177.492,-60.9473,-60.8689,-0.0248246,28.6084,-80.6043,28.6084,-80.6042
73.67,171.078,176.884,-60.9451,-60.8656,-0.0253694,28.6084,-80.6043,28.6084,-80.6042
73.68,170.469,176.275,-60.9428,-60.8649,-0.0251464,28.6084,-80.6043,28.6084,-80.6042
73.69,169.859,175.667,-60.9406,-60.8611,-0.0243683,28.6084,-80.6043,28.6084,-80.6042
73.7,169.25,174.526,-60.9384,-60.86,-0.0253237,28.6084,-80.6043,28.6084,-80.6042
73.71,168.64,173.917,-60.9361,-60.8564,-0.0261982,28.6084,-80.6043,28.6084,-80.6042
73.72,168.031,173.309,-60.9339,-60.8553,-0.0269962,28.6084,-80.6043,28.6084,-80.6042
73.73,167.422,172.7,-60.9317,-60.8539,-0.0275717,28.6084,-80.6043,28.6084,-80.6042
73.74,166.812,172.092,-60.9294,-60.8509,-0.0273796,28.6084,-80.6043,28.6084,-80.6042
73.75,166.203,171.483,-60.9272,-60.8493,-0.0279922,28.6084,-80.6043,28.6084,-80.6042
73.76,165.594,170.875,-60.925,-60.8467,-0.0288672,28.6084,-80.6043,28.6084,-80.6042
73.77,164.985,170.266,-60.9227,-60.8432,-0.0295426,28.6084,-80.6043,28.6084,-80.6042
73.78,164.375,169.658,-60.9205,-60.8397,-0.028735,28.6084,-80.6043,28.6084,-80.6042
73.79,163.766,169.049,-60.9183,-60.8381,-0.0296802,28.6084,-80.6043,28.6084,-80.6042
73.8,163.157,168.771,-60.916,-60.8344,-0.0292518,28.6084,-80.6043,28.6084,-80.6042
73.81,162.548,168.163,-60.9138,-60.8337,-0.0293024,28.6084,-80.6043,28.6084,-80.6042
73.82,161.939,167.555,-60.9116,-60.8321,-0.0289785,28.6084,-80.6043,28.6084,-80.6042
73.83,161.33,166.946,-60.9093,-60.8315,-0.0295396,28.6084,-80.6043,28.6084,-80.6042
73.84,160.721,166.338,-60.9071,-60.8291,-0.0299351,28.6084,-80.6043,28.6084,-80.6042
73.85,160.112,165.73,-60.9049,-60.8279,-0.0301331,28.6084,-80.6043,28.6084,-80.6042
73.86,159.503,165.122,-60.9026,-60.8272,-0.0305241,28.6084,-80.6043,28.6084,-80.6042
73.87,158.894,164.513,-60.9004,-60.8246,-0.031097,28.6084,-80.6043,28.6084,-80.6042
73.88,158.285,163.905,-60.8982,-60.8219,-0.0304623,28.6084,-80.6043,28.6084,-80.6042
73.89,157.676,163.297,-60.8959,-60.8181,-0.0310795,28.6084,-80.6043,28.6084,-80.6042
73.9,157.067,162.712,-60.8937,-60.8172,-0.0318654,28.6084,-80.6043,28.6084,-80.6042
73.91,156.458,162.103,-60.8915,-60.8138,-0.0310225,28.6084,-80.6043,28.6084,-80.6042
73.92,155.849,161.495,-60.8892,-60.8098,-0.0319246,28.6084,-80.6043,28.6084,-80.6042
73.93,155.24,160.887,-60.887,-60.8062,-0.0323532,28.6084,-80.6043,28.6084,-80.6042
73.94,154.631,160.279,-60.8848,-60.8057,-0.0319897,28.6084,-80.6043,28.6084,-80.6042
73.95,154.022,159.671,-60.8825,-60.8015,-0.0326047,28.6084,-80.6043,28.6084,-80.6042
73.96,153.414,159.063,-60.8803,-60.8004,-0.0326555,28.6084,-80.6043,28.6084,-80.6042
73.97,152.805,158.455,-60.8781,-60.798,-0.0318942,28.6084,-80.6043,28.6084,-80.6042
73.98,152.196,157.847,-60.8758,-60.7955,-0.0313828,28.6084,-80.6043,28.6084,-80.6042
73.99,151.587,157.239,-60.8736,-60.7936,-0.0306567,28.6084,-80.6043,28.6084,-80.6042
74,150.979,156.339,-60.8714,-60.7893,-0.0299914,28.6084,-80.6043,28.6083,-80.6044
74.01,150.37,155.731,-60.8692,-60.7852,-0.0301159,28.6084,-80.6043,28.6083,-80.6044
74.02,149.761,155.123,-60.8669,-60.7846,-0.0309386,28.6084,-80.6043,28.6083,-80.6044
74.03,149.153,154.515,-60.8647,-60.7827,-0.0315195,28.6084,-80.6043,28.6083,-80.6044
74.04,148.544,153.908,-60.8625,-60.7789,-0.0312348,28.6084,-80.6043,28.6083,-80.6044
74.05,147.935,153.3,-60.8602,-60.7782,-0.0305825,28.6084,-80.6043,28.6083,-80.6044
74.06,147.327,152.692,-60.858,-60.7752,-0.02967,28.6084,-80.6043,28.6083,-80.6044
74.07,146.718,152.084,-60.8558,-60.7745,-0.0291348,28.6084,-80.6043,28.6083,-80.6044
74.08,146.11,151.477,-60.8536,-60.7717,-0.0299113,28.6084,-80.6043,28.6083,-80.6044
74.09,145.501,150.869,-60.8513,-60.7677,-0.0291979,28.6084,-80.6043,28.6083,-80.6044
74.1,144.893,150.074,-60.8491,-60.7651,-0.0292051,28.6084,-80.6043,28.6083,-80.6044
74.11,144.284,149.466,-60.8469,-60.7619,-0.0297009,28.6084,-80.6043,28.6083,-80.6044
74.12,143.676,148.859,-60.8446,-60.761,-0.0306804,28.6084,-80.6043,28.6083,-80.6044
74.13,143.067,148.251,-60.8424,-60.7598,-0.0316772,28.6084,-80.6043,28.6083,-80.6044
74.14,142.459,147.644,-60.8402,-60.7556,-0.0315745,28.6084,-80.6043,28.6083,-80.6044
74.15,141.851,147.036,-60.838,-60.7536,-0.0322242,28.6084,-80.6043,28.6083,-80.6044
74.16,141.242,146.429,-60.8357,-60.7516,-0.0318352,28.6084,-80.6043,28.6083,-80.6044
74.17,140.634,145.821,-60.8335,-60.7503,-0.0317607,28.6084,-80.6043,28.6083,-80.6044
74.18,140.026,145.214,-60.8313,-60.7496,-0.0317862,28.6084,-80.6043,28.6083,-80.6044
74.19,139.417,144.606,-60.829,-60.7477,-0.0312777,28.6084,-80.6043,28.6083,-80.6044
74.2,138.809,143.674,-60.8268,-60.745,-0.0317984,28.6084,-80.6043,28.6083,-80.6044
74.21,138.201,143.067,-60.8246,-60.743,-0.0320954,28.6084,-80.6043,28.6083,-80.6044
74.22,137.593,142.46,-60.8224,-60.7419,-0.0326703,28.6084,-80.6043,28.6083,-80.6044
74.23,136.984,141.852,-60.8201,-60.7398,-0.0333237,28.6084,-80.6043,28.6083,-80.6044
74.24,136.376,141.245,-60.8179,-60.7393,-0.0342246,28.6084,-80.6043,28.6083,-80.6044
74.25,135.768,140.637,-60.8157,-60.7364,-0.0336114,28.6084,-80.6043,28.6083,-80.6044
74.26,135.16,140.03,-60.8135,-60.7354,-0.0327679,28.6084,-80.6043,28.6083,-80.6044
74.27,134.552,139.423,-60.8112,-60.7313,-0.033354,28.6084,-80.6043,28.6083,-80.6044
74.28,133.944,138.815,-60.809,-60.7304,-0.0323996,28.6084,-80.6043,28.6083,-80.6044
74.29,133.336,138.208,-60.8068,-60.7294,-0.0319543,28.6084,-80.6043,28.6083,-80.6044
74.3,132.728,137.735,-60.8046,-60.7275,-0.0322183,28.6084,-80.6043,28.6083,-80.6044
74.31,132.12,137.128,-60.8023,-60.7266,-0.031927,28.6084,-80.6043,28.6083,-80.6044
74.32,131.512,136.521,-60.8001,-60.7235,-0.032481,28.6084,-80.6043,28.6083,-80.6044
74.33,130.904,135.914,-60.7979,-60.7228,-0.033237,28.6084,-80.6043,28.6083,-80.6044
74.34,130.296,135.307,-60.7957,-60.7186,-0.0327345,28.6084,-80.6043,28.6083,-80.6044
74.35,129.688,134.699,-60.7934,-60.717,-0.032889,28.6084,-80.6043,28.6083,-80.6044
74.36,129.08,134.092,-60.7912,-60.7154,-0.0324627,28.6084,-80.6043,28.6083,-80.6044
74.37,128.472,133.485,-60.789,-60.7127,-0.032386,28.6084,-80.6043,28.6083,-80.6044
74.38,127.864,132.878,-60.7868,-60.7117,-0.0317677,28.6084,-80.6043,28.6083,-80.6044
74.39,127.256,132.271,-60.7845,-60.7091,-0.0323159,28.6084,-80.6043,28.6083,-80.6044
74.4,126.648,131.32,-60.7823,-60.7069,-0.0324873,28.6084,-80.6043,28.6083,-80.6044
74.41,126.041,130.713,-60.7801,-60.705,-0.0327076,28.6084,-80.6043,28.6083,-80.6044
74.42,125.433,130.106,-60.7779,-60.7023,-0.032564,28.6084,-80.6043,28.6083,-80.6044
74.43,124.825,129.499,-60.7756,-60.7006,-0.0319191,28.6084,-80.6043,28.6083,-80.6044
74.44,124.217,128.892,-60.7734,-60.6992,-0.0313519,28.6084,-80.6043,28.6083,-80.6044
74.45,123.61,128.285,-60.7712,-60.6982,-0.0314205,28.6084,-80.6043,28.6083,-80.6044
74.46,123.002,127.678,-60.769,-60.6944,-0.0307482,28.6084,-80.6043,28.6083,-80.6044
74.47,122.394,127.071,-60.7668,-60.6935,-0.031513,28.6084,-80.6043,28.6083,-80.6044
74.48,121.787,126.465,-60.7645,-60.6894,-0.0319206,28.6084,-80.6043,28.6083,-80.6044
74.49,121.179,125.858,-60.7623,-60.6888,-0.0314799,28.6084,-80.6043,28.6083,-80.6044
74.5,120.571,125.23,-60.7601,-60.6859,-0.0314448,28.6084,-80.6043,28.6083,-80.6044
74.51,119.964,124.624,-60.7579,-60.6855,-0.0321378,28.6084,-80.6043,28.6083,-80.6044
74.52,119.356,124.017,-60.7556,-60.683,-0.032043,28.6084,-80.6043,28.6083,-80.6044
74.53,118.749,123.41,-60.7534,-60.6789,-0.0326588,28.6084,-80.6043,28.6083,-80.6044
74.54,118.141,122.803,-60.7512,-60.6756,-0.0327759,28.6084,-80.6043,28.6083,-80.6044
74.55,117.534,122.196,-60.749,-60.6729,-0.033384,28.6084,-80.6043,28.6083,-80.6044
74.56,116.926,121.59,-60.7468,-60.6693,-0.0323915,28.6084,-80.6043,28.6083,-80.6044
74.57,116.319,120.983,-60.7445,-60.6658,-0.0325638,28.6084,-80.6043,28.6083,-80.6044
74.58,115.711,120.376,-60.7423,-60.6641,-0.0322679,28.6084,-80.6043,28.6083,-80.6044
74.59,115.104,119.77,-60.7401,-60.6611,-0.0329741,28.6084,-80.6043,28.6083,-80.6044
74.6,114.497,119.114,-60.7379,-60.6575,-0.0336261,28.6084,-80.6043,28.6083,-80.6044
74.61,113.889,118.508,-60.7357,-60.6571,-0.0339297,28.6084,-80.6043,28.6083,-80.6044
74.62,113.282,117.901,-60.7334,-60.6563,-0.0336425,28.6084,-80.6043,28.6083,-80.6044
74.63,112.675,117.295,-60.7312,-60.6535,-0.0341345,28.6084,-80.6043,28.6083,-80.6044
74.64,112.067,116.688,-60.729,-60.6518,-0.0345299,28.6084,-80.6043,28.6083,-80.6044
74.65,111.46,116.082,-60.7268,-60.6485,-0.0347099,28.6084,-80.6043,28.6083,-80.6044
74.66,110.853,115.475,-60.7246,-60.6456,-0.0338598,28.6084,-80.6043,28.6083,-80.6044
74.67,110.245,114.869,-60.7223,-60.6414,-0.0344184,28.6084,-80.6043,28.6083,-80.6044
74.68,109.638,114.262,-60.7201,-60.6376,-0.0350452,28.6084,-80.6043,28.6083,-80.6044
74.69,109.031,113.656,-60.7179,-60.6334,-0.0353869,28.6084,-80.6043,28.6083,-80.6044
74.7,108.424,113.308,-60.7157,-60.63,-0.036007,28.6084,-80.6043,28.6083,-80.6044
74.71,107.817,112.702,-60.7135,-60.6291,-0.0369762,28.6084,-80.6043,28.6083,-80.6044
74.72,107.21,112.096,-60.7112,-60.6266,-0.0376712,28.6084,-80.6043,28.6083,-80.6044
74.73,106.603,111.489,-60.709,-60.6237,-0.0380845,28.6084,-80.6043,28.6083,-80.6044
74.74,105.996,110.883,-60.7068,-60.6223,-0.0380809,28.6084,-80.6043,28.6083,-80.6044
74.75,105.389,110.277,-60.7046,-60.6202,-0.0383991,28.6084,-80.6043,28.6083,-80.6044
74.76,104.781,109.671,-60.7024,-60.6193,-0.0377679,28.6084,-80.6043,28.6083,-80.6044
74.77,104.174,109.065,-60.7002,-60.6171,-0.0371281,28.6084,-80.6043,28.6083,-80.6044
74.78,103.568,108.458,-60.6979,-60.615,-0.03662,28.6084,-80.6043,28.6083,-80.6044
74.79,102.961,107.852,-60.6957,-60.614,-0.0360954,28.6084,-80.6043,28.6083,-80.6044
74.8,102.354,107.593,-60.6935,-60.6117,-0.0359077,28.6084,-80.6043,28.6083,-80.6044
74.81,101.747,106.986,-60.6913,-60.6098,-0.035731,28.6084,-80.6043,28.6083,-80.6044
74.82,101.14,106.38,-60.6891,-60.6069,-0.0360544,28.6084,-80.6043,28.6083,-80.6044
74.83,100.533,105.774,-60.6869,-60.6036,-0.0357537,28.6084,-80.6043,28.6083,-80.6044
74.84,99.9261,105.168,-60.6846,-60.6007,-0.0356179,28.6084,-80.6043,28.6083,-80.6044
74.85,99.3193,104.562,-60.6824,-60.5971,-0.0349405,28.6084,-80.6043,28.6083,-80.6044
74.86,98.7125,103.956,-60.6802,-60.5955,-0.0342291,28.6084,-80.6043,28.6083,-80.6044
74.87,98.1057,103.35,-60.678,-60.5936,-0.0342099,28.6084,-80.6043,28.6083,-80.6044
74.88,97.4989,102.745,-60.6758,-60.5913,-0.0337756,28.6084,-80.6043,28.6083,-80.6044
74.89,96.8922,102.139,-60.6736,-60.5878,-0.034734,28.6084,-80.6043,28.6083,-80.6044
74.9,96.2855,101.505,-60.6713,-60.5869,-0.0354342,28.6084,-80.6043,28.6083,-80.6044
74.91,95.6788,100.899,-60.6691,-60.5859,-0.0351343,28.6084,-80.6043,28.6083,-80.6044
74.92,95.0721,100.293,-60.6669,-60.5856,-0.035214,28.6084,-80.6043,28.6083,-80.6044
74.93,94.4655,99.6872,-60.6647,-60.5838,-0.0358122,28.6084,-80.6043,28.6083,-80.6044
74.94,93.8588,99.0814,-60.6625,-60.5827,-0.0349531,28.6084,-80.6043,28.6083,-80.6044
74.95,93.2522,98.4756,-60.6603,-60.5793,-0.034637,28.6084,-80.6043,28.6083,-80.6044
74.96,92.6457,97.8698,-60.6581,-60.5775,-0.0348708,28.6084,-80.6043,28.6083,-80.6044
74.97,92.0391,97.2641,-60.6558,-60.5761,-0.0344338,28.6084,-80.6043,28.6083,-80.6044
74.98,91.4326,96.6583,-60.6536,-60.5752,-0.0335043,28.6084,-80.6043,28.6083,-80.6044
74.99,90.8261,96.0526,-60.6514,-60.5735,-0.0330524,28.6084,-80.6043,28.6083,-80.6044
75,90.2196,94.9702,-60.6492,-60.57,-0.0336031,28.6084,-80.6043,28.6085,-80.6044
75.01,89.6131,94.3645,-60.647,-60.5695,-0.0333062,28.6084,-80.6043,28.6085,-80.6044
75.02,89.0066,93.7588,-60.6448,-60.5677,-0.0339051,28.6084,-80.6043,28.6085,-80.6044
75.03,88.4002,93.1532,-60.6426,-60.5653,-0.033802,28.6084,-80.6043,28.6085,-80.6044
75.04,87.7938,92.5475,-60.6404,-60.5635,-0.0337016,28.6084,-80.6043,28.6085,-80.6044
75.05,87.1874,91.9419,-60.6381,-60.5624,-0.0338721,28.6084,-80.6043,28.6085,-80.6044
75.06,86.5811,91.3363,-60.6359,-60.5622,-0.0336611,28.6084,-80.6043,28.6085,-80.6044
75.07,85.9747,90.7307,-60.6337,-60.5595,-0.0341956,28.6084,-80.6043,28.6085,-80.6044
75.08,85.3684,90.1251,-60.6315,-60.5572,-0.0343747,28.6084,-80.6043,28.6085,-80.6044
75.09,84.7621,89.5196,-60.6293,-60.5534,-0.0335444,28.6084,-80.6043,28.6085,-80.6044
75.1,84.1559,89.1447,-60.6271,-60.55,-0.0341338,28.6084,-80.6043,28.6085,-80.6044
75.11,83.5496,88.5392,-60.6249,-60.5472,-0.0347937,28.6084,-80.6043,28.6085,-80.6044
75.12,82.9434,87.9337,-60.6227,-60.547,-0.0344387,28.6084,-80.6043,28.6085,-80.6044
75.13,82.3372,87.3283,-60.6204,-60.5428,-0.0349501,28.6084,-80.6043,28.6085,-80.6044
75.14,81.731,86.7229,-60.6182,-60.5396,-0.0346786,28.6084,-80.6043,28.6085,-80.6044
75.15,81.1248,86.1176,-60.616,-60.5358,-0.0349722,28.6084,-80.6043,28.6085,-80.6044
75.16,80.5187,85.5122,-60.6138,-60.5323,-0.0354557,28.6084,-80.6043,28.6085,-80.6044
75.17,79.9126,84.907,-60.6116,-60.5291,-0.0364235,28.6084,-80.6043,28.6085,-80.6044
75.18,79.3065,84.3017,-60.6094,-60.5257,-0.0368105,28.6084,-80.6043,28.6085,-80.6044
75.19,78.7004,83.6965,-60.6072,-60.5238,-0.0370935,28.6084,-80.6043,28.6085,-80.6044
75.2,78.0944,83.5886,-60.605,-60.5216,-0.0364364,28.6084,-80.6043,28.6085,-80.6044
75.21,77.4883,82.9834,-60.6028,-60.5199,-0.036548,28.6084,-80.6043,28.6085,-80.6044
75.22,76.8823,82.3782,-60.6005,-60.5172,-0.036251,28.6084,-80.6043,28.6085,-80.6044
75.23,76.2764,81.7731,-60.5983,-60.5136,-0.0362661,28.6084,-80.6043,28.6085,-80.6044
75.24,75.6704,81.168,-60.5961,-60.5112,-0.0359699,28.6084,-80.6043,28.6085,-80.6044
75.25,75.0645,80.5629,-60.5939,-60.5082,-0.0365752,28.6084,-80.6043,28.6085,-80.6044
75.26,74.4585,79.9579,-60.5917,-60.5055,-0.0358396,28.6084,-80.6043,28.6085,-80.6044
75.27,73.8526,79.3528,-60.5895,-60.5045,-0.0362853,28.6084,-80.6043,28.6085,-80.6044
75.28,73.2468,78.7478,-60.5873,-60.5009,-0.0363628,28.6084,-80.6043,28.6085,-80.6044
75.29,72.6409,78.1428,-60.5851,-60.5005,-0.0364054,28.6084,-80.6043,28.6085,-80.6044
75.3,72.0351,77.1463,-60.5829,-60.4989,-0.0366237,28.6084,-80.6043,28.6085,-80.6044
75.31,71.4293,76.5414,-60.5807,-60.4975,-0.0373321,28.6084,-80.6043,28.6085,-80.6044
75.32,70.8235,75.9364,-60.5785,-60.4961,-0.037491,28.6084,-80.6043,28.6085,-80.6044
75.33,70.2177,75.3315,-60.5762,-60.4941,-0.0370429,28.6084,-80.6043,28.6085,-80.6044
75.34,69.612,74.7266,-60.574,-60.4907,-0.0361224,28.6084,-80.6043,28.6085,-80.6044
75.35,69.0063,74.1217,-60.5718,-60.4883,-0.0368267,28.6084,-80.6043,28.6085,-80.6044
75.36,68.4006,73.5168,-60.5696,-60.4878,-0.035833,28.6084,-80.6043,28.6085,-80.6044
75.37,67.7949,72.9119,-60.5674,-60.4846,-0.0353886,28.6084,-80.6043,28.6085,-80.6044
75.38,67.1893,72.3071,-60.5652,-60.481,-0.0359047,28.6084,-80.6043,28.6085,-80.6044
75.39,66.5836,71.7023,-60.563,-60.4796,-0.0359056,28.6084,-80.6043,28.6085,-80.6044
75.4,65.978,71.243,-60.5608,-60.4757,-0.0359391,28.6084,-80.6043,28.6085,-80.6044
75.41,65.3724,70.6382,-60.5586,-60.4751,-0.0355387,28.6084,-80.6043,28.6085,-80.6044
75.42,64.7669,70.0335,-60.5564,-60.4734,-0.035238,28.6084,-80.6043,28.6085,-80.6044
75.43,64.1613,69.4288,-60.5542,-60.4725,-0.03541,28.6084,-80.6043,28.6085,-80.6044
75.44,63.5558,68.8241,-60.552,-60.4718,-0.035379,28.6084,-80.6043,28.6085,-80.6044
75.45,62.9503,68.2194,-60.5498,-60.4684,-0.0355326,28.6084,-80.6043,28.6085,-80.6044
75.46,62.3448,67.6147,-60.5476,-60.4676,-0.0346313,28.6084,-80.6043,28.6085,-80.6044
75.47,61.7394,67.0101,-60.5454,-60.4645,-0.0345347,28.6084,-80.6043,28.6085,-80.6044
75.48,61.1339,66.4054,-60.5431,-60.4627,-0.0346196,28.6084,-80.6043,28.6085,-80.6044
75.49,60.5285,65.8008,-60.5409,-60.4612,-0.0348934,28.6084,-80.6043,28.6085,-80.6044
75.5,59.9231,65.5213,-60.5387,-60.4609,-0.034943,28.6084,-80.6043,28.6085,-80.6044
75.51,59.3178,64.9167,-60.5365,-60.459,-0.0354936,28.6084,-80.6043,28.6085,-80.6044
75.52,58.7124,64.3122,-60.5343,-60.4581,-0.0347766,28.6084,-80.6043,28.6085,-80.6044
75.53,58.1071,63.7076,-60.5321,-60.4561,-0.0348869,28.6084,-80.6043,28.6085,-80.6044
75.54,57.5018,63.103,-60.5299,-60.4544,-0.0350742,28.6084,-80.6043,28.6085,-80.6044
75.55,56.8965,62.4985,-60.5277,-60.4505,-0.0351598,28.6084,-80.6043,28.6085,-80.6044
75.56,56.2913,61.894,-60.5255,-60.4494,-0.0349031,28.6084,-80.6043,28.6085,-80.6044
75.57,55.6861,61.2896,-60.5233,-60.4459,-0.0341747,28.6084,-80.6043,28.6085,-80.6044
75.58,55.0808,60.6852,-60.5211,-60.4425,-0.0346796,28.6084,-80.6043,28.6085,-80.6044
75.59,54.4757,60.0808,-60.5189,-60.4384,-0.035069,28.6084,-80.6043,28.6085,-80.6044
75.6,53.8705,58.9676,-60.5167,-60.438,-0.0352361,28.6084,-80.6043,28.6085,-80.6044
75.61,53.2653,58.3632,-60.5145,-60.436,-0.0359362,28.6084,-80.6043,28.6085,-80.6044
75.62,52.6602,57.7589,-60.5123,-60.4319,-0.0361243,28.6084,-80.6043,28.6085,-80.6044
75.63,52.0551,57.1546,-60.5101,-60.4293,-0.0365071,28.6084,-80.6043,28.6085,-80.6044
75.64,51.45,56.5503,-60.5079,-60.426,-0.0362718,28.6084,-80.6043,28.6085,-80.6044
75.65,50.845,55.9461,-60.5057,-60.4226,-0.03686,28.6084,-80.6043,28.6085,-80.6044
75.66,50.2399,55.3419,-60.5035,-60.4199,-0.037843,28.6084,-80.6043,28.6085,-80.6044
75.67,49.6349,54.7377,-60.5013,-60.4183,-0.0378767,28.6084,-80.6043,28.6085,-80.6044
75.68,49.0299,54.1336,-60.4991,-60.4162,-0.0372572,28.6084,-80.6043,28.6085,-80.6044
75.69,48.425,53.5294,-60.4969,-60.4126,-0.0364941,28.6084,-80.6043,28.6085,-80.6044
75.7,47.82,52.4624,-60.4947,-60.4094,-0.0368974,28.6084,-80.6043,28.6085,-80.6044
75.71,47.2151,51.8583,-60.4925,-60.4089,-0.0376336,28.6084,-80.6043,28.6085,-80.6044
75.72,46.6102,51.2543,-60.4903,-60.4048,-0.0383217,28.6084,-80.6043,28.6085,-80.6044
75.73,46.0053,50.6502,-60.4881,-60.4031,-0.0374159,28.6084,-80.6043,28.6085,-80.6044
75.74,45.4005,50.0462,-60.4859,-60.4011,-0.0375522,28.6084,-80.6043,28.6085,-80.6044
75.75,44.7956,49.4422,-60.4837,-60.3994,-0.0367637,28.6084,-80.6043,28.6085,-80.6044
75.76,44.1908,48.8383,-60.4815,-60.3974,-0.0367251,28.6084,-80.6043,28.6085,-80.6044
75.77,43.586,48.2343,-60.4793,-60.3937,-0.0360433,28.6084,-80.6043,28.6085,-80.6044
75.78,42.9812,47.6304,-60.477,-60.393,-0.036675,28.6084,-80.6043,28.6085,-80.6044
75.79,42.3765,47.0265,-60.4748,-60.3904,-0.0361861,28.6084,-80.6043,28.6085,-80.6044
75.8,41.7718,46.368,-60.4726,-60.3863,-0.0355545,28.6084,-80.6043,28.6085,-80.6044
75.81,41.1671,45.7642,-60.4704,-60.3846,-0.0361932,28.6084,-80.6043,28.6085,-80.6044
75.82,40.5624,45.1604,-60.4682,-60.381,-0.0362898,28.6084,-80.6043,28.6085,-80.6044
75.83,39.9577,44.5566,-60.466,-60.3769,-0.0359029,28.6084,-80.6043,28.6085,-80.6044
75.84,39.3531,43.9528,-60.4638,-60.3753,-0.0354465,28.6084,-80.6043,28.6085,-80.6044
75.85,38.7485,43.3491,-60.4616,-60.3712,-0.0355892,28.6084,-80.6043,28.6085,-80.6044
75.86,38.1439,42.7454,-60.4594,-60.3706,-0.0363417,28.6084,-80.6043,28.6085,-80.6044
75.87,37.5393,42.1417,-60.4572,-60.3688,-0.0368412,28.6084,-80.6043,28.6085,-80.6044
75.88,36.9348,41.5381,-60.4551,-60.3666,-0.0371588,28.6084,-80.6043,28.6085,-80.6044
75.89,36.3302,40.9344,-60.4529,-60.3636,-0.0362887,28.6084,-80.6043,28.6085,-80.6044
75.9,35.7257,40.8909,-60.4507,-60.3605,-0.0360771,28.6084,-80.6043,28.6085,-80.6044
75.91,35.1212,40.2874,-60.4485,-60.3589,-0.0361145,28.6084,-80.6043,28.6085,-80.6044
75.92,34.5168,39.6838,-60.4463,-60.3578,-0.0364013,28.6084,-80.6043,28.6085,-80.6044
75.93,33.9123,39.0802,-60.4441,-60.355,-0.0357597,28.6084,-80.6043,28.6085,-80.6044
75.94,33.3079,38.4767,-60.4419,-60.3544,-0.0354928,28.6084,-80.6043,28.6085,-80.6044
75.95,32.7035,37.8732,-60.4397,-60.3516,-0.0355524,28.6084,-80.6043,28.6085,-80.6044
75.96,32.0991,37.2697,-60.4375,-60.349,-0.034918,28.6084,-80.6043,28.6085,-80.6044
75.97,31.4948,36.6662,-60.4353,-60.3475,-0.0357947,28.6084,-80.6043,28.6085,-80.6044
75.98,30.8905,36.0628,-60.4331,-60.3441,-0.0367627,28.6084,-80.6043,28.6085,-80.6044
75.99,30.2862,35.4593,-60.4309,-60.3423,-0.0366912,28.6084,-80.6043,28.6085,-80.6044
76,29.6819,34.6123,-60.4287,-60.3421,-0.036044,28.6084,-80.6043,28.6083,-80.6044
76.01,29.0776,34.0089,-60.4265,-60.3393,-0.0366203,28.6084,-80.6043,28.6083,-80.6044
76.02,28.4734,33.4055,-60.4243,-60.3366,-0.0365141,28.6084,-80.6043,28.6083,-80.6044
76.03,27.8691,32.8022,-60.4221,-60.334,-0.0363745,28.6084,-80.6043,28.6083,-80.6044
76.04,27.2649,32.1988,-60.4199,-60.3328,-0.0369792,28.6084,-80.6043,28.6083,-80.6044
76.05,26.6608,31.5955,-60.4177,-60.3288,-0.0369924,28.6084,-80.6043,28.6083,-80.6044
76.06,26.0566,30.9923,-60.4155,-60.3259,-0.0376912,28.6084,-80.6043,28.6083,-80.6044
76.07,25.4525,30.3891,-60.4133,-60.3223,-0.0380023,28.6084,-80.6043,28.6083,-80.6044
76.08,24.8484,29.7859,-60.4111,-60.3182,-0.0371002,28.6084,-80.6043,28.6083,-80.6044
76.09,24.2443,29.1827,-60.4089,-60.3141,-0.0368843,28.6084,-80.6043,28.6083,-80.6044
76.1,23.6402,28.261,-60.4067,-60.3123,-0.0367085,28.6084,-80.6043,28.6083,-80.6044
76.11,23.0362,27.6579,-60.4045,-60.3104,-0.0364094,28.6084,-80.6043,28.6083,-80.6044
76.12,22.4321,27.0548,-60.4023,-60.3092,-0.03589,28.6084,-80.6043,28.6083,-80.6044
76.13,21.8281,26.4517,-60.4001,-60.3089,-0.035353,28.6084,-80.6043,28.6083,-80.6044
76.14,21.2242,25.8487,-60.3979,-60.3056,-0.0346169,28.6084,-80.6043,28.6083,-80.6044
76.15,20.6202,25.2456,-60.3957,-60.3038,-0.0338186,28.6084,-80.6043,28.6083,-80.6044
76.16,20.0163,24.6426,-60.3935,-60.3033,-0.0342609,28.6084,-80.6043,28.6083,-80.6044
76.17,19.4123,24.0396,-60.3913,-60.301,-0.0339949,28.6084,-80.6043,28.6083,-80.6044
76.18,18.8085,23.4366,-60.3892,-60.2973,-0.0347873,28.6084,-80.6043,28.6083,-80.6044
76.19,18.2046,22.8337,-60.387,-60.2935,-0.0356506,28.6084,-80.6043,28.6083,-80.6044
76.2,17.6007,22.555,-60.3848,-60.2931,-0.0358706,28.6084,-80.6043,28.6083,-80.6044
76.21,16.9969,21.9521,-60.3826,-60.29,-0.0363905,28.6084,-80.6043,28.6083,-80.6044
76.22,16.3931,21.3492,-60.3804,-60.2894,-0.0370596,28.6084,-80.6043,28.6083,-80.6044
76.23,15.7893,20.7464,-60.3782,-60.2884,-0.0379201,28.6084,-80.6043,28.6083,-80.6044
76.24,15.1856,20.1435,-60.376,-60.2851,-0.0376955,28.6084,-80.6043,28.6083,-80.6044
76.25,14.5818,19.5407,-60.3738,-60.2823,-0.0382984,28.6084,-80.6043,28.6083,-80.6044
76.26,13.9781,18.9379,-60.3716,-60.2807,-0.038684,28.6084,-80.6043,28.6083,-80.6044
76.27,13.3744,18.3351,-60.3694,-60.2788,-0.0394525,28.6084,-80.6043,28.6083,-80.6044
76.28,12.7707,17.7323,-60.3672,-60.2772,-0.0400531,28.6084,-80.6043,28.6083,-80.6044
76.29,12.1671,17.1296,-60.365,-60.2735,-0.0406136,28.6084,-80.6043,28.6083,-80.6044
76.3,11.5635,16.268,-60.3628,-60.2709,-0.0400485,28.6084,-80.6043,28.6083,-80.6044
76.31,10.9599,15.6653,-60.3606,-60.2695,-0.0404155,28.6084,-80.6043,28.6083,-80.6044
76.32,10.3563,15.0627,-60.3584,-60.2656,-0.03992,28.6084,-80.6043,28.6083,-80.6044
76.33,9.75272,14.46,-60.3563,-60.2637,-0.0392614,28.6084,-80.6043,28.6083,-80.6044
76.34,9.14918,13.8574,-60.3541,-60.2602,-0.0393338,28.6084,-80.6043,28.6083,-80.6044
76.35,8.54566,13.2548,-60.3519,-60.2592,-0.0392069,28.6084,-80.6043,28.6083,-80.6044
76.36,7.94216,12.6523,-60.3497,-60.2563,-0.0392883,28.6084,-80.6043,28.6083,-80.6044
76.37,7.33869,12.0497,-60.3475,-60.2535,-0.0386414,28.6084,-80.6043,28.6083,-80.6044
76.38,6.73523,11.4472,-60.3453,-60.2507,-0.0381915,28.6084,-80.6043,28.6083,-80.6044
76.39,6.1318,10.8447,-60.3431,-60.2482,-0.0386661,28.6084,-80.6043,28.6083,-80.6044
76.4,5.52839,10.6911,-60.3409,-60.2464,-0.0380753,28.6084,-80.6043,28.6083,-80.6044
76.41,4.92501,10.0887,-60.3387,-60.2438,-0.038622,28.6084,-80.6043,28.6083,-80.6044
76.42,4.32164,9.48626,-60.3365,-60.2406,-0.0395391,28.6084,-80.6043,28.6083,-80.6044
76.43,3.7183,8.88388,-60.3343,-60.2387,-0.0393034,28.6084,-80.6043,28.6083,-80.6044
76.44,3.11498,8.2815,-60.3322,-60.2375,-0.0402542,28.6084,-80.6043,28.6083,-80.6044
76.45,2.51168,7.67915,-60.33,-60.2357,-0.0401325,28.6084,-80.6043,28.6083,-80.6044
76.46,1.9084,7.07683,-60.3278,-60.2319,-0.0396988,28.6084,-80.6043,28.6083,-80.6044
76.47,1.30514,6.47453,-60.3256,-60.2298,-0.0393999,28.6084,-80.6043,28.6083,-80.6044
76.48,0.701908,5.87224,-60.3234,-60.229,-0.0397543,28.6084,-80.6043,28.6083,-80.6044
76.49,0.0986957,5.26997,-60.3212,-60.227,-0.0395523,28.6084,-80.6043,28.6083,-80.6044
76.5,-0.504495,4.88324,-60.319,-60.2246,-0.0404944,28.6084,-80.6043,28.6083,-80.6044
