Time,TrueAlt,EstAlt,TrueVel,EstVel,EstAngle,TrueLat,TrueLon,EstLat,EstLon
0.01,0.00846344,0.00848167,0.846344,0.848167,-0.000855362,28.6084,-80.6043,28.6084,-80.6043
0.02,0.0253903,0.0254174,1.69269,1.69357,6.24304e-05,28.6084,-80.6043,28.6084,-80.6043
0.03,0.0507806,0.0508132,2.53903,2.53958,-0.00075866,28.6084,-80.6043,28.6084,-80.6043
0.04,0.0846342,0.0846772,3.38536,3.3864,-0.000904331,28.6084,-80.6043,28.6084,-80.6043
0.05,0.126951,0.127006,4.23169,4.23284,-0.00087225,28.6084,-80.6043,28.6084,-80.6043
0.06,0.177731,0.177795,5.078,5.07889,-0.000494876,28.6084,-80.6043,28.6084,-80.6043
0.07,0.236974,0.237033,5.9243,5.92381,0.00020241,28.6084,-80.6043,28.6084,-80.6043
0.08,0.30468,0.304717,6.77059,6.76848,0.000873329,28.6084,-80.6043,28.6084,-80.6043
0.09,0.380849,0.38085,7.61686,7.61325,0.00170566,28.6084,-80.6043,28.6084,-80.6043
0.1,0.46548,0.58781,8.46311,8.46006,0.00137472,28.6084,-80.6043,28.6084,-80.6043
0.11,0.558573,0.680855,9.30933,9.30452,0.00145752,28.6084,-80.6043,28.6084,-80.6043
0.12,0.660128,0.782346,10.1555,10.1491,0.00222882,28.6084,-80.6043,28.6084,-80.6043
0.13,0.770145,0.892294,11.0017,10.9948,0.00190963,28.6084,-80.6043,28.6084,-80.6043
0.14,0.888624,1.01072,11.8479,11.8423,0.00102669,28.6084,-80.6043,28.6084,-80.6043
0.15,1.01556,1.1376,12.694,12.6881,0.000175717,28.6084,-80.6043,28.6084,-80.6043
0.16,1.15096,1.27293,13.54,13.5335,0.000651032,28.6084,-80.6043,28.6084,-80.6043
0.17,1.29482,1.41672,14.3861,14.3789,0.000226456,28.6084,-80.6043,28.6084,-80.6043
0.18,1.44715,1.56896,15.2321,15.2235,8.35499e-05,28.6084,-80.6043,28.6084,-80.6043
0.19,1.60793,1.72967,16.078,16.0711,0.000250798,28.6084,-80.6043,28.6084,-80.6043
0.2,1.77717,1.37497,16.924,16.9189,0.000101091,28.6084,-80.6043,28.6084,-80.6043
0.21,1.95486,1.5526,17.7698,17.7628,0.000261287,28.6084,-80.6043,28.6084,-80.6043
0.22,2.14102,1.7387,18.6157,18.6101,0.000740927,28.6084,-80.6043,28.6084,-80.6043
0.23,2.33564,1.93326,19.4614,19.4555,0.00172683,28.6084,-80.6043,28.6084,-80.6043
0.24,2.53871,2.13627,20.3071,20.3019,0.000838971,28.6084,-80.6043,28.6084,-80.6043
0.25,2.75023,2.34774,21.1528,21.1468,0.00126616,28.6084,-80.6043,28.6084,-80.6043
0.26,2.97022,2.56765,21.9984,21.9911,0.00200393,28.6084,-80.6043,28.6084,-80.6043
0.27,3.19866,2.79603,22.844,22.8379,0.00110765,28.6084,-80.6043,28.6084,-80.6043
0.28,3.43555,3.03286,23.6894,23.6824,0.000404382,28.6084,-80.6043,28.6084,-80.6043
0.29,3.6809,3.27815,24.5349,24.5294,4.01573e-05,28.6084,-80.6043,28.6084,-80.6043
0.3,3.9347,3.5201,25.3802,25.375,0.000975682,28.6084,-80.6043,28.6084,-80.6043
0.31,4.19696,3.78231,26.2255,26.2209,0.000589391,28.6084,-80.6043,28.6084,-80.6043
0.32,4.46767,4.05299,27.0707,27.0678,0.000499806,28.6084,-80.6043,28.6084,-80.6043
0.33,4.74682,4.33213,27.9158,27.9139,0.00118685,28.6084,-80.6043,28.6084,-80.6043
0.34,5.03443,4.6197,28.7609,28.7571,0.00157209,28.6084,-80.6043,28.6084,-80.6043
0.35,5.33049,4.91571,29.6059,29.6011,0.000683791,28.6084,-80.6043,28.6084,-80.6043
0.36,5.635,5.22017,30.4508,30.4454,0.00138132,28.6084,-80.6043,28.6084,-80.6043
0.37,5.94795,5.53308,31.2956,31.2919,0.000538022,28.6084,-80.6043,28.6084,-80.6043
0.38,6.26936,5.85444,32.1403,32.1357,0.00136695,28.6084,-80.6043,28.6084,-80.6043
0.39,6.59921,6.18425,32.9849,32.9812,0.00100774,28.6084,-80.6043,28.6084,-80.6043
0.4,6.9375,6.0887,33.8295,33.8248,0.000903591,28.6084,-80.6043,28.6084,-80.6043
0.41,7.28424,6.43539,34.6739,34.6692,0.000415364,28.6084,-80.6043,28.6084,-80.6043
0.42,7.63942,6.79052,35.5183,35.5137,0.000155749,28.6084,-80.6043,28.6084,-80.6043
0.43,8.00305,7.1541,36.3625,36.3575,1.91794e-05,28.6084,-80.6043,28.6084,-80.6043
0.44,8.37512,7.52612,37.2067,37.2025,0.000949865,28.6084,-80.6043,28.6084,-80.6043
0.45,8.75562,7.90659,38.0508,38.0461,0.000619433,28.6084,-80.6043,28.6084,-80.6043
0.46,9.14457,8.29548,38.8947,38.8891,0.0010321,28.6084,-80.6043,28.6084,-80.6043
0.47,9.54196,8.6928,39.7386,39.732,0.00147069,28.6084,-80.6043,28.6084,-80.6043
0.48,9.94778,9.09855,40.5823,40.5756,0.000696137,28.6084,-80.6043,28.6084,-80.6043
0.49,10.362,9.51275,41.4259,41.4202,-3.51534e-05,28.6084,-80.6043,28.6084,-80.6043
0.5,10.7847,9.28111,42.2694,42.2632,0.000592803,28.6084,-80.6043,28.6084,-80.6043
0.51,11.2159,9.71217,43.1128,43.1065,0.00106378,28.6084,-80.6043,28.6084,-80.6043
0.52,11.6554,10.1517,43.9561,43.95,0.00105274,28.6084,-80.6043,28.6084,-80.6043
0.53,12.1034,10.5996,44.7993,44.7938,0.000623875,28.6084,-80.6043,28.6084,-80.6043
0.54,12.5598,11.056,45.6423,45.6381,0.00140767,28.6084,-80.6043,28.6084,-80.6043
0.55,13.0247,11.5208,46.4852,46.4819,0.00101063,28.6084,-80.6043,28.6084,-80.6043
0.56,13.498,11.994,47.328,47.3227,0.00198939,28.6084,-80.6043,28.6084,-80.6043
0.57,13.9797,12.4757,48.1706,48.1667,0.00173525,28.6084,-80.6043,28.6084,-80.6043
0.58,14.4698,12.9658,49.0131,49.0088,0.00127857,28.6084,-80.6043,28.6084,-80.6043
0.59,14.9684,13.4643,49.8555,49.8494,0.000996517,28.6084,-80.6043,28.6084,-80.6043
0.6,15.4753,13.4258,50.6977,50.6923,0.000788101,28.6084,-80.6043,28.6084,-80.6043
0.61,15.9907,13.9412,51.5398,51.5349,0.00111808,28.6084,-80.6043,28.6084,-80.6043
0.62,16.5146,14.4649,52.3818,52.3762,0.00175649,28.6084,-80.6043,28.6084,-80.6043
0.63,17.0468,14.9971,53.2236,53.2192,0.000957472,28.6084,-80.6043,28.6084,-80.6043
0.64,17.5874,15.5378,54.0653,54.0627,0.000275682,28.6084,-80.6043,28.6084,-80.6043
0.65,18.1365,16.0868,54.9068,54.9058,0.000128561,28.6084,-80.6043,28.6084,-80.6043
0.66,18.694,16.6443,55.7482,55.7468,0.000428479,28.6084,-80.6043,28.6084,-80.6043
0.67,19.2599,17.2102,56.5894,56.5899,0.00119597,28.6084,-80.6043,28.6084,-80.6043
0.68,19.8342,17.7845,57.4305,57.4301,0.000722445,28.6084,-80.6043,28.6084,-80.6043
0.69,20.4169,18.3672,58.2714,58.2718,0.000106065,28.6084,-80.6043,28.6084,-80.6043
0.7,21.008,18.5391,59.1121,59.1146,-0.000893735,28.6084,-80.6043,28.6084,-80.6043
0.71,21.6076,19.1386,59.9527,59.9539,-0.000213649,28.6084,-80.6043,28.6084,-80.6043
0.72,22.2155,19.7465,60.7931,60.7946,-0.000454159,28.6084,-80.6043,28.6084,-80.6043
0.73,22.8318,20.3629,61.6333,61.6333,-0.000197199,28.6084,-80.6043,28.6084,-80.6043
0.74,23.4566,20.9876,62.4734,62.4743,0.000368476,28.6084,-80.6043,28.6084,-80.6043
0.75,24.0897,21.6207,63.3133,63.3123,9.20477e-05,28.6084,-80.6043,28.6084,-80.6043
0.76,24.7312,22.2622,64.1531,64.1507,0.000470575,28.6084,-80.6043,28.6084,-80.6043
0.77,25.3811,22.9122,64.9926,64.9911,0.00142959,28.6084,-80.6043,28.6084,-80.6043
0.78,26.0395,23.5705,65.832,65.8303,0.00203887,28.6084,-80.6043,28.6084,-80.6043
0.79,26.7062,24.2372,66.6712,66.6713,0.00229104,28.6084,-80.6043,28.6084,-80.6043
0.8,27.3813,25.0679,67.5102,67.5112,0.00201004,28.6084,-80.6043,28.6084,-80.6043
0.81,28.0648,25.7514,68.3491,68.3481,0.00168439,28.6084,-80.6043,28.6084,-80.6043
0.82,28.7566,26.4433,69.1877,69.1883,0.00202235,28.6084,-80.6043,28.6084,-80.6043
0.83,29.4569,27.1436,70.0262,70.0272,0.00221777,28.6084,-80.6043,28.6084,-80.6043
0.84,30.1656,27.8522,70.8644,70.8669,0.00241206,28.6084,-80.6043,28.6084,-80.6043
0.85,30.8826,28.5693,71.7025,71.7053,0.00152273,28.6084,-80.6043,28.6084,-80.6043
0.86,31.608,29.2947,72.5404,72.5435,0.00139844,28.6084,-80.6043,28.6084,-80.6043
0.87,32.3418,30.0285,73.378,73.3817,0.00232445,28.6084,-80.6043,28.6084,-80.6043
0.88,33.0839,30.7707,74.2155,74.2194,0.00182702,28.6084,-80.6043,28.6084,-80.6043
0.89,33.8344,31.5213,75.0528,75.0574,0.00149181,28.6084,-80.6043,28.6084,-80.6043
0.9,34.5933,31.7278,75.8898,75.8936,0.000618824,28.6084,-80.6043,28.6084,-80.6043
0.91,35.3606,32.4951,76.7267,76.7304,0.00115414,28.6084,-80.6043,28.6084,-80.6043
0.92,36.1362,33.2707,77.5634,77.567,0.00101774,28.6084,-80.6043,28.6084,-80.6043
0.93,36.9202,34.0548,78.3998,78.4037,0.000828273,28.6084,-80.6043,28.6084,-80.6043
0.94,37.7126,34.8472,79.236,79.2382,0.000411099,28.6084,-80.6043,28.6084,-80.6043
0.95,38.5133,35.6479,80.072,80.0752,-0.00044244,28.6084,-80.6043,28.6084,-80.6043
0.96,39.3224,36.457,80.9078,80.9117,-0.00123856,28.6084,-80.6043,28.6084,-80.6043
0.97,40.1398,37.2745,81.7434,81.7491,-0.00157962,28.6084,-80.6043,28.6084,-80.6043
0.98,40.9656,38.1004,82.5787,82.5853,-0.00143956,28.6084,-80.6043,28.6084,-80.6043
0.99,41.7998,38.9346,83.4138,83.4192,-0.00184057,28.6084,-80.6043,28.6084,-80.6043
1,42.6422,39.8003,84.2487,84.2527,-0.00234938,28.6084,-80.6043,28.6083,-80.6044
1.01,43.4931,40.6512,85.0834,85.0889,-0.00161257,28.6084,-80.6043,28.6083,-80.6044
1.02,44.3523,41.5104,85.9178,85.9235,-0.00163728,28.6084,-80.6043,28.6083,-80.6044
1.03,45.2198,42.378,86.752,86.7573,-0.00141531,28.6084,-80.6043,28.6083,-80.6044
1.04,46.0956,43.2539,87.586,87.5932,-0.00169516,28.6084,-80.6043,28.6083,-80.6044
1.05,46.9798,44.1382,88.4197,88.4265,-0.00179006,28.6084,-80.6043,28.6083,-80.6044
1.06,47.8724,45.0308,89.2532,89.2611,-0.000888181,28.6084,-80.6043,28.6083,-80.6044
1.07,48.7732,45.9317,90.0865,90.0958,-0.00018865,28.6084,-80.6043,28.6083,-80.6044
1.08,49.6824,46.841,90.9195,90.9278,5.65082e-05,28.6084,-80.6043,28.6083,-80.6044
1.09,50.5999,47.7586,91.7522,91.7622,0.000862185,28.6084,-80.6043,28.6083,-80.6044
1.1,51.5258,48.2711,92.5847,92.5956,0.00165282,28.6084,-80.6043,28.6083,-80.6044
1.11,52.46,49.2054,93.417,93.4268,0.00158351,28.6084,-80.6043,28.6083,-80.6044
1.12,53.4025,50.148,94.249,94.2585,0.00203625,28.6084,-80.6043,28.6083,-80.6044
1.13,54.3533,51.0989,95.0807,95.0908,0.00237257,28.6084,-80.6043,28.6083,-80.6044
1.14,55.3124,52.0581,95.9122,95.9227,0.00185035,28.6084,-80.6043,28.6083,-80.6044
1.15,56.2798,53.0257,96.7434,96.7541,0.0017601,28.6084,-80.6043,28.6083,-80.6044
1.16,57.2556,54.0015,97.5744,97.5846,0.00207261,28.6084,-80.6043,28.6083,-80.6044
1.17,58.2396,54.9856,98.4051,98.4133,0.00283618,28.6084,-80.6043,28.6083,-80.6044
1.18,59.232,55.9781,99.2356,99.242,0.00306286,28.6084,-80.6043,28.6083,-80.6044
1.19,60.2326,56.9788,100.066,100.074,0.00288603,28.6084,-80.6043,28.6083,-80.6044
1.2,61.2416,57.3619,100.896,100.905,0.00251538,28.6084,-80.6043,28.6083,-80.6044
1.21,62.2588,58.3793,101.725,101.734,0.00186036,28.6084,-80.6043,28.6083,-80.6044
1.22,63.2844,59.4049,102.555,102.561,0.0012309,28.6084,-80.6043,28.6083,-80.6044
1.23,64.3182,60.4388,103.384,103.392,0.00218336,28.6084,-80.6043,28.6083,-80.6044
1.24,65.3603,61.481,104.212,104.219,0.00222253,28.6084,-80.6043,28.6083,-80.6044
1.25,66.4108,62.5315,105.041,105.049,0.00186336,28.6084,-80.6043,28.6083,-80.6044
1.26,67.4694,63.5903,105.869,105.879,0.00153715,28.6084,-80.6043,28.6083,-80.6044
1.27,68.5364,64.6573,106.697,106.708,0.0018828,28.6084,-80.6043,28.6083,-80.6044
1.28,69.6117,65.7327,107.525,107.537,0.00170508,28.6084,-80.6043,28.6083,-80.6044
1.29,70.6952,66.8164,108.352,108.364,0.00112302,28.6084,-80.6043,28.6083,-80.6044
1.3,71.787,67.7863,109.179,109.193,0.00159668,28.6084,-80.6043,28.6083,-80.6044
1.31,72.887,68.8865,110.006,110.02,0.00207504,28.6084,-80.6043,28.6083,-80.6044
1.32,73.9954,69.9949,110.833,110.846,0.00238598,28.6084,-80.6043,28.6083,-80.6044
1.33,75.112,71.1116,111.659,111.672,0.00208002,28.6084,-80.6043,28.6083,-80.6044
1.34,76.2368,72.2366,112.485,112.496,0.00176901,28.6084,-80.6043,28.6083,-80.6044
1.35,77.3699,73.3698,113.31,113.322,0.00131006,28.6084,-80.6043,28.6083,-80.6044
1.36,78.5113,74.5113,114.136,114.147,0.00197843,28.6084,-80.6043,28.6083,-80.6044
1.37,79.6609,75.661,114.961,114.971,0.0019238,28.6084,-80.6043,28.6083,-80.6044
1.38,80.8187,76.819,115.785,115.796,0.00152378,28.6084,-80.6043,28.6083,-80.6044
1.39,81.9848,77.9852,116.61,116.621,0.00082145,28.6084,-80.6043,28.6083,-80.6044
1.4,83.1592,78.6363,117.434,117.444,0.00158387,28.6084,-80.6043,28.6083,-80.6044
1.41,84.3417,79.819,118.258,118.266,0.00183225,28.6084,-80.6043,28.6083,-80.6044
1.42,85.5326,81.0099,119.081,119.09,0.00178927,28.6084,-80.6043,28.6083,-80.6044
1.43,86.7316,82.209,119.904,119.912,0.000889414,28.6084,-80.6043,28.6083,-80.6044
1.44,87.9389,83.4164,120.727,120.735,0.00185547,28.6084,-80.6043,28.6083,-80.6044
1.45,89.1544,84.632,121.549,121.559,0.00143666,28.6084,-80.6043,28.6083,-80.6044
1.46,90.3781,85.8558,122.372,122.381,0.00148882,28.6084,-80.6043,28.6083,-80.6044
1.47,91.61,87.0878,123.193,123.204,0.000973735,28.6084,-80.6043,28.6083,-80.6044
1.48,92.8502,88.3281,124.015,124.027,0.000218763,28.6084,-80.6043,28.6083,-80.6044
1.49,94.0985,89.5766,124.836,124.848,-0.000335045,28.6084,-80.6043,28.6083,-80.6044
1.5,95.3551,90.1925,125.657,125.67,-0.000174972,28.6084,-80.6043,28.6083,-80.6044
1.51,96.6199,91.4574,126.478,126.49,0.000632617,28.6084,-80.6043,28.6083,-80.6044
1.52,97.8928,92.7306,127.298,127.313,0.000127908,28.6084,-80.6043,28.6083,-80.6044
1.53,99.174,94.0119,128.118,128.131,0.00021589,28.6084,-80.6043,28.6083,-80.6044
1.54,100.463,95.3014,128.937,128.95,-3.34808e-05,28.6084,-80.6043,28.6083,-80.6044
1.55,101.761,96.5991,129.756,129.769,-4.99282e-05,28.6084,-80.6043,28.6083,-80.6044
1.56,103.067,97.905,130.575,130.59,-0.000951152,28.6084,-80.6043,28.6083,-80.6044
1.57,104.381,99.219,131.394,131.407,-0.00122664,28.6084,-80.6043,28.6083,-80.6044
1.58,105.703,100.541,132.212,132.224,-0.0016067,28.6084,-80.6043,28.6083,-80.6044
1.59,107.033,101.872,133.03,133.04,-0.00247122,28.6084,-80.6043,28.6083,-80.6044
1.6,108.372,102.67,133.847,133.855,-0.00279055,28.6084,-80.6043,28.6083,-80.6044
1.61,109.718,104.016,134.664,134.673,-0.0035589,28.6084,-80.6043,28.6083,-80.6044
1.62,111.073,105.371,135.481,135.491,-0.0035558,28.6084,-80.6043,28.6083,-80.6044
1.63,112.436,106.734,136.297,136.307,-0.0041424,28.6084,-80.6043,28.6083,-80.6044
1.64,113.807,108.106,137.113,137.124,-0.00509731,28.6084,-80.6043,28.6083,-80.6044
1.65,115.186,109.485,137.929,137.94,-0.00562699,28.6084,-80.6043,28.6083,-80.6044
1.66,116.574,110.873,138.744,138.756,-0.00524593,28.6084,-80.6043,28.6083,-80.6044
1.67,117.969,112.268,139.559,139.57,-0.00446875,28.6084,-80.6043,28.6083,-80.6044
1.68,119.373,113.672,140.374,140.386,-0.00394406,28.6084,-80.6043,28.6083,-80.6044
1.69,120.785,115.084,141.188,141.2,-0.00440481,28.6084,-80.6043,28.6083,-80.6044
1.7,122.205,115.949,142.002,142.012,-0.00385111,28.6084,-80.6043,28.6083,-80.6044
1.71,123.633,117.377,142.815,142.824,-0.00477762,28.6084,-80.6043,28.6083,-80.6044
1.72,125.069,118.813,143.628,143.638,-0.00513432,28.6084,-80.6043,28.6083,-80.6044
1.73,126.514,120.258,144.441,144.45,-0.00500361,28.6084,-80.6043,28.6083,-80.6044
1.74,127.966,121.71,145.253,145.262,-0.00511643,28.6084,-80.6043,28.6083,-80.6044
1.75,129.427,123.171,146.065,146.075,-0.00602818,28.6084,-80.6043,28.6083,-80.6044
1.76,130.896,124.64,146.877,146.885,-0.00698515,28.6084,-80.6043,28.6083,-80.6044
1.77,132.373,126.117,147.688,147.698,-0.00684897,28.6084,-80.6043,28.6083,-80.6044
1.78,133.858,127.602,148.499,148.508,-0.00755296,28.6084,-80.6043,28.6083,-80.6044
1.79,135.351,129.095,149.309,149.317,-0.00798815,28.6084,-80.6043,28.6083,-80.6044
1.8,136.852,129.637,150.12,150.129,-0.00793236,28.6084,-80.6043,28.6083,-80.6044
1.81,138.361,131.146,150.929,150.941,-0.00743985,28.6084,-80.6043,28.6083,-80.6044
1.82,139.879,132.664,151.738,151.751,-0.00740069,28.6084,-80.6043,28.6083,-80.6044
1.83,141.404,134.19,152.547,152.56,-0.00820667,28.6084,-80.6043,28.6083,-80.6044
1.84,142.938,135.723,153.356,153.37,-0.00781438,28.6084,-80.6043,28.6083,-80.6044
1.85,144.479,137.265,154.164,154.179,-0.00692924,28.6084,-80.6043,28.6083,-80.6044
1.86,146.029,138.815,154.972,154.989,-0.00610804,28.6084,-80.6043,28.6083,-80.6044
1.87,147.587,140.373,155.779,155.796,-0.00659858,28.6084,-80.6043,28.6083,-80.6044
1.88,149.153,141.939,156.586,156.602,-0.00755148,28.6084,-80.6043,28.6083,-80.6044
1.89,150.727,143.513,157.392,157.409,-0.00714967,28.6084,-80.6043,28.6083,-80.6044
1.9,152.309,144.547,158.198,158.217,-0.00677318,28.6084,-80.6043,28.6083,-80.6044
1.91,153.899,146.137,159.004,159.024,-0.00651408,28.6084,-80.6043,28.6083,-80.6044
1.92,155.497,147.736,159.809,159.828,-0.00709285,28.6084,-80.6043,28.6083,-80.6044
1.93,157.103,149.342,160.614,160.634,-0.0068363,28.6084,-80.6043,28.6083,-80.6044
1.94,158.717,150.956,161.419,161.439,-0.0064117,28.6084,-80.6043,28.6083,-80.6044
1.95,160.339,152.579,162.223,162.241,-0.00657898,28.6084,-80.6043,28.6083,-80.6044
1.96,161.97,154.209,163.026,163.044,-0.00577412,28.6084,-80.6043,28.6083,-80.6044
1.97,163.608,155.848,163.83,163.846,-0.00505983,28.6084,-80.6043,28.6083,-80.6044
1.98,165.254,157.494,164.633,164.649,-0.00540922,28.6084,-80.6043,28.6083,-80.6044
1.99,166.909,159.149,165.435,165.452,-0.00619487,28.6084,-80.6043,28.6083,-80.6044
2,168.571,160.571,166.237,166.253,-0.00601702,28.6084,-80.6043,28.6083,-80.6044
2.01,170.241,162.241,167.038,167.052,-0.00692278,28.6084,-80.6043,28.6083,-80.6044
2.02,171.92,163.92,167.84,167.855,-0.00778682,28.6084,-80.6043,28.6083,-80.6044
2.03,173.606,165.606,168.64,168.658,-0.00753213,28.6084,-80.6043,28.6083,-80.6044
2.04,175.301,167.301,169.44,169.459,-0.00663078,28.6084,-80.6043,28.6083,-80.6044
2.05,177.003,169.003,170.24,170.258,-0.00728885,28.6084,-80.6043,28.6083,-80.6044
2.06,178.713,170.714,171.04,171.056,-0.00821994,28.6084,-80.6043,28.6083,-80.6044
2.07,180.432,172.433,171.839,171.856,-0.00791135,28.6084,-80.6043,28.6083,-80.6044
2.08,182.158,174.159,172.637,172.656,-0.00700051,28.6084,-80.6043,28.6083,-80.6044
2.09,183.892,175.894,173.435,173.452,-0.00783186,28.6084,-80.6043,28.6083,-80.6044
2.1,185.635,176.506,174.233,174.251,-0.00823396,28.6084,-80.6043,28.6083,-80.6044
2.11,187.385,178.257,175.03,175.05,-0.00798545,28.6084,-80.6043,28.6083,-80.6044
2.12,189.143,180.015,175.827,175.848,-0.00823334,28.6084,-80.6043,28.6083,-80.6044
2.13,190.91,181.782,176.623,176.645,-0.00887984,28.6084,-80.6043,28.6083,-80.6044
2.14,192.684,183.556,177.419,177.441,-0.00801351,28.6084,-80.6043,28.6083,-80.6044
2.15,194.466,185.339,178.215,178.235,-0.00759092,28.6084,-80.6043,28.6083,-80.6044
2.16,196.256,187.129,179.01,179.029,-0.00800185,28.6084,-80.6043,28.6083,-80.6044
2.17,198.054,188.927,179.804,179.825,-0.0082654,28.6084,-80.6043,28.6083,-80.6044
2.18,199.86,190.733,180.598,180.618,-0.00870991,28.6084,-80.6043,28.6083,-80.6044
2.19,201.674,192.547,181.392,181.41,-0.00921967,28.6084,-80.6043,28.6083,-80.6044
2.2,203.496,193.44,182.185,182.204,-0.00947044,28.6084,-80.6043,28.6083,-80.6044
2.21,205.326,195.27,182.978,182.996,-0.0101227,28.6084,-80.6043,28.6083,-80.6044
2.22,207.163,197.108,183.77,183.787,-0.010491,28.6084,-80.6043,28.6083,-80.6044
2.23,209.009,198.954,184.562,184.577,-0.0112283,28.6084,-80.6043,28.6083,-80.6044
2.24,210.862,200.807,185.354,185.368,-0.010254,28.6084,-80.6043,28.6083,-80.6044
2.25,212.724,202.669,186.144,186.159,-0.0105707,28.6084,-80.6043,28.6083,-80.6044
2.26,214.593,204.538,186.935,186.948,-0.0114616,28.6084,-80.6043,28.6083,-80.6044
2.27,216.47,206.416,187.725,187.74,-0.0111975,28.6084,-80.6043,28.6083,-80.6044
2.28,218.356,208.301,188.514,188.531,-0.0119851,28.6084,-80.6043,28.6083,-80.6044
2.29,220.249,210.194,189.303,189.318,-0.0113628,28.6084,-80.6043,28.6083,-80.6044
2.3,222.15,211.487,190.092,190.106,-0.0108434,28.6084,-80.6043,28.6083,-80.6044
2.31,224.058,213.396,190.88,190.893,-0.0110233,28.6084,-80.6043,28.6083,-80.6044
2.32,225.975,215.313,191.668,191.68,-0.0101851,28.6084,-80.6043,28.6083,-80.6044
2.33,227.9,217.238,192.455,192.468,-0.00981862,28.6084,-80.6043,28.6083,-80.6044
2.34,229.832,219.17,193.242,193.253,-0.0103737,28.6084,-80.6043,28.6083,-80.6044
2.35,231.772,221.111,194.028,194.038,-0.0102325,28.6084,-80.6043,28.6083,-80.6044
2.36,233.72,223.059,194.814,194.825,-0.010769,28.6084,-80.6043,28.6083,-80.6044
2.37,235.676,225.015,195.599,195.611,-0.0115542,28.6084,-80.6043,28.6083,-80.6044
2.38,237.64,226.979,196.384,196.395,-0.0110289,28.6084,-80.6043,28.6083,-80.6044
2.39,239.612,228.951,197.168,197.179,-0.0113326,28.6084,-80.6043,28.6083,-80.6044
2.4,241.591,230.368,197.952,197.962,-0.0106342,28.6084,-80.6043,28.6083,-80.6044
2.41,243.579,232.355,198.735,198.746,-0.0100768,28.6084,-80.6043,28.6083,-80.6044
2.42,245.574,234.351,199.518,199.527,-0.0108258,28.6084,-80.6043,28.6083,-80.6044
2.43,247.577,236.354,200.301,200.311,-0.0112565,28.6084,-80.6043,28.6083,-80.6044
2.44,249.588,238.365,201.083,201.095,-0.0118266,28.6084,-80.6043,28.6083,-80.6044
2.45,251.606,240.383,201.864,201.875,-0.0127305,28.6084,-80.6043,28.6083,-80.6044
2.46,253.633,242.41,202.645,202.657,-0.0128218,28.6084,-80.6043,28.6083,-80.6044
2.47,255.667,244.444,203.425,203.437,-0.0123045,28.6084,-80.6043,28.6083,-80.6044
2.48,257.709,246.486,204.205,204.216,-0.0128827,28.6084,-80.6043,28.6083,-80.6044
2.49,259.759,248.536,204.985,204.997,-0.0131533,28.6084,-80.6043,28.6083,-80.6044
2.5,261.817,249.64,205.764,205.775,-0.0131666,28.6084,-80.6043,28.6083,-80.6044
2.51,263.882,251.706,206.542,206.552,-0.0139172,28.6084,-80.6043,28.6083,-80.6044
2.52,265.955,253.779,207.32,207.329,-0.0131941,28.6084,-80.6043,28.6083,-80.6044
2.53,268.036,255.86,208.097,208.108,-0.0126516,28.6084,-80.6043,28.6083,-80.6044
2.54,270.125,257.949,208.874,208.884,-0.013491,28.6084,-80.6043,28.6083,-80.6044
2.55,272.222,260.046,209.651,209.661,-0.0128634,28.6084,-80.6043,28.6083,-80.6044
2.56,274.326,262.15,210.427,210.436,-0.0130651,28.6084,-80.6043,28.6083,-80.6044
2.57,276.438,264.262,211.202,211.21,-0.0131584,28.6084,-80.6043,28.6083,-80.6044
2.58,278.558,266.382,211.977,211.984,-0.013489,28.6084,-80.6043,28.6083,-80.6044
2.59,280.685,268.509,212.752,212.758,-0.0134909,28.6084,-80.6043,28.6083,-80.6044
2.6,282.82,269.969,213.526,213.531,-0.0136149,28.6084,-80.6043,28.6083,-80.6044
2.61,284.963,272.112,214.299,214.304,-0.0126836,28.6084,-80.6043,28.6083,-80.6044
2.62,287.114,274.263,215.072,215.075,-0.0117325,28.6084,-80.6043,28.6083,-80.6044
2.63,289.273,276.421,215.844,215.846,-0.0126923,28.6084,-80.6043,28.6083,-80.6044
2.64,291.439,278.587,216.616,216.618,-0.0128017,28.6084,-80.6043,28.6083,-80.6044
2.65,293.613,280.761,217.388,217.389,-0.0128087,28.6084,-80.6043,28.6083,-80.6044
2.66,295.794,282.943,218.158,218.162,-0.0125324,28.6084,-80.6043,28.6083,-80.6044
2.67,297.983,285.132,218.929,218.933,-0.0119177,28.6084,-80.6043,28.6083,-80.6044
2.68,300.18,287.329,219.698,219.703,-0.0118549,28.6084,-80.6043,28.6083,-80.6044
2.69,302.385,289.534,220.468,220.47,-0.0116434,28.6084,-80.6043,28.6083,-80.6044
2.7,304.597,291.401,221.237,221.238,-0.0109816,28.6084,-80.6043,28.6083,-80.6044
2.71,306.818,293.621,222.005,222.008,-0.0102196,28.6084,-80.6043,28.6083,-80.6044
2.72,309.045,295.849,222.773,222.775,-0.00954955,28.6084,-80.6043,28.6083,-80.6044
2.73,311.281,298.085,223.54,223.541,-0.00899571,28.6084,-80.6043,28.6083,-80.6044
2.74,313.524,300.328,224.306,224.307,-0.00880639,28.6084,-80.6043,28.6083,-80.6044
2.75,315.774,302.578,225.073,225.072,-0.00846104,28.6084,-80.6043,28.6083,-80.6044
2.76,318.033,304.837,225.838,225.837,-0.00909986,28.6084,-80.6043,28.6083,-80.6044
2.77,320.299,307.103,226.603,226.604,-0.00929265,28.6084,-80.6043,28.6083,-80.6044
2.78,322.573,309.377,227.368,227.368,-0.00871269,28.6084,-80.6043,28.6083,-80.6044
2.79,324.854,311.658,228.132,228.133,-0.00810772,28.6084,-80.6043,28.6083,-80.6044
2.8,327.143,313.285,228.895,228.895,-0.00862706,28.6084,-80.6043,28.6083,-80.6044
2.81,329.439,315.581,229.658,229.659,-0.00962614,28.6084,-80.6043,28.6083,-80.6044
2.82,331.744,317.886,230.421,230.422,-0.00969203,28.6084,-80.6043,28.6083,-80.6044
2.83,334.055,320.198,231.183,231.184,-0.00954649,28.6084,-80.6043,28.6083,-80.6044
2.84,336.375,322.517,231.944,231.944,-0.00917915,28.6084,-80.6043,28.6083,-80.6044
2.85,338.702,324.844,232.705,232.704,-0.0101663,28.6084,-80.6043,28.6083,-80.6044
2.86,341.037,327.179,233.465,233.463,-0.010597,28.6084,-80.6043,28.6083,-80.6044
2.87,343.379,329.521,234.225,234.223,-0.0114576,28.6084,-80.6043,28.6083,-80.6044
2.88,345.729,331.871,234.984,234.982,-0.012117,28.6084,-80.6043,28.6083,-80.6044
2.89,348.086,334.228,235.743,235.74,-0.0129271,28.6084,-80.6043,28.6083,-80.6044
2.9,350.451,336.319,236.501,236.498,-0.0137742,28.6084,-80.6043,28.6083,-80.6044
2.91,352.824,338.692,237.259,237.255,-0.0130814,28.6084,-80.6043,28.6083,-80.6044
2.92,355.204,341.072,238.016,238.014,-0.0122355,28.6084,-80.6043,28.6083,-80.6044
2.93,357.592,343.46,238.772,238.771,-0.0118946,28.6084,-80.6043,28.6083,-80.6044
2.94,359.987,345.855,239.528,239.528,-0.011015,28.6084,-80.6043,28.6083,-80.6044
2.95,362.39,348.258,240.283,240.285,-0.0110675,28.6084,-80.6043,28.6083,-80.6044
2.96,364.8,350.668,241.038,241.042,-0.010245,28.6084,-80.6043,28.6083,-80.6044
2.97,367.218,353.086,241.793,241.794,-0.0105482,28.6084,-80.6043,28.6083,-80.6044
2.98,369.643,355.512,242.546,242.547,-0.0103436,28.6084,-80.6043,28.6083,-80.6044
2.99,372.076,357.945,243.299,243.3,-0.0110902,28.6084,-80.6043,28.6083,-80.6044
3,374.517,359.695,244.052,244.051,-0.0112348,28.6084,-80.6043,28.6084,-80.6044
3.01,376.965,362.143,244.804,244.803,-0.0105926,28.6084,-80.6043,28.6084,-80.6044
3.02,379.421,364.598,245.556,245.555,-0.00982097,28.6084,-80.6043,28.6084,-80.6044
3.03,381.884,367.061,246.307,246.306,-0.00899834,28.6084,-80.6043,28.6084,-80.6044
3.04,384.354,369.532,247.057,247.056,-0.00811349,28.6084,-80.6043,28.6084,-80.6044
3.05,386.832,372.01,247.807,247.807,-0.00844267,28.6084,-80.6043,28.6084,-80.6044
3.06,389.318,374.496,248.556,248.558,-0.00865459,28.6084,-80.6043,28.6084,-80.6044
3.07,391.811,376.989,249.305,249.304,-0.00847289,28.6084,-80.6043,28.6084,-80.6044
3.08,394.311,379.489,250.053,250.052,-0.00763963,28.6084,-80.6043,28.6084,-80.6044
3.09,396.819,381.997,250.801,250.798,-0.00820929,28.6084,-80.6043,28.6084,-80.6044
3.1,399.335,383.548,251.548,251.546,-0.00902099,28.6084,-80.6043,28.6084,-80.6044
3.11,401.858,386.071,252.294,252.293,-0.00862814,28.6084,-80.6043,28.6084,-80.6044
3.12,404.388,388.602,253.04,253.041,-0.00883282,28.6084,-80.6043,28.6084,-80.6044
3.13,406.926,391.14,253.786,253.787,-0.00900776,28.6084,-80.6043,28.6084,-80.6044
3.14,409.471,393.685,254.531,254.533,-0.00802188,28.6084,-80.6043,28.6084,-80.6044
3.15,412.024,396.238,255.275,255.276,-0.0086416,28.6084,-80.6043,28.6084,-80.6044
3.16,414.584,398.798,256.019,256.021,-0.00919168,28.6084,-80.6043,28.6084,-80.6044
3.17,417.152,401.366,256.762,256.762,-0.00885238,28.6084,-80.6043,28.6084,-80.6044
3.18,419.727,403.941,257.504,257.505,-0.00797973,28.6084,-80.6043,28.6084,-80.6044
3.19,422.309,406.523,258.246,258.245,-0.00789177,28.6084,-80.6043,28.6084,-80.6044
3.2,424.899,408.158,258.988,258.987,-0.008064,28.6084,-80.6043,28.6084,-80.6044
3.21,427.497,410.756,259.728,259.728,-0.00822451,28.6084,-80.6043,28.6084,-80.6044
3.22,430.101,413.36,260.469,260.466,-0.00838078,28.6084,-80.6043,28.6084,-80.6044
3.23,432.713,415.972,261.208,261.205,-0.00925105,28.6084,-80.6043,28.6084,-80.6044
3.24,435.333,418.592,261.947,261.945,-0.00992258,28.6084,-80.6043,28.6084,-80.6044
3.25,437.96,421.219,262.686,262.682,-0.0105213,28.6084,-80.6043,28.6084,-80.6044
3.26,440.594,423.853,263.424,263.42,-0.00981044,28.6084,-80.6043,28.6084,-80.6044
3.27,443.236,426.494,264.161,264.156,-0.00914478,28.6084,-80.6043,28.6084,-80.6044
3.28,445.885,429.143,264.898,264.893,-0.0089488,28.6084,-80.6043,28.6084,-80.6044
3.29,448.541,431.8,265.634,265.629,-0.0088473,28.6084,-80.6043,28.6084,-80.6044
3.3,451.205,433.355,266.37,266.366,-0.00828327,28.6084,-80.6043,28.6084,-80.6044
3.31,453.876,436.026,267.105,267.101,-0.00766923,28.6084,-80.6043,28.6084,-80.6044
3.32,456.554,438.704,267.84,267.833,-0.00735302,28.6084,-80.6043,28.6084,-80.6044
3.33,459.24,441.39,268.573,268.568,-0.00818765,28.6084,-80.6043,28.6084,-80.6044
3.34,461.933,444.083,269.307,269.3,-0.00831293,28.6084,-80.6043,28.6084,-80.6044
3.35,464.633,446.783,270.04,270.033,-0.00809001,28.6084,-80.6043,28.6084,-80.6044
3.36,467.341,449.491,270.772,270.765,-0.00725738,28.6084,-80.6043,28.6084,-80.6044
3.37,470.056,452.206,271.503,271.497,-0.00636283,28.6084,-80.6043,28.6084,-80.6044
3.38,472.778,454.928,272.234,272.227,-0.00600974,28.6084,-80.6043,28.6084,-80.6044
3.39,475.508,457.658,272.965,272.958,-0.00617589,28.6084,-80.6043,28.6084,-80.6044
3.4,478.245,459.299,273.695,273.689,-0.005606,28.6084,-80.6043,28.6084,-80.6044
3.41,480.989,462.043,274.424,274.42,-0.00466517,28.6084,-80.6043,28.6084,-80.6044
3.42,483.741,464.795,275.152,275.149,-0.00516755,28.6084,-80.6043,28.6084,-80.6044
3.43,486.5,467.554,275.88,275.878,-0.00561397,28.6084,-80.6043,28.6084,-80.6044
3.44,489.266,470.32,276.608,276.606,-0.00581399,28.6084,-80.6043,28.6084,-80.6044
3.45,492.039,473.093,277.335,277.332,-0.00654575,28.6084,-80.6043,28.6084,-80.6044
3.46,494.82,475.874,278.061,278.058,-0.00581409,28.6084,-80.6043,28.6084,-80.6044
3.47,497.607,478.661,278.787,278.782,-0.00658482,28.6084,-80.6043,28.6084,-80.6044
3.48,500.403,481.456,279.512,279.508,-0.00714276,28.6084,-80.6043,28.6084,-80.6044
3.49,503.205,484.259,280.237,280.231,-0.00804969,28.6084,-80.6043,28.6084,-80.6044
3.5,506.015,486.651,280.96,280.956,-0.00719333,28.6084,-80.6043,28.6084,-80.6044
3.51,508.831,489.468,281.684,281.68,-0.00711361,28.6084,-80.6043,28.6084,-80.6044
3.52,511.655,492.292,282.407,282.403,-0.0063404,28.6084,-80.6043,28.6084,-80.6044
3.53,514.487,495.123,283.129,283.124,-0.00713333,28.6084,-80.6043,28.6084,-80.6044
3.54,517.325,497.962,283.85,283.844,-0.00802939,28.6084,-80.6043,28.6084,-80.6044
3.55,520.171,500.808,284.571,284.567,-0.00871815,28.6084,-80.6043,28.6084,-80.6044
3.56,523.024,503.66,285.292,285.288,-0.00800037,28.6084,-80.6043,28.6084,-80.6044
3.57,525.884,506.521,286.011,286.009,-0.0070168,28.6084,-80.6043,28.6084,-80.6044
3.58,528.751,509.388,286.731,286.728,-0.00778214,28.6084,-80.6043,28.6084,-80.6044
3.59,531.626,512.262,287.449,287.448,-0.00712758,28.6084,-80.6043,28.6084,-80.6044
3.6,534.507,514.647,288.167,288.165,-0.00627665,28.6084,-80.6043,28.6084,-80.6044
3.61,537.396,517.535,288.885,288.881,-0.00714903,28.6084,-80.6043,28.6084,-80.6044
3.62,540.282,520.422,288.614,288.61,-0.00684676,28.6084,-80.6043,28.6084,-80.6044
3.63,543.166,523.305,288.343,288.339,-0.00641641,28.6084,-80.6043,28.6084,-80.6044
3.64,546.047,526.186,288.073,288.069,-0.00741153,28.6084,-80.6043,28.6084,-80.6044
3.65,548.925,529.064,287.803,287.8,-0.00787232,28.6084,-80.6043,28.6084,-80.6044
3.66,551.8,531.939,287.534,287.531,-0.00850589,28.6084,-80.6043,28.6084,-80.6044
3.67,554.673,534.812,287.265,287.264,-0.00845995,28.6084,-80.6043,28.6084,-80.6044
3.68,557.543,537.682,286.997,286.995,-0.00767525,28.6084,-80.6043,28.6084,-80.6044
3.69,560.41,540.549,286.728,286.728,-0.00777206,28.6084,-80.6043,28.6084,-80.6044
3.7,563.274,542.354,286.461,286.461,-0.00680781,28.6084,-80.6043,28.6084,-80.6044
3.71,566.136,545.216,286.193,286.192,-0.00616248,28.6084,-80.6043,28.6084,-80.6044
3.72,568.996,548.075,285.926,285.924,-0.00702846,28.6084,-80.6043,28.6084,-80.6044
3.73,571.852,550.931,285.659,285.659,-0.00607308,28.6084,-80.6043,28.6084,-80.6044
3.74,574.706,553.785,285.393,285.394,-0.00684082,28.6084,-80.6043,28.6084,-80.6044
3.75,577.557,556.637,285.127,285.13,-0.0074846,28.6084,-80.6043,28.6084,-80.6044
3.76,580.406,559.485,284.862,284.863,-0.00655067,28.6084,-80.6043,28.6084,-80.6044
3.77,583.252,562.331,284.596,284.598,-0.00593221,28.6084,-80.6043,28.6084,-80.6044
3.78,586.095,565.175,284.331,284.332,-0.00634875,28.6084,-80.6043,28.6084,-80.6044
3.79,588.936,568.015,284.067,284.068,-0.00684027,28.6084,-80.6043,28.6084,-80.6044
3.8,591.774,570.521,283.803,283.806,-0.00628726,28.6084,-80.6043,28.6084,-80.6044
3.81,594.609,573.357,283.539,283.543,-0.0061566,28.6084,-80.6043,28.6084,-80.6044
3.82,597.442,576.19,283.276,283.28,-0.00612075,28.6084,-80.6043,28.6084,-80.6044
3.83,600.272,579.02,283.013,283.016,-0.00664061,28.6084,-80.6043,28.6084,-80.6044
3.84,603.1,581.847,282.75,282.756,-0.00716359,28.6084,-80.6043,28.6084,-80.6044
3.85,605.925,584.672,282.488,282.492,-0.00783541,28.6084,-80.6043,28.6084,-80.6044
3.86,608.747,587.495,282.226,282.232,-0.0087457,28.6084,-80.6043,28.6084,-80.6044
3.87,611.567,590.314,281.964,281.97,-0.00785522,28.6084,-80.6043,28.6084,-80.6044
3.88,614.384,593.131,281.703,281.71,-0.00819896,28.6084,-80.6043,28.6084,-80.6044
3.89,617.198,595.946,281.442,281.451,-0.008997,28.6084,-80.6043,28.6084,-80.6044
3.9,620.01,597.961,281.182,281.189,-0.00996172,28.6084,-80.6043,28.6084,-80.6044
3.91,622.819,600.77,280.921,280.928,-0.00977332,28.6084,-80.6043,28.6084,-80.6044
3.92,625.626,603.577,280.662,280.667,-0.00987321,28.6084,-80.6043,28.6084,-80.6044
3.93,628.43,606.381,280.402,280.409,-0.00972281,28.6084,-80.6043,28.6084,-80.6044
3.94,631.231,609.183,280.143,280.15,-0.00908077,28.6084,-80.6043,28.6084,-80.6044
3.95,634.03,611.982,279.884,279.891,-0.00889098,28.6084,-80.6043,28.6084,-80.6044
3.96,636.826,614.778,279.626,279.634,-0.00805691,28.6084,-80.6043,28.6084,-80.6044
3.97,639.62,617.572,279.368,279.374,-0.00814241,28.6084,-80.6043,28.6084,-80.6044
3.98,642.411,620.363,279.11,279.116,-0.00864536,28.6084,-80.6043,28.6084,-80.6044
3.99,645.2,623.151,278.853,278.858,-0.00841889,28.6084,-80.6043,28.6084,-80.6044
4,647.985,625.324,278.596,278.601,-0.00823719,28.6084,-80.6043,28.6084,-80.6042
4.01,650.769,628.107,278.339,278.345,-0.00735461,28.6084,-80.6043,28.6084,-80.6042
4.02,653.55,630.888,278.083,278.087,-0.0071518,28.6084,-80.6043,28.6084,-80.6042
4.03,656.328,633.667,277.827,277.831,-0.00756403,28.6084,-80.6043,28.6084,-80.6042
4.04,659.104,636.442,277.571,277.577,-0.00716612,28.6084,-80.6043,28.6084,-80.6042
4.05,661.877,639.216,277.316,277.323,-0.00630855,28.6084,-80.6043,28.6084,-80.6042
4.06,664.647,641.986,277.061,277.067,-0.00576052,28.6084,-80.6043,28.6084,-80.6042
4.07,667.415,644.754,276.806,276.812,-0.00505392,28.6084,-80.6043,28.6084,-80.6042
4.08,670.181,647.52,276.552,276.558,-0.00434252,28.6084,-80.6043,28.6084,-80.6042
4.09,672.944,650.283,276.298,276.304,-0.00427381,28.6084,-80.6043,28.6084,-80.6042
4.1,675.704,652.832,276.044,276.052,-0.0043605,28.6084,-80.6043,28.6084,-80.6042
4.11,678.462,655.59,275.791,275.8,-0.00395012,28.6084,-80.6043,28.6084,-80.6042
4.12,681.218,658.345,275.538,275.547,-0.00342875,28.6084,-80.6043,28.6084,-80.6042
4.13,683.971,661.098,275.285,275.293,-0.00441031,28.6084,-80.6043,28.6084,-80.6042
4.14,686.721,663.848,275.033,275.04,-0.00402735,28.6084,-80.6043,28.6084,-80.6042
4.15,689.469,666.596,274.781,274.79,-0.00364962,28.6084,-80.6043,28.6084,-80.6042
4.16,692.214,669.342,274.529,274.537,-0.00420977,28.6084,-80.6043,28.6084,-80.6042
4.17,694.957,672.085,274.278,274.288,-0.00362315,28.6084,-80.6043,28.6084,-80.6042
4.18,697.697,674.825,274.027,274.037,-0.00410515,28.6084,-80.6043,28.6084,-80.6042
4.19,700.435,677.563,273.777,273.787,-0.004266,28.6084,-80.6043,28.6084,-80.6042
4.2,703.17,679.762,273.526,273.536,-0.00410085,28.6084,-80.6043,28.6084,-80.6042
4.21,705.903,682.495,273.276,273.286,-0.00492772,28.6084,-80.6043,28.6084,-80.6042
4.22,708.633,685.225,273.027,273.036,-0.00489545,28.6084,-80.6043,28.6084,-80.6042
4.23,711.361,687.953,272.777,272.789,-0.00415529,28.6084,-80.6043,28.6084,-80.6042
4.24,714.086,690.679,272.528,272.538,-0.00372529,28.6084,-80.6043,28.6084,-80.6042
4.25,716.809,693.401,272.28,272.288,-0.00464111,28.6084,-80.6043,28.6084,-80.6042
4.26,719.529,696.122,272.031,272.041,-0.00557726,28.6084,-80.6043,28.6084,-80.6042
4.27,722.247,698.84,271.783,271.793,-0.00533098,28.6084,-80.6043,28.6084,-80.6042
4.28,724.962,701.555,271.536,271.544,-0.00539163,28.6084,-80.6043,28.6084,-80.6042
4.29,727.675,704.268,271.288,271.299,-0.004593,28.6084,-80.6043,28.6084,-80.6042
4.3,730.386,707.292,271.041,271.051,-0.00446469,28.6084,-80.6043,28.6084,-80.6042
4.31,733.094,710,270.794,270.803,-0.00440615,28.6084,-80.6043,28.6084,-80.6042
4.32,735.799,712.706,270.548,270.558,-0.00468468,28.6084,-80.6043,28.6084,-80.6042
4.33,738.502,715.409,270.302,270.313,-0.00460804,28.6084,-80.6043,28.6084,-80.6042
4.34,741.203,718.11,270.056,270.068,-0.00373734,28.6084,-80.6043,28.6084,-80.6042
4.35,743.901,720.808,269.811,269.821,-0.00403955,28.6084,-80.6043,28.6084,-80.6042
4.36,746.597,723.504,269.565,269.577,-0.00462463,28.6084,-80.6043,28.6084,-80.6042
4.37,749.29,726.197,269.321,269.334,-0.00487946,28.6084,-80.6043,28.6084,-80.6042
4.38,751.981,728.888,269.076,269.088,-0.00459774,28.6084,-80.6043,28.6084,-80.6042
4.39,754.669,731.576,268.832,268.843,-0.0038683,28.6084,-80.6043,28.6084,-80.6042
4.4,757.355,734.286,268.588,268.601,-0.00393797,28.6084,-80.6043,28.6084,-80.6042
4.41,760.038,736.969,268.344,268.359,-0.00308671,28.6084,-80.6043,28.6084,-80.6042
4.42,762.719,739.65,268.101,268.115,-0.00367202,28.6084,-80.6043,28.6084,-80.6042
4.43,765.398,742.329,267.858,267.871,-0.00422081,28.6084,-80.6043,28.6084,-80.6042
4.44,768.074,745.005,267.615,267.627,-0.00358983,28.6084,-80.6043,28.6084,-80.6042
4.45,770.748,747.679,267.373,267.386,-0.00419407,28.6084,-80.6043,28.6084,-80.6042
4.46,773.419,750.351,267.131,267.143,-0.004556,28.6084,-80.6043,28.6084,-80.6042
4.47,776.088,753.02,266.889,266.9,-0.00392335,28.6084,-80.6043,28.6084,-80.6042
4.48,778.754,755.686,266.648,266.657,-0.00368189,28.6084,-80.6043,28.6084,-80.6042
4.49,781.418,758.35,266.406,266.416,-0.00459657,28.6084,-80.6043,28.6084,-80.6042
4.5,784.08,761.414,266.166,266.176,-0.00370552,28.6084,-80.6043,28.6084,-80.6042
4.51,786.739,764.074,265.925,265.937,-0.00327292,28.6084,-80.6043,28.6084,-80.6042
4.52,789.396,766.73,265.685,265.696,-0.00407529,28.6084,-80.6043,28.6084,-80.6042
4.53,792.051,769.385,265.445,265.456,-0.00368575,28.6084,-80.6043,28.6084,-80.6042
4.54,794.703,772.037,265.205,265.218,-0.00403625,28.6084,-80.6043,28.6084,-80.6042
4.55,797.352,774.687,264.966,264.977,-0.00365483,28.6084,-80.6043,28.6084,-80.6042
4.56,800,777.334,264.727,264.738,-0.0044837,28.6084,-80.6043,28.6084,-80.6042
4.57,802.644,779.979,264.488,264.497,-0.00442047,28.6084,-80.6043,28.6084,-80.6042
4.58,805.287,782.622,264.25,264.258,-0.00488722,28.6084,-80.6043,28.6084,-80.6042
4.59,807.927,785.262,264.012,264.021,-0.0052945,28.6084,-80.6043,28.6084,-80.6042
4.6,810.565,788.233,263.774,263.781,-0.00462219,28.6084,-80.6043,28.6084,-80.6042
4.61,813.2,790.868,263.536,263.545,-0.00378506,28.6084,-80.6043,28.6084,-80.6042
4.62,815.833,793.501,263.299,263.308,-0.0038196,28.6084,-80.6043,28.6084,-80.6042
4.63,818.464,796.132,263.062,263.071,-0.00448978,28.6084,-80.6043,28.6084,-80.6042
4.64,821.092,798.761,262.825,262.834,-0.00492792,28.6084,-80.6043,28.6084,-80.6042
4.65,823.718,801.386,262.589,262.596,-0.00507893,28.6084,-80.6043,28.6084,-80.6042
4.66,826.341,804.01,262.353,262.359,-0.00442546,28.6084,-80.6043,28.6084,-80.6042
4.67,828.963,806.631,262.117,262.124,-0.00476779,28.6084,-80.6043,28.6084,-80.6042
4.68,831.581,809.25,261.881,261.887,-0.00498587,28.6084,-80.6043,28.6084,-80.6042
4.69,834.198,811.867,261.646,261.651,-0.00496858,28.6084,-80.6043,28.6084,-80.6042
4.7,836.812,814.228,261.411,261.416,-0.00400242,28.6084,-80.6043,28.6084,-80.6042
4.71,839.424,816.84,261.177,261.183,-0.00495423,28.6084,-80.6043,28.6084,-80.6042
4.72,842.033,819.45,260.942,260.948,-0.00571957,28.6084,-80.6043,28.6084,-80.6042
4.73,844.64,822.057,260.708,260.713,-0.00671396,28.6084,-80.6043,28.6084,-80.6042
4.74,847.245,824.661,260.474,260.479,-0.00701972,28.6084,-80.6043,28.6084,-80.6042
4.75,849.847,827.264,260.241,260.247,-0.00768845,28.6084,-80.6043,28.6084,-80.6042
4.76,852.447,829.864,260.008,260.015,-0.00717339,28.6084,-80.6043,28.6084,-80.6042
4.77,855.045,832.462,259.775,259.783,-0.00776284,28.6084,-80.6043,28.6084,-80.6042
4.78,857.641,835.057,259.542,259.549,-0.00696519,28.6084,-80.6043,28.6084,-80.6042
4.79,860.234,837.651,259.31,259.318,-0.00680968,28.6084,-80.6043,28.6084,-80.6042
4.8,862.824,840.296,259.077,259.084,-0.00749936,28.6084,-80.6043,28.6084,-80.6042
4.81,865.413,842.885,258.846,258.853,-0.00679667,28.6084,-80.6043,28.6084,-80.6042
4.82,867.999,845.471,258.614,258.62,-0.00775688,28.6084,-80.6043,28.6084,-80.6042
4.83,870.583,848.055,258.383,258.388,-0.00789893,28.6084,-80.6043,28.6084,-80.6042
4.84,873.164,850.636,258.152,258.157,-0.00731253,28.6084,-80.6043,28.6084,-80.6042
4.85,875.744,853.216,257.921,257.926,-0.00758961,28.6084,-80.6043,28.6084,-80.6042
4.86,878.321,855.793,257.691,257.695,-0.00771732,28.6084,-80.6043,28.6084,-80.6042
4.87,880.895,858.367,257.461,257.466,-0.00762334,28.6084,-80.6043,28.6084,-80.6042
4.88,883.467,860.94,257.231,257.237,-0.00716574,28.6084,-80.6043,28.6084,-80.6042
4.89,886.037,863.51,257.001,257.009,-0.00801776,28.6084,-80.6043,28.6084,-80.6042
4.9,888.605,866.347,256.772,256.78,-0.00876513,28.6084,-80.6043,28.6084,-80.6042
4.91,891.171,868.913,256.543,256.552,-0.00804467,28.6084,-80.6043,28.6084,-80.6042
4.92,893.734,871.476,256.314,256.322,-0.00780043,28.6084,-80.6043,28.6084,-80.6042
4.93,896.295,874.037,256.086,256.094,-0.00733549,28.6084,-80.6043,28.6084,-80.6042
4.94,898.853,876.595,255.857,255.865,-0.00679886,28.6084,-80.6043,28.6084,-80.6042
4.95,901.409,879.152,255.629,255.638,-0.00778357,28.6084,-80.6043,28.6084,-80.6042
4.96,903.964,881.706,255.402,255.411,-0.00730562,28.6084,-80.6043,28.6084,-80.6042
4.97,906.515,884.258,255.174,255.182,-0.0070572,28.6084,-80.6043,28.6084,-80.6042
4.98,909.065,886.807,254.947,254.957,-0.00691076,28.6084,-80.6043,28.6084,-80.6042
4.99,911.612,889.354,254.72,254.729,-0.00636179,28.6084,-80.6043,28.6084,-80.6042
5,914.157,891.652,254.494,254.504,-0.00633337,28.6084,-80.6043,28.6084,-80.6044
5.01,916.7,894.195,254.267,254.276,-0.00685296,28.6084,-80.6043,28.6084,-80.6044
5.02,919.24,896.735,254.041,254.051,-0.0074084,28.6084,-80.6043,28.6084,-80.6044
5.03,921.778,899.273,253.815,253.826,-0.00673215,28.6084,-80.6043,28.6084,-80.6044
5.04,924.314,901.809,253.59,253.598,-0.00600803,28.6084,-80.6043,28.6084,-80.6044
5.05,926.848,904.343,253.364,253.374,-0.0069668,28.6084,-80.6043,28.6084,-80.6044
5.06,929.379,906.875,253.139,253.148,-0.00705198,28.6084,-80.6043,28.6084,-80.6044
5.07,931.908,909.404,252.915,252.925,-0.00668387,28.6084,-80.6043,28.6084,-80.6044
5.08,934.435,911.931,252.69,252.699,-0.00640243,28.6084,-80.6043,28.6084,-80.6044
5.09,936.96,914.456,252.466,252.476,-0.00574236,28.6084,-80.6043,28.6084,-80.6044
5.1,939.482,916.872,252.242,252.251,-0.00507046,28.6084,-80.6043,28.6084,-80.6044
5.11,942.002,919.392,252.018,252.027,-0.00525213,28.6084,-80.6043,28.6084,-80.6044
5.12,944.52,921.91,251.795,251.804,-0.00598121,28.6084,-80.6043,28.6084,-80.6044
5.13,947.036,924.426,251.572,251.581,-0.00673878,28.6084,-80.6043,28.6084,-80.6044
5.14,949.549,926.939,251.349,251.357,-0.00610707,28.6084,-80.6043,28.6084,-80.6044
5.15,952.061,929.451,251.126,251.134,-0.00692559,28.6084,-80.6043,28.6084,-80.6044
5.16,954.57,931.96,250.904,250.913,-0.00726475,28.6084,-80.6043,28.6084,-80.6044
5.17,957.077,934.467,250.681,250.692,-0.0078919,28.6084,-80.6043,28.6084,-80.6044
5.18,959.581,936.972,250.459,250.472,-0.00761055,28.6084,-80.6043,28.6084,-80.6044
5.19,962.084,939.474,250.238,250.249,-0.00715205,28.6084,-80.6043,28.6084,-80.6044
5.2,964.584,941.838,250.016,250.027,-0.00770035,28.6084,-80.6043,28.6084,-80.6044
5.21,967.082,944.336,249.795,249.805,-0.00674248,28.6084,-80.6043,28.6084,-80.6044
5.22,969.577,946.832,249.574,249.585,-0.00769815,28.6084,-80.6043,28.6084,-80.6044
5.23,972.071,949.326,249.354,249.365,-0.00751978,28.6084,-80.6043,28.6084,-80.6044
5.24,974.562,951.817,249.133,249.146,-0.00652108,28.6084,-80.6043,28.6084,-80.6044
5.25,977.051,954.306,248.913,248.926,-0.00690818,28.6084,-80.6043,28.6084,-80.6044
5.26,979.538,956.793,248.693,248.705,-0.00623958,28.6084,-80.6043,28.6084,-80.6044
5.27,982.023,959.278,248.474,248.487,-0.00624801,28.6084,-80.6043,28.6084,-80.6044
5.28,984.506,961.761,248.254,248.267,-0.00717868,28.6084,-80.6043,28.6084,-80.6044
5.29,986.986,964.241,248.035,248.049,-0.00808949,28.6084,-80.6043,28.6084,-80.6044
5.3,989.464,967.052,247.816,247.83,-0.00723722,28.6084,-80.6043,28.6084,-80.6044
5.31,991.94,969.528,247.598,247.609,-0.00677985,28.6084,-80.6043,28.6084,-80.6044
5.32,994.414,972.002,247.379,247.39,-0.00659247,28.6084,-80.6043,28.6084,-80.6044
5.33,996.886,974.474,247.161,247.171,-0.00679169,28.6084,-80.6043,28.6084,-80.6044
5.34,999.355,976.944,246.943,246.952,-0.0063749,28.6084,-80.6043,28.6084,-80.6044
5.35,1001.82,979.411,246.726,246.735,-0.00630215,28.6084,-80.6043,28.6084,-80.6044
5.36,1004.29,981.876,246.508,246.518,-0.0060918,28.6084,-80.6043,28.6084,-80.6044
5.37,1006.75,984.339,246.291,246.3,-0.00603781,28.6084,-80.6043,28.6084,-80.6044
5.38,1009.21,986.8,246.074,246.082,-0.00699172,28.6084,-80.6043,28.6084,-80.6044
5.39,1011.67,989.259,245.857,245.865,-0.00754336,28.6084,-80.6043,28.6084,-80.6044
5.4,1014.13,991.964,245.641,245.649,-0.00717206,28.6084,-80.6043,28.6084,-80.6044
5.41,1016.58,994.418,245.425,245.433,-0.00697386,28.6084,-80.6043,28.6084,-80.6044
5.42,1019.03,996.871,245.209,245.215,-0.00695143,28.6084,-80.6043,28.6084,-80.6044
5.43,1021.48,999.321,244.993,245,-0.00612005,28.6084,-80.6043,28.6084,-80.6044
5.44,1023.93,1001.77,244.778,244.785,-0.00706037,28.6084,-80.6043,28.6084,-80.6044
5.45,1026.38,1004.21,244.563,244.571,-0.00693127,28.6084,-80.6043,28.6084,-80.6044
5.46,1028.82,1006.66,244.348,244.357,-0.00679024,28.6084,-80.6043,28.6084,-80.6044
5.47,1031.26,1009.1,244.133,244.143,-0.00709019,28.6084,-80.6043,28.6084,-80.6044
5.48,1033.7,1011.54,243.918,243.931,-0.00776998,28.6084,-80.6043,28.6084,-80.6044
5.49,1036.14,1013.98,243.704,243.717,-0.00747345,28.6084,-80.6043,28.6084,-80.6044
5.5,1038.57,1016.21,243.49,243.504,-0.00805477,28.6084,-80.6043,28.6084,-80.6044
5.51,1041,1018.64,243.276,243.289,-0.00776837,28.6084,-80.6043,28.6084,-80.6044
5.52,1043.43,1021.07,243.063,243.076,-0.00753567,28.6084,-80.6043,28.6084,-80.6044
5.53,1045.86,1023.5,242.849,242.863,-0.00841707,28.6084,-80.6043,28.6084,-80.6044
5.54,1048.29,1025.93,242.636,242.652,-0.00918823,28.6084,-80.6043,28.6084,-80.6044
5.55,1050.71,1028.35,242.423,242.44,-0.00933816,28.6084,-80.6043,28.6084,-80.6044
5.56,1053.14,1030.78,242.211,242.227,-0.00965005,28.6084,-80.6043,28.6084,-80.6044
5.57,1055.56,1033.2,241.998,242.014,-0.00883384,28.6084,-80.6043,28.6084,-80.6044
5.58,1057.97,1035.61,241.786,241.804,-0.00899179,28.6084,-80.6043,28.6084,-80.6044
5.59,1060.39,1038.03,241.574,241.592,-0.00997649,28.6084,-80.6043,28.6084,-80.6044
5.6,1062.8,1040.39,241.363,241.379,-0.0109196,28.6084,-80.6043,28.6084,-80.6044
5.61,1065.21,1042.8,241.151,241.169,-0.0103432,28.6084,-80.6043,28.6084,-80.6044
5.62,1067.62,1045.21,240.94,240.956,-0.00979671,28.6084,-80.6043,28.6084,-80.6044
5.63,1070.03,1047.62,240.729,240.747,-0.00922276,28.6084,-80.6043,28.6084,-80.6044
5.64,1072.44,1050.03,240.518,240.536,-0.0087535,28.6084,-80.6043,28.6084,-80.6044
5.65,1074.84,1052.43,240.308,240.327,-0.00860428,28.6084,-80.6043,28.6084,-80.6044
5.66,1077.24,1054.83,240.097,240.116,-0.00832525,28.6084,-80.6043,28.6084,-80.6044
5.67,1079.64,1057.23,239.887,239.905,-0.00784024,28.6084,-80.6043,28.6084,-80.6044
5.68,1082.04,1059.63,239.677,239.694,-0.00821222,28.6084,-80.6043,28.6084,-80.6044
5.69,1084.43,1062.02,239.468,239.485,-0.00837187,28.6084,-80.6043,28.6084,-80.6044
5.7,1086.82,1064.83,239.258,239.274,-0.00935572,28.6084,-80.6043,28.6084,-80.6044
5.71,1089.21,1067.22,239.049,239.066,-0.00932891,28.6084,-80.6043,28.6084,-80.6044
5.72,1091.6,1069.61,238.84,238.858,-0.00956727,28.6084,-80.6043,28.6084,-80.6044
5.73,1093.99,1071.99,238.632,238.651,-0.0101891,28.6084,-80.6043,28.6084,-80.6044
5.74,1096.37,1074.38,238.423,238.442,-0.0107945,28.6084,-80.6043,28.6084,-80.6044
5.75,1098.76,1076.76,238.215,238.232,-0.0114896,28.6084,-80.6043,28.6084,-80.6044
5.76,1101.14,1079.14,238.007,238.022,-0.0124781,28.6084,-80.6043,28.6084,-80.6044
5.77,1103.51,1081.52,237.799,237.814,-0.0118703,28.6084,-80.6043,28.6084,-80.6044
5.78,1105.89,1083.89,237.591,237.608,-0.0127634,28.6084,-80.6043,28.6084,-80.6044
5.79,1108.26,1086.27,237.384,237.399,-0.0123861,28.6084,-80.6043,28.6084,-80.6044
5.8,1110.63,1088.6,237.177,237.19,-0.0117861,28.6084,-80.6043,28.6084,-80.6044
5.81,1113,1090.97,236.97,236.985,-0.0126766,28.6084,-80.6043,28.6084,-80.6044
5.82,1115.37,1093.34,236.763,236.778,-0.0116866,28.6084,-80.6043,28.6084,-80.6044
5.83,1117.74,1095.7,236.557,236.571,-0.0124059,28.6084,-80.6043,28.6084,-80.6044
5.84,1120.1,1098.07,236.35,236.364,-0.0125505,28.6084,-80.6043,28.6084,-80.6044
5.85,1122.46,1100.43,236.144,236.157,-0.0130859,28.6084,-80.6043,28.6084,-80.6044
5.86,1124.82,1102.79,235.938,235.952,-0.0127623,28.6084,-80.6043,28.6084,-80.6044
5.87,1127.18,1105.15,235.733,235.749,-0.0133392,28.6084,-80.6043,28.6084,-80.6044
5.88,1129.53,1107.5,235.527,235.544,-0.0140461,28.6084,-80.6043,28.6084,-80.6044
5.89,1131.89,1109.85,235.322,235.339,-0.013459,28.6084,-80.6043,28.6084,-80.6044
5.9,1134.24,1112.47,235.117,235.133,-0.0129541,28.6084,-80.6043,28.6084,-80.6044
5.91,1136.59,1114.82,234.912,234.93,-0.0139162,28.6084,-80.6043,28.6084,-80.6044
5.92,1138.94,1117.17,234.708,234.726,-0.0142685,28.6084,-80.6043,28.6084,-80.6044
5.93,1141.28,1119.52,234.503,234.52,-0.0135615,28.6084,-80.6043,28.6084,-80.6044
5.94,1143.62,1121.86,234.299,234.314,-0.0143172,28.6084,-80.6043,28.6084,-80.6044
5.95,1145.96,1124.2,234.095,234.11,-0.0136625,28.6084,-80.6043,28.6084,-80.6044
5.96,1148.3,1126.54,233.892,233.908,-0.0132461,28.6084,-80.6043,28.6084,-80.6044
5.97,1150.64,1128.88,233.688,233.704,-0.0126332,28.6084,-80.6043,28.6084,-80.6044
5.98,1152.97,1131.21,233.485,233.499,-0.0125832,28.6084,-80.6043,28.6084,-80.6044
5.99,1155.31,1133.54,233.282,233.295,-0.0125738,28.6084,-80.6043,28.6084,-80.6044
6,1157.64,1135.82,233.079,233.093,-0.012666,28.6084,-80.6043,28.6083,-80.6042
6.01,1159.97,1138.15,232.876,232.889,-0.0128431,28.6084,-80.6043,28.6083,-80.6042
6.02,1162.29,1140.47,232.674,232.686,-0.0123931,28.6084,-80.6043,28.6083,-80.6042
6.03,1164.62,1142.8,232.472,232.485,-0.0115944,28.6084,-80.6043,28.6083,-80.6042
6.04,1166.94,1145.12,232.27,232.283,-0.0120105,28.6084,-80.6043,28.6083,-80.6042
6.05,1169.26,1147.44,232.068,232.083,-0.0126559,28.6084,-80.6043,28.6083,-80.6042
6.06,1171.58,1149.76,231.866,231.882,-0.0116745,28.6084,-80.6043,28.6083,-80.6042
6.07,1173.9,1152.08,231.665,231.679,-0.0114178,28.6084,-80.6043,28.6083,-80.6042
6.08,1176.21,1154.39,231.464,231.476,-0.0110492,28.6084,-80.6043,28.6083,-80.6042
6.09,1178.52,1156.7,231.263,231.275,-0.0102008,28.6084,-80.6043,28.6083,-80.6042
6.1,1180.84,1158.95,231.062,231.074,-0.00951998,28.6084,-80.6043,28.6083,-80.6042
6.11,1183.14,1161.25,230.862,230.874,-0.00978919,28.6084,-80.6043,28.6083,-80.6042
6.12,1185.45,1163.56,230.661,230.675,-0.00884093,28.6084,-80.6043,28.6083,-80.6042
6.13,1187.76,1165.87,230.461,230.473,-0.00902838,28.6084,-80.6043,28.6083,-80.6042
6.14,1190.06,1168.17,230.261,230.273,-0.00928026,28.6084,-80.6043,28.6083,-80.6042
6.15,1192.36,1170.47,230.061,230.074,-0.00856749,28.6084,-80.6043,28.6083,-80.6042
6.16,1194.66,1172.77,229.862,229.874,-0.0088162,28.6084,-80.6043,28.6083,-80.6042
6.17,1196.95,1175.06,229.663,229.673,-0.009755,28.6084,-80.6043,28.6083,-80.6042
6.18,1199.25,1177.36,229.463,229.473,-0.00894973,28.6084,-80.6043,28.6083,-80.6042
6.19,1201.54,1179.65,229.265,229.274,-0.00877038,28.6084,-80.6043,28.6083,-80.6042
6.2,1203.83,1182.03,229.066,229.077,-0.00825613,28.6084,-80.6043,28.6083,-80.6042
6.21,1206.12,1184.32,228.867,228.877,-0.00768031,28.6084,-80.6043,28.6083,-80.6042
6.22,1208.41,1186.61,228.669,228.68,-0.00683151,28.6084,-80.6043,28.6083,-80.6042
6.23,1210.69,1188.89,228.471,228.482,-0.00725228,28.6084,-80.6043,28.6083,-80.6042
6.24,1212.97,1191.18,228.273,228.285,-0.00652288,28.6084,-80.6043,28.6083,-80.6042
6.25,1215.26,1193.46,228.075,228.086,-0.00636428,28.6084,-80.6043,28.6083,-80.6042
6.26,1217.53,1195.74,227.878,227.888,-0.00637348,28.6084,-80.6043,28.6083,-80.6042
6.27,1219.81,1198.01,227.68,227.691,-0.00675689,28.6084,-80.6043,28.6083,-80.6042
6.28,1222.09,1200.29,227.483,227.494,-0.00588106,28.6084,-80.6043,28.6083,-80.6042
6.29,1224.36,1202.56,227.286,227.297,-0.00506451,28.6084,-80.6043,28.6083,-80.6042
6.3,1226.63,1205.27,227.09,227.102,-0.00511616,28.6084,-80.6043,28.6083,-80.6042
6.31,1228.9,1207.54,226.893,226.904,-0.00516125,28.6084,-80.6043,28.6083,-80.6042
6.32,1231.17,1209.81,226.697,226.707,-0.00530332,28.6084,-80.6043,28.6083,-80.6042
6.33,1233.43,1212.07,226.501,226.51,-0.00465481,28.6084,-80.6043,28.6083,-80.6042
6.34,1235.69,1214.34,226.305,226.312,-0.00525278,28.6084,-80.6043,28.6083,-80.6042
6.35,1237.95,1216.6,226.109,226.117,-0.00580449,28.6084,-80.6043,28.6083,-80.6042
6.36,1240.21,1218.86,225.913,225.919,-0.0060659,28.6084,-80.6043,28.6083,-80.6042
6.37,1242.47,1221.11,225.718,225.722,-0.00519189,28.6084,-80.6043,28.6083,-80.6042
6.38,1244.73,1223.37,225.523,225.528,-0.00549659,28.6084,-80.6043,28.6083,-80.6042
6.39,1246.98,1225.62,225.328,225.334,-0.00508422,28.6084,-80.6043,28.6083,-80.6042
6.4,1249.23,1227.61,225.133,225.14,-0.00535436,28.6084,-80.6043,28.6083,-80.6042
6.41,1251.48,1229.86,224.938,224.943,-0.00456122,28.6084,-80.6043,28.6083,-80.6042
6.42,1253.73,1232.1,224.744,224.748,-0.00454668,28.6084,-80.6043,28.6083,-80.6042
6.43,1255.97,1234.35,224.55,224.555,-0.0036138,28.6084,-80.6043,28.6083,-80.6042
6.44,1258.22,1236.59,224.356,224.361,-0.00343365,28.6084,-80.6043,28.6083,-80.6042
6.45,1260.46,1238.84,224.162,224.167,-0.00317488,28.6084,-80.6043,28.6083,-80.6042
6.46,1262.7,1241.07,223.968,223.974,-0.00233875,28.6084,-80.6043,28.6083,-80.6042
6.47,1264.94,1243.31,223.775,223.782,-0.00303818,28.6084,-80.6043,28.6083,-80.6042
6.48,1267.17,1245.55,223.582,223.588,-0.00264204,28.6084,-80.6043,28.6083,-80.6042
6.49,1269.41,1247.78,223.389,223.394,-0.00264369,28.6084,-80.6043,28.6083,-80.6042
6.5,1271.64,1250.63,223.196,223.2,-0.00285755,28.6084,-80.6043,28.6083,-80.6042
6.51,1273.87,1252.86,223.003,223.007,-0.00295534,28.6084,-80.6043,28.6083,-80.6042
6.52,1276.1,1255.09,222.811,222.815,-0.00297488,28.6084,-80.6043,28.6083,-80.6042
6.53,1278.32,1257.32,222.618,222.624,-0.00350605,28.6084,-80.6043,28.6083,-80.6042
6.54,1280.55,1259.54,222.426,222.43,-0.00395324,28.6084,-80.6043,28.6083,-80.6042
6.55,1282.77,1261.77,222.234,222.239,-0.00447969,28.6084,-80.6043,28.6083,-80.6042
6.56,1284.99,1263.99,222.043,222.046,-0.00448786,28.6084,-80.6043,28.6083,-80.6042
6.57,1287.21,1266.2,221.851,221.855,-0.00397441,28.6084,-80.6043,28.6083,-80.6042
6.58,1289.42,1268.42,221.66,221.663,-0.00387067,28.6084,-80.6043,28.6083,-80.6042
6.59,1291.64,1270.64,221.468,221.47,-0.00302972,28.6084,-80.6043,28.6083,-80.6042
6.6,1293.85,1273.1,221.277,221.281,-0.00242642,28.6084,-80.6043,28.6083,-80.6042
6.61,1296.06,1275.31,221.087,221.091,-0.00207549,28.6084,-80.6043,28.6083,-80.6042
6.62,1298.27,1277.52,220.896,220.901,-0.00265808,28.6084,-80.6043,28.6083,-80.6042
6.63,1300.48,1279.73,220.705,220.71,-0.00173608,28.6084,-80.6043,28.6083,-80.6042
6.64,1302.68,1281.93,220.515,220.521,-0.00143009,28.6084,-80.6043,28.6083,-80.6042
6.65,1304.89,1284.13,220.325,220.33,-0.00199078,28.6084,-80.6043,28.6083,-80.6042
6.66,1307.09,1286.34,220.135,220.14,-0.00138043,28.6084,-80.6043,28.6083,-80.6042
6.67,1309.29,1288.54,219.946,219.951,-0.000796486,28.6084,-80.6043,28.6083,-80.6042
6.68,1311.48,1290.73,219.756,219.761,9.20858e-06,28.6084,-80.6043,28.6083,-80.6042
6.69,1313.68,1292.93,219.567,219.574,0.000769877,28.6084,-80.6043,28.6083,-80.6042
6.7,1315.87,1295.63,219.377,219.385,0.000220221,28.6084,-80.6043,28.6083,-80.6042
6.71,1318.07,1297.82,219.188,219.194,0.000841427,28.6084,-80.6043,28.6083,-80.6042
6.72,1320.26,1300.01,219,219.007,0.000498423,28.6084,-80.6043,28.6083,-80.6042
6.73,1322.44,1302.2,218.811,218.818,-0.000384012,28.6084,-80.6043,28.6083,-80.6042
6.74,1324.63,1304.38,218.623,218.628,-0.000674092,28.6084,-80.6043,28.6083,-80.6042
6.75,1326.81,1306.57,218.434,218.442,0.000107438,28.6084,-80.6043,28.6083,-80.6042
6.76,1329,1308.75,218.246,218.253,0.000179231,28.6084,-80.6043,28.6083,-80.6042
6.77,1331.18,1310.93,218.058,218.065,0.000127671,28.6084,-80.6043,28.6083,-80.6042
6.78,1333.36,1313.11,217.87,217.879,0.000415352,28.6084,-80.6043,28.6083,-80.6042
6.79,1335.53,1315.29,217.683,217.69,0.000540208,28.6084,-80.6043,28.6083,-80.6042
6.8,1337.71,1318.02,217.495,217.505,0.000343715,28.6084,-80.6043,28.6083,-80.6042
6.81,1339.88,1320.19,217.308,217.319,-0.000515907,28.6084,-80.6043,28.6083,-80.6042
6.82,1342.05,1322.36,217.121,217.133,-0.000701881,28.6084,-80.6043,28.6083,-80.6042
6.83,1344.22,1324.53,216.934,216.948,-0.000412807,28.6084,-80.6043,28.6083,-80.6042
6.84,1346.39,1326.7,216.748,216.76,-0.000462352,28.6084,-80.6043,28.6083,-80.6042
6.85,1348.55,1328.87,216.561,216.575,-0.000628076,28.6084,-80.6043,28.6083,-80.6042
6.86,1350.72,1331.03,216.375,216.389,-0.000267451,28.6084,-80.6043,28.6083,-80.6042
6.87,1352.88,1333.19,216.189,216.202,0.000336205,28.6084,-80.6043,28.6083,-80.6042
6.88,1355.04,1335.35,216.003,216.014,6.10755e-05,28.6084,-80.6043,28.6083,-80.6042
6.89,1357.2,1337.51,215.817,215.826,-0.00014343,28.6084,-80.6043,28.6083,-80.6042
6.9,1359.36,1339.99,215.631,215.64,0.000739701,28.6084,-80.6043,28.6083,-80.6042
6.91,1361.51,1342.15,215.446,215.455,0.000988513,28.6084,-80.6043,28.6083,-80.6042
6.92,1363.66,1344.3,215.26,215.268,0.00132491,28.6084,-80.6043,28.6083,-80.6042
6.93,1365.81,1346.45,215.075,215.082,0.000964066,28.6084,-80.6043,28.6083,-80.6042
6.94,1367.96,1348.6,214.89,214.896,0.000496379,28.6084,-80.6043,28.6083,-80.6042
6.95,1370.11,1350.75,214.706,214.712,-0.00031403,28.6084,-80.6043,28.6083,-80.6042
6.96,1372.25,1352.89,214.521,214.526,0.000269011,28.6084,-80.6043,28.6083,-80.6042
6.97,1374.4,1355.04,214.336,214.342,0.00022152,28.6084,-80.6043,28.6083,-80.6042
6.98,1376.54,1357.18,214.152,214.159,1.24709e-05,28.6084,-80.6043,28.6083,-80.6042
6.99,1378.68,1359.32,213.968,213.976,-0.000507961,28.6084,-80.6043,28.6083,-80.6042
7,1380.82,1361.72,213.784,213.791,-0.00114648,28.6084,-80.6043,28.6085,-80.6043
7.01,1382.95,1363.86,213.6,213.608,-0.0011777,28.6084,-80.6043,28.6085,-80.6043
7.02,1385.09,1365.99,213.417,213.425,-0.00140563,28.6084,-80.6043,28.6085,-80.6043
7.03,1387.22,1368.12,213.233,213.24,-0.00139102,28.6084,-80.6043,28.6085,-80.6043
7.04,1389.35,1370.25,213.05,213.055,-0.000734101,28.6084,-80.6043,28.6085,-80.6043
7.05,1391.48,1372.38,212.867,212.87,-0.00136056,28.6084,-80.6043,28.6085,-80.6043
7.06,1393.6,1374.51,212.684,212.687,-0.00156064,28.6084,-80.6043,28.6085,-80.6043
7.07,1395.73,1376.63,212.501,212.505,-0.00110607,28.6084,-80.6043,28.6085,-80.6043
7.08,1397.85,1378.76,212.319,212.323,-0.00165071,28.6084,-80.6043,28.6085,-80.6043
7.09,1399.97,1380.88,212.136,212.141,-0.00118,28.6084,-80.6043,28.6085,-80.6043
7.1,1402.09,1383.44,211.954,211.957,-0.00103396,28.6084,-80.6043,28.6085,-80.6043
7.11,1404.21,1385.56,211.772,211.774,-9.69805e-05,28.6084,-80.6043,28.6085,-80.6043
7.12,1406.33,1387.67,211.59,211.594,-0.00104989,28.6084,-80.6043,28.6085,-80.6043
7.13,1408.44,1389.79,211.408,211.411,-0.00173799,28.6084,-80.6043,28.6085,-80.6043
7.14,1410.55,1391.9,211.227,211.23,-0.00237964,28.6084,-80.6043,28.6085,-80.6043
7.15,1412.66,1394.01,211.045,211.05,-0.00287644,28.6084,-80.6043,28.6085,-80.6043
7.16,1414.77,1396.12,210.864,210.867,-0.0029021,28.6084,-80.6043,28.6085,-80.6043
7.17,1416.88,1398.22,210.683,210.687,-0.00279512,28.6084,-80.6043,28.6085,-80.6043
7.18,1418.98,1400.33,210.502,210.506,-0.00314582,28.6084,-80.6043,28.6085,-80.6043
7.19,1421.09,1402.43,210.321,210.326,-0.00337516,28.6084,-80.6043,28.6085,-80.6043
7.2,1423.19,1404.79,210.14,210.145,-0.00279606,28.6084,-80.6043,28.6085,-80.6043
7.21,1425.29,1406.89,209.96,209.966,-0.00320426,28.6084,-80.6043,28.6085,-80.6043
7.22,1427.39,1408.98,209.78,209.786,-0.00315938,28.6084,-80.6043,28.6085,-80.6043
7.23,1429.48,1411.08,209.6,209.606,-0.00329669,28.6084,-80.6043,28.6085,-80.6043
7.24,1431.58,1413.17,209.42,209.426,-0.00321113,28.6084,-80.6043,28.6085,-80.6043
7.25,1433.67,1415.27,209.24,209.244,-0.00327231,28.6084,-80.6043,28.6085,-80.6043
7.26,1435.76,1417.36,209.06,209.063,-0.00232661,28.6084,-80.6043,28.6085,-80.6043
7.27,1437.85,1419.45,208.881,208.884,-0.00262643,28.6084,-80.6043,28.6085,-80.6043
7.28,1439.94,1421.53,208.701,208.703,-0.00242528,28.6084,-80.6043,28.6085,-80.6043
7.29,1442.02,1423.62,208.522,208.522,-0.00265388,28.6084,-80.6043,28.6085,-80.6043
7.3,1444.1,1426.02,208.343,208.342,-0.0029772,28.6084,-80.6043,28.6085,-80.6043
7.31,1446.19,1428.1,208.164,208.164,-0.00366583,28.6084,-80.6043,28.6085,-80.6043
7.32,1448.27,1430.18,207.986,207.983,-0.0040959,28.6084,-80.6043,28.6085,-80.6043
7.33,1450.34,1432.26,207.807,207.805,-0.00367704,28.6084,-80.6043,28.6085,-80.6043
7.34,1452.42,1434.33,207.629,207.627,-0.00280365,28.6084,-80.6043,28.6085,-80.6043
7.35,1454.5,1436.41,207.45,207.449,-0.0026991,28.6084,-80.6043,28.6085,-80.6043
7.36,1456.57,1438.48,207.272,207.272,-0.00210934,28.6084,-80.6043,28.6085,-80.6043
7.37,1458.64,1440.55,207.094,207.093,-0.00247842,28.6084,-80.6043,28.6085,-80.6043
7.38,1460.71,1442.62,206.917,206.914,-0.00229266,28.6084,-80.6043,28.6085,-80.6043
7.39,1462.78,1444.69,206.739,206.737,-0.00157017,28.6084,-80.6043,28.6085,-80.6043
7.4,1464.84,1446.92,206.562,206.56,-0.00248483,28.6084,-80.6043,28.6085,-80.6043
7.41,1466.9,1448.99,206.384,206.381,-0.00251025,28.6084,-80.6043,28.6085,-80.6043
7.42,1468.97,1451.05,206.207,206.204,-0.00195702,28.6084,-80.6043,28.6085,-80.6043
7.43,1471.03,1453.11,206.03,206.026,-0.00170778,28.6084,-80.6043,28.6085,-80.6043
7.44,1473.09,1455.17,205.853,205.847,-0.00205021,28.6084,-80.6043,28.6085,-80.6043
7.45,1475.14,1457.23,205.677,205.673,-0.00161925,28.6084,-80.6043,28.6085,-80.6043
7.46,1477.2,1459.28,205.5,205.494,-0.00238196,28.6084,-80.6043,28.6085,-80.6043
7.47,1479.25,1461.33,205.324,205.319,-0.00269827,28.6084,-80.6043,28.6085,-80.6043
7.48,1481.3,1463.38,205.148,205.143,-0.00263516,28.6084,-80.6043,28.6085,-80.6043
7.49,1483.35,1465.43,204.972,204.965,-0.0025638,28.6084,-80.6043,28.6085,-80.6043
7.5,1485.4,1467.49,204.796,204.788,-0.002435,28.6084,-80.6043,28.6085,-80.6043
7.51,1487.45,1469.54,204.62,204.611,-0.00198312,28.6084,-80.6043,28.6085,-80.6043
7.52,1489.49,1471.59,204.444,204.436,-0.00269535,28.6084,-80.6043,28.6085,-80.6043
7.53,1491.53,1473.63,204.269,204.26,-0.00326052,28.6084,-80.6043,28.6085,-80.6043
7.54,1493.57,1475.67,204.094,204.083,-0.00242841,28.6084,-80.6043,28.6085,-80.6043
7.55,1495.61,1477.71,203.918,203.907,-0.00304256,28.6084,-80.6043,28.6085,-80.6043
7.56,1497.65,1479.74,203.743,203.732,-0.00254782,28.6084,-80.6043,28.6085,-80.6043
7.57,1499.69,1481.78,203.569,203.558,-0.00302229,28.6084,-80.6043,28.6085,-80.6043
7.58,1501.72,1483.81,203.394,203.384,-0.00331145,28.6084,-80.6043,28.6085,-80.6043
7.59,1503.75,1485.85,203.219,203.209,-0.00398341,28.6084,-80.6043,28.6085,-80.6043
7.6,1505.78,1488.16,203.045,203.034,-0.00470229,28.6084,-80.6043,28.6085,-80.6043
7.61,1507.81,1490.19,202.871,202.859,-0.00377691,28.6084,-80.6043,28.6085,-80.6043
7.62,1509.84,1492.21,202.697,202.685,-0.00470489,28.6084,-80.6043,28.6085,-80.6043
7.63,1511.86,1494.24,202.523,202.511,-0.00455514,28.6084,-80.6043,28.6085,-80.6043
7.64,1513.89,1496.26,202.349,202.338,-0.00450557,28.6084,-80.6043,28.6085,-80.6043
7.65,1515.91,1498.28,202.175,202.163,-0.0037048,28.6084,-80.6043,28.6085,-80.6043
7.66,1517.93,1500.3,202.002,201.988,-0.00297437,28.6084,-80.6043,28.6085,-80.6043
7.67,1519.95,1502.32,201.828,201.815,-0.00298619,28.6084,-80.6043,28.6085,-80.6043
7.68,1521.96,1504.34,201.655,201.641,-0.00246226,28.6084,-80.6043,28.6085,-80.6043
7.69,1523.98,1506.35,201.482,201.468,-0.0032621,28.6084,-80.6043,28.6085,-80.6043
7.7,1525.99,1508.25,201.309,201.293,-0.0028778,28.6084,-80.6043,28.6085,-80.6043
7.71,1528,1510.26,201.136,201.12,-0.0030319,28.6084,-80.6043,28.6085,-80.6043
7.72,1530.01,1512.27,200.964,200.949,-0.00282258,28.6084,-80.6043,28.6085,-80.6043
7.73,1532.02,1514.28,200.791,200.778,-0.00327444,28.6084,-80.6043,28.6085,-80.6043
7.74,1534.03,1516.28,200.619,200.607,-0.00408093,28.6084,-80.6043,28.6085,-80.6043
7.75,1536.03,1518.29,200.447,200.434,-0.00310178,28.6084,-80.6043,28.6085,-80.6043
7.76,1538.03,1520.29,200.275,200.262,-0.00334713,28.6084,-80.6043,28.6085,-80.6043
7.77,1540.04,1522.29,200.103,200.09,-0.00320754,28.6084,-80.6043,28.6085,-80.6043
7.78,1542.03,1524.29,199.931,199.92,-0.00395316,28.6084,-80.6043,28.6085,-80.6043
7.79,1544.03,1526.29,199.759,199.747,-0.00416045,28.6084,-80.6043,28.6085,-80.6043
7.8,1546.03,1528.52,199.588,199.575,-0.00507671,28.6084,-80.6043,28.6085,-80.6043
7.81,1548.02,1530.52,199.417,199.404,-0.00490387,28.6084,-80.6043,28.6085,-80.6043
7.82,1550.01,1532.51,199.245,199.232,-0.00527246,28.6084,-80.6043,28.6085,-80.6043
7.83,1552.01,1534.5,199.074,199.061,-0.00479271,28.6084,-80.6043,28.6085,-80.6043
7.84,1553.99,1536.49,198.903,198.889,-0.00505185,28.6084,-80.6043,28.6085,-80.6043
7.85,1555.98,1538.48,198.733,198.718,-0.00604781,28.6084,-80.6043,28.6085,-80.6043
7.86,1557.97,1540.46,198.562,198.546,-0.00533787,28.6084,-80.6043,28.6085,-80.6043
7.87,1559.95,1542.45,198.392,198.377,-0.00484885,28.6084,-80.6043,28.6085,-80.6043
7.88,1561.93,1544.43,198.221,198.207,-0.00559868,28.6084,-80.6043,28.6085,-80.6043
7.89,1563.91,1546.41,198.051,198.037,-0.0051385,28.6084,-80.6043,28.6085,-80.6043
7.9,1565.89,1547.98,197.881,197.867,-0.00513296,28.6084,-80.6043,28.6085,-80.6043
7.91,1567.87,1549.96,197.711,197.696,-0.00602277,28.6084,-80.6043,28.6085,-80.6043
7.92,1569.85,1551.94,197.541,197.528,-0.00544557,28.6084,-80.6043,28.6085,-80.6043
7.93,1571.82,1553.91,197.372,197.357,-0.00449526,28.6084,-80.6043,28.6085,-80.6043
7.94,1573.79,1555.88,197.202,197.186,-0.00459776,28.6084,-80.6043,28.6085,-80.6043
7.95,1575.76,1557.85,197.033,197.015,-0.00373473,28.6084,-80.6043,28.6085,-80.6043
7.96,1577.73,1559.82,196.864,196.846,-0.00352784,28.6084,-80.6043,28.6085,-80.6043
7.97,1579.7,1561.79,196.695,196.676,-0.00273557,28.6084,-80.6043,28.6085,-80.6043
7.98,1581.66,1563.75,196.526,196.509,-0.0019115,28.6084,-80.6043,28.6085,-80.6043
7.99,1583.63,1565.71,196.357,196.339,-0.00226698,28.6084,-80.6043,28.6085,-80.6043
8,1585.59,1568.11,196.188,196.17,-0.00263908,28.6084,-80.6043,28.6085,-80.6043
8.01,1587.55,1570.07,196.02,196.001,-0.00330917,28.6084,-80.6043,28.6085,-80.6043
8.02,1589.51,1572.03,195.851,195.834,-0.00318425,28.6084,-80.6043,28.6085,-80.6043
8.03,1591.46,1573.99,195.683,195.667,-0.00373908,28.6084,-80.6043,28.6085,-80.6043
8.04,1593.42,1575.94,195.515,195.5,-0.0032455,28.6084,-80.6043,28.6085,-80.6043
8.05,1595.37,1577.9,195.347,195.331,-0.00292549,28.6084,-80.6043,28.6085,-80.6043
8.06,1597.32,1579.85,195.179,195.163,-0.00300556,28.6084,-80.6043,28.6085,-80.6043
8.07,1599.27,1581.8,195.011,194.996,-0.00256487,28.6084,-80.6043,28.6085,-80.6043
8.08,1601.22,1583.75,194.844,194.83,-0.0022605,28.6084,-80.6043,28.6085,-80.6043
8.09,1603.17,1585.69,194.676,194.663,-0.00228221,28.6084,-80.6043,28.6085,-80.6043
8.1,1605.11,1587.33,194.509,194.495,-0.00163416,28.6084,-80.6043,28.6085,-80.6043
8.11,1607.06,1589.27,194.342,194.327,-0.00116204,28.6084,-80.6043,28.6085,-80.6043
8.12,1609,1591.21,194.175,194.161,-0.00110262,28.6084,-80.6043,28.6085,-80.6043
8.13,1610.94,1593.15,194.008,193.993,-0.0020803,28.6084,-80.6043,28.6085,-80.6043
8.14,1612.88,1595.09,193.841,193.828,-0.00252201,28.6084,-80.6043,28.6085,-80.6043
8.15,1614.81,1597.03,193.675,193.66,-0.00312512,28.6084,-80.6043,28.6085,-80.6043
8.16,1616.75,1598.96,193.508,193.492,-0.0031928,28.6084,-80.6043,28.6085,-80.6043
8.17,1618.68,1600.9,193.342,193.327,-0.00284486,28.6084,-80.6043,28.6085,-80.6043
8.18,1620.61,1602.83,193.175,193.16,-0.00356317,28.6084,-80.6043,28.6085,-80.6043
8.19,1622.54,1604.76,193.009,192.994,-0.00447777,28.6084,-80.6043,28.6085,-80.6043
8.2,1624.47,1606.43,192.843,192.828,-0.00515714,28.6084,-80.6043,28.6085,-80.6043
8.21,1626.4,1608.36,192.678,192.662,-0.0045662,28.6084,-80.6043,28.6085,-80.6043
8.22,1628.33,1610.28,192.512,192.496,-0.0039918,28.6084,-80.6043,28.6085,-80.6043
8.23,1630.25,1612.2,192.346,192.33,-0.00309119,28.6084,-80.6043,28.6085,-80.6043
8.24,1632.17,1614.13,192.181,192.164,-0.00268464,28.6084,-80.6043,28.6085,-80.6043
8.25,1634.09,1616.05,192.016,191.999,-0.00236138,28.6084,-80.6043,28.6085,-80.6043
8.26,1636.01,1617.96,191.85,191.836,-0.0023406,28.6084,-80.6043,28.6085,-80.6043
8.27,1637.93,1619.88,191.685,191.67,-0.00245972,28.6084,-80.6043,28.6085,-80.6043
8.28,1639.84,1621.8,191.52,191.506,-0.00271971,28.6084,-80.6043,28.6085,-80.6043
8.29,1641.75,1623.71,191.356,191.341,-0.00198042,28.6084,-80.6043,28.6085,-80.6043
8.3,1643.67,1626.08,191.191,191.176,-0.00171899,28.6084,-80.6043,28.6085,-80.6043
8.31,1645.58,1627.99,191.026,191.013,-0.00162105,28.6084,-80.6043,28.6085,-80.6043
8.32,1647.49,1629.9,190.862,190.85,-0.00200466,28.6084,-80.6043,28.6085,-80.6043
8.33,1649.39,1631.8,190.698,190.686,-0.0026938,28.6084,-80.6043,28.6085,-80.6043
8.34,1651.3,1633.71,190.534,190.521,-0.00347711,28.6084,-80.6043,28.6085,-80.6043
8.35,1653.2,1635.61,190.37,190.357,-0.00261914,28.6084,-80.6043,28.6085,-80.6043
8.36,1655.1,1637.51,190.206,190.195,-0.00339671,28.6084,-80.6043,28.6085,-80.6043
8.37,1657,1639.41,190.042,190.03,-0.00284865,28.6084,-80.6043,28.6085,-80.6043
8.38,1658.9,1641.31,189.878,189.866,-0.00349319,28.6084,-80.6043,28.6085,-80.6043
8.39,1660.8,1643.21,189.715,189.701,-0.00396889,28.6084,-80.6043,28.6085,-80.6043
8.4,1662.7,1644.66,189.551,189.54,-0.00354489,28.6084,-80.6043,28.6085,-80.6043
8.41,1664.59,1646.56,189.388,189.375,-0.00440321,28.6084,-80.6043,28.6085,-80.6043
8.42,1666.48,1648.45,189.225,189.212,-0.0052973,28.6084,-80.6043,28.6085,-80.6043
8.43,1668.37,1650.34,189.062,189.049,-0.00620613,28.6084,-80.6043,28.6085,-80.6043
8.44,1670.26,1652.23,188.899,188.888,-0.00523219,28.6084,-80.6043,28.6085,-80.6043
8.45,1672.15,1654.12,188.736,188.726,-0.00442467,28.6084,-80.6043,28.6085,-80.6043
8.46,1674.03,1656,188.574,188.565,-0.00497413,28.6084,-80.6043,28.6085,-80.6043
8.47,1675.92,1657.89,188.411,188.403,-0.00535925,28.6084,-80.6043,28.6085,-80.6043
8.48,1677.8,1659.77,188.249,188.242,-0.0049306,28.6084,-80.6043,28.6085,-80.6043
8.49,1679.68,1661.65,188.087,188.081,-0.00588373,28.6084,-80.6043,28.6085,-80.6043
8.5,1681.56,1663.6,187.925,187.917,-0.00570911,28.6084,-80.6043,28.6085,-80.6043
8.51,1683.44,1665.48,187.763,187.753,-0.00507963,28.6084,-80.6043,28.6085,-80.6043
8.52,1685.31,1667.35,187.601,187.592,-0.00467931,28.6084,-80.6043,28.6085,-80.6043
8.53,1687.19,1669.23,187.439,187.432,-0.00400999,28.6084,-80.6043,28.6085,-80.6043
8.54,1689.06,1671.1,187.277,187.273,-0.00312093,28.6084,-80.6043,28.6085,-80.6043
8.55,1690.93,1672.97,187.116,187.111,-0.00385055,28.6084,-80.6043,28.6085,-80.6043
8.56,1692.8,1674.84,186.954,186.949,-0.00361555,28.6084,-80.6043,28.6085,-80.6043
8.57,1694.67,1676.71,186.793,186.789,-0.00369567,28.6084,-80.6043,28.6085,-80.6043
8.58,1696.54,1678.57,186.632,186.626,-0.00310748,28.6084,-80.6043,28.6085,-80.6043
8.59,1698.4,1680.44,186.471,186.465,-0.00401685,28.6084,-80.6043,28.6085,-80.6043
8.6,1700.26,1682.06,186.31,186.304,-0.00444424,28.6084,-80.6043,28.6085,-80.6043
8.61,1702.13,1683.92,186.149,186.141,-0.00375386,28.6084,-80.6043,28.6085,-80.6043
8.62,1703.99,1685.78,185.989,185.98,-0.00353234,28.6084,-80.6043,28.6085,-80.6043
8.63,1705.84,1687.64,185.828,185.82,-0.00451168,28.6084,-80.6043,28.6085,-80.6043
8.64,1707.7,1689.49,185.668,185.66,-0.00433252,28.6084,-80.6043,28.6085,-80.6043
8.65,1709.56,1691.35,185.508,185.5,-0.0040436,28.6084,-80.6043,28.6085,-80.6043
8.66,1711.41,1693.2,185.347,185.341,-0.00421884,28.6084,-80.6043,28.6085,-80.6043
8.67,1713.26,1695.05,185.187,185.18,-0.00435679,28.6084,-80.6043,28.6085,-80.6043
8.68,1715.11,1696.9,185.027,185.02,-0.00482997,28.6084,-80.6043,28.6085,-80.6043
8.69,1716.96,1698.75,184.868,184.86,-0.0051312,28.6084,-80.6043,28.6085,-80.6043
8.7,1718.81,1700.95,184.708,184.701,-0.00507416,28.6084,-80.6043,28.6085,-80.6043
8.71,1720.65,1702.79,184.548,184.543,-0.00552009,28.6084,-80.6043,28.6085,-80.6043
8.72,1722.5,1704.64,184.389,184.382,-0.00554826,28.6084,-80.6043,28.6085,-80.6043
8.73,1724.34,1706.48,184.23,184.221,-0.00535056,28.6084,-80.6043,28.6085,-80.6043
8.74,1726.18,1708.32,184.071,184.062,-0.00526751,28.6084,-80.6043,28.6085,-80.6043
8.75,1728.02,1710.16,183.911,183.905,-0.00511594,28.6084,-80.6043,28.6085,-80.6043
8.76,1729.86,1712,183.752,183.745,-0.00465525,28.6084,-80.6043,28.6085,-80.6043
8.77,1731.69,1713.83,183.594,183.588,-0.00395935,28.6084,-80.6043,28.6085,-80.6043
8.78,1733.53,1715.67,183.435,183.428,-0.00308311,28.6084,-80.6043,28.6085,-80.6043
8.79,1735.36,1717.5,183.276,183.269,-0.00232423,28.6084,-80.6043,28.6085,-80.6043
8.8,1737.19,1719.39,183.118,183.111,-0.00307102,28.6084,-80.6043,28.6085,-80.6043
8.81,1739.02,1721.22,182.959,182.953,-0.00296032,28.6084,-80.6043,28.6085,-80.6043
8.82,1740.85,1723.05,182.801,182.793,-0.00325434,28.6084,-80.6043,28.6085,-80.6043
8.83,1742.67,1724.87,182.643,182.636,-0.003385,28.6084,-80.6043,28.6085,-80.6043
8.84,1744.5,1726.7,182.485,182.479,-0.00312734,28.6084,-80.6043,28.6085,-80.6043
8.85,1746.32,1728.52,182.327,182.323,-0.00320986,28.6084,-80.6043,28.6085,-80.6043
8.86,1748.14,1730.34,182.169,182.163,-0.0037294,28.6084,-80.6043,28.6085,-80.6043
8.87,1749.96,1732.16,182.012,182.006,-0.00364478,28.6084,-80.6043,28.6085,-80.6043
8.88,1751.78,1733.98,181.854,181.848,-0.00409699,28.6084,-80.6043,28.6085,-80.6043
8.89,1753.6,1735.8,181.697,181.689,-0.00339122,28.6084,-80.6043,28.6085,-80.6043
8.9,1755.42,1738.2,181.539,181.53,-0.00309256,28.6084,-80.6043,28.6085,-80.6043
8.91,1757.23,1740.02,181.382,181.371,-0.00293833,28.6084,-80.6043,28.6085,-80.6043
8.92,1759.04,1741.83,181.225,181.216,-0.00357983,28.6084,-80.6043,28.6085,-80.6043
8.93,1760.85,1743.64,181.068,181.059,-0.00373949,28.6084,-80.6043,28.6085,-80.6043
8.94,1762.66,1745.45,180.911,180.9,-0.00463751,28.6084,-80.6043,28.6085,-80.6043
8.95,1764.47,1747.25,180.754,180.744,-0.0042995,28.6084,-80.6043,28.6085,-80.6043
8.96,1766.27,1749.06,180.598,180.589,-0.00509525,28.6084,-80.6043,28.6085,-80.6043
8.97,1768.08,1750.87,180.441,180.434,-0.00539102,28.6084,-80.6043,28.6085,-80.6043
8.98,1769.88,1752.67,180.285,180.279,-0.00610098,28.6084,-80.6043,28.6085,-80.6043
8.99,1771.68,1754.47,180.129,180.121,-0.00600155,28.6084,-80.6043,28.6085,-80.6043
9,1773.48,1756.75,179.972,179.963,-0.0059751,28.6084,-80.6043,28.6085,-80.6044
9.01,1775.28,1758.55,179.816,179.807,-0.00659856,28.6084,-80.6043,28.6085,-80.6044
9.02,1777.08,1760.35,179.66,179.65,-0.00657318,28.6084,-80.6043,28.6085,-80.6044
9.03,1778.87,1762.14,179.505,179.495,-0.00583059,28.6084,-80.6043,28.6085,-80.6044
9.04,1780.67,1763.94,179.349,179.34,-0.0058094,28.6084,-80.6043,28.6085,-80.6044
9.05,1782.46,1765.73,179.193,179.184,-0.00572781,28.6084,-80.6043,28.6085,-80.6044
9.06,1784.25,1767.52,179.038,179.029,-0.00480052,28.6084,-80.6043,28.6085,-80.6044
9.07,1786.04,1769.31,178.882,178.875,-0.00430345,28.6084,-80.6043,28.6085,-80.6044
9.08,1787.82,1771.1,178.727,178.718,-0.00428796,28.6084,-80.6043,28.6085,-80.6044
9.09,1789.61,1772.88,178.572,178.563,-0.00526044,28.6084,-80.6043,28.6085,-80.6044
9.1,1791.39,1774.57,178.417,178.408,-0.00600467,28.6084,-80.6043,28.6085,-80.6044
9.11,1793.18,1776.36,178.262,178.253,-0.00645887,28.6084,-80.6043,28.6085,-80.6044
9.12,1794.96,1778.14,178.107,178.097,-0.00729793,28.6084,-80.6043,28.6085,-80.6044
9.13,1796.74,1779.92,177.952,177.942,-0.00643075,28.6084,-80.6043,28.6085,-80.6044
9.14,1798.52,1781.7,177.798,177.788,-0.00597164,28.6084,-80.6043,28.6085,-80.6044
9.15,1800.29,1783.47,177.643,177.632,-0.00530162,28.6084,-80.6043,28.6085,-80.6044
9.16,1802.07,1785.25,177.489,177.477,-0.00513356,28.6084,-80.6043,28.6085,-80.6044
9.17,1803.84,1787.02,177.334,177.321,-0.00432947,28.6084,-80.6043,28.6085,-80.6044
9.18,1805.61,1788.79,177.18,177.166,-0.00347292,28.6084,-80.6043,28.6085,-80.6044
9.19,1807.38,1790.56,177.026,177.012,-0.00304126,28.6084,-80.6043,28.6085,-80.6044
9.2,1809.15,1792.45,176.872,176.858,-0.00395005,28.6084,-80.6043,28.6085,-80.6044
9.21,1810.92,1794.21,176.718,176.703,-0.00493689,28.6084,-80.6043,28.6085,-80.6044
9.22,1812.68,1795.98,176.565,176.548,-0.00522697,28.6084,-80.6043,28.6085,-80.6044
9.23,1814.45,1797.74,176.411,176.395,-0.00508347,28.6084,-80.6043,28.6085,-80.6044
9.24,1816.21,1799.5,176.257,176.241,-0.00583508,28.6084,-80.6043,28.6085,-80.6044
9.25,1817.97,1801.27,176.104,176.088,-0.00536588,28.6084,-80.6043,28.6085,-80.6044
9.26,1819.73,1803.02,175.951,175.935,-0.00442082,28.6084,-80.6043,28.6085,-80.6044
9.27,1821.49,1804.78,175.797,175.781,-0.00394998,28.6084,-80.6043,28.6085,-80.6044
9.28,1823.25,1806.54,175.644,175.627,-0.00477286,28.6084,-80.6043,28.6085,-80.6044
9.29,1825,1808.29,175.491,175.474,-0.00560647,28.6084,-80.6043,28.6085,-80.6044
9.3,1826.75,1809.97,175.338,175.32,-0.00609245,28.6084,-80.6043,28.6085,-80.6044
9.31,1828.51,1811.73,175.186,175.167,-0.00646447,28.6084,-80.6043,28.6085,-80.6044
9.32,1830.26,1813.48,175.033,175.014,-0.00546509,28.6084,-80.6043,28.6085,-80.6044
9.33,1832.01,1815.22,174.88,174.86,-0.00470627,28.6084,-80.6043,28.6085,-80.6044
9.34,1833.75,1816.97,174.728,174.708,-0.00446837,28.6084,-80.6043,28.6085,-80.6044
9.35,1835.5,1818.72,174.576,174.558,-0.00522599,28.6084,-80.6043,28.6085,-80.6044
9.36,1837.24,1820.46,174.423,174.407,-0.00436279,28.6084,-80.6043,28.6085,-80.6044
9.37,1838.99,1822.2,174.271,174.254,-0.00473432,28.6084,-80.6043,28.6085,-80.6044
9.38,1840.73,1823.95,174.119,174.102,-0.00404002,28.6084,-80.6043,28.6085,-80.6044
9.39,1842.47,1825.68,173.967,173.951,-0.00389979,28.6084,-80.6043,28.6085,-80.6044
9.4,1844.2,1827.83,173.815,173.799,-0.00406467,28.6084,-80.6043,28.6085,-80.6044
9.41,1845.94,1829.56,173.664,173.646,-0.00391963,28.6084,-80.6043,28.6085,-80.6044
9.42,1847.68,1831.3,173.512,173.497,-0.00317372,28.6084,-80.6043,28.6085,-80.6044
9.43,1849.41,1833.03,173.361,173.346,-0.00340875,28.6084,-80.6043,28.6085,-80.6044
9.44,1851.14,1834.76,173.209,173.196,-0.00266573,28.6084,-80.6043,28.6085,-80.6044
9.45,1852.87,1836.49,173.058,173.045,-0.00280833,28.6084,-80.6043,28.6085,-80.6044
9.46,1854.6,1838.22,172.907,172.895,-0.00190135,28.6084,-80.6043,28.6085,-80.6044
9.47,1856.33,1839.95,172.756,172.745,-0.00157005,28.6084,-80.6043,28.6085,-80.6044
9.48,1858.05,1841.68,172.605,172.593,-0.00120463,28.6084,-80.6043,28.6085,-80.6044
9.49,1859.78,1843.4,172.454,172.441,-0.000575229,28.6084,-80.6043,28.6085,-80.6044
9.5,1861.5,1845.22,172.303,172.291,-0.000570511,28.6084,-80.6043,28.6085,-80.6044
9.51,1863.22,1846.94,172.152,172.141,-1.49903e-05,28.6084,-80.6043,28.6085,-80.6044
9.52,1864.94,1848.66,172.002,171.989,0.00095551,28.6084,-80.6043,28.6085,-80.6044
9.53,1866.66,1850.38,171.851,171.839,0.00149785,28.6084,-80.6043,28.6085,-80.6044
9.54,1868.38,1852.1,171.701,171.689,0.000841234,28.6084,-80.6043,28.6085,-80.6044
9.55,1870.09,1853.82,171.55,171.537,0.0014021,28.6084,-80.6043,28.6085,-80.6044
9.56,1871.81,1855.53,171.4,171.388,0.0019246,28.6084,-80.6043,28.6085,-80.6044
9.57,1873.52,1857.24,171.25,171.239,0.0020525,28.6084,-80.6043,28.6085,-80.6044
9.58,1875.23,1858.95,171.1,171.089,0.00129931,28.6084,-80.6043,28.6085,-80.6044
9.59,1876.94,1860.66,170.95,170.939,0.000887,28.6084,-80.6043,28.6085,-80.6044
9.6,1878.65,1862.49,170.801,170.79,0.0017846,28.6084,-80.6043,28.6085,-80.6044
9.61,1880.36,1864.2,170.651,170.642,0.00228879,28.6084,-80.6043,28.6085,-80.6044
9.62,1882.06,1865.91,170.501,170.493,0.00311309,28.6084,-80.6043,28.6085,-80.6044
9.63,1883.76,1867.61,170.352,170.344,0.00212634,28.6084,-80.6043,28.6085,-80.6044
9.64,1885.47,1869.31,170.203,170.195,0.0012114,28.6084,-80.6043,28.6085,-80.6044
9.65,1887.17,1871.01,170.053,170.046,0.00121306,28.6084,-80.6043,28.6085,-80.6044
9.66,1888.87,1872.71,169.904,169.897,0.000786543,28.6084,-80.6043,28.6085,-80.6044
9.67,1890.56,1874.41,169.755,169.748,0.000920762,28.6084,-80.6043,28.6085,-80.6044
9.68,1892.26,1876.1,169.606,169.601,0.000641194,28.6084,-80.6043,28.6085,-80.6044
9.69,1893.95,1877.8,169.457,169.451,-0.000192122,28.6084,-80.6043,28.6085,-80.6044
9.7,1895.65,1879.79,169.308,169.302,0.000613691,28.6084,-80.6043,28.6085,-80.6044
9.71,1897.34,1881.49,169.16,169.154,0.000901336,28.6084,-80.6043,28.6085,-80.6044
9.72,1899.03,1883.18,169.011,169.005,0.0013664,28.6084,-80.6043,28.6085,-80.6044
9.73,1900.72,1884.86,168.863,168.858,0.00208319,28.6084,-80.6043,28.6085,-80.6044
9.74,1902.41,1886.55,168.714,168.708,0.00214345,28.6084,-80.6043,28.6085,-80.6044
9.75,1904.09,1888.24,168.566,168.56,0.00311581,28.6084,-80.6043,28.6085,-80.6044
9.76,1905.78,1889.92,168.418,168.411,0.00323439,28.6084,-80.6043,28.6085,-80.6044
9.77,1907.46,1891.6,168.27,168.264,0.00255176,28.6084,-80.6043,28.6085,-80.6044
9.78,1909.14,1893.29,168.122,168.118,0.00278826,28.6084,-80.6043,28.6085,-80.6044
9.79,1910.82,1894.97,167.974,167.971,0.00186151,28.6084,-80.6043,28.6085,-80.6044
9.8,1912.5,1896.52,167.826,167.822,0.00163426,28.6084,-80.6043,28.6085,-80.6044
9.81,1914.17,1898.2,167.678,167.675,0.00258511,28.6084,-80.6043,28.6085,-80.6044
9.82,1915.85,1899.88,167.531,167.526,0.00223635,28.6084,-80.6043,28.6085,-80.6044
9.83,1917.52,1901.55,167.383,167.378,0.00185248,28.6084,-80.6043,28.6085,-80.6044
9.84,1919.2,1903.22,167.236,167.23,0.00262165,28.6084,-80.6043,28.6085,-80.6044
9.85,1920.87,1904.89,167.089,167.082,0.00198826,28.6084,-80.6043,28.6085,-80.6044
9.86,1922.54,1906.56,166.941,166.933,0.00269785,28.6084,-80.6043,28.6085,-80.6044
9.87,1924.2,1908.23,166.794,166.786,0.00355246,28.6084,-80.6043,28.6085,-80.6044
9.88,1925.87,1909.9,166.647,166.64,0.00331246,28.6084,-80.6043,28.6085,-80.6044
9.89,1927.54,1911.56,166.5,166.494,0.00261677,28.6084,-80.6043,28.6085,-80.6044
9.9,1929.2,1913.23,166.354,166.346,0.00349649,28.6084,-80.6043,28.6085,-80.6044
9.91,1930.86,1914.9,166.207,166.199,0.00359946,28.6084,-80.6043,28.6085,-80.6044
9.92,1932.52,1916.56,166.06,166.053,0.00408061,28.6084,-80.6043,28.6085,-80.6044
9.93,1934.18,1918.21,165.914,165.905,0.00396645,28.6084,-80.6043,28.6085,-80.6044
9.94,1935.84,1919.87,165.767,165.76,0.00356038,28.6084,-80.6043,28.6085,-80.6044
9.95,1937.49,1921.53,165.621,165.615,0.00335174,28.6084,-80.6043,28.6085,-80.6044
9.96,1939.15,1923.18,165.475,165.469,0.00396118,28.6084,-80.6043,28.6085,-80.6044
9.97,1940.8,1924.84,165.328,165.323,0.00303429,28.6084,-80.6043,28.6085,-80.6044
9.98,1942.45,1926.49,165.182,165.176,0.00381297,28.6084,-80.6043,28.6085,-80.6044
9.99,1944.1,1928.14,165.036,165.03,0.00286285,28.6084,-80.6043,28.6085,-80.6044
10,1945.75,1930.14,164.89,164.882,0.00312049,28.6084,-80.6043,28.6084,-80.6043
10.01,1947.4,1931.79,164.745,164.735,0.00242134,28.6084,-80.6043,28.6084,-80.6043
10.02,1949.05,1933.43,164.599,164.59,0.00248218,28.6084,-80.6043,28.6084,-80.6043
10.03,1950.69,1935.08,164.453,164.443,0.00294076,28.6084,-80.6043,28.6084,-80.6043
10.04,1952.33,1936.72,164.308,164.298,0.00202188,28.6084,-80.6043,28.6084,-80.6043
10.05,1953.98,1938.36,164.162,164.151,0.00195007,28.6084,-80.6043,28.6084,-80.6043
10.06,1955.62,1940,164.017,164.006,0.00232078,28.6084,-80.6043,28.6084,-80.6043
10.07,1957.25,1941.64,163.872,163.86,0.00284435,28.6084,-80.6043,28.6084,-80.6043
10.08,1958.89,1943.28,163.727,163.713,0.00380808,28.6084,-80.6043,28.6084,-80.6043
10.09,1960.53,1944.91,163.582,163.566,0.00472322,28.6084,-80.6043,28.6084,-80.6043
10.1,1962.16,1947.09,163.437,163.421,0.0052626,28.6084,-80.6043,28.6084,-80.6043
10.11,1963.8,1948.72,163.292,163.277,0.0058751,28.6084,-80.6043,28.6084,-80.6043
10.12,1965.43,1950.35,163.147,163.134,0.00657141,28.6084,-80.6043,28.6084,-80.6043
10.13,1967.06,1951.98,163.003,162.988,0.00742657,28.6084,-80.6043,28.6084,-80.6043
10.14,1968.69,1953.61,162.858,162.846,0.00818775,28.6084,-80.6043,28.6084,-80.6043
10.15,1970.31,1955.24,162.713,162.7,0.00899491,28.6084,-80.6043,28.6084,-80.6043
10.16,1971.94,1956.86,162.569,162.553,0.00858355,28.6084,-80.6043,28.6084,-80.6043
10.17,1973.56,1958.49,162.425,162.409,0.00870642,28.6084,-80.6043,28.6084,-80.6043
10.18,1975.19,1960.11,162.281,162.264,0.00812642,28.6084,-80.6043,28.6084,-80.6043
10.19,1976.81,1961.73,162.136,162.119,0.00799759,28.6084,-80.6043,28.6084,-80.6043
10.2,1978.43,1963.85,161.992,161.975,0.00848388,28.6084,-80.6043,28.6084,-80.6043
10.21,1980.05,1965.47,161.848,161.829,0.0093795,28.6084,-80.6043,28.6084,-80.6043
10.22,1981.66,1967.09,161.705,161.686,0.00868271,28.6084,-80.6043,28.6084,-80.6043
10.23,1983.28,1968.71,161.561,161.544,0.00937906,28.6084,-80.6043,28.6084,-80.6043
10.24,1984.89,1970.32,161.417,161.399,0.0089935,28.6084,-80.6043,28.6084,-80.6043
10.25,1986.5,1971.93,161.274,161.256,0.00973642,28.6084,-80.6043,28.6084,-80.6043
10.26,1988.12,1973.54,161.13,161.111,0.00958465,28.6084,-80.6043,28.6084,-80.6043
10.27,1989.73,1975.15,160.987,160.969,0.00881304,28.6084,-80.6043,28.6084,-80.6043
10.28,1991.33,1976.76,160.843,160.826,0.0092164,28.6084,-80.6043,28.6084,-80.6043
10.29,1992.94,1978.37,160.7,160.681,0.00932934,28.6084,-80.6043,28.6084,-80.6043
10.3,1994.55,1979.5,160.557,160.54,0.0102618,28.6084,-80.6043,28.6084,-80.6043
10.31,1996.15,1981.11,160.414,160.397,0.0101558,28.6084,-80.6043,28.6084,-80.6043
10.32,1997.75,1982.71,160.271,160.253,0.0102324,28.6084,-80.6043,28.6084,-80.6043
10.33,1999.35,1984.31,160.128,160.11,0.0100883,28.6084,-80.6043,28.6084,-80.6043
10.34,2000.95,1985.91,159.985,159.969,0.0110782,28.6084,-80.6043,28.6084,-80.6043
10.35,2002.55,1987.51,159.843,159.825,0.0100813,28.6084,-80.6043,28.6084,-80.6043
10.36,2004.15,1989.11,159.7,159.681,0.00931913,28.6084,-80.6043,28.6084,-80.6043
10.37,2005.75,1990.7,159.557,159.539,0.0086589,28.6084,-80.6043,28.6084,-80.6043
10.38,2007.34,1992.3,159.415,159.395,0.00893718,28.6084,-80.6043,28.6084,-80.6043
10.39,2008.93,1993.89,159.273,159.252,0.0086488,28.6084,-80.6043,28.6084,-80.6043
10.4,2010.52,1995.19,159.13,159.109,0.00794983,28.6084,-80.6043,28.6084,-80.6043
10.41,2012.11,1996.78,158.988,158.967,0.00879906,28.6084,-80.6043,28.6084,-80.6043
10.42,2013.7,1998.37,158.846,158.826,0.00851306,28.6084,-80.6043,28.6084,-80.6043
10.43,2015.29,1999.95,158.704,158.684,0.00911049,28.6084,-80.6043,28.6084,-80.6043
10.44,2016.87,2001.54,158.562,158.544,0.00906104,28.6084,-80.6043,28.6084,-80.6043
10.45,2018.46,2003.12,158.42,158.403,0.00906293,28.6084,-80.6043,28.6084,-80.6043
10.46,2020.04,2004.71,158.279,158.262,0.0084868,28.6084,-80.6043,28.6084,-80.6043
10.47,2021.62,2006.29,158.137,158.121,0.00780059,28.6084,-80.6043,28.6084,-80.6043
10.48,2023.2,2007.87,157.995,157.981,0.00695621,28.6084,-80.6043,28.6084,-80.6043
10.49,2024.78,2009.45,157.854,157.838,0.00768391,28.6084,-80.6043,28.6084,-80.6043
10.5,2026.36,2011.31,157.712,157.696,0.00694861,28.6084,-80.6043,28.6084,-80.6043
10.51,2027.93,2012.89,157.571,157.556,0.00779524,28.6084,-80.6043,28.6084,-80.6043
10.52,2029.51,2014.46,157.43,157.413,0.00762803,28.6084,-80.6043,28.6084,-80.6043
10.53,2031.08,2016.04,157.289,157.272,0.00729019,28.6084,-80.6043,28.6084,-80.6043
10.54,2032.65,2017.61,157.148,157.132,0.00792911,28.6084,-80.6043,28.6084,-80.6043
10.55,2034.22,2019.18,157.007,156.991,0.00771722,28.6084,-80.6043,28.6084,-80.6043
10.56,2035.79,2020.75,156.866,156.85,0.00752964,28.6084,-80.6043,28.6084,-80.6043
10.57,2037.36,2022.31,156.725,156.708,0.0082448,28.6084,-80.6043,28.6084,-80.6043
10.58,2038.93,2023.88,156.584,156.565,0.00910243,28.6084,-80.6043,28.6084,-80.6043
10.59,2040.49,2025.44,156.444,156.426,0.00911798,28.6084,-80.6043,28.6084,-80.6043
10.6,2042.05,2026.97,156.303,156.286,0.00866198,28.6084,-80.6043,28.6084,-80.6043
10.61,2043.61,2028.53,156.163,156.144,0.00950568,28.6084,-80.6043,28.6084,-80.6043
10.62,2045.17,2030.09,156.022,156.003,0.0100549,28.6084,-80.6043,28.6084,-80.6043
10.63,2046.73,2031.65,155.882,155.864,0.00988302,28.6084,-80.6043,28.6084,-80.6043
10.64,2048.29,2033.2,155.742,155.725,0.00938016,28.6084,-80.6043,28.6084,-80.6043
10.65,2049.85,2034.76,155.602,155.585,0.00942137,28.6084,-80.6043,28.6084,-80.6043
10.66,2051.4,2036.31,155.462,155.445,0.0093608,28.6084,-80.6043,28.6084,-80.6043
10.67,2052.95,2037.87,155.322,155.305,0.00842637,28.6084,-80.6043,28.6084,-80.6043
10.68,2054.51,2039.42,155.182,155.164,0.00923378,28.6084,-80.6043,28.6084,-80.6043
10.69,2056.06,2040.97,155.042,155.025,0.00993703,28.6084,-80.6043,28.6084,-80.6043
10.7,2057.61,2043.03,154.902,154.885,0.00933511,28.6084,-80.6043,28.6084,-80.6043
10.71,2059.15,2044.58,154.763,154.745,0.00899338,28.6084,-80.6043,28.6084,-80.6043
10.72,2060.7,2046.13,154.623,154.604,0.00964141,28.6084,-80.6043,28.6084,-80.6043
10.73,2062.24,2047.67,154.484,154.464,0.0106031,28.6084,-80.6043,28.6084,-80.6043
10.74,2063.79,2049.21,154.344,154.324,0.0115066,28.6084,-80.6043,28.6084,-80.6043
10.75,2065.33,2050.76,154.205,154.183,0.0114228,28.6084,-80.6043,28.6084,-80.6043
10.76,2066.87,2052.3,154.066,154.045,0.0107722,28.6084,-80.6043,28.6084,-80.6043
10.77,2068.41,2053.84,153.927,153.907,0.0110364,28.6084,-80.6043,28.6084,-80.6043
10.78,2069.95,2055.37,153.788,153.767,0.0103472,28.6084,-80.6043,28.6084,-80.6043
10.79,2071.48,2056.91,153.649,153.627,0.0101931,28.6084,-80.6043,28.6084,-80.6043
10.8,2073.02,2058.81,153.51,153.489,0.0107754,28.6084,-80.6043,28.6084,-80.6043
10.81,2074.55,2060.34,153.371,153.348,0.0105029,28.6084,-80.6043,28.6084,-80.6043
10.82,2076.09,2061.87,153.232,153.208,0.00991034,28.6084,-80.6043,28.6084,-80.6043
10.83,2077.62,2063.4,153.093,153.068,0.0106645,28.6084,-80.6043,28.6084,-80.6043
10.84,2079.15,2064.93,152.955,152.928,0.0109701,28.6084,-80.6043,28.6084,-80.6043
10.85,2080.67,2066.46,152.816,152.788,0.0107852,28.6084,-80.6043,28.6084,-80.6043
10.86,2082.2,2067.99,152.678,152.649,0.0105957,28.6084,-80.6043,28.6084,-80.6043
10.87,2083.73,2069.51,152.54,152.511,0.0101323,28.6084,-80.6043,28.6084,-80.6043
10.88,2085.25,2071.04,152.401,152.374,0.0103286,28.6084,-80.6043,28.6084,-80.6043
10.89,2086.77,2072.56,152.263,152.236,0.0105585,28.6084,-80.6043,28.6084,-80.6043
10.9,2088.29,2073.8,152.125,152.099,0.00967499,28.6084,-80.6043,28.6084,-80.6043
10.91,2089.81,2075.32,151.987,151.961,0.0102742,28.6084,-80.6043,28.6084,-80.6043
10.92,2091.33,2076.84,151.849,151.822,0.00967435,28.6084,-80.6043,28.6084,-80.6043
10.93,2092.85,2078.35,151.711,151.685,0.00942435,28.6084,-80.6043,28.6084,-80.6043
10.94,2094.37,2079.87,151.574,151.548,0.00973814,28.6084,-80.6043,28.6084,-80.6043
10.95,2095.88,2081.38,151.436,151.409,0.0100627,28.6084,-80.6043,28.6084,-80.6043
10.96,2097.39,2082.89,151.298,151.273,0.0101226,28.6084,-80.6043,28.6084,-80.6043
10.97,2098.9,2084.41,151.161,151.136,0.00918687,28.6084,-80.6043,28.6084,-80.6043
10.98,2100.41,2085.92,151.023,151,0.00940978,28.6084,-80.6043,28.6084,-80.6043
10.99,2101.92,2087.42,150.886,150.861,0.00931014,28.6084,-80.6043,28.6084,-80.6043
11,2103.43,2088.55,150.749,150.724,0.00930025,28.6084,-80.6043,28.6084,-80.6043
11.01,2104.94,2090.05,150.611,150.589,0.00852503,28.6084,-80.6043,28.6084,-80.6043
11.02,2106.44,2091.56,150.474,150.453,0.00826695,28.6084,-80.6043,28.6084,-80.6043
11.03,2107.95,2093.06,150.337,150.316,0.00890919,28.6084,-80.6043,28.6084,-80.6043
11.04,2109.45,2094.56,150.2,150.18,0.00908377,28.6084,-80.6043,28.6084,-80.6043
11.05,2110.95,2096.06,150.063,150.044,0.00997937,28.6084,-80.6043,28.6084,-80.6043
11.06,2112.45,2097.56,149.926,149.908,0.010131,28.6084,-80.6043,28.6084,-80.6043
11.07,2113.94,2099.06,149.79,149.771,0.00995163,28.6084,-80.6043,28.6084,-80.6043
11.08,2115.44,2100.55,149.653,149.633,0.00992952,28.6084,-80.6043,28.6084,-80.6043
11.09,2116.94,2102.05,149.516,149.495,0.00905183,28.6084,-80.6043,28.6084,-80.6043
11.1,2118.43,2103.28,149.38,149.356,0.00966579,28.6084,-80.6043,28.6084,-80.6043
11.11,2119.92,2104.77,149.243,149.218,0.00950266,28.6084,-80.6043,28.6084,-80.6043
11.12,2121.41,2106.26,149.107,149.08,0.00903555,28.6084,-80.6043,28.6084,-80.6043
11.13,2122.9,2107.75,148.971,148.943,0.00938729,28.6084,-80.6043,28.6084,-80.6043
11.14,2124.39,2109.24,148.834,148.805,0.00878493,28.6084,-80.6043,28.6084,-80.6043
11.15,2125.88,2110.72,148.698,148.67,0.00843234,28.6084,-80.6043,28.6084,-80.6043
11.16,2127.36,2112.21,148.562,148.536,0.00843,28.6084,-80.6043,28.6084,-80.6043
11.17,2128.85,2113.69,148.426,148.398,0.0080816,28.6084,-80.6043,28.6084,-80.6043
11.18,2130.33,2115.17,148.29,148.26,0.00889701,28.6084,-80.6043,28.6084,-80.6043
11.19,2131.81,2116.66,148.155,148.123,0.00919243,28.6084,-80.6043,28.6084,-80.6043
11.2,2133.29,2118.63,148.019,147.988,0.00842632,28.6084,-80.6043,28.6084,-80.6043
11.21,2134.77,2120.11,147.883,147.852,0.00830581,28.6084,-80.6043,28.6084,-80.6043
11.22,2136.25,2121.59,147.747,147.717,0.00797974,28.6084,-80.6043,28.6084,-80.6043
11.23,2137.73,2123.06,147.612,147.584,0.0088157,28.6084,-80.6043,28.6084,-80.6043
11.24,2139.2,2124.54,147.476,147.448,0.00971082,28.6084,-80.6043,28.6084,-80.6043
11.25,2140.67,2126.01,147.341,147.313,0.00969367,28.6084,-80.6043,28.6084,-80.6043
11.26,2142.15,2127.48,147.206,147.179,0.00898046,28.6084,-80.6043,28.6084,-80.6043
11.27,2143.62,2128.95,147.071,147.044,0.00804101,28.6084,-80.6043,28.6084,-80.6043
11.28,2145.09,2130.42,146.935,146.908,0.00773723,28.6084,-80.6043,28.6084,-80.6043
11.29,2146.55,2131.89,146.8,146.772,0.00763368,28.6084,-80.6043,28.6084,-80.6043
11.3,2148.02,2133.1,146.665,146.635,0.00766347,28.6084,-80.6043,28.6084,-80.6043
11.31,2149.49,2134.57,146.53,146.5,0.00786642,28.6084,-80.6043,28.6084,-80.6043
11.32,2150.95,2136.03,146.395,146.366,0.00825768,28.6084,-80.6043,28.6084,-80.6043
11.33,2152.41,2137.49,146.261,146.231,0.0090537,28.6084,-80.6043,28.6084,-80.6043
11.34,2153.87,2138.95,146.126,146.096,0.00812895,28.6084,-80.6043,28.6084,-80.6043
11.35,2155.33,2140.41,145.991,145.96,0.00868574,28.6084,-80.6043,28.6084,-80.6043
11.36,2156.79,2141.87,145.857,145.824,0.00859514,28.6084,-80.6043,28.6084,-80.6043
11.37,2158.25,2143.33,145.722,145.69,0.00855284,28.6084,-80.6043,28.6084,-80.6043
11.38,2159.71,2144.78,145.588,145.555,0.00863634,28.6084,-80.6043,28.6084,-80.6043
11.39,2161.16,2146.24,145.453,145.422,0.00829824,28.6084,-80.6043,28.6084,-80.6043
11.4,2162.61,2148.01,145.319,145.287,0.00803503,28.6084,-80.6043,28.6084,-80.6043
11.41,2164.07,2149.46,145.185,145.151,0.00711629,28.6084,-80.6043,28.6084,-80.6043
11.42,2165.52,2150.91,145.051,145.015,0.00743531,28.6084,-80.6043,28.6084,-80.6043
11.43,2166.96,2152.36,144.917,144.881,0.0070678,28.6084,-80.6043,28.6084,-80.6043
11.44,2168.41,2153.8,144.783,144.745,0.00711803,28.6084,-80.6043,28.6084,-80.6043
11.45,2169.86,2155.25,144.649,144.612,0.00713962,28.6084,-80.6043,28.6084,-80.6043
11.46,2171.3,2156.69,144.515,144.477,0.00700486,28.6084,-80.6043,28.6084,-80.6043
11.47,2172.75,2158.14,144.381,144.342,0.00771677,28.6084,-80.6043,28.6084,-80.6043
11.48,2174.19,2159.58,144.248,144.211,0.0069921,28.6084,-80.6043,28.6084,-80.6043
11.49,2175.63,2161.02,144.114,144.076,0.00795096,28.6084,-80.6043,28.6084,-80.6043
11.5,2177.07,2162.53,143.98,143.941,0.00890633,28.6084,-80.6043,28.6084,-80.6043
11.51,2178.51,2163.97,143.847,143.806,0.00910925,28.6084,-80.6043,28.6084,-80.6043
11.52,2179.95,2165.41,143.714,143.673,0.0100907,28.6084,-80.6043,28.6084,-80.6043
11.53,2181.38,2166.84,143.58,143.538,0.0100449,28.6084,-80.6043,28.6084,-80.6043
11.54,2182.82,2168.27,143.447,143.404,0.00986478,28.6084,-80.6043,28.6084,-80.6043
11.55,2184.25,2169.71,143.314,143.272,0.00969764,28.6084,-80.6043,28.6084,-80.6043
11.56,2185.68,2171.14,143.181,143.14,0.01047,28.6084,-80.6043,28.6084,-80.6043
11.57,2187.11,2172.57,143.048,143.007,0.010429,28.6084,-80.6043,28.6084,-80.6043
11.58,2188.54,2174,142.915,142.874,0.0111445,28.6084,-80.6043,28.6084,-80.6043
11.59,2189.97,2175.42,142.782,142.741,0.0117445,28.6084,-80.6043,28.6084,-80.6043
11.6,2191.4,2177.12,142.649,142.609,0.0109407,28.6084,-80.6043,28.6084,-80.6043
11.61,2192.82,2178.55,142.516,142.478,0.0106161,28.6084,-80.6043,28.6084,-80.6043
11.62,2194.25,2179.97,142.383,142.347,0.00974268,28.6084,-80.6043,28.6084,-80.6043
11.63,2195.67,2181.39,142.251,142.214,0.00877385,28.6084,-80.6043,28.6084,-80.6043
11.64,2197.09,2182.82,142.118,142.079,0.00902987,28.6084,-80.6043,28.6084,-80.6043
11.65,2198.51,2184.23,141.986,141.949,0.00835794,28.6084,-80.6043,28.6084,-80.6043
11.66,2199.93,2185.65,141.853,141.815,0.0085474,28.6084,-80.6043,28.6084,-80.6043
11.67,2201.34,2187.07,141.721,141.684,0.00799948,28.6084,-80.6043,28.6084,-80.6043
11.68,2202.76,2188.49,141.589,141.553,0.00748213,28.6084,-80.6043,28.6084,-80.6043
11.69,2204.17,2189.9,141.456,141.421,0.00677786,28.6084,-80.6043,28.6084,-80.6043
11.7,2205.59,2191.08,141.324,141.287,0.00770612,28.6084,-80.6043,28.6084,-80.6043
11.71,2207,2192.5,141.192,141.157,0.00771735,28.6084,-80.6043,28.6084,-80.6043
11.72,2208.41,2193.91,141.06,141.025,0.00721315,28.6084,-80.6043,28.6084,-80.6043
11.73,2209.82,2195.32,140.928,140.892,0.00628257,28.6084,-80.6043,28.6084,-80.6043
11.74,2211.23,2196.72,140.796,140.758,0.00538701,28.6084,-80.6043,28.6084,-80.6043
11.75,2212.63,2198.13,140.665,140.625,0.00440351,28.6084,-80.6043,28.6084,-80.6043
11.76,2214.04,2199.53,140.533,140.492,0.0043445,28.6084,-80.6043,28.6084,-80.6043
11.77,2215.44,2200.94,140.401,140.362,0.00381853,28.6084,-80.6043,28.6084,-80.6043
11.78,2216.85,2202.34,140.27,140.232,0.00449877,28.6084,-80.6043,28.6084,-80.6043
11.79,2218.25,2203.74,140.138,140.1,0.00464657,28.6084,-80.6043,28.6084,-80.6043
11.8,2219.65,2205.8,140.007,139.969,0.0045341,28.6084,-80.6043,28.6084,-80.6043
11.81,2221.05,2207.2,139.875,139.839,0.00395002,28.6084,-80.6043,28.6084,-80.6043
11.82,2222.44,2208.6,139.744,139.706,0.00328215,28.6084,-80.6043,28.6084,-80.6043
11.83,2223.84,2209.99,139.613,139.575,0.00344808,28.6084,-80.6043,28.6084,-80.6043
11.84,2225.24,2211.39,139.481,139.443,0.00352034,28.6084,-80.6043,28.6084,-80.6043
11.85,2226.63,2212.78,139.35,139.312,0.00308402,28.6084,-80.6043,28.6084,-80.6043
11.86,2228.02,2214.17,139.219,139.181,0.00218943,28.6084,-80.6043,28.6084,-80.6043
11.87,2229.41,2215.56,139.088,139.051,0.00270348,28.6084,-80.6043,28.6084,-80.6043
11.88,2230.8,2216.95,138.957,138.919,0.00323147,28.6084,-80.6043,28.6084,-80.6043
11.89,2232.19,2218.34,138.827,138.79,0.00316801,28.6084,-80.6043,28.6084,-80.6043
11.9,2233.58,2219.78,138.696,138.661,0.0037944,28.6084,-80.6043,28.6084,-80.6043
11.91,2234.96,2221.17,138.565,138.53,0.00406986,28.6084,-80.6043,28.6084,-80.6043
11.92,2236.35,2222.55,138.434,138.401,0.00369615,28.6084,-80.6043,28.6084,-80.6043
11.93,2237.73,2223.94,138.304,138.271,0.00301362,28.6084,-80.6043,28.6084,-80.6043
11.94,2239.11,2225.32,138.173,138.142,0.00263612,28.6084,-80.6043,28.6084,-80.6043
11.95,2240.49,2226.7,138.043,138.012,0.00302866,28.6084,-80.6043,28.6084,-80.6043
11.96,2241.87,2228.08,137.912,137.882,0.00364958,28.6084,-80.6043,28.6084,-80.6043
11.97,2243.25,2229.45,137.782,137.753,0.00446047,28.6084,-80.6043,28.6084,-80.6043
11.98,2244.63,2230.83,137.652,137.622,0.00408947,28.6084,-80.6043,28.6084,-80.6043
11.99,2246,2232.21,137.522,137.49,0.00468121,28.6084,-80.6043,28.6084,-80.6043
12,2247.37,2233.59,137.392,137.362,0.00468365,28.6084,-80.6043,28.6084,-80.6043
12.01,2248.75,2234.96,137.262,137.231,0.00414466,28.6084,-80.6043,28.6084,-80.6043
12.02,2250.12,2236.33,137.132,137.102,0.00474192,28.6084,-80.6043,28.6084,-80.6043
12.03,2251.49,2237.7,137.002,136.974,0.00510222,28.6084,-80.6043,28.6084,-80.6043
12.04,2252.86,2239.07,136.872,136.844,0.00461926,28.6084,-80.6043,28.6084,-80.6043
12.05,2254.22,2240.43,136.742,136.713,0.00425851,28.6084,-80.6043,28.6084,-80.6043
12.06,2255.59,2241.8,136.612,136.584,0.00485,28.6084,-80.6043,28.6084,-80.6043
12.07,2256.96,2243.16,136.483,136.454,0.00476741,28.6084,-80.6043,28.6084,-80.6043
12.08,2258.32,2244.53,136.353,136.323,0.00392912,28.6084,-80.6043,28.6084,-80.6043
12.09,2259.68,2245.89,136.223,136.192,0.00462186,28.6084,-80.6043,28.6084,-80.6043
12.1,2261.04,2247.81,136.094,136.064,0.00539489,28.6084,-80.6043,28.6084,-80.6043
12.11,2262.4,2249.17,135.965,135.936,0.00479693,28.6084,-80.6043,28.6084,-80.6043
12.12,2263.76,2250.53,135.835,135.808,0.00569079,28.6084,-80.6043,28.6084,-80.6043
12.13,2265.12,2251.89,135.706,135.677,0.0056356,28.6084,-80.6043,28.6084,-80.6043
12.14,2266.47,2253.24,135.577,135.547,0.00658945,28.6084,-80.6043,28.6084,-80.6043
12.15,2267.83,2254.6,135.448,135.419,0.00621734,28.6084,-80.6043,28.6084,-80.6043
12.16,2269.18,2255.95,135.319,135.289,0.00661215,28.6084,-80.6043,28.6084,-80.6043
12.17,2270.53,2257.3,135.19,135.159,0.00582397,28.6084,-80.6043,28.6084,-80.6043
12.18,2271.88,2258.65,135.061,135.03,0.00654609,28.6084,-80.6043,28.6084,-80.6043
12.19,2273.23,2260,134.932,134.901,0.00724046,28.6084,-80.6043,28.6084,-80.6043
12.2,2274.58,2261.11,134.803,134.771,0.00797277,28.6084,-80.6043,28.6084,-80.6043
12.21,2275.93,2262.45,134.674,134.642,0.00766181,28.6084,-80.6043,28.6084,-80.6043
12.22,2277.27,2263.8,134.545,134.515,0.00682517,28.6084,-80.6043,28.6084,-80.6043
12.23,2278.62,2265.14,134.417,134.386,0.00589023,28.6084,-80.6043,28.6084,-80.6043
12.24,2279.96,2266.48,134.288,134.259,0.0055236,28.6084,-80.6043,28.6084,-80.6043
12.25,2281.3,2267.82,134.16,134.132,0.00588332,28.6084,-80.6043,28.6084,-80.6043
12.26,2282.64,2269.16,134.031,134.004,0.00512346,28.6084,-80.6043,28.6084,-80.6043
12.27,2283.98,2270.5,133.903,133.876,0.0049528,28.6084,-80.6043,28.6084,-80.6043
12.28,2285.32,2271.84,133.775,133.746,0.00419972,28.6084,-80.6043,28.6084,-80.6043
12.29,2286.65,2273.18,133.646,133.619,0.00351894,28.6084,-80.6043,28.6084,-80.6043
12.3,2287.99,2275.13,133.518,133.492,0.00448002,28.6084,-80.6043,28.6084,-80.6043
12.31,2289.32,2276.46,133.39,133.364,0.00380291,28.6084,-80.6043,28.6084,-80.6043
12.32,2290.66,2277.79,133.262,133.236,0.00302778,28.6084,-80.6043,28.6084,-80.6043
12.33,2291.99,2279.13,133.134,133.106,0.00226645,28.6084,-80.6043,28.6084,-80.6043
12.34,2293.32,2280.46,133.006,132.98,0.00166936,28.6084,-80.6043,28.6084,-80.6043
12.35,2294.65,2281.78,132.878,132.854,0.00142629,28.6084,-80.6043,28.6084,-80.6043
12.36,2295.97,2283.11,132.75,132.725,0.00108631,28.6084,-80.6043,28.6084,-80.6043
12.37,2297.3,2284.44,132.622,132.596,0.000601954,28.6084,-80.6043,28.6084,-80.6043
12.38,2298.63,2285.76,132.495,132.469,0.000179052,28.6084,-80.6043,28.6084,-80.6043
12.39,2299.95,2287.09,132.367,132.34,-0.000676809,28.6084,-80.6043,28.6084,-80.6043
12.4,2301.27,2288.52,132.24,132.212,5.46525e-05,28.6084,-80.6043,28.6084,-80.6043
12.41,2302.59,2289.84,132.112,132.084,8.82106e-05,28.6084,-80.6043,28.6084,-80.6043
12.42,2303.91,2291.16,131.985,131.959,0.000108915,28.6084,-80.6043,28.6084,-80.6043
12.43,2305.23,2292.48,131.857,131.832,0.000351075,28.6084,-80.6043,28.6084,-80.6043
12.44,2306.55,2293.8,131.73,131.705,0.000284278,28.6084,-80.6043,28.6084,-80.6043
12.45,2307.86,2295.11,131.603,131.578,-0.000442014,28.6084,-80.6043,28.6084,-80.6043
12.46,2309.18,2296.43,131.475,131.453,8.41199e-05,28.6084,-80.6043,28.6084,-80.6043
12.47,2310.49,2297.74,131.348,131.327,-0.000710264,28.6084,-80.6043,28.6084,-80.6043
12.48,2311.8,2299.05,131.221,131.201,-5.22776e-05,28.6084,-80.6043,28.6084,-80.6043
12.49,2313.12,2300.36,131.094,131.072,0.000921772,28.6084,-80.6043,28.6084,-80.6043
12.5,2314.43,2301.59,130.967,130.946,0.000803557,28.6084,-80.6043,28.6084,-80.6043
12.51,2315.73,2302.9,130.84,130.818,0.00119738,28.6084,-80.6043,28.6084,-80.6043
12.52,2317.04,2304.21,130.713,130.691,0.00199714,28.6084,-80.6043,28.6084,-80.6043
12.53,2318.35,2305.51,130.587,130.566,0.00221086,28.6084,-80.6043,28.6084,-80.6043
12.54,2319.65,2306.82,130.46,130.441,0.00159697,28.6084,-80.6043,28.6084,-80.6043
12.55,2320.95,2308.12,130.333,130.315,0.0016205,28.6084,-80.6043,28.6084,-80.6043
12.56,2322.26,2309.42,130.207,130.188,0.00259924,28.6084,-80.6043,28.6084,-80.6043
12.57,2323.56,2310.72,130.08,130.061,0.00166138,28.6084,-80.6043,28.6084,-80.6043
12.58,2324.86,2312.02,129.954,129.935,0.000836037,28.6084,-80.6043,28.6084,-80.6043
12.59,2326.16,2313.32,129.827,129.81,2.84506e-05,28.6084,-80.6043,28.6084,-80.6043
12.6,2327.45,2314.37,129.701,129.684,0.000704229,28.6084,-80.6043,28.6084,-80.6043
12.61,2328.75,2315.67,129.575,129.556,0.000799322,28.6084,-80.6043,28.6084,-80.6043
12.62,2330.04,2316.96,129.448,129.429,0.000274499,28.6084,-80.6043,28.6084,-80.6043
12.63,2331.34,2318.26,129.322,129.302,-0.000221874,28.6084,-80.6043,28.6084,-80.6043
12.64,2332.63,2319.55,129.196,129.175,-0.000839819,28.6084,-80.6043,28.6084,-80.6043
12.65,2333.92,2320.84,129.07,129.049,-0.00106426,28.6084,-80.6043,28.6084,-80.6043
12.66,2335.21,2322.13,128.944,128.923,-0.00128503,28.6084,-80.6043,28.6084,-80.6043
12.67,2336.5,2323.42,128.818,128.798,-0.00181422,28.6084,-80.6043,28.6084,-80.6043
12.68,2337.78,2324.7,128.692,128.672,-0.00198297,28.6084,-80.6043,28.6084,-80.6043
12.69,2339.07,2325.99,128.566,128.545,-0.0018467,28.6084,-80.6043,28.6084,-80.6043
12.7,2340.35,2327.37,128.44,128.42,-0.00140846,28.6084,-80.6043,28.6084,-80.6043
12.71,2341.64,2328.66,128.315,128.293,-0.00203773,28.6084,-80.6043,28.6084,-80.6043
12.72,2342.92,2329.94,128.189,128.166,-0.00202335,28.6084,-80.6043,28.6084,-80.6043
12.73,2344.2,2331.22,128.063,128.039,-0.00138143,28.6084,-80.6043,28.6084,-80.6043
12.74,2345.48,2332.5,127.938,127.914,-0.00045814,28.6084,-80.6043,28.6084,-80.6043
12.75,2346.76,2333.78,127.812,127.789,-7.81877e-05,28.6084,-80.6043,28.6084,-80.6043
12.76,2348.03,2335.05,127.687,127.664,-0.000665394,28.6084,-80.6043,28.6084,-80.6043
12.77,2349.31,2336.33,127.562,127.54,-0.000362897,28.6084,-80.6043,28.6084,-80.6043
12.78,2350.58,2337.6,127.436,127.415,-0.00110054,28.6084,-80.6043,28.6084,-80.6043
12.79,2351.86,2338.87,127.311,127.291,-0.000552617,28.6084,-80.6043,28.6084,-80.6043
12.8,2353.13,2340.67,127.186,127.167,-0.00102534,28.6084,-80.6043,28.6084,-80.6043
12.81,2354.4,2341.94,127.061,127.04,-0.00188052,28.6084,-80.6043,28.6084,-80.6043
12.82,2355.67,2343.21,126.936,126.915,-0.00170337,28.6084,-80.6043,28.6084,-80.6043
12.83,2356.94,2344.48,126.811,126.79,-0.00159887,28.6084,-80.6043,28.6084,-80.6043
12.84,2358.2,2345.75,126.686,126.663,-0.00184638,28.6084,-80.6043,28.6084,-80.6043
12.85,2359.47,2347.01,126.561,126.537,-0.00235525,28.6084,-80.6043,28.6084,-80.6043
12.86,2360.73,2348.28,126.436,126.412,-0.00244178,28.6084,-80.6043,28.6084,-80.6043
12.87,2362,2349.54,126.311,126.286,-0.00191974,28.6084,-80.6043,28.6084,-80.6043
12.88,2363.26,2350.8,126.186,126.162,-0.00254684,28.6084,-80.6043,28.6084,-80.6043
12.89,2364.52,2352.06,126.062,126.037,-0.00216469,28.6084,-80.6043,28.6084,-80.6043
12.9,2365.78,2353.14,125.937,125.914,-0.0030559,28.6084,-80.6043,28.6084,-80.6043
12.91,2367.04,2354.4,125.812,125.788,-0.00218838,28.6084,-80.6043,28.6084,-80.6043
12.92,2368.29,2355.66,125.688,125.664,-0.00191912,28.6084,-80.6043,28.6084,-80.6043
12.93,2369.55,2356.91,125.563,125.538,-0.00165543,28.6084,-80.6043,28.6084,-80.6043
12.94,2370.8,2358.17,125.439,125.413,-0.000877789,28.6084,-80.6043,28.6084,-80.6043
12.95,2372.06,2359.42,125.315,125.291,-0.00084162,28.6084,-80.6043,28.6084,-80.6043
12.96,2373.31,2360.67,125.19,125.165,9.41637e-05,28.6084,-80.6043,28.6084,-80.6043
12.97,2374.56,2361.92,125.066,125.042,0.000475951,28.6084,-80.6043,28.6084,-80.6043
12.98,2375.81,2363.17,124.942,124.918,0.000306407,28.6084,-80.6043,28.6084,-80.6043
12.99,2377.06,2364.42,124.818,124.795,0.000970751,28.6084,-80.6043,28.6084,-80.6043
13,2378.3,2365.35,124.694,124.671,0.00015708,28.6084,-80.6043,28.6084,-80.6042
13.01,2379.55,2366.6,124.57,124.546,7.43844e-05,28.6084,-80.6043,28.6084,-80.6042
13.02,2380.79,2367.84,124.446,124.421,0.00020205,28.6084,-80.6043,28.6084,-80.6042
13.03,2382.04,2369.09,124.322,124.297,-0.000266258,28.6084,-80.6043,28.6084,-80.6042
13.04,2383.28,2370.33,124.198,124.174,-0.000182066,28.6084,-80.6043,28.6084,-80.6042
13.05,2384.52,2371.57,124.074,124.049,-0.000332967,28.6084,-80.6043,28.6084,-80.6042
13.06,2385.76,2372.81,123.95,123.924,-0.000803885,28.6084,-80.6043,28.6084,-80.6042
13.07,2387,2374.05,123.827,123.798,-0.000633236,28.6084,-80.6043,28.6084,-80.6042
13.08,2388.23,2375.28,123.703,123.673,0.000270521,28.6084,-80.6043,28.6084,-80.6042
13.09,2389.47,2376.52,123.58,123.548,-0.000218124,28.6084,-80.6043,28.6084,-80.6042
13.1,2390.7,2377.57,123.456,123.426,0.000714652,28.6084,-80.6043,28.6084,-80.6042
13.11,2391.94,2378.81,123.333,123.304,0.000477883,28.6084,-80.6043,28.6084,-80.6042
13.12,2393.17,2380.04,123.209,123.182,-0.000106384,28.6084,-80.6043,28.6084,-80.6042
13.13,2394.4,2381.27,123.086,123.057,0.000668293,28.6084,-80.6043,28.6084,-80.6042
13.14,2395.63,2382.5,122.962,122.933,9.13715e-05,28.6084,-80.6043,28.6084,-80.6042
13.15,2396.86,2383.73,122.839,122.809,-0.000626824,28.6084,-80.6043,28.6084,-80.6042
13.16,2398.09,2384.95,122.716,122.684,0.000355358,28.6084,-80.6043,28.6084,-80.6042
13.17,2399.31,2386.18,122.593,122.56,0.00065162,28.6084,-80.6043,28.6084,-80.6042
13.18,2400.54,2387.4,122.47,122.437,0.000888016,28.6084,-80.6043,28.6084,-80.6042
13.19,2401.76,2388.63,122.347,122.314,-6.48098e-05,28.6084,-80.6043,28.6084,-80.6042
13.2,2402.98,2389.93,122.224,122.192,0.000417684,28.6084,-80.6043,28.6084,-80.6042
13.21,2404.2,2391.15,122.101,122.068,0.00101296,28.6084,-80.6043,28.6084,-80.6042
13.22,2405.42,2392.37,121.978,121.946,0.000484373,28.6084,-80.6043,28.6084,-80.6042
13.23,2406.64,2393.59,121.855,121.824,0.00126247,28.6084,-80.6043,28.6084,-80.6042
13.24,2407.86,2394.81,121.732,121.701,0.00160105,28.6084,-80.6043,28.6084,-80.6042
13.25,2409.07,2396.03,121.61,121.58,0.00147696,28.6084,-80.6043,28.6084,-80.6042
13.26,2410.29,2397.24,121.487,121.456,0.000951061,28.6084,-80.6043,28.6084,-80.6042
13.27,2411.5,2398.45,121.364,121.332,0.000456762,28.6084,-80.6043,28.6084,-80.6042
13.28,2412.72,2399.67,121.242,121.209,-0.000304308,28.6084,-80.6043,28.6084,-80.6042
13.29,2413.93,2400.88,121.119,121.086,-0.000270704,28.6084,-80.6043,28.6084,-80.6042
13.3,2415.14,2401.88,120.997,120.964,0.000104547,28.6084,-80.6043,28.6084,-80.6042
13.31,2416.35,2403.09,120.874,120.842,-0.000815498,28.6084,-80.6043,28.6084,-80.6042
13.32,2417.55,2404.3,120.752,120.718,6.05776e-05,28.6084,-80.6043,28.6084,-80.6042
13.33,2418.76,2405.5,120.63,120.597,0.000192434,28.6084,-80.6043,28.6084,-80.6042
13.34,2419.96,2406.71,120.508,120.476,0.000144393,28.6084,-80.6043,28.6084,-80.6042
13.35,2421.17,2407.91,120.385,120.353,-0.000531727,28.6084,-80.6043,28.6084,-80.6042
13.36,2422.37,2409.11,120.263,120.231,-0.0013221,28.6084,-80.6043,28.6084,-80.6042
13.37,2423.57,2410.31,120.141,120.111,-0.000734039,28.6084,-80.6043,28.6084,-80.6042
13.38,2424.77,2411.51,120.019,119.99,-6.07813e-05,28.6084,-80.6043,28.6084,-80.6042
13.39,2425.97,2412.71,119.897,119.868,-1.35333e-05,28.6084,-80.6043,28.6084,-80.6042
13.4,2427.17,2414.11,119.775,119.746,0.000433194,28.6084,-80.6043,28.6084,-80.6042
13.41,2428.37,2415.31,119.653,119.625,0.00134417,28.6084,-80.6043,28.6084,-80.6042
13.42,2429.56,2416.5,119.532,119.504,0.000812935,28.6084,-80.6043,28.6084,-80.6042
13.43,2430.76,2417.69,119.41,119.381,0.000549299,28.6084,-80.6043,28.6084,-80.6042
13.44,2431.95,2418.89,119.288,119.26,0.000630121,28.6084,-80.6043,28.6084,-80.6042
13.45,2433.14,2420.08,119.166,119.137,0.000334686,28.6084,-80.6043,28.6084,-80.6042
13.46,2434.33,2421.27,119.045,119.017,-0.000473745,28.6084,-80.6043,28.6084,-80.6042
13.47,2435.52,2422.46,118.923,118.896,0.000396246,28.6084,-80.6043,28.6084,-80.6042
13.48,2436.71,2423.65,118.802,118.775,-0.00026887,28.6084,-80.6043,28.6084,-80.6042
13.49,2437.89,2424.83,118.68,118.656,-0.000808991,28.6084,-80.6043,28.6084,-80.6042
13.5,2439.08,2426.68,118.559,118.534,-0.00169187,28.6084,-80.6043,28.6084,-80.6042
13.51,2440.26,2427.87,118.437,118.414,-0.00267959,28.6084,-80.6043,28.6084,-80.6042
13.52,2441.45,2429.05,118.316,118.293,-0.00281206,28.6084,-80.6043,28.6084,-80.6042
13.53,2442.63,2430.23,118.195,118.173,-0.00207665,28.6084,-80.6043,28.6084,-80.6042
13.54,2443.81,2431.41,118.074,118.054,-0.00200698,28.6084,-80.6043,28.6084,-80.6042
13.55,2444.99,2432.59,117.953,117.933,-0.00195498,28.6084,-80.6043,28.6084,-80.6042
13.56,2446.17,2433.77,117.831,117.812,-0.00186187,28.6084,-80.6043,28.6084,-80.6042
13.57,2447.35,2434.94,117.71,117.69,-0.00146521,28.6084,-80.6043,28.6084,-80.6042
13.58,2448.52,2436.12,117.589,117.569,-0.00103393,28.6084,-80.6043,28.6084,-80.6042
13.59,2449.7,2437.29,117.468,117.448,-0.00171008,28.6084,-80.6043,28.6084,-80.6042
13.6,2450.87,2438.73,117.347,117.328,-0.00110649,28.6084,-80.6043,28.6084,-80.6042
13.61,2452.04,2439.9,117.227,117.206,-0.00129986,28.6084,-80.6043,28.6084,-80.6042
13.62,2453.21,2441.07,117.106,117.084,-0.00105748,28.6084,-80.6043,28.6084,-80.6042
13.63,2454.38,2442.24,116.985,116.963,-7.64894e-05,28.6084,-80.6043,28.6084,-80.6042
13.64,2455.55,2443.41,116.864,116.844,-0.000985749,28.6084,-80.6043,28.6084,-80.6042
13.65,2456.72,2444.58,116.744,116.721,-0.000706961,28.6084,-80.6043,28.6084,-80.6042
13.66,2457.88,2445.74,116.623,116.601,-0.00159657,28.6084,-80.6043,28.6084,-80.6042
13.67,2459.05,2446.91,116.503,116.48,-0.00247943,28.6084,-80.6043,28.6084,-80.6042
13.68,2460.21,2448.07,116.382,116.361,-0.00330065,28.6084,-80.6043,28.6084,-80.6042
13.69,2461.38,2449.23,116.262,116.238,-0.00343505,28.6084,-80.6043,28.6084,-80.6042
13.7,2462.54,2450.93,116.141,116.119,-0.00335113,28.6084,-80.6043,28.6084,-80.6042
13.71,2463.7,2452.09,116.021,116,-0.0025723,28.6084,-80.6043,28.6084,-80.6042
13.72,2464.86,2453.24,115.9,115.88,-0.00187525,28.6084,-80.6043,28.6084,-80.6042
13.73,2466.01,2454.4,115.78,115.76,-0.00278605,28.6084,-80.6043,28.6084,-80.6042
13.74,2467.17,2455.56,115.66,115.638,-0.00303305,28.6084,-80.6043,28.6084,-80.6042
13.75,2468.33,2456.71,115.54,115.519,-0.0036944,28.6084,-80.6043,28.6084,-80.6042
13.76,2469.48,2457.87,115.42,115.398,-0.00419498,28.6084,-80.6043,28.6084,-80.6042
13.77,2470.63,2459.02,115.3,115.277,-0.00346513,28.6084,-80.6043,28.6084,-80.6042
13.78,2471.79,2460.17,115.18,115.158,-0.00395774,28.6084,-80.6043,28.6084,-80.6042
13.79,2472.94,2461.32,115.06,115.039,-0.00322607,28.6084,-80.6043,28.6084,-80.6042
13.8,2474.09,2462.32,114.94,114.918,-0.00351517,28.6084,-80.6043,28.6084,-80.6042
13.81,2475.23,2463.47,114.82,114.799,-0.0033609,28.6084,-80.6043,28.6084,-80.6042
13.82,2476.38,2464.62,114.7,114.679,-0.00384907,28.6084,-80.6043,28.6084,-80.6042
13.83,2477.53,2465.76,114.58,114.56,-0.00371874,28.6084,-80.6043,28.6084,-80.6042
13.84,2478.67,2466.91,114.46,114.441,-0.00402478,28.6084,-80.6043,28.6084,-80.6042
13.85,2479.81,2468.05,114.341,114.32,-0.00385385,28.6084,-80.6043,28.6084,-80.6042
13.86,2480.96,2469.19,114.221,114.2,-0.00286076,28.6084,-80.6043,28.6084,-80.6042
13.87,2482.1,2470.33,114.102,114.079,-0.00301574,28.6084,-80.6043,28.6084,-80.6042
13.88,2483.24,2471.47,113.982,113.96,-0.00356543,28.6084,-80.6043,28.6084,-80.6042
13.89,2484.38,2472.61,113.863,113.84,-0.00260922,28.6084,-80.6043,28.6084,-80.6042
13.9,2485.51,2473.75,113.743,113.719,-0.00240467,28.6084,-80.6043,28.6084,-80.6042
13.91,2486.65,2474.89,113.624,113.599,-0.00167372,28.6084,-80.6043,28.6084,-80.6042
13.92,2487.79,2476.02,113.504,113.478,-0.00239025,28.6084,-80.6043,28.6084,-80.6042
13.93,2488.92,2477.16,113.385,113.357,-0.00178463,28.6084,-80.6043,28.6084,-80.6042
13.94,2490.05,2478.29,113.266,113.236,-0.00194078,28.6084,-80.6043,28.6084,-80.6042
13.95,2491.18,2479.42,113.147,113.115,-0.00194437,28.6084,-80.6043,28.6084,-80.6042
13.96,2492.31,2480.55,113.027,112.997,-0.00147358,28.6084,-80.6043,28.6084,-80.6042
13.97,2493.44,2481.68,112.908,112.876,-0.002402,28.6084,-80.6043,28.6084,-80.6042
13.98,2494.57,2482.81,112.789,112.757,-0.00217684,28.6084,-80.6043,28.6084,-80.6042
13.99,2495.7,2483.93,112.67,112.639,-0.00167905,28.6084,-80.6043,28.6084,-80.6042
14,2496.82,2485.04,112.551,112.521,-0.00205911,28.6084,-80.6043,28.6085,-80.6043
14.01,2497.95,2486.16,112.432,112.401,-0.00207805,28.6084,-80.6043,28.6085,-80.6043
14.02,2499.07,2487.29,112.314,112.281,-0.00248614,28.6084,-80.6043,28.6085,-80.6043
14.03,2500.19,2488.41,112.195,112.163,-0.00192491,28.6084,-80.6043,28.6085,-80.6043
14.04,2501.31,2489.53,112.076,112.044,-0.00270789,28.6084,-80.6043,28.6085,-80.6043
14.05,2502.43,2490.65,111.957,111.926,-0.00249879,28.6084,-80.6043,28.6085,-80.6043
14.06,2503.55,2491.77,111.838,111.807,-0.00196827,28.6084,-80.6043,28.6085,-80.6043
14.07,2504.67,2492.88,111.72,111.688,-0.00245265,28.6084,-80.6043,28.6085,-80.6043
14.08,2505.78,2494,111.601,111.568,-0.0023214,28.6084,-80.6043,28.6085,-80.6043
14.09,2506.9,2495.11,111.483,111.45,-0.00138729,28.6084,-80.6043,28.6085,-80.6043
14.1,2508.01,2496.61,111.364,111.331,-0.000780423,28.6084,-80.6043,28.6085,-80.6043
14.11,2509.12,2497.73,111.246,111.21,-0.000948394,28.6084,-80.6043,28.6085,-80.6043
14.12,2510.24,2498.84,111.127,111.093,-0.00104473,28.6084,-80.6043,28.6085,-80.6043
14.13,2511.35,2499.95,111.009,110.973,-0.0019701,28.6084,-80.6043,28.6085,-80.6043
14.14,2512.45,2501.06,110.891,110.856,-0.00126613,28.6084,-80.6043,28.6085,-80.6043
14.15,2513.56,2502.16,110.772,110.738,-0.00122594,28.6084,-80.6043,28.6085,-80.6043
14.16,2514.67,2503.27,110.654,110.618,-0.00173889,28.6084,-80.6043,28.6085,-80.6043
14.17,2515.77,2504.37,110.536,110.501,-0.0018073,28.6084,-80.6043,28.6085,-80.6043
14.18,2516.88,2505.48,110.418,110.381,-0.00184921,28.6084,-80.6043,28.6085,-80.6043
14.19,2517.98,2506.58,110.3,110.265,-0.00257065,28.6084,-80.6043,28.6085,-80.6043
14.2,2519.08,2508.03,110.182,110.145,-0.00239437,28.6084,-80.6043,28.6085,-80.6043
14.21,2520.18,2509.13,110.064,110.027,-0.00140336,28.6084,-80.6043,28.6085,-80.6043
14.22,2521.28,2510.23,109.946,109.909,-0.0022482,28.6084,-80.6043,28.6085,-80.6043
14.23,2522.38,2511.33,109.828,109.792,-0.00244151,28.6084,-80.6043,28.6085,-80.6043
14.24,2523.48,2512.42,109.71,109.672,-0.0017172,28.6084,-80.6043,28.6085,-80.6043
14.25,2524.58,2513.52,109.592,109.553,-0.00262225,28.6084,-80.6043,28.6085,-80.6043
14.26,2525.67,2514.61,109.474,109.435,-0.00237666,28.6084,-80.6043,28.6085,-80.6043
14.27,2526.76,2515.71,109.357,109.319,-0.00334281,28.6084,-80.6043,28.6085,-80.6043
14.28,2527.86,2516.8,109.239,109.202,-0.00271854,28.6084,-80.6043,28.6085,-80.6043
14.29,2528.95,2517.89,109.121,109.086,-0.00249754,28.6084,-80.6043,28.6085,-80.6043
14.3,2530.04,2519.49,109.004,108.967,-0.00287408,28.6084,-80.6043,28.6085,-80.6043
14.31,2531.13,2520.58,108.886,108.851,-0.00385375,28.6084,-80.6043,28.6085,-80.6043
14.32,2532.21,2521.67,108.769,108.732,-0.00362519,28.6084,-80.6043,28.6085,-80.6043
14.33,2533.3,2522.75,108.651,108.615,-0.00416575,28.6084,-80.6043,28.6085,-80.6043
14.34,2534.39,2523.84,108.534,108.498,-0.00393707,28.6084,-80.6043,28.6085,-80.6043
14.35,2535.47,2524.92,108.416,108.382,-0.00465091,28.6084,-80.6043,28.6085,-80.6043
14.36,2536.55,2526,108.299,108.265,-0.00402418,28.6084,-80.6043,28.6085,-80.6043
14.37,2537.63,2527.08,108.182,108.149,-0.00385955,28.6084,-80.6043,28.6085,-80.6043
14.38,2538.71,2528.17,108.064,108.031,-0.00447204,28.6084,-80.6043,28.6085,-80.6043
14.39,2539.79,2529.24,107.947,107.914,-0.00499873,28.6084,-80.6043,28.6085,-80.6043
14.4,2540.87,2530.49,107.83,107.797,-0.0046499,28.6084,-80.6043,28.6085,-80.6043
14.41,2541.95,2531.56,107.713,107.681,-0.00475142,28.6084,-80.6043,28.6085,-80.6043
14.42,2543.03,2532.64,107.596,107.565,-0.00418772,28.6084,-80.6043,28.6085,-80.6043
14.43,2544.1,2533.71,107.479,107.447,-0.00396711,28.6084,-80.6043,28.6085,-80.6043
14.44,2545.17,2534.79,107.362,107.33,-0.0037644,28.6084,-80.6043,28.6085,-80.6043
14.45,2546.25,2535.86,107.245,107.215,-0.00441903,28.6084,-80.6043,28.6085,-80.6043
14.46,2547.32,2536.93,107.128,107.096,-0.00355462,28.6084,-80.6043,28.6085,-80.6043
14.47,2548.39,2538,107.011,106.979,-0.00295634,28.6084,-80.6043,28.6085,-80.6043
14.48,2549.46,2539.07,106.894,106.862,-0.00265926,28.6084,-80.6043,28.6085,-80.6043
14.49,2550.52,2540.14,106.778,106.746,-0.00358775,28.6084,-80.6043,28.6085,-80.6043
14.5,2551.59,2540.8,106.661,106.629,-0.00319621,28.6084,-80.6043,28.6085,-80.6043
14.51,2552.66,2541.87,106.544,106.512,-0.00322384,28.6084,-80.6043,28.6085,-80.6043
14.52,2553.72,2542.93,106.428,106.394,-0.00291531,28.6084,-80.6043,28.6085,-80.6043
14.53,2554.78,2543.99,106.311,106.278,-0.00241582,28.6084,-80.6043,28.6085,-80.6043
14.54,2555.85,2545.05,106.194,106.163,-0.00325487,28.6084,-80.6043,28.6085,-80.6043
14.55,2556.91,2546.11,106.078,106.046,-0.00286954,28.6084,-80.6043,28.6085,-80.6043
14.56,2557.97,2547.17,105.961,105.928,-0.00212273,28.6084,-80.6043,28.6085,-80.6043
14.57,2559.03,2548.23,105.845,105.812,-0.00135142,28.6084,-80.6043,28.6085,-80.6043
14.58,2560.08,2549.29,105.729,105.694,-0.00210814,28.6084,-80.6043,28.6085,-80.6043
14.59,2561.14,2550.34,105.612,105.577,-0.00163587,28.6084,-80.6043,28.6085,-80.6043
14.6,2562.19,2551.3,105.496,105.459,-0.00173449,28.6084,-80.6043,28.6085,-80.6043
14.61,2563.25,2552.36,105.38,105.344,-0.000995473,28.6084,-80.6043,28.6085,-80.6043
14.62,2564.3,2553.41,105.264,105.229,-0.00120088,28.6084,-80.6043,28.6085,-80.6043
14.63,2565.35,2554.46,105.147,105.113,-0.00165521,28.6084,-80.6043,28.6085,-80.6043
14.64,2566.4,2555.51,105.031,104.996,-0.000686319,28.6084,-80.6043,28.6085,-80.6043
14.65,2567.45,2556.56,104.915,104.882,0.000260765,28.6084,-80.6043,28.6085,-80.6043
14.66,2568.5,2557.61,104.799,104.765,0.000170344,28.6084,-80.6043,28.6085,-80.6043
14.67,2569.55,2558.65,104.683,104.648,0.0010073,28.6084,-80.6043,28.6085,-80.6043
14.68,2570.59,2559.7,104.567,104.53,0.00169949,28.6084,-80.6043,28.6085,-80.6043
14.69,2571.64,2560.74,104.451,104.415,0.00112989,28.6084,-80.6043,28.6085,-80.6043
14.7,2572.68,2562.41,104.335,104.299,0.00113401,28.6084,-80.6043,28.6085,-80.6043
14.71,2573.72,2563.45,104.22,104.182,0.000160809,28.6084,-80.6043,28.6085,-80.6043
14.72,2574.76,2564.49,104.104,104.065,-0.000282301,28.6084,-80.6043,28.6085,-80.6043
14.73,2575.8,2565.53,103.988,103.948,-0.000316978,28.6084,-80.6043,28.6085,-80.6043
14.74,2576.84,2566.57,103.872,103.83,-0.000959532,28.6084,-80.6043,28.6085,-80.6043
14.75,2577.88,2567.61,103.757,103.716,-8.83831e-05,28.6084,-80.6043,28.6085,-80.6043
14.76,2578.91,2568.64,103.641,103.599,0.000517336,28.6084,-80.6043,28.6085,-80.6043
14.77,2579.95,2569.68,103.525,103.484,0.000621143,28.6084,-80.6043,28.6085,-80.6043
14.78,2580.98,2570.71,103.41,103.368,0.00147823,28.6084,-80.6043,28.6085,-80.6043
14.79,2582.02,2571.74,103.294,103.254,0.00108894,28.6084,-80.6043,28.6085,-80.6043
14.8,2583.05,2572.51,103.179,103.141,0.00200593,28.6084,-80.6043,28.6085,-80.6043
14.81,2584.08,2573.54,103.063,103.025,0.00111562,28.6084,-80.6043,28.6085,-80.6043
14.82,2585.11,2574.57,102.948,102.91,0.00108896,28.6084,-80.6043,28.6085,-80.6043
14.83,2586.14,2575.6,102.833,102.796,0.000683838,28.6084,-80.6043,28.6085,-80.6043
14.84,2587.16,2576.63,102.717,102.682,2.62364e-05,28.6084,-80.6043,28.6085,-80.6043
14.85,2588.19,2577.65,102.602,102.568,-0.000932014,28.6084,-80.6043,28.6085,-80.6043
14.86,2589.22,2578.68,102.487,102.452,-0.000306215,28.6084,-80.6043,28.6085,-80.6043
14.87,2590.24,2579.7,102.372,102.336,-0.000119593,28.6084,-80.6043,28.6085,-80.6043
14.88,2591.26,2580.72,102.257,102.222,0.000296795,28.6084,-80.6043,28.6085,-80.6043
14.89,2592.28,2581.74,102.142,102.108,-0.000449876,28.6084,-80.6043,28.6085,-80.6043
14.9,2593.3,2582.75,102.026,101.993,-0.000362949,28.6084,-80.6043,28.6085,-80.6043
14.91,2594.32,2583.77,101.911,101.877,-0.0009646,28.6084,-80.6043,28.6085,-80.6043
14.92,2595.34,2584.78,101.797,101.763,-0.000433979,28.6084,-80.6043,28.6085,-80.6043
14.93,2596.36,2585.8,101.682,101.647,0.000202282,28.6084,-80.6043,28.6085,-80.6043
14.94,2597.37,2586.82,101.567,101.53,-0.000747972,28.6084,-80.6043,28.6085,-80.6043
14.95,2598.39,2587.83,101.452,101.417,-0.000467512,28.6084,-80.6043,28.6085,-80.6043
14.96,2599.4,2588.84,101.337,101.301,0.000195427,28.6084,-80.6043,28.6085,-80.6043
14.97,2600.41,2589.85,101.222,101.185,0.000922397,28.6084,-80.6043,28.6085,-80.6043
14.98,2601.42,2590.86,101.107,101.071,0.000773826,28.6084,-80.6043,28.6085,-80.6043
14.99,2602.43,2591.87,100.993,100.957,0.00158104,28.6084,-80.6043,28.6085,-80.6043
15,2603.44,2592.97,100.878,100.841,0.0017535,28.6084,-80.6043,28.6084,-80.6043
15.01,2604.45,2593.98,100.764,100.725,0.00237702,28.6084,-80.6043,28.6084,-80.6043
15.02,2605.46,2594.98,100.649,100.61,0.00160247,28.6084,-80.6043,28.6084,-80.6043
15.03,2606.46,2595.99,100.534,100.495,0.00252874,28.6084,-80.6043,28.6084,-80.6043
15.04,2607.47,2596.99,100.42,100.38,0.00274055,28.6084,-80.6043,28.6084,-80.6043
15.05,2608.47,2598,100.305,100.264,0.00219489,28.6084,-80.6043,28.6084,-80.6043
15.06,2609.47,2599,100.191,100.149,0.00177495,28.6084,-80.6043,28.6084,-80.6043
15.07,2610.47,2600,100.077,100.033,0.00165871,28.6084,-80.6043,28.6084,-80.6043
15.08,2611.47,2601,99.9623,99.9176,0.00230256,28.6084,-80.6043,28.6084,-80.6043
15.09,2612.47,2602,99.848,99.8016,0.002686,28.6084,-80.6043,28.6084,-80.6043
15.1,2613.47,2602.68,99.7337,99.688,0.00210677,28.6084,-80.6043,28.6084,-80.6043
15.11,2614.46,2603.67,99.6195,99.574,0.00237897,28.6084,-80.6043,28.6084,-80.6043
15.12,2615.46,2604.67,99.5053,99.4583,0.00195778,28.6084,-80.6043,28.6084,-80.6043
15.13,2616.45,2605.66,99.3911,99.3456,0.00237136,28.6084,-80.6043,28.6084,-80.6043
15.14,2617.45,2606.65,99.277,99.2315,0.00317022,28.6084,-80.6043,28.6084,-80.6043
15.15,2618.44,2607.64,99.163,99.1175,0.00280955,28.6084,-80.6043,28.6084,-80.6043
15.16,2619.43,2608.63,99.0489,99.005,0.00188656,28.6084,-80.6043,28.6084,-80.6043
15.17,2620.42,2609.62,98.9349,98.892,0.00288299,28.6084,-80.6043,28.6084,-80.6043
15.18,2621.41,2610.61,98.821,98.7768,0.00328793,28.6084,-80.6043,28.6084,-80.6043
15.19,2622.39,2611.6,98.707,98.6624,0.00389975,28.6084,-80.6043,28.6084,-80.6043
15.2,2623.38,2612.66,98.5932,98.55,0.00413851,28.6084,-80.6043,28.6084,-80.6043
15.21,2624.36,2613.64,98.4793,98.4349,0.00446786,28.6084,-80.6043,28.6084,-80.6043
15.22,2625.35,2614.62,98.3655,98.3216,0.00440728,28.6084,-80.6043,28.6084,-80.6043
15.23,2626.33,2615.61,98.2518,98.2077,0.00480952,28.6084,-80.6043,28.6084,-80.6043
15.24,2627.31,2616.59,98.138,98.0927,0.00408952,28.6084,-80.6043,28.6084,-80.6043
15.25,2628.29,2617.57,98.0243,97.9806,0.00452278,28.6084,-80.6043,28.6084,-80.6043
15.26,2629.27,2618.55,97.9107,97.8671,0.004618,28.6084,-80.6043,28.6084,-80.6043
15.27,2630.25,2619.52,97.7971,97.7548,0.00524842,28.6084,-80.6043,28.6084,-80.6043
15.28,2631.22,2620.5,97.6835,97.6409,0.00533637,28.6084,-80.6043,28.6084,-80.6043
15.29,2632.2,2621.47,97.57,97.5266,0.00495308,28.6084,-80.6043,28.6084,-80.6043
15.3,2633.18,2622.29,97.4565,97.4114,0.00523859,28.6084,-80.6043,28.6084,-80.6043
15.31,2634.15,2623.27,97.343,97.2967,0.00500277,28.6084,-80.6043,28.6084,-80.6043
15.32,2635.12,2624.24,97.2296,97.182,0.00460485,28.6084,-80.6043,28.6084,-80.6043
15.33,2636.09,2625.21,97.1162,97.067,0.00477338,28.6084,-80.6043,28.6084,-80.6043
15.34,2637.06,2626.18,97.0028,96.952,0.00567205,28.6084,-80.6043,28.6084,-80.6043
15.35,2638.03,2627.15,96.8895,96.8375,0.00524023,28.6084,-80.6043,28.6084,-80.6043
15.36,2639,2628.12,96.7762,96.7227,0.00597685,28.6084,-80.6043,28.6084,-80.6043
15.37,2639.97,2629.08,96.663,96.6111,0.00612456,28.6084,-80.6043,28.6084,-80.6043
15.38,2640.93,2630.05,96.5498,96.4973,0.006333,28.6084,-80.6043,28.6084,-80.6043
15.39,2641.9,2631.01,96.4366,96.3851,0.00632284,28.6084,-80.6043,28.6084,-80.6043
15.4,2642.86,2631.79,96.3235,96.272,0.00622666,28.6084,-80.6043,28.6084,-80.6043
15.41,2643.82,2632.75,96.2104,96.157,0.00580485,28.6084,-80.6043,28.6084,-80.6043
15.42,2644.78,2633.71,96.0974,96.0453,0.00574937,28.6084,-80.6043,28.6084,-80.6043
15.43,2645.74,2634.67,95.9843,95.9336,0.00506742,28.6084,-80.6043,28.6084,-80.6043
15.44,2646.7,2635.63,95.8714,95.8217,0.00585862,28.6084,-80.6043,28.6084,-80.6043
15.45,2647.66,2636.59,95.7584,95.71,0.00680753,28.6084,-80.6043,28.6084,-80.6043
15.46,2648.61,2637.54,95.6455,95.5991,0.00617527,28.6084,-80.6043,28.6084,-80.6043
15.47,2649.57,2638.5,95.5326,95.4849,0.00577063,28.6084,-80.6043,28.6084,-80.6043
15.48,2650.52,2639.45,95.4198,95.3711,0.00627217,28.6084,-80.6043,28.6084,-80.6043
15.49,2651.48,2640.41,95.307,95.2579,0.00570769,28.6084,-80.6043,28.6084,-80.6043
15.5,2652.43,2641.17,95.1942,95.147,0.00608515,28.6084,-80.6043,28.6084,-80.6043
15.51,2653.38,2642.12,95.0815,95.0335,0.00626881,28.6084,-80.6043,28.6084,-80.6043
15.52,2654.33,2643.07,94.9688,94.9224,0.00562409,28.6084,-80.6043,28.6084,-80.6043
15.53,2655.28,2644.01,94.8562,94.8086,0.00588616,28.6084,-80.6043,28.6084,-80.6043
15.54,2656.23,2644.96,94.7436,94.6966,0.00630972,28.6084,-80.6043,28.6084,-80.6043
15.55,2657.17,2645.91,94.631,94.5824,0.00669629,28.6084,-80.6043,28.6084,-80.6043
15.56,2658.12,2646.85,94.5184,94.4709,0.00644037,28.6084,-80.6043,28.6084,-80.6043
15.57,2659.06,2647.8,94.4059,94.3586,0.00593511,28.6084,-80.6043,28.6084,-80.6043
15.58,2660,2648.74,94.2934,94.2449,0.00631159,28.6084,-80.6043,28.6084,-80.6043
15.59,2660.95,2649.68,94.181,94.1306,0.00551302,28.6084,-80.6043,28.6084,-80.6043
15.6,2661.89,2651.22,94.0686,94.0181,0.0045179,28.6084,-80.6043,28.6084,-80.6043
15.61,2662.83,2652.16,93.9562,93.9042,0.0038558,28.6084,-80.6043,28.6084,-80.6043
15.62,2663.76,2653.09,93.8439,93.7914,0.00474042,28.6084,-80.6043,28.6084,-80.6043
15.63,2664.7,2654.03,93.7316,93.6808,0.00533977,28.6084,-80.6043,28.6084,-80.6043
15.64,2665.64,2654.97,93.6194,93.5672,0.00608803,28.6084,-80.6043,28.6084,-80.6043
15.65,2666.57,2655.9,93.5071,93.4549,0.00605198,28.6084,-80.6043,28.6084,-80.6043
15.66,2667.51,2656.84,93.3949,93.3435,0.00521244,28.6084,-80.6043,28.6084,-80.6043
15.67,2668.44,2657.77,93.2828,93.2309,0.00596143,28.6084,-80.6043,28.6084,-80.6043
15.68,2669.37,2658.7,93.1707,93.1178,0.00497896,28.6084,-80.6043,28.6084,-80.6043
15.69,2670.3,2659.63,93.0586,93.006,0.00595508,28.6084,-80.6043,28.6084,-80.6043
15.7,2671.23,2660.96,92.9465,92.8923,0.00543577,28.6084,-80.6043,28.6084,-80.6043
15.71,2672.16,2661.89,92.8345,92.7813,0.00597488,28.6084,-80.6043,28.6084,-80.6043
15.72,2673.09,2662.81,92.7226,92.6674,0.0063126,28.6084,-80.6043,28.6084,-80.6043
15.73,2674.01,2663.74,92.6106,92.5553,0.00538966,28.6084,-80.6043,28.6084,-80.6043
15.74,2674.94,2664.66,92.4987,92.4444,0.0062853,28.6084,-80.6043,28.6084,-80.6043
15.75,2675.86,2665.59,92.3868,92.3307,0.00701916,28.6084,-80.6043,28.6084,-80.6043
15.76,2676.78,2666.51,92.275,92.2194,0.006439,28.6084,-80.6043,28.6084,-80.6043
15.77,2677.71,2667.43,92.1632,92.1066,0.00656704,28.6084,-80.6043,28.6084,-80.6043
15.78,2678.63,2668.35,92.0514,91.9934,0.0056903,28.6084,-80.6043,28.6084,-80.6043
15.79,2679.55,2669.27,91.9397,91.8825,0.00469784,28.6084,-80.6043,28.6084,-80.6043
15.8,2680.46,2670.35,91.828,91.771,0.00410998,28.6084,-80.6043,28.6084,-80.6043
15.81,2681.38,2671.26,91.7163,91.6602,0.00427759,28.6084,-80.6043,28.6084,-80.6043
15.82,2682.3,2672.18,91.6047,91.5488,0.00509067,28.6084,-80.6043,28.6084,-80.6043
15.83,2683.21,2673.09,91.4931,91.4376,0.00433503,28.6084,-80.6043,28.6084,-80.6043
15.84,2684.13,2674.01,91.3815,91.3276,0.00470357,28.6084,-80.6043,28.6084,-80.6043
15.85,2685.04,2674.92,91.27,91.2156,0.00501914,28.6084,-80.6043,28.6084,-80.6043
15.86,2685.95,2675.83,91.1585,91.1027,0.0042833,28.6084,-80.6043,28.6084,-80.6043
15.87,2686.86,2676.74,91.0471,90.9919,0.00491704,28.6084,-80.6043,28.6084,-80.6043
15.88,2687.77,2677.65,90.9356,90.8808,0.00533077,28.6084,-80.6043,28.6084,-80.6043
15.89,2688.68,2678.56,90.8242,90.7698,0.00540617,28.6084,-80.6043,28.6084,-80.6043
15.9,2689.59,2679.79,90.7129,90.6594,0.00531292,28.6084,-80.6043,28.6084,-80.6043
15.91,2690.49,2680.69,90.6016,90.5467,0.00574359,28.6084,-80.6043,28.6084,-80.6043
15.92,2691.4,2681.6,90.4903,90.4363,0.00491838,28.6084,-80.6043,28.6084,-80.6043
15.93,2692.3,2682.5,90.379,90.3262,0.00481342,28.6084,-80.6043,28.6084,-80.6043
15.94,2693.2,2683.4,90.2678,90.2133,0.00446742,28.6084,-80.6043,28.6084,-80.6043
15.95,2694.1,2684.3,90.1566,90.1027,0.005051,28.6084,-80.6043,28.6084,-80.6043
15.96,2695.01,2685.2,90.0455,89.9934,0.00452578,28.6084,-80.6043,28.6084,-80.6043
15.97,2695.9,2686.1,89.9343,89.8818,0.00525339,28.6084,-80.6043,28.6084,-80.6043
15.98,2696.8,2687,89.8233,89.772,0.00523158,28.6084,-80.6043,28.6084,-80.6043
15.99,2697.7,2687.89,89.7122,89.662,0.00526003,28.6084,-80.6043,28.6084,-80.6043
16,2698.6,2689.42,89.6012,89.5524,0.00509242,28.6084,-80.6043,28.6085,-80.6043
16.01,2699.49,2690.31,89.4902,89.442,0.00426147,28.6084,-80.6043,28.6085,-80.6043
16.02,2700.38,2691.21,89.3792,89.3293,0.003484,28.6084,-80.6043,28.6085,-80.6043
16.03,2701.28,2692.1,89.2683,89.2186,0.00352188,28.6084,-80.6043,28.6085,-80.6043
16.04,2702.17,2692.99,89.1574,89.1068,0.00351584,28.6084,-80.6043,28.6085,-80.6043
16.05,2703.06,2693.88,89.0466,88.9948,0.00450404,28.6084,-80.6043,28.6085,-80.6043
16.06,2703.95,2694.77,88.9358,88.8844,0.00352651,28.6084,-80.6043,28.6085,-80.6043
16.07,2704.84,2695.66,88.825,88.7733,0.0038776,28.6084,-80.6043,28.6085,-80.6043
16.08,2705.72,2696.54,88.7142,88.6619,0.00306802,28.6084,-80.6043,28.6085,-80.6043
16.09,2706.61,2697.43,88.6035,88.5511,0.00265902,28.6084,-80.6043,28.6085,-80.6043
16.1,2707.5,2698.91,88.4928,88.4397,0.0033275,28.6084,-80.6043,28.6085,-80.6043
16.11,2708.38,2699.8,88.3821,88.3277,0.00297417,28.6084,-80.6043,28.6085,-80.6043
16.12,2709.26,2700.68,88.2715,88.2188,0.00332774,28.6084,-80.6043,28.6085,-80.6043
16.13,2710.14,2701.56,88.1609,88.1069,0.00299556,28.6084,-80.6043,28.6085,-80.6043
16.14,2711.02,2702.44,88.0504,87.9957,0.00231284,28.6084,-80.6043,28.6085,-80.6043
16.15,2711.9,2703.32,87.9398,87.8848,0.00294911,28.6084,-80.6043,28.6085,-80.6043
16.16,2712.78,2704.2,87.8293,87.7752,0.00236878,28.6084,-80.6043,28.6085,-80.6043
16.17,2713.66,2705.07,87.7189,87.6663,0.00305572,28.6084,-80.6043,28.6085,-80.6043
16.18,2714.53,2705.95,87.6085,87.5569,0.00286099,28.6084,-80.6043,28.6085,-80.6043
16.19,2715.41,2706.82,87.4981,87.4449,0.00235308,28.6084,-80.6043,28.6085,-80.6043
16.2,2716.28,2707.43,87.3877,87.3351,0.00156956,28.6084,-80.6043,28.6085,-80.6043
16.21,2717.16,2708.3,87.2774,87.2261,0.00166927,28.6084,-80.6043,28.6085,-80.6043
16.22,2718.03,2709.17,87.1671,87.1158,0.00264203,28.6084,-80.6043,28.6085,-80.6043
16.23,2718.9,2710.04,87.0568,87.0061,0.00358863,28.6084,-80.6043,28.6085,-80.6043
16.24,2719.77,2710.91,86.9466,86.895,0.00454397,28.6084,-80.6043,28.6085,-80.6043
16.25,2720.64,2711.78,86.8363,86.7861,0.00442634,28.6084,-80.6043,28.6085,-80.6043
16.26,2721.5,2712.64,86.7262,86.6745,0.00368809,28.6084,-80.6043,28.6085,-80.6043
16.27,2722.37,2713.51,86.616,86.5637,0.00432211,28.6084,-80.6043,28.6085,-80.6043
16.28,2723.23,2714.37,86.5059,86.4529,0.00470775,28.6084,-80.6043,28.6085,-80.6043
16.29,2724.1,2715.24,86.3958,86.3414,0.00463667,28.6084,-80.6043,28.6085,-80.6043
16.3,2724.96,2716.35,86.2858,86.2298,0.00558501,28.6084,-80.6043,28.6085,-80.6043
16.31,2725.82,2717.22,86.1758,86.1186,0.00630074,28.6084,-80.6043,28.6085,-80.6043
16.32,2726.68,2718.08,86.0658,86.0068,0.00544105,28.6084,-80.6043,28.6085,-80.6043
16.33,2727.54,2718.93,85.9559,85.8958,0.00474962,28.6084,-80.6043,28.6085,-80.6043
16.34,2728.4,2719.79,85.8459,85.7852,0.00554442,28.6084,-80.6043,28.6085,-80.6043
16.35,2729.26,2720.65,85.736,85.6744,0.00483768,28.6084,-80.6043,28.6085,-80.6043
16.36,2730.12,2721.5,85.6262,85.5647,0.00546243,28.6084,-80.6043,28.6085,-80.6043
16.37,2730.97,2722.36,85.5164,85.4555,0.00552627,28.6084,-80.6043,28.6085,-80.6043
16.38,2731.82,2723.21,85.4066,85.3455,0.00577807,28.6084,-80.6043,28.6085,-80.6043
16.39,2732.68,2724.06,85.2968,85.237,0.00564828,28.6084,-80.6043,28.6085,-80.6043
16.4,2733.53,2724.83,85.1871,85.127,0.00515825,28.6084,-80.6043,28.6085,-80.6043
16.41,2734.38,2725.68,85.0774,85.0176,0.00538604,28.6084,-80.6043,28.6085,-80.6043
16.42,2735.23,2726.53,84.9677,84.9075,0.00612631,28.6084,-80.6043,28.6085,-80.6043
16.43,2736.08,2727.38,84.8581,84.7971,0.00622308,28.6084,-80.6043,28.6085,-80.6043
16.44,2736.93,2728.22,84.7485,84.6868,0.00605901,28.6084,-80.6043,28.6085,-80.6043
16.45,2737.77,2729.07,84.6389,84.5773,0.00612154,28.6084,-80.6043,28.6085,-80.6043
16.46,2738.62,2729.91,84.5293,84.4687,0.00588238,28.6084,-80.6043,28.6085,-80.6043
16.47,2739.46,2730.76,84.4198,84.3595,0.00650081,28.6084,-80.6043,28.6085,-80.6043
16.48,2740.31,2731.6,84.3103,84.2506,0.00695218,28.6084,-80.6043,28.6085,-80.6043
16.49,2741.15,2732.44,84.2009,84.1396,0.00702881,28.6084,-80.6043,28.6085,-80.6043
16.5,2741.99,2733.45,84.0915,84.0322,0.00657291,28.6084,-80.6043,28.6085,-80.6043
16.51,2742.83,2734.29,83.9821,83.9211,0.00742221,28.6084,-80.6043,28.6085,-80.6043
16.52,2743.67,2735.13,83.8727,83.8122,0.00693825,28.6084,-80.6043,28.6085,-80.6043
16.53,2744.5,2735.97,83.7634,83.7031,0.00679741,28.6084,-80.6043,28.6085,-80.6043
16.54,2745.34,2736.81,83.6541,83.5945,0.00776538,28.6084,-80.6043,28.6085,-80.6043
16.55,2746.18,2737.64,83.5448,83.486,0.00730231,28.6084,-80.6043,28.6085,-80.6043
16.56,2747.01,2738.47,83.4356,83.377,0.00689922,28.6084,-80.6043,28.6085,-80.6043
16.57,2747.84,2739.31,83.3263,83.2684,0.00673611,28.6084,-80.6043,28.6085,-80.6043
16.58,2748.68,2740.14,83.2172,83.1596,0.0061545,28.6084,-80.6043,28.6085,-80.6043
16.59,2749.51,2740.97,83.108,83.0515,0.00520075,28.6084,-80.6043,28.6085,-80.6043
16.6,2750.34,2742.2,82.9989,82.9433,0.00476937,28.6084,-80.6043,28.6085,-80.6043
16.61,2751.17,2743.03,82.8898,82.8353,0.00548079,28.6084,-80.6043,28.6085,-80.6043
16.62,2751.99,2743.86,82.7807,82.7265,0.00598696,28.6084,-80.6043,28.6085,-80.6043
16.63,2752.82,2744.68,82.6717,82.6178,0.0063806,28.6084,-80.6043,28.6085,-80.6043
16.64,2753.65,2745.51,82.5627,82.5079,0.0065198,28.6084,-80.6043,28.6085,-80.6043
16.65,2754.47,2746.33,82.4537,82.4008,0.00627032,28.6084,-80.6043,28.6085,-80.6043
16.66,2755.29,2747.16,82.3448,82.2914,0.00705736,28.6084,-80.6043,28.6085,-80.6043
16.67,2756.12,2747.98,82.2359,82.1844,0.00731376,28.6084,-80.6043,28.6085,-80.6043
16.68,2756.94,2748.8,82.127,82.0753,0.00715499,28.6084,-80.6043,28.6085,-80.6043
16.69,2757.76,2749.62,82.0181,81.9658,0.0070111,28.6084,-80.6043,28.6085,-80.6043
16.7,2758.58,2750.12,81.9093,81.8554,0.00719069,28.6084,-80.6043,28.6085,-80.6043
16.71,2759.4,2750.94,81.8005,81.7485,0.0066919,28.6084,-80.6043,28.6085,-80.6043
16.72,2760.21,2751.76,81.6918,81.6393,0.0057095,28.6084,-80.6043,28.6085,-80.6043
16.73,2761.03,2752.57,81.583,81.5304,0.0050052,28.6084,-80.6043,28.6085,-80.6043
16.74,2761.84,2753.38,81.4743,81.4198,0.00438829,28.6084,-80.6043,28.6085,-80.6043
16.75,2762.66,2754.2,81.3656,81.3109,0.00497651,28.6084,-80.6043,28.6085,-80.6043
16.76,2763.47,2755.01,81.257,81.2014,0.00455225,28.6084,-80.6043,28.6085,-80.6043
16.77,2764.28,2755.82,81.1484,81.0923,0.00366583,28.6084,-80.6043,28.6085,-80.6043
16.78,2765.09,2756.63,81.0398,80.9852,0.00279051,28.6084,-80.6043,28.6085,-80.6043
16.79,2765.9,2757.44,80.9312,80.876,0.00266824,28.6084,-80.6043,28.6085,-80.6043
16.8,2766.71,2758.27,80.8227,80.7656,0.00311514,28.6084,-80.6043,28.6085,-80.6043
16.81,2767.52,2759.07,80.7142,80.6583,0.0035441,28.6084,-80.6043,28.6085,-80.6043
16.82,2768.32,2759.88,80.6057,80.5496,0.0032817,28.6084,-80.6043,28.6085,-80.6043
16.83,2769.13,2760.68,80.4973,80.4397,0.00379886,28.6084,-80.6043,28.6085,-80.6043
16.84,2769.93,2761.49,80.3889,80.3325,0.00327941,28.6084,-80.6043,28.6085,-80.6043
16.85,2770.73,2762.29,80.2805,80.2235,0.00382585,28.6084,-80.6043,28.6085,-80.6043
16.86,2771.53,2763.09,80.1721,80.1157,0.00402381,28.6084,-80.6043,28.6085,-80.6043
16.87,2772.34,2763.89,80.0638,80.006,0.00432922,28.6084,-80.6043,28.6085,-80.6043
16.88,2773.14,2764.69,79.9555,79.896,0.00396098,28.6084,-80.6043,28.6085,-80.6043
16.89,2773.93,2765.49,79.8472,79.7884,0.00346162,28.6084,-80.6043,28.6085,-80.6043
16.9,2774.73,2766.83,79.739,79.6812,0.00341912,28.6084,-80.6043,28.6085,-80.6043
16.91,2775.53,2767.63,79.6308,79.5732,0.00410765,28.6084,-80.6043,28.6085,-80.6043
16.92,2776.32,2768.42,79.5226,79.4654,0.00491799,28.6084,-80.6043,28.6085,-80.6043
16.93,2777.12,2769.21,79.4144,79.3589,0.005836,28.6084,-80.6043,28.6085,-80.6043
16.94,2777.91,2770.01,79.3063,79.2502,0.00671164,28.6084,-80.6043,28.6085,-80.6043
16.95,2778.7,2770.8,79.1982,79.1428,0.00601781,28.6084,-80.6043,28.6085,-80.6043
16.96,2779.49,2771.59,79.0901,79.0362,0.00581167,28.6084,-80.6043,28.6085,-80.6043
16.97,2780.28,2772.38,78.9821,78.9285,0.00527438,28.6084,-80.6043,28.6085,-80.6043
16.98,2781.07,2773.17,78.874,78.8206,0.0049722,28.6084,-80.6043,28.6085,-80.6043
16.99,2781.86,2773.95,78.7661,78.7107,0.00551681,28.6084,-80.6043,28.6085,-80.6043
17,2782.65,2774.35,78.6581,78.6035,0.00611968,28.6084,-80.6043,28.6084,-80.6043
17.01,2783.43,2775.14,78.5502,78.4953,0.0070586,28.6084,-80.6043,28.6084,-80.6043
17.02,2784.22,2775.92,78.4423,78.3884,0.00726931,28.6084,-80.6043,28.6084,-80.6043
17.03,2785,2776.71,78.3344,78.2786,0.00673392,28.6084,-80.6043,28.6084,-80.6043
17.04,2785.78,2777.49,78.2265,78.1694,0.0058725,28.6084,-80.6043,28.6084,-80.6043
17.05,2786.56,2778.27,78.1187,78.0599,0.0064129,28.6084,-80.6043,28.6084,-80.6043
17.06,2787.34,2779.05,78.0109,77.954,0.00737924,28.6084,-80.6043,28.6084,-80.6043
17.07,2788.12,2779.83,77.9031,77.8472,0.00701625,28.6084,-80.6043,28.6084,-80.6043
17.08,2788.9,2780.6,77.7954,77.7411,0.00683956,28.6084,-80.6043,28.6084,-80.6043
17.09,2789.68,2781.38,77.6877,77.6333,0.00740664,28.6084,-80.6043,28.6084,-80.6043
17.1,2790.45,2782.08,77.58,77.5268,0.00653049,28.6084,-80.6043,28.6084,-80.6043
17.11,2791.23,2782.85,77.4723,77.4172,0.00635216,28.6084,-80.6043,28.6084,-80.6043
17.12,2792,2783.63,77.3647,77.3078,0.005578,28.6084,-80.6043,28.6084,-80.6043
17.13,2792.77,2784.4,77.2571,77.1986,0.00626707,28.6084,-80.6043,28.6084,-80.6043
17.14,2793.54,2785.17,77.1495,77.0911,0.00607584,28.6084,-80.6043,28.6084,-80.6043
17.15,2794.31,2785.94,77.042,76.9849,0.00627194,28.6084,-80.6043,28.6084,-80.6043
17.16,2795.08,2786.71,76.9345,76.8784,0.00547062,28.6084,-80.6043,28.6084,-80.6043
17.17,2795.85,2787.48,76.827,76.7703,0.00520019,28.6084,-80.6043,28.6084,-80.6043
17.18,2796.62,2788.24,76.7195,76.6613,0.005368,28.6084,-80.6043,28.6084,-80.6043
17.19,2797.39,2789.01,76.6121,76.554,0.00477203,28.6084,-80.6043,28.6084,-80.6043
17.2,2798.15,2789.76,76.5047,76.4472,0.00436076,28.6084,-80.6043,28.6084,-80.6043
17.21,2798.91,2790.52,76.3973,76.3386,0.0034079,28.6084,-80.6043,28.6084,-80.6043
17.22,2799.68,2791.28,76.2899,76.2312,0.00353717,28.6084,-80.6043,28.6084,-80.6043
17.23,2800.44,2792.04,76.1826,76.1236,0.00447031,28.6084,-80.6043,28.6084,-80.6043
17.24,2801.2,2792.81,76.0753,76.0157,0.00395793,28.6084,-80.6043,28.6084,-80.6043
17.25,2801.96,2793.56,75.968,75.9065,0.00368407,28.6084,-80.6043,28.6084,-80.6043
17.26,2802.72,2794.32,75.8607,75.7996,0.00356274,28.6084,-80.6043,28.6084,-80.6043
17.27,2803.48,2795.08,75.7535,75.692,0.00395741,28.6084,-80.6043,28.6084,-80.6043
17.28,2804.23,2795.83,75.6463,75.585,0.00345883,28.6084,-80.6043,28.6084,-80.6043
17.29,2804.99,2796.59,75.5391,75.4767,0.00436252,28.6084,-80.6043,28.6084,-80.6043
17.3,2805.74,2797.64,75.432,75.3678,0.00501156,28.6084,-80.6043,28.6084,-80.6043
17.31,2806.5,2798.4,75.3249,75.2616,0.00436381,28.6084,-80.6043,28.6084,-80.6043
17.32,2807.25,2799.15,75.2178,75.1528,0.00395735,28.6084,-80.6043,28.6084,-80.6043
17.33,2808,2799.9,75.1107,75.0467,0.00415778,28.6084,-80.6043,28.6084,-80.6043
17.34,2808.75,2800.65,75.0037,74.9397,0.0039988,28.6084,-80.6043,28.6084,-80.6043
17.35,2809.5,2801.4,74.8967,74.8343,0.00434931,28.6084,-80.6043,28.6084,-80.6043
17.36,2810.25,2802.14,74.7897,74.7255,0.00518562,28.6084,-80.6043,28.6084,-80.6043
17.37,2810.99,2802.89,74.6827,74.6172,0.00544319,28.6084,-80.6043,28.6084,-80.6043
17.38,2811.74,2803.64,74.5758,74.5097,0.00471682,28.6084,-80.6043,28.6084,-80.6043
17.39,2812.48,2804.38,74.4689,74.4047,0.00491118,28.6084,-80.6043,28.6084,-80.6043
17.4,2813.23,2804.92,74.362,74.2965,0.00459125,28.6084,-80.6043,28.6084,-80.6043
17.41,2813.97,2805.67,74.2551,74.1884,0.00508367,28.6084,-80.6043,28.6084,-80.6043
17.42,2814.71,2806.41,74.1483,74.0831,0.00438787,28.6084,-80.6043,28.6084,-80.6043
17.43,2815.45,2807.15,74.0415,73.9782,0.00359869,28.6084,-80.6043,28.6084,-80.6043
17.44,2816.19,2807.88,73.9347,73.8699,0.00272194,28.6084,-80.6043,28.6084,-80.6043
17.45,2816.93,2808.62,73.828,73.7648,0.00335237,28.6084,-80.6043,28.6084,-80.6043
17.46,2817.67,2809.36,73.7212,73.657,0.00256448,28.6084,-80.6043,28.6084,-80.6043
17.47,2818.4,2810.09,73.6145,73.5519,0.00260935,28.6084,-80.6043,28.6084,-80.6043
17.48,2819.14,2810.83,73.5079,73.4467,0.00259232,28.6084,-80.6043,28.6084,-80.6043
17.49,2819.87,2811.56,73.4012,73.3381,0.00216552,28.6084,-80.6043,28.6084,-80.6043
17.5,2820.6,2812.57,73.2946,73.231,0.00255846,28.6084,-80.6043,28.6084,-80.6043
17.51,2821.34,2813.3,73.188,73.1238,0.00329189,28.6084,-80.6043,28.6084,-80.6043
17.52,2822.07,2814.03,73.0814,73.0192,0.00360708,28.6084,-80.6043,28.6084,-80.6043
17.53,2822.8,2814.76,72.9749,72.9106,0.00452008,28.6084,-80.6043,28.6084,-80.6043
17.54,2823.53,2815.49,72.8683,72.8031,0.00385775,28.6084,-80.6043,28.6084,-80.6043
17.55,2824.25,2816.21,72.7618,72.6958,0.00373052,28.6084,-80.6043,28.6084,-80.6043
17.56,2824.98,2816.94,72.6554,72.5904,0.00281601,28.6084,-80.6043,28.6084,-80.6043
17.57,2825.7,2817.66,72.5489,72.4832,0.00366716,28.6084,-80.6043,28.6084,-80.6043
17.58,2826.43,2818.39,72.4425,72.375,0.00350864,28.6084,-80.6043,28.6084,-80.6043
17.59,2827.15,2819.11,72.3361,72.2667,0.00271121,28.6084,-80.6043,28.6084,-80.6043
17.6,2827.87,2819.79,72.2297,72.1597,0.00340068,28.6084,-80.6043,28.6084,-80.6043
17.61,2828.6,2820.51,72.1234,72.0527,0.00387269,28.6084,-80.6043,28.6084,-80.6043
17.62,2829.32,2821.23,72.017,71.9478,0.00351832,28.6084,-80.6043,28.6084,-80.6043
17.63,2830.04,2821.94,71.9107,71.8404,0.00425952,28.6084,-80.6043,28.6084,-80.6043
17.64,2830.75,2822.66,71.8045,71.7345,0.00448664,28.6084,-80.6043,28.6084,-80.6043
17.65,2831.47,2823.38,71.6982,71.6286,0.00540697,28.6084,-80.6043,28.6084,-80.6043
17.66,2832.19,2824.09,71.592,71.524,0.00527453,28.6084,-80.6043,28.6084,-80.6043
17.67,2832.9,2824.81,71.4858,71.4196,0.00542529,28.6084,-80.6043,28.6084,-80.6043
17.68,2833.61,2825.52,71.3796,71.3131,0.0062177,28.6084,-80.6043,28.6084,-80.6043
17.69,2834.33,2826.23,71.2735,71.2083,0.00642998,28.6084,-80.6043,28.6084,-80.6043
17.7,2835.04,2827.07,71.1674,71.101,0.00596306,28.6084,-80.6043,28.6084,-80.6043
17.71,2835.75,2827.78,71.0613,70.9944,0.00612679,28.6084,-80.6043,28.6084,-80.6043
17.72,2836.46,2828.48,70.9552,70.8875,0.00567709,28.6084,-80.6043,28.6084,-80.6043
17.73,2837.17,2829.19,70.8491,70.7795,0.00534653,28.6084,-80.6043,28.6084,-80.6043
17.74,2837.88,2829.9,70.7431,70.673,0.00505306,28.6084,-80.6043,28.6084,-80.6043
17.75,2838.58,2830.6,70.6371,70.5657,0.00545984,28.6084,-80.6043,28.6084,-80.6043
17.76,2839.29,2831.31,70.5311,70.4609,0.00629076,28.6084,-80.6043,28.6084,-80.6043
17.77,2839.99,2832.01,70.4252,70.3552,0.00555638,28.6084,-80.6043,28.6084,-80.6043
17.78,2840.69,2832.71,70.3192,70.2478,0.00540313,28.6084,-80.6043,28.6084,-80.6043
17.79,2841.4,2833.42,70.2133,70.1429,0.00591614,28.6084,-80.6043,28.6084,-80.6043
17.8,2842.1,2834.02,70.1074,70.039,0.00632092,28.6084,-80.6043,28.6084,-80.6043
17.81,2842.8,2834.71,70.0016,69.9338,0.00660511,28.6084,-80.6043,28.6084,-80.6043
17.82,2843.5,2835.41,69.8958,69.827,0.00732818,28.6084,-80.6043,28.6084,-80.6043
17.83,2844.19,2836.11,69.7899,69.7213,0.00648782,28.6084,-80.6043,28.6084,-80.6043
17.84,2844.89,2836.81,69.6842,69.6154,0.00694991,28.6084,-80.6043,28.6084,-80.6043
17.85,2845.59,2837.5,69.5784,69.509,0.0076445,28.6084,-80.6043,28.6084,-80.6043
17.86,2846.28,2838.2,69.4727,69.4052,0.00850094,28.6084,-80.6043,28.6084,-80.6043
17.87,2846.98,2838.89,69.3669,69.2981,0.00798432,28.6084,-80.6043,28.6084,-80.6043
17.88,2847.67,2839.58,69.2613,69.1941,0.00795872,28.6084,-80.6043,28.6084,-80.6043
17.89,2848.36,2840.27,69.1556,69.0889,0.00752691,28.6084,-80.6043,28.6084,-80.6043
17.9,2849.05,2841.07,69.0499,68.9839,0.00716994,28.6084,-80.6043,28.6084,-80.6043
17.91,2849.74,2841.76,68.9443,68.8767,0.00791852,28.6084,-80.6043,28.6084,-80.6043
17.92,2850.43,2842.45,68.8387,68.77,0.00836864,28.6084,-80.6043,28.6084,-80.6043
17.93,2851.12,2843.13,68.7332,68.6636,0.00930689,28.6084,-80.6043,28.6084,-80.6043
17.94,2851.8,2843.82,68.6276,68.558,0.0088831,28.6084,-80.6043,28.6084,-80.6043
17.95,2852.49,2844.5,68.5221,68.4531,0.00819482,28.6084,-80.6043,28.6084,-80.6043
17.96,2853.17,2845.19,68.4166,68.3485,0.00782204,28.6084,-80.6043,28.6084,-80.6043
17.97,2853.85,2845.87,68.3111,68.2426,0.00796978,28.6084,-80.6043,28.6084,-80.6043
17.98,2854.54,2846.55,68.2057,68.1386,0.00794047,28.6084,-80.6043,28.6084,-80.6043
17.99,2855.22,2847.23,68.1002,68.0313,0.00810637,28.6084,-80.6043,28.6084,-80.6043
18,2855.9,2848.17,67.9948,67.9272,0.00888404,28.6084,-80.6043,28.6084,-80.6044
18.01,2856.58,2848.85,67.8894,67.8221,0.00796669,28.6084,-80.6043,28.6084,-80.6044
18.02,2857.25,2849.53,67.7841,67.7163,0.00891637,28.6084,-80.6043,28.6084,-80.6044
18.03,2857.93,2850.21,67.6787,67.6098,0.00937801,28.6084,-80.6043,28.6084,-80.6044
18.04,2858.61,2850.88,67.5734,67.5027,0.0099326,28.6084,-80.6043,28.6084,-80.6044
18.05,2859.28,2851.55,67.4681,67.3979,0.00952424,28.6084,-80.6043,28.6084,-80.6044
18.06,2859.95,2852.23,67.3628,67.2926,0.0103298,28.6084,-80.6043,28.6084,-80.6044
18.07,2860.63,2852.9,67.2576,67.1864,0.0112976,28.6084,-80.6043,28.6084,-80.6044
18.08,2861.3,2853.57,67.1524,67.08,0.0121706,28.6084,-80.6043,28.6084,-80.6044
18.09,2861.97,2854.24,67.0472,66.9733,0.012977,28.6084,-80.6043,28.6084,-80.6044
18.1,2862.64,2855.34,66.942,66.8671,0.0130676,28.6084,-80.6043,28.6084,-80.6044
18.11,2863.31,2856,66.8368,66.7619,0.0121289,28.6084,-80.6043,28.6084,-80.6044
18.12,2863.97,2856.67,66.7317,66.6568,0.0124988,28.6084,-80.6043,28.6084,-80.6044
18.13,2864.64,2857.34,66.6266,66.5532,0.0123137,28.6084,-80.6043,28.6084,-80.6044
18.14,2865.31,2858,66.5215,66.447,0.0125583,28.6084,-80.6043,28.6084,-80.6044
18.15,2865.97,2858.66,66.4164,66.3417,0.0116095,28.6084,-80.6043,28.6084,-80.6044
18.16,2866.63,2859.33,66.3114,66.236,0.0125641,28.6084,-80.6043,28.6084,-80.6044
18.17,2867.3,2859.99,66.2064,66.1307,0.0121398,28.6084,-80.6043,28.6084,-80.6044
18.18,2867.96,2860.65,66.1014,66.0244,0.0114713,28.6084,-80.6043,28.6084,-80.6044
18.19,2868.62,2861.31,65.9964,65.9188,0.0123709,28.6084,-80.6043,28.6084,-80.6044
18.2,2869.28,2861.7,65.8915,65.8149,0.0126761,28.6084,-80.6043,28.6084,-80.6044
18.21,2869.93,2862.36,65.7865,65.7098,0.0135112,28.6084,-80.6043,28.6084,-80.6044
18.22,2870.59,2863.01,65.6816,65.6047,0.0142402,28.6084,-80.6043,28.6084,-80.6044
18.23,2871.25,2863.67,65.5767,65.5012,0.0143919,28.6084,-80.6043,28.6084,-80.6044
18.24,2871.9,2864.32,65.4719,65.3974,0.0136001,28.6084,-80.6043,28.6084,-80.6044
18.25,2872.55,2864.98,65.367,65.291,0.0130897,28.6084,-80.6043,28.6084,-80.6044
18.26,2873.21,2865.63,65.2622,65.185,0.0123933,28.6084,-80.6043,28.6084,-80.6044
18.27,2873.86,2866.28,65.1574,65.0813,0.0131754,28.6084,-80.6043,28.6084,-80.6044
18.28,2874.51,2866.93,65.0526,64.9746,0.0125171,28.6084,-80.6043,28.6084,-80.6044
18.29,2875.16,2867.58,64.9479,64.8683,0.01279,28.6084,-80.6043,28.6084,-80.6044
18.3,2875.81,2868.57,64.8431,64.7641,0.0120921,28.6084,-80.6043,28.6084,-80.6044
18.31,2876.45,2869.22,64.7384,64.6612,0.0122641,28.6084,-80.6043,28.6084,-80.6044
18.32,2877.1,2869.86,64.6337,64.5554,0.012803,28.6084,-80.6043,28.6084,-80.6044
18.33,2877.75,2870.51,64.5291,64.4518,0.0129913,28.6084,-80.6043,28.6084,-80.6044
18.34,2878.39,2871.15,64.4244,64.348,0.0130363,28.6084,-80.6043,28.6084,-80.6044
18.35,2879.03,2871.79,64.3198,64.2424,0.0123791,28.6084,-80.6043,28.6084,-80.6044
18.36,2879.68,2872.43,64.2152,64.1365,0.0117077,28.6084,-80.6043,28.6084,-80.6044
18.37,2880.32,2873.07,64.1106,64.0324,0.010829,28.6084,-80.6043,28.6084,-80.6044
18.38,2880.96,2873.71,64.0061,63.9259,0.0101956,28.6084,-80.6043,28.6084,-80.6044
18.39,2881.6,2874.35,63.9015,63.8227,0.0094405,28.6084,-80.6043,28.6084,-80.6044
18.4,2882.23,2875.23,63.797,63.7174,0.00858679,28.6084,-80.6043,28.6084,-80.6044
18.41,2882.87,2875.87,63.6925,63.6122,0.00925991,28.6084,-80.6043,28.6084,-80.6044
18.42,2883.51,2876.5,63.5881,63.5066,0.00920074,28.6084,-80.6043,28.6084,-80.6044
18.43,2884.14,2877.14,63.4836,63.4002,0.00889079,28.6084,-80.6043,28.6084,-80.6044
18.44,2884.77,2877.77,63.3792,63.2942,0.00914498,28.6084,-80.6043,28.6084,-80.6044
18.45,2885.41,2878.4,63.2748,63.1898,0.00825765,28.6084,-80.6043,28.6084,-80.6044
18.46,2886.04,2879.03,63.1704,63.0843,0.00742176,28.6084,-80.6043,28.6084,-80.6044
18.47,2886.67,2879.66,63.066,62.9791,0.00840877,28.6084,-80.6043,28.6084,-80.6044
18.48,2887.3,2880.29,62.9617,62.8761,0.00918441,28.6084,-80.6043,28.6084,-80.6044
18.49,2887.93,2880.92,62.8573,62.7726,0.00889701,28.6084,-80.6043,28.6084,-80.6044
18.5,2888.56,2881.63,62.753,62.6668,0.00966522,28.6084,-80.6043,28.6084,-80.6044
18.51,2889.18,2882.26,62.6488,62.5628,0.00964829,28.6084,-80.6043,28.6084,-80.6044
18.52,2889.81,2882.88,62.5445,62.459,0.0092828,28.6084,-80.6043,28.6084,-80.6044
18.53,2890.43,2883.51,62.4403,62.3554,0.00916572,28.6084,-80.6043,28.6084,-80.6044
18.54,2891.06,2884.13,62.336,62.251,0.0101243,28.6084,-80.6043,28.6084,-80.6044
18.55,2891.68,2884.75,62.2318,62.1468,0.0106608,28.6084,-80.6043,28.6084,-80.6044
18.56,2892.3,2885.37,62.1277,62.0424,0.0103631,28.6084,-80.6043,28.6084,-80.6044
18.57,2892.92,2885.99,62.0235,61.9402,0.011175,28.6084,-80.6043,28.6084,-80.6044
18.58,2893.54,2886.61,61.9194,61.8355,0.0108407,28.6084,-80.6043,28.6084,-80.6044
18.59,2894.16,2887.23,61.8153,61.7294,0.011812,28.6084,-80.6043,28.6084,-80.6044
18.6,2894.77,2887.78,61.7112,61.6266,0.0109503,28.6084,-80.6043,28.6084,-80.6044
18.61,2895.39,2888.39,61.6071,61.5214,0.010676,28.6084,-80.6043,28.6084,-80.6044
18.62,2896,2889.01,61.503,61.4162,0.0111655,28.6084,-80.6043,28.6084,-80.6044
18.63,2896.62,2889.62,61.399,61.3111,0.0119974,28.6084,-80.6043,28.6084,-80.6044
18.64,2897.23,2890.23,61.295,61.2055,0.0117679,28.6084,-80.6043,28.6084,-80.6044
18.65,2897.84,2890.84,61.191,61.1027,0.0120749,28.6084,-80.6043,28.6084,-80.6044
18.66,2898.45,2891.45,61.087,60.9995,0.0116581,28.6084,-80.6043,28.6084,-80.6044
18.67,2899.06,2892.06,60.9831,60.8946,0.0106609,28.6084,-80.6043,28.6084,-80.6044
18.68,2899.67,2892.67,60.8792,60.7926,0.011077,28.6084,-80.6043,28.6084,-80.6044
18.69,2900.28,2893.28,60.7752,60.6884,0.0119684,28.6084,-80.6043,28.6084,-80.6044
18.7,2900.89,2894.44,60.6714,60.5834,0.0113871,28.6084,-80.6043,28.6084,-80.6044
18.71,2901.49,2895.05,60.5675,60.4791,0.0107814,28.6084,-80.6043,28.6084,-80.6044
18.72,2902.1,2895.65,60.4636,60.3744,0.0116463,28.6084,-80.6043,28.6084,-80.6044
18.73,2902.7,2896.25,60.3598,60.2707,0.0112462,28.6084,-80.6043,28.6084,-80.6044
18.74,2903.3,2896.86,60.256,60.1685,0.0109641,28.6084,-80.6043,28.6084,-80.6044
18.75,2903.91,2897.46,60.1522,60.0642,0.0102198,28.6084,-80.6043,28.6084,-80.6044
18.76,2904.51,2898.06,60.0484,59.9595,0.0106837,28.6084,-80.6043,28.6084,-80.6044
18.77,2905.11,2898.66,59.9447,59.8551,0.0097131,28.6084,-80.6043,28.6084,-80.6044
18.78,2905.7,2899.25,59.841,59.7533,0.00920722,28.6084,-80.6043,28.6084,-80.6044
18.79,2906.3,2899.85,59.7372,59.648,0.00894283,28.6084,-80.6043,28.6084,-80.6044
18.8,2906.9,2900.62,59.6336,59.5425,0.00948133,28.6084,-80.6043,28.6084,-80.6044
18.81,2907.49,2901.22,59.5299,59.4371,0.00855304,28.6084,-80.6043,28.6084,-80.6044
18.82,2908.09,2901.81,59.4262,59.3316,0.00816345,28.6084,-80.6043,28.6084,-80.6044
18.83,2908.68,2902.4,59.3226,59.229,0.00815225,28.6084,-80.6043,28.6084,-80.6044
18.84,2909.27,2902.99,59.219,59.1244,0.00908539,28.6084,-80.6043,28.6084,-80.6044
18.85,2909.86,2903.58,59.1154,59.0216,0.0093497,28.6084,-80.6043,28.6084,-80.6044
18.86,2910.45,2904.17,59.0118,58.9182,0.0101515,28.6084,-80.6043,28.6084,-80.6044
18.87,2911.04,2904.76,58.9083,58.8163,0.0100971,28.6084,-80.6043,28.6084,-80.6044
18.88,2911.63,2905.35,58.8047,58.7125,0.00953574,28.6084,-80.6043,28.6084,-80.6044
18.89,2912.22,2905.94,58.7012,58.6086,0.0101155,28.6084,-80.6043,28.6084,-80.6044
18.9,2912.8,2906.46,58.5977,58.5054,0.010153,28.6084,-80.6043,28.6084,-80.6044
18.91,2913.39,2907.04,58.4943,58.4002,0.0108527,28.6084,-80.6043,28.6084,-80.6044
18.92,2913.97,2907.62,58.3908,58.295,0.0104586,28.6084,-80.6043,28.6084,-80.6044
18.93,2914.56,2908.21,58.2874,58.19,0.00983917,28.6084,-80.6043,28.6084,-80.6044
18.94,2915.14,2908.79,58.184,58.0872,0.00912722,28.6084,-80.6043,28.6084,-80.6044
18.95,2915.72,2909.37,58.0806,57.9857,0.00957258,28.6084,-80.6043,28.6084,-80.6044
18.96,2916.3,2909.94,57.9772,57.8822,0.0105634,28.6084,-80.6043,28.6084,-80.6044
18.97,2916.88,2910.52,57.8738,57.78,0.0111394,28.6084,-80.6043,28.6084,-80.6044
18.98,2917.45,2911.1,57.7705,57.6776,0.0106802,28.6084,-80.6043,28.6084,-80.6044
18.99,2918.03,2911.67,57.6672,57.5724,0.011092,28.6084,-80.6043,28.6084,-80.6044
19,2918.61,2912.18,57.5639,57.471,0.0114341,28.6084,-80.6043,28.6084,-80.6043
19.01,2919.18,2912.76,57.4606,57.3667,0.0116149,28.6084,-80.6043,28.6084,-80.6043
19.02,2919.76,2913.33,57.3573,57.2619,0.0108066,28.6084,-80.6043,28.6084,-80.6043
19.03,2920.33,2913.9,57.2541,57.1583,0.0110641,28.6084,-80.6043,28.6084,-80.6043
19.04,2920.9,2914.47,57.1508,57.0536,0.011501,28.6084,-80.6043,28.6084,-80.6043
19.05,2921.47,2915.04,57.0476,56.9504,0.0109616,28.6084,-80.6043,28.6084,-80.6043
19.06,2922.04,2915.61,56.9444,56.8453,0.0111125,28.6084,-80.6043,28.6084,-80.6043
19.07,2922.61,2916.18,56.8413,56.7418,0.0114968,28.6084,-80.6043,28.6084,-80.6043
19.08,2923.17,2916.74,56.7381,56.6395,0.0112571,28.6084,-80.6043,28.6084,-80.6043
19.09,2923.74,2917.31,56.635,56.536,0.0106617,28.6084,-80.6043,28.6084,-80.6043
19.1,2924.31,2918.38,56.5319,56.4324,0.0100433,28.6084,-80.6043,28.6084,-80.6043
19.11,2924.87,2918.94,56.4288,56.3313,0.00996574,28.6084,-80.6043,28.6084,-80.6043
19.12,2925.43,2919.51,56.3257,56.2263,0.0106073,28.6084,-80.6043,28.6084,-80.6043
19.13,2926,2920.07,56.2226,56.123,0.0110078,28.6084,-80.6043,28.6084,-80.6043
19.14,2926.56,2920.63,56.1196,56.0182,0.0106285,28.6084,-80.6043,28.6084,-80.6043
19.15,2927.12,2921.19,56.0166,55.9144,0.0112009,28.6084,-80.6043,28.6084,-80.6043
19.16,2927.68,2921.74,55.9136,55.8118,0.0104015,28.6084,-80.6043,28.6084,-80.6043
19.17,2928.23,2922.3,55.8106,55.7104,0.010826,28.6084,-80.6043,28.6084,-80.6043
19.18,2928.79,2922.86,55.7076,55.6075,0.0108759,28.6084,-80.6043,28.6084,-80.6043
19.19,2929.35,2923.41,55.6047,55.506,0.0103097,28.6084,-80.6043,28.6084,-80.6043
19.2,2929.9,2923.67,55.5017,55.4011,0.00950609,28.6084,-80.6043,28.6084,-80.6043
19.21,2930.46,2924.22,55.3988,55.2971,0.00954368,28.6084,-80.6043,28.6084,-80.6043
19.22,2931.01,2924.78,55.2959,55.1959,0.00914058,28.6084,-80.6043,28.6084,-80.6043
19.23,2931.56,2925.33,55.1931,55.0946,0.00883121,28.6084,-80.6043,28.6084,-80.6043
19.24,2932.11,2925.88,55.0902,54.9918,0.00838021,28.6084,-80.6043,28.6084,-80.6043
19.25,2932.66,2926.43,54.9874,54.8891,0.00836216,28.6084,-80.6043,28.6084,-80.6043
19.26,2933.21,2926.97,54.8845,54.7858,0.00935688,28.6084,-80.6043,28.6084,-80.6043
19.27,2933.76,2927.52,54.7817,54.6831,0.00877722,28.6084,-80.6043,28.6084,-80.6043
19.28,2934.31,2928.07,54.679,54.5801,0.00821799,28.6084,-80.6043,28.6084,-80.6043
19.29,2934.85,2928.61,54.5762,54.4764,0.00870415,28.6084,-80.6043,28.6084,-80.6043
19.3,2935.4,2929.36,54.4734,54.3737,0.007831,28.6084,-80.6043,28.6084,-80.6043
19.31,2935.94,2929.91,54.3707,54.2704,0.00875022,28.6084,-80.6043,28.6084,-80.6043
19.32,2936.48,2930.45,54.268,54.166,0.00796976,28.6084,-80.6043,28.6084,-80.6043
19.33,2937.02,2930.99,54.1653,54.0632,0.00884894,28.6084,-80.6043,28.6084,-80.6043
19.34,2937.57,2931.53,54.0626,53.9598,0.00882504,28.6084,-80.6043,28.6084,-80.6043
19.35,2938.1,2932.07,53.96,53.8553,0.00895502,28.6084,-80.6043,28.6084,-80.6043
19.36,2938.64,2932.6,53.8573,53.751,0.00906822,28.6084,-80.6043,28.6084,-80.6043
19.37,2939.18,2933.14,53.7547,53.6483,0.00879914,28.6084,-80.6043,28.6084,-80.6043
19.38,2939.72,2933.68,53.6521,53.5455,0.00948072,28.6084,-80.6043,28.6084,-80.6043
19.39,2940.25,2934.21,53.5495,53.4444,0.0099408,28.6084,-80.6043,28.6084,-80.6043
19.4,2940.79,2934.98,53.4469,53.3413,0.00965511,28.6084,-80.6043,28.6084,-80.6043
19.41,2941.32,2935.51,53.3444,53.2372,0.0104097,28.6084,-80.6043,28.6084,-80.6043
19.42,2941.85,2936.04,53.2418,53.134,0.0110237,28.6084,-80.6043,28.6084,-80.6043
19.43,2942.38,2936.57,53.1393,53.0299,0.0112374,28.6084,-80.6043,28.6084,-80.6043
19.44,2942.92,2937.1,53.0368,52.9276,0.0114548,28.6084,-80.6043,28.6084,-80.6043
19.45,2943.44,2937.63,52.9343,52.8258,0.0122738,28.6084,-80.6043,28.6084,-80.6043
19.46,2943.97,2938.15,52.8318,52.7222,0.0125336,28.6084,-80.6043,28.6084,-80.6043
19.47,2944.5,2938.68,52.7294,52.6217,0.0121932,28.6084,-80.6043,28.6084,-80.6043
19.48,2945.03,2939.21,52.6269,52.5177,0.0130347,28.6084,-80.6043,28.6084,-80.6043
19.49,2945.55,2939.73,52.5245,52.4159,0.0132396,28.6084,-80.6043,28.6084,-80.6043
19.5,2946.08,2940.23,52.4221,52.3153,0.0126826,28.6084,-80.6043,28.6084,-80.6043
19.51,2946.6,2940.76,52.3197,52.2136,0.0131165,28.6084,-80.6043,28.6084,-80.6043
19.52,2947.12,2941.28,52.2174,52.1094,0.0140579,28.6084,-80.6043,28.6084,-80.6043
19.53,2947.64,2941.8,52.115,52.0073,0.0148601,28.6084,-80.6043,28.6084,-80.6043
19.54,2948.16,2942.32,52.0127,51.9057,0.0157295,28.6084,-80.6043,28.6084,-80.6043
19.55,2948.68,2942.83,51.9104,51.8025,0.0163698,28.6084,-80.6043,28.6084,-80.6043
19.56,2949.2,2943.35,51.8081,51.6994,0.0156409,28.6084,-80.6043,28.6084,-80.6043
19.57,2949.72,2943.87,51.7058,51.5957,0.0148728,28.6084,-80.6043,28.6084,-80.6043
19.58,2950.23,2944.38,51.6035,51.4924,0.015386,28.6084,-80.6043,28.6084,-80.6043
19.59,2950.75,2944.9,51.5013,51.3908,0.0160699,28.6084,-80.6043,28.6084,-80.6043
19.6,2951.26,2945.54,51.399,51.2883,0.016221,28.6084,-80.6043,28.6084,-80.6043
19.61,2951.77,2946.06,51.2968,51.1843,0.0163345,28.6084,-80.6043,28.6084,-80.6043
19.62,2952.29,2946.57,51.1946,51.0817,0.0156767,28.6084,-80.6043,28.6084,-80.6043
19.63,2952.8,2947.08,51.0924,50.9794,0.0147733,28.6084,-80.6043,28.6084,-80.6043
19.64,2953.31,2947.58,50.9903,50.8783,0.0146454,28.6084,-80.6043,28.6084,-80.6043
19.65,2953.82,2948.09,50.8881,50.7752,0.0145314,28.6084,-80.6043,28.6084,-80.6043
19.66,2954.32,2948.6,50.786,50.6749,0.015505,28.6084,-80.6043,28.6084,-80.6043
19.67,2954.83,2949.1,50.6839,50.5727,0.0163487,28.6084,-80.6043,28.6084,-80.6043
19.68,2955.34,2949.61,50.5818,50.4708,0.0161068,28.6084,-80.6043,28.6084,-80.6043
19.69,2955.84,2950.11,50.4797,50.3692,0.0160653,28.6084,-80.6043,28.6084,-80.6043
19.7,2956.35,2950.29,50.3776,50.2677,0.0159507,28.6084,-80.6043,28.6084,-80.6043
19.71,2956.85,2950.79,50.2756,50.1668,0.0161357,28.6084,-80.6043,28.6084,-80.6043
19.72,2957.35,2951.29,50.1735,50.0664,0.015148,28.6084,-80.6043,28.6084,-80.6043
19.73,2957.85,2951.79,50.0715,49.9637,0.0152884,28.6084,-80.6043,28.6084,-80.6043
19.74,2958.35,2952.29,49.9695,49.8631,0.0158402,28.6084,-80.6043,28.6084,-80.6043
19.75,2958.85,2952.79,49.8675,49.7597,0.0166605,28.6084,-80.6043,28.6084,-80.6043
19.76,2959.35,2953.28,49.7655,49.6591,0.0170655,28.6084,-80.6043,28.6084,-80.6043
19.77,2959.84,2953.78,49.6636,49.5563,0.0160728,28.6084,-80.6043,28.6084,-80.6043
19.78,2960.34,2954.27,49.5616,49.4531,0.0157735,28.6084,-80.6043,28.6084,-80.6043
19.79,2960.83,2954.77,49.4597,49.3523,0.0160054,28.6084,-80.6043,28.6084,-80.6043
19.8,2961.33,2955.69,49.3578,49.2509,0.0154459,28.6084,-80.6043,28.6084,-80.6043
19.81,2961.82,2956.18,49.2559,49.1492,0.0158424,28.6084,-80.6043,28.6084,-80.6043
19.82,2962.31,2956.67,49.1541,49.0473,0.0151454,28.6084,-80.6043,28.6084,-80.6043
19.83,2962.8,2957.16,49.0522,48.9438,0.0143685,28.6084,-80.6043,28.6084,-80.6043
19.84,2963.29,2957.65,48.9503,48.8425,0.0147977,28.6084,-80.6043,28.6084,-80.6043
19.85,2963.78,2958.14,48.8485,48.7408,0.0146355,28.6084,-80.6043,28.6084,-80.6043
19.86,2964.27,2958.62,48.7467,48.639,0.013929,28.6084,-80.6043,28.6084,-80.6043
19.87,2964.75,2959.11,48.6449,48.5365,0.0139164,28.6084,-80.6043,28.6084,-80.6043
19.88,2965.24,2959.59,48.5431,48.4347,0.0147029,28.6084,-80.6043,28.6084,-80.6043
19.89,2965.72,2960.08,48.4414,48.3323,0.0142463,28.6084,-80.6043,28.6084,-80.6043
19.9,2966.21,2960.79,48.3396,48.2287,0.0137502,28.6084,-80.6043,28.6084,-80.6043
19.91,2966.69,2961.27,48.2379,48.1254,0.0138582,28.6084,-80.6043,28.6084,-80.6043
19.92,2967.17,2961.75,48.1362,48.0221,0.0147011,28.6084,-80.6043,28.6084,-80.6043
19.93,2967.65,2962.23,48.0345,47.922,0.0154715,28.6084,-80.6043,28.6084,-80.6043
19.94,2968.13,2962.71,47.9328,47.8205,0.0155205,28.6084,-80.6043,28.6084,-80.6043
19.95,2968.61,2963.19,47.8311,47.7172,0.0147295,28.6084,-80.6043,28.6084,-80.6043
19.96,2969.09,2963.67,47.7294,47.6141,0.0153368,28.6084,-80.6043,28.6084,-80.6043
19.97,2969.56,2964.14,47.6278,47.5128,0.0149028,28.6084,-80.6043,28.6084,-80.6043
19.98,2970.04,2964.61,47.5262,47.4127,0.0153127,28.6084,-80.6043,28.6084,-80.6043
19.99,2970.51,2965.09,47.4246,47.3127,0.0155039,28.6084,-80.6043,28.6084,-80.6043
20,2970.98,2965.91,47.323,47.2102,0.015169,28.6084,-80.6043,28.6084,-80.6043
20.01,2971.46,2966.39,47.2214,47.1069,0.0154804,28.6084,-80.6043,28.6084,-80.6043
20.02,2971.93,2966.86,47.1198,47.007,0.0148273,28.6084,-80.6043,28.6084,-80.6043
20.03,2972.4,2967.32,47.0183,46.9058,0.0141684,28.6084,-80.6043,28.6084,-80.6043
20.04,2972.87,2967.79,46.9167,46.8034,0.0138274,28.6084,-80.6043,28.6084,-80.6043
20.05,2973.34,2968.26,46.8152,46.7028,0.0135987,28.6084,-80.6043,28.6084,-80.6043
20.06,2973.8,2968.73,46.7137,46.6003,0.0138566,28.6084,-80.6043,28.6084,-80.6043
20.07,2974.27,2969.19,46.6122,46.4979,0.0144332,28.6084,-80.6043,28.6084,-80.6043
20.08,2974.73,2969.65,46.5107,46.395,0.0141857,28.6084,-80.6043,28.6084,-80.6043
20.09,2975.2,2970.12,46.4093,46.2951,0.0137555,28.6084,-80.6043,28.6084,-80.6043
20.1,2975.66,2970.57,46.3078,46.1924,0.013728,28.6084,-80.6043,28.6084,-80.6043
20.11,2976.12,2971.03,46.2064,46.0912,0.0131105,28.6084,-80.6043,28.6084,-80.6043
20.12,2976.58,2971.49,46.105,45.9898,0.0134233,28.6084,-80.6043,28.6084,-80.6043
20.13,2977.04,2971.95,46.0036,45.8882,0.0140517,28.6084,-80.6043,28.6084,-80.6043
20.14,2977.5,2972.41,45.9022,45.7877,0.0147647,28.6084,-80.6043,28.6084,-80.6043
20.15,2977.96,2972.87,45.8008,45.6862,0.0143972,28.6084,-80.6043,28.6084,-80.6043
20.16,2978.42,2973.32,45.6994,45.5859,0.0134348,28.6084,-80.6043,28.6084,-80.6043
20.17,2978.87,2973.78,45.5981,45.4835,0.0142983,28.6084,-80.6043,28.6084,-80.6043
20.18,2979.33,2974.23,45.4968,45.3826,0.0141092,28.6084,-80.6043,28.6084,-80.6043
20.19,2979.78,2974.68,45.3955,45.2801,0.0149817,28.6084,-80.6043,28.6084,-80.6043
20.2,2980.24,2974.8,45.2942,45.1773,0.0151719,28.6084,-80.6043,28.6084,-80.6043
20.21,2980.69,2975.25,45.1929,45.0748,0.0159036,28.6084,-80.6043,28.6084,-80.6043
20.22,2981.14,2975.7,45.0916,44.9754,0.0167284,28.6084,-80.6043,28.6084,-80.6043
20.23,2981.59,2976.15,44.9903,44.8731,0.0174651,28.6084,-80.6043,28.6084,-80.6043
20.24,2982.04,2976.59,44.8891,44.7707,0.0173091,28.6084,-80.6043,28.6084,-80.6043
20.25,2982.49,2977.04,44.7879,44.6689,0.0178397,28.6084,-80.6043,28.6084,-80.6043
20.26,2982.93,2977.49,44.6867,44.5676,0.0179313,28.6084,-80.6043,28.6084,-80.6043
20.27,2983.38,2977.93,44.5855,44.4654,0.0172098,28.6084,-80.6043,28.6084,-80.6043
20.28,2983.82,2978.37,44.4843,44.3662,0.0163319,28.6084,-80.6043,28.6084,-80.6043
20.29,2984.27,2978.82,44.3831,44.2665,0.0170375,28.6084,-80.6043,28.6084,-80.6043
20.3,2984.71,2979.66,44.2819,44.1655,0.0164275,28.6084,-80.6043,28.6084,-80.6043
20.31,2985.15,2980.1,44.1808,44.0648,0.0162872,28.6084,-80.6043,28.6084,-80.6043
20.32,2985.59,2980.54,44.0797,43.9638,0.0156002,28.6084,-80.6043,28.6084,-80.6043
20.33,2986.03,2980.98,43.9786,43.8641,0.0161048,28.6084,-80.6043,28.6084,-80.6043
20.34,2986.47,2981.42,43.8775,43.7613,0.0170354,28.6084,-80.6043,28.6084,-80.6043
20.35,2986.91,2981.85,43.7764,43.6596,0.0165954,28.6084,-80.6043,28.6084,-80.6043
20.36,2987.35,2982.29,43.6753,43.5595,0.0160219,28.6084,-80.6043,28.6084,-80.6043
20.37,2987.78,2982.72,43.5742,43.4574,0.0162952,28.6084,-80.6043,28.6084,-80.6043
20.38,2988.22,2983.16,43.4732,43.3562,0.015543,28.6084,-80.6043,28.6084,-80.6043
20.39,2988.65,2983.59,43.3722,43.2565,0.0162976,28.6084,-80.6043,28.6084,-80.6043
20.4,2989.08,2984.18,43.2711,43.1554,0.0164963,28.6084,-80.6043,28.6084,-80.6043
20.41,2989.51,2984.61,43.1701,43.0538,0.0171887,28.6084,-80.6043,28.6084,-80.6043
20.42,2989.95,2985.04,43.0691,42.9528,0.01623,28.6084,-80.6043,28.6084,-80.6043
20.43,2990.37,2985.47,42.9682,42.8535,0.0159861,28.6084,-80.6043,28.6084,-80.6043
20.44,2990.8,2985.9,42.8672,42.754,0.0158626,28.6084,-80.6043,28.6084,-80.6043
20.45,2991.23,2986.33,42.7663,42.6534,0.0158317,28.6084,-80.6043,28.6084,-80.6043
20.46,2991.66,2986.75,42.6653,42.5544,0.0148374,28.6084,-80.6043,28.6084,-80.6043
20.47,2992.08,2987.18,42.5644,42.4516,0.0141264,28.6084,-80.6043,28.6084,-80.6043
20.48,2992.51,2987.6,42.4635,42.352,0.0146857,28.6084,-80.6043,28.6084,-80.6043
20.49,2992.93,2988.02,42.3626,42.2501,0.0152926,28.6084,-80.6043,28.6084,-80.6043
20.5,2993.35,2988.08,42.2617,42.1477,0.0153273,28.6084,-80.6043,28.6084,-80.6043
20.51,2993.78,2988.5,42.1608,42.0469,0.015873,28.6084,-80.6043,28.6084,-80.6043
20.52,2994.2,2988.92,42.06,41.9447,0.0164641,28.6084,-80.6043,28.6084,-80.6043
20.53,2994.62,2989.33,41.9591,41.8455,0.0174609,28.6084,-80.6043,28.6084,-80.6043
20.54,2995.03,2989.75,41.8583,41.7453,0.0172115,28.6084,-80.6043,28.6084,-80.6043
20.55,2995.45,2990.17,41.7575,41.6449,0.0162773,28.6084,-80.6043,28.6084,-80.6043
20.56,2995.87,2990.58,41.6567,41.5437,0.0161652,28.6084,-80.6043,28.6084,-80.6043
20.57,2996.28,2991,41.5559,41.4431,0.0160058,28.6084,-80.6043,28.6084,-80.6043
20.58,2996.7,2991.41,41.4551,41.3417,0.0168264,28.6084,-80.6043,28.6084,-80.6043
20.59,2997.11,2991.82,41.3544,41.2401,0.0174054,28.6084,-80.6043,28.6084,-80.6043
20.6,2997.53,2992.23,41.2536,41.1393,0.0179619,28.6084,-80.6043,28.6084,-80.6043
20.61,2997.94,2992.64,41.1529,41.0396,0.0185732,28.6084,-80.6043,28.6084,-80.6043
20.62,2998.35,2993.05,41.0521,40.9406,0.0182219,28.6084,-80.6043,28.6084,-80.6043
20.63,2998.76,2993.46,40.9514,40.8402,0.0175405,28.6084,-80.6043,28.6084,-80.6043
20.64,2999.17,2993.86,40.8507,40.7381,0.0179651,28.6084,-80.6043,28.6084,-80.6043
20.65,2999.57,2994.27,40.7501,40.6381,0.0182761,28.6084,-80.6043,28.6084,-80.6043
20.66,2999.98,2994.68,40.6494,40.5356,0.018175,28.6084,-80.6043,28.6084,-80.6043
20.67,3000.38,2995.08,40.5487,40.4362,0.0188713,28.6084,-80.6043,28.6084,-80.6043
20.68,3000.79,2995.48,40.4481,40.335,0.0195078,28.6084,-80.6043,28.6084,-80.6043
20.69,3001.19,2995.89,40.3474,40.2344,0.0199509,28.6084,-80.6043,28.6084,-80.6043
20.7,3001.6,2996.44,40.2468,40.1335,0.0200587,28.6084,-80.6043,28.6084,-80.6043
20.71,3002,2996.84,40.1462,40.0313,0.019231,28.6084,-80.6043,28.6084,-80.6043
20.72,3002.4,2997.24,40.0456,39.9309,0.0186534,28.6084,-80.6043,28.6084,-80.6043
20.73,3002.8,2997.64,39.945,39.8323,0.0193237,28.6084,-80.6043,28.6084,-80.6043
20.74,3003.19,2998.03,39.8445,39.7297,0.0192832,28.6084,-80.6043,28.6084,-80.6043
20.75,3003.59,2998.43,39.7439,39.6296,0.0198396,28.6084,-80.6043,28.6084,-80.6043
20.76,3003.99,2998.83,39.6434,39.531,0.0196777,28.6084,-80.6043,28.6084,-80.6043
20.77,3004.38,2999.22,39.5428,39.4312,0.0192584,28.6084,-80.6043,28.6084,-80.6043
20.78,3004.78,2999.61,39.4423,39.3287,0.0199774,28.6084,-80.6043,28.6084,-80.6043
20.79,3005.17,3000.01,39.3418,39.2279,0.0204107,28.6084,-80.6043,28.6084,-80.6043
20.8,3005.56,3000.92,39.2413,39.1275,0.019558,28.6084,-80.6043,28.6084,-80.6043
20.81,3005.96,3001.31,39.1408,39.0281,0.020345,28.6084,-80.6043,28.6084,-80.6043
20.82,3006.35,3001.7,39.0403,38.9281,0.0200086,28.6084,-80.6043,28.6084,-80.6043
20.83,3006.74,3002.08,38.9399,38.8285,0.0192852,28.6084,-80.6043,28.6084,-80.6043
20.84,3007.12,3002.47,38.8394,38.7263,0.0185408,28.6084,-80.6043,28.6084,-80.6043
20.85,3007.51,3002.86,38.739,38.6266,0.0178897,28.6084,-80.6043,28.6084,-80.6043
20.86,3007.9,3003.24,38.6386,38.5281,0.0184465,28.6084,-80.6043,28.6084,-80.6043
20.87,3008.28,3003.63,38.5382,38.4286,0.0178443,28.6084,-80.6043,28.6084,-80.6043
20.88,3008.67,3004.01,38.4378,38.3293,0.0179464,28.6084,-80.6043,28.6084,-80.6043
20.89,3009.05,3004.39,38.3374,38.2277,0.0174556,28.6084,-80.6043,28.6084,-80.6043
20.9,3009.43,3005.38,38.237,38.126,0.0184111,28.6084,-80.6043,28.6084,-80.6043
20.91,3009.81,3005.76,38.1366,38.0245,0.0187671,28.6084,-80.6043,28.6084,-80.6043
20.92,3010.2,3006.14,38.0363,37.9242,0.0189428,28.6084,-80.6043,28.6084,-80.6043
20.93,3010.57,3006.52,37.9359,37.824,0.019801,28.6084,-80.6043,28.6084,-80.6043
20.94,3010.95,3006.89,37.8356,37.7229,0.018948,28.6084,-80.6043,28.6084,-80.6043
20.95,3011.33,3007.27,37.7353,37.6206,0.0180955,28.6084,-80.6043,28.6084,-80.6043
20.96,3011.71,3007.64,37.635,37.5185,0.018888,28.6084,-80.6043,28.6084,-80.6043
20.97,3012.08,3008.02,37.5347,37.419,0.0186697,28.6084,-80.6043,28.6084,-80.6043
20.98,3012.46,3008.39,37.4344,37.3191,0.0193285,28.6084,-80.6043,28.6084,-80.6043
20.99,3012.83,3008.76,37.3342,37.2187,0.0198002,28.6084,-80.6043,28.6084,-80.6043
21,3013.2,3009.29,37.2339,37.1185,0.0200374,28.6084,-80.6043,28.6085,-80.6043
21.01,3013.57,3009.66,37.1337,37.0191,0.0197064,28.6084,-80.6043,28.6085,-80.6043
21.02,3013.94,3010.03,37.0334,36.9174,0.0193654,28.6084,-80.6043,28.6085,-80.6043
21.03,3014.31,3010.39,36.9332,36.8154,0.0185649,28.6084,-80.6043,28.6085,-80.6043
21.04,3014.68,3010.76,36.833,36.7154,0.0188321,28.6084,-80.6043,28.6085,-80.6043
21.05,3015.05,3011.13,36.7328,36.6163,0.0179541,28.6084,-80.6043,28.6085,-80.6043
21.06,3015.41,3011.49,36.6326,36.515,0.0175844,28.6084,-80.6043,28.6085,-80.6043
21.07,3015.78,3011.86,36.5324,36.4168,0.0176363,28.6084,-80.6043,28.6085,-80.6043
21.08,3016.14,3012.22,36.4323,36.3161,0.0186219,28.6084,-80.6043,28.6085,-80.6043
21.09,3016.51,3012.58,36.3321,36.2164,0.0185174,28.6084,-80.6043,28.6085,-80.6043
21.1,3016.87,3012.81,36.232,36.1178,0.0180991,28.6084,-80.6043,28.6085,-80.6043
21.11,3017.23,3013.17,36.1319,36.019,0.0173396,28.6084,-80.6043,28.6085,-80.6043
21.12,3017.59,3013.53,36.0317,35.918,0.0168055,28.6084,-80.6043,28.6085,-80.6043
21.13,3017.95,3013.88,35.9316,35.8185,0.0176081,28.6084,-80.6043,28.6085,-80.6043
21.14,3018.31,3014.24,35.8315,35.7202,0.0184921,28.6084,-80.6043,28.6085,-80.6043
21.15,3018.67,3014.6,35.7314,35.6191,0.0192498,28.6084,-80.6043,28.6085,-80.6043
21.16,3019.02,3014.95,35.6314,35.5171,0.0184925,28.6084,-80.6043,28.6085,-80.6043
21.17,3019.38,3015.31,35.5313,35.415,0.0181854,28.6084,-80.6043,28.6085,-80.6043
21.18,3019.73,3015.66,35.4313,35.3137,0.0173866,28.6084,-80.6043,28.6085,-80.6043
21.19,3020.09,3016.01,35.3312,35.2152,0.0179966,28.6084,-80.6043,28.6085,-80.6043
21.2,3020.44,3016.45,35.2312,35.1167,0.0189116,28.6084,-80.6043,28.6085,-80.6043
21.21,3020.79,3016.8,35.1312,35.0148,0.0198067,28.6084,-80.6043,28.6085,-80.6043
21.22,3021.14,3017.15,35.0312,34.915,0.0199709,28.6084,-80.6043,28.6085,-80.6043
21.23,3021.49,3017.49,34.9312,34.8167,0.0192753,28.6084,-80.6043,28.6085,-80.6043
21.24,3021.84,3017.84,34.8312,34.7149,0.0199341,28.6084,-80.6043,28.6085,-80.6043
21.25,3022.18,3018.19,34.7312,34.6147,0.0206708,28.6084,-80.6043,28.6085,-80.6043
21.26,3022.53,3018.53,34.6312,34.514,0.0207975,28.6084,-80.6043,28.6085,-80.6043
21.27,3022.88,3018.88,34.5313,34.4127,0.0209165,28.6084,-80.6043,28.6085,-80.6043
21.28,3023.22,3019.22,34.4313,34.3116,0.020021,28.6084,-80.6043,28.6085,-80.6043
21.29,3023.56,3019.56,34.3314,34.2117,0.0193157,28.6084,-80.6043,28.6085,-80.6043
21.3,3023.91,3019.69,34.2315,34.1109,0.0191053,28.6084,-80.6043,28.6085,-80.6043
21.31,3024.25,3020.03,34.1316,34.0097,0.0188966,28.6084,-80.6043,28.6085,-80.6043
21.32,3024.59,3020.36,34.0317,33.9098,0.0190583,28.6084,-80.6043,28.6085,-80.6043
21.33,3024.93,3020.7,33.9318,33.8099,0.0188726,28.6084,-80.6043,28.6085,-80.6043
21.34,3025.27,3021.04,33.8319,33.7096,0.0186217,28.6084,-80.6043,28.6085,-80.6043
21.35,3025.6,3021.38,33.732,33.6092,0.0184463,28.6084,-80.6043,28.6085,-80.6043
21.36,3025.94,3021.71,33.6322,33.5096,0.0180707,28.6084,-80.6043,28.6085,-80.6043
21.37,3026.27,3022.05,33.5323,33.4116,0.0173708,28.6084,-80.6043,28.6085,-80.6043
21.38,3026.61,3022.38,33.4325,33.3108,0.0166047,28.6084,-80.6043,28.6085,-80.6043
21.39,3026.94,3022.71,33.3327,33.2096,0.0157688,28.6084,-80.6043,28.6085,-80.6043
21.4,3027.27,3023.07,33.2329,33.1101,0.0148652,28.6084,-80.6043,28.6085,-80.6043
21.41,3027.61,3023.4,33.1331,33.0099,0.0142638,28.6084,-80.6043,28.6085,-80.6043
21.42,3027.94,3023.73,33.0333,32.912,0.0139209,28.6084,-80.6043,28.6085,-80.6043
21.43,3028.27,3024.06,32.9335,32.8112,0.013889,28.6084,-80.6043,28.6085,-80.6043
21.44,3028.59,3024.39,32.8337,32.7113,0.0139682,28.6084,-80.6043,28.6085,-80.6043
21.45,3028.92,3024.71,32.7339,32.6131,0.0142485,28.6084,-80.6043,28.6085,-80.6043
21.46,3029.25,3025.04,32.6342,32.5151,0.0137975,28.6084,-80.6043,28.6085,-80.6043
21.47,3029.57,3025.36,32.5344,32.414,0.0138572,28.6084,-80.6043,28.6085,-80.6043
21.48,3029.9,3025.68,32.4347,32.3153,0.0139731,28.6084,-80.6043,28.6085,-80.6043
21.49,3030.22,3026.01,32.335,32.2173,0.0132636,28.6084,-80.6043,28.6085,-80.6043
21.5,3030.54,3026.08,32.2353,32.1192,0.0129196,28.6084,-80.6043,28.6085,-80.6043
21.51,3030.86,3026.4,32.1356,32.0204,0.0125051,28.6084,-80.6043,28.6085,-80.6043
21.52,3031.18,3026.72,32.0359,31.9222,0.0124799,28.6084,-80.6043,28.6085,-80.6043
21.53,3031.5,3027.04,31.9362,31.8221,0.0115663,28.6084,-80.6043,28.6085,-80.6043
21.54,3031.82,3027.35,31.8365,31.7227,0.0125056,28.6084,-80.6043,28.6085,-80.6043
21.55,3032.14,3027.67,31.7368,31.6214,0.0134616,28.6084,-80.6043,28.6085,-80.6043
21.56,3032.46,3027.99,31.6372,31.5201,0.013043,28.6084,-80.6043,28.6085,-80.6043
21.57,3032.77,3028.3,31.5375,31.4223,0.012886,28.6084,-80.6043,28.6085,-80.6043
21.58,3033.09,3028.61,31.4379,31.3228,0.0127463,28.6084,-80.6043,28.6085,-80.6043
21.59,3033.4,3028.93,31.3383,31.2248,0.01191,28.6084,-80.6043,28.6085,-80.6043
21.6,3033.71,3029.13,31.2387,31.1244,0.0119851,28.6084,-80.6043,28.6085,-80.6043
21.61,3034.02,3029.44,31.1391,31.0229,0.0123618,28.6084,-80.6043,28.6085,-80.6043
21.62,3034.33,3029.75,31.0395,30.9236,0.0120702,28.6084,-80.6043,28.6085,-80.6043
21.63,3034.64,3030.06,30.9399,30.823,0.0120231,28.6084,-80.6043,28.6085,-80.6043
21.64,3034.95,3030.37,30.8403,30.7234,0.0113609,28.6084,-80.6043,28.6085,-80.6043
21.65,3035.26,3030.68,30.7407,30.625,0.0107864,28.6084,-80.6043,28.6085,-80.6043
21.66,3035.57,3030.98,30.6412,30.5251,0.00998066,28.6084,-80.6043,28.6085,-80.6043
21.67,3035.87,3031.28,30.5416,30.4238,0.010763,28.6084,-80.6043,28.6085,-80.6043
21.68,3036.17,3031.59,30.4421,30.3243,0.0100015,28.6084,-80.6043,28.6085,-80.6043
21.69,3036.48,3031.89,30.3426,30.2246,0.00995434,28.6084,-80.6043,28.6085,-80.6043
21.7,3036.78,3032.46,30.243,30.124,0.00983162,28.6084,-80.6043,28.6085,-80.6043
21.71,3037.08,3032.76,30.1435,30.0247,0.00960111,28.6084,-80.6043,28.6085,-80.6043
21.72,3037.38,3033.06,30.044,29.9272,0.00868843,28.6084,-80.6043,28.6085,-80.6043
21.73,3037.68,3033.36,29.9445,29.829,0.00946492,28.6084,-80.6043,28.6085,-80.6043
21.74,3037.98,3033.65,29.8451,29.728,0.00871264,28.6084,-80.6043,28.6085,-80.6043
21.75,3038.28,3033.95,29.7456,29.6282,0.00802545,28.6084,-80.6043,28.6085,-80.6043
21.76,3038.57,3034.24,29.6461,29.5296,0.00725373,28.6084,-80.6043,28.6085,-80.6043
21.77,3038.87,3034.54,29.5467,29.431,0.00637681,28.6084,-80.6043,28.6085,-80.6043
21.78,3039.16,3034.83,29.4472,29.331,0.00576394,28.6084,-80.6043,28.6085,-80.6043
21.79,3039.46,3035.12,29.3478,29.2318,0.00582269,28.6084,-80.6043,28.6085,-80.6043
21.8,3039.75,3035.58,29.2483,29.1343,0.00637015,28.6084,-80.6043,28.6085,-80.6043
21.81,3040.04,3035.87,29.1489,29.0367,0.0070697,28.6084,-80.6043,28.6085,-80.6043
21.82,3040.33,3036.16,29.0495,28.9385,0.00727355,28.6084,-80.6043,28.6085,-80.6043
21.83,3040.62,3036.45,28.9501,28.841,0.00684332,28.6084,-80.6043,28.6085,-80.6043
21.84,3040.91,3036.74,28.8507,28.7399,0.00620278,28.6084,-80.6043,28.6085,-80.6043
21.85,3041.2,3037.03,28.7513,28.6415,0.00649818,28.6084,-80.6043,28.6085,-80.6043
21.86,3041.48,3037.31,28.652,28.5428,0.00571471,28.6084,-80.6043,28.6085,-80.6043
21.87,3041.77,3037.6,28.5526,28.444,0.00616432,28.6084,-80.6043,28.6085,-80.6043
21.88,3042.05,3037.88,28.4532,28.3463,0.00621789,28.6084,-80.6043,28.6085,-80.6043
21.89,3042.34,3038.16,28.3539,28.2484,0.00531191,28.6084,-80.6043,28.6085,-80.6043
21.9,3042.62,3038.2,28.2546,28.1509,0.00432537,28.6084,-80.6043,28.6085,-80.6043
21.91,3042.9,3038.48,28.1552,28.0525,0.0047731,28.6084,-80.6043,28.6085,-80.6043
21.92,3043.18,3038.76,28.0559,27.9545,0.00462745,28.6084,-80.6043,28.6085,-80.6043
21.93,3043.46,3039.04,27.9566,27.8568,0.00438123,28.6084,-80.6043,28.6085,-80.6043
21.94,3043.74,3039.31,27.8573,27.7594,0.00521206,28.6084,-80.6043,28.6085,-80.6043
21.95,3044.02,3039.59,27.758,27.6587,0.0059914,28.6084,-80.6043,28.6085,-80.6043
21.96,3044.29,3039.87,27.6587,27.5574,0.00499218,28.6084,-80.6043,28.6085,-80.6043
21.97,3044.57,3040.14,27.5594,27.459,0.00521713,28.6084,-80.6043,28.6085,-80.6043
21.98,3044.85,3040.41,27.4602,27.3616,0.00621479,28.6084,-80.6043,28.6085,-80.6043
21.99,3045.12,3040.69,27.3609,27.2631,0.00551308,28.6084,-80.6043,28.6085,-80.6043
22,3045.39,3040.72,27.2616,27.1647,0.00519013,28.6084,-80.6043,28.6083,-80.6043
22.01,3045.66,3040.99,27.1624,27.0668,0.00614427,28.6084,-80.6043,28.6083,-80.6043
22.02,3045.93,3041.26,27.0632,26.9672,0.00674582,28.6084,-80.6043,28.6083,-80.6043
22.03,3046.2,3041.53,26.9639,26.8678,0.00657012,28.6084,-80.6043,28.6083,-80.6043
22.04,3046.47,3041.8,26.8647,26.7688,0.00661641,28.6084,-80.6043,28.6083,-80.6043
22.05,3046.74,3042.06,26.7655,26.6681,0.00635841,28.6084,-80.6043,28.6083,-80.6043
22.06,3047.01,3042.33,26.6663,26.5707,0.00546531,28.6084,-80.6043,28.6083,-80.6043
22.07,3047.27,3042.59,26.5671,26.4725,0.00627906,28.6084,-80.6043,28.6083,-80.6043
22.08,3047.54,3042.86,26.4679,26.3752,0.00707607,28.6084,-80.6043,28.6083,-80.6043
22.09,3047.8,3043.12,26.3687,26.2772,0.00803488,28.6084,-80.6043,28.6083,-80.6043
22.1,3048.06,3043.94,26.2696,26.1796,0.00805588,28.6084,-80.6043,28.6083,-80.6043
22.11,3048.32,3044.2,26.1704,26.0808,0.00807453,28.6084,-80.6043,28.6083,-80.6043
22.12,3048.59,3044.46,26.0712,25.9808,0.00710944,28.6084,-80.6043,28.6083,-80.6043
22.13,3048.85,3044.72,25.9721,25.8806,0.00735191,28.6084,-80.6043,28.6083,-80.6043
22.14,3049.1,3044.98,25.873,25.7829,0.00647651,28.6084,-80.6043,28.6083,-80.6043
22.15,3049.36,3045.24,25.7738,25.6841,0.00628219,28.6084,-80.6043,28.6083,-80.6043
22.16,3049.62,3045.49,25.6747,25.5863,0.00548648,28.6084,-80.6043,28.6083,-80.6043
22.17,3049.87,3045.75,25.5756,25.4884,0.00572017,28.6084,-80.6043,28.6083,-80.6043
22.18,3050.13,3046,25.4765,25.3895,0.00516099,28.6084,-80.6043,28.6083,-80.6043
22.19,3050.38,3046.25,25.3774,25.2891,0.00432444,28.6084,-80.6043,28.6083,-80.6043
22.2,3050.64,3047.05,25.2783,25.1894,0.00441036,28.6084,-80.6043,28.6083,-80.6043
22.21,3050.89,3047.31,25.1792,25.0885,0.00399205,28.6084,-80.6043,28.6083,-80.6043
22.22,3051.14,3047.56,25.0801,24.9911,0.00374953,28.6084,-80.6043,28.6083,-80.6043
22.23,3051.39,3047.8,24.9811,24.8908,0.00422047,28.6084,-80.6043,28.6083,-80.6043
22.24,3051.64,3048.05,24.882,24.7912,0.00339697,28.6084,-80.6043,28.6083,-80.6043
22.25,3051.88,3048.3,24.7829,24.6911,0.00429702,28.6084,-80.6043,28.6083,-80.6043
22.26,3052.13,3048.55,24.6839,24.5939,0.00480761,28.6084,-80.6043,28.6083,-80.6043
22.27,3052.38,3048.79,24.5849,24.4938,0.00575564,28.6084,-80.6043,28.6083,-80.6043
22.28,3052.62,3049.03,24.4858,24.3967,0.00646357,28.6084,-80.6043,28.6083,-80.6043
22.29,3052.87,3049.28,24.3868,24.299,0.00556212,28.6084,-80.6043,28.6083,-80.6043
22.3,3053.11,3049.57,24.2878,24.1998,0.00501132,28.6084,-80.6043,28.6083,-80.6043
22.31,3053.35,3049.81,24.1888,24.1022,0.00407706,28.6084,-80.6043,28.6083,-80.6043
22.32,3053.59,3050.05,24.0898,24.0032,0.00330303,28.6084,-80.6043,28.6083,-80.6043
22.33,3053.83,3050.29,23.9908,23.9032,0.00361131,28.6084,-80.6043,28.6083,-80.6043
22.34,3054.07,3050.52,23.8918,23.803,0.00383072,28.6084,-80.6043,28.6083,-80.6043
22.35,3054.31,3050.76,23.7928,23.7028,0.00328423,28.6084,-80.6043,28.6083,-80.6043
22.36,3054.55,3051,23.6938,23.6019,0.00326013,28.6084,-80.6043,28.6083,-80.6043
22.37,3054.78,3051.23,23.5949,23.5016,0.00305677,28.6084,-80.6043,28.6083,-80.6043
22.38,3055.02,3051.47,23.4959,23.4033,0.00385906,28.6084,-80.6043,28.6083,-80.6043
22.39,3055.25,3051.7,23.397,23.3054,0.00439017,28.6084,-80.6043,28.6083,-80.6043
22.4,3055.48,3052.13,23.298,23.2051,0.00480316,28.6084,-80.6043,28.6083,-80.6043
22.41,3055.72,3052.36,23.1991,23.107,0.00568161,28.6084,-80.6043,28.6083,-80.6043
22.42,3055.95,3052.59,23.1002,23.0089,0.00646035,28.6084,-80.6043,28.6083,-80.6043
22.43,3056.18,3052.82,23.0012,22.9111,0.00649615,28.6084,-80.6043,28.6083,-80.6043
22.44,3056.41,3053.05,22.9023,22.814,0.00598705,28.6084,-80.6043,28.6083,-80.6043
22.45,3056.63,3053.27,22.8034,22.716,0.00659502,28.6084,-80.6043,28.6083,-80.6043
22.46,3056.86,3053.5,22.7045,22.6183,0.00714576,28.6084,-80.6043,28.6083,-80.6043
22.47,3057.09,3053.72,22.6056,22.5186,0.00797144,28.6084,-80.6043,28.6083,-80.6043
22.48,3057.31,3053.95,22.5067,22.4178,0.00885206,28.6084,-80.6043,28.6083,-80.6043
22.49,3057.54,3054.17,22.4079,22.3174,0.00912877,28.6084,-80.6043,28.6083,-80.6043
22.5,3057.76,3054.93,22.309,22.217,0.00879737,28.6084,-80.6043,28.6083,-80.6043
22.51,3057.98,3055.15,22.2101,22.1188,0.00879733,28.6084,-80.6043,28.6083,-80.6043
22.52,3058.2,3055.37,22.1113,22.0182,0.00840267,28.6084,-80.6043,28.6083,-80.6043
22.53,3058.42,3055.59,22.0124,21.9189,0.00902811,28.6084,-80.6043,28.6083,-80.6043
22.54,3058.64,3055.81,21.9136,21.8183,0.00912457,28.6084,-80.6043,28.6083,-80.6043
22.55,3058.86,3056.02,21.8147,21.7196,0.00970526,28.6084,-80.6043,28.6083,-80.6043
22.56,3059.08,3056.24,21.7159,21.6206,0.00962214,28.6084,-80.6043,28.6083,-80.6043
22.57,3059.29,3056.46,21.6171,21.5217,0.00930215,28.6084,-80.6043,28.6083,-80.6043
22.58,3059.51,3056.67,21.5183,21.4219,0.00831091,28.6084,-80.6043,28.6083,-80.6043
22.59,3059.72,3056.88,21.4194,21.3222,0.00830506,28.6084,-80.6043,28.6083,-80.6043
22.6,3059.94,3057.31,21.3206,21.2243,0.00747032,28.6084,-80.6043,28.6083,-80.6043
22.61,3060.15,3057.52,21.2218,21.1247,0.00720791,28.6084,-80.6043,28.6083,-80.6043
22.62,3060.36,3057.73,21.123,21.0248,0.00730972,28.6084,-80.6043,28.6083,-80.6043
22.63,3060.57,3057.94,21.0243,20.9252,0.00694437,28.6084,-80.6043,28.6083,-80.6043
22.64,3060.78,3058.15,20.9255,20.8252,0.00683741,28.6084,-80.6043,28.6083,-80.6043
22.65,3060.99,3058.36,20.8267,20.727,0.00753179,28.6084,-80.6043,28.6083,-80.6043
22.66,3061.19,3058.56,20.7279,20.6266,0.006835,28.6084,-80.6043,28.6083,-80.6043
22.67,3061.4,3058.77,20.6292,20.5294,0.00658411,28.6084,-80.6043,28.6083,-80.6043
22.68,3061.61,3058.97,20.5304,20.4309,0.00701643,28.6084,-80.6043,28.6083,-80.6043
22.69,3061.81,3059.17,20.4317,20.3319,0.00621835,28.6084,-80.6043,28.6083,-80.6043
22.7,3062.01,3059.48,20.3329,20.2321,0.00568461,28.6084,-80.6043,28.6083,-80.6043
22.71,3062.22,3059.68,20.2342,20.1336,0.00612383,28.6084,-80.6043,28.6083,-80.6043
22.72,3062.42,3059.88,20.1355,20.0364,0.0070147,28.6084,-80.6043,28.6083,-80.6043
22.73,3062.62,3060.08,20.0367,19.9386,0.00635518,28.6084,-80.6043,28.6083,-80.6043
22.74,3062.82,3060.28,19.938,19.8396,0.00629693,28.6084,-80.6043,28.6083,-80.6043
22.75,3063.01,3060.47,19.8393,19.7399,0.00677582,28.6084,-80.6043,28.6083,-80.6043
22.76,3063.21,3060.67,19.7406,19.6432,0.00701916,28.6084,-80.6043,28.6083,-80.6043
22.77,3063.41,3060.87,19.6419,19.5463,0.00710723,28.6084,-80.6043,28.6083,-80.6043
22.78,3063.6,3061.06,19.5432,19.4493,0.00664032,28.6084,-80.6043,28.6083,-80.6043
22.79,3063.8,3061.25,19.4445,19.3516,0.00639491,28.6084,-80.6043,28.6083,-80.6043
22.8,3063.99,3061.72,19.3459,19.2546,0.00655587,28.6084,-80.6043,28.6083,-80.6043
22.81,3064.18,3061.91,19.2472,19.1557,0.00652371,28.6084,-80.6043,28.6083,-80.6043
22.82,3064.38,3062.1,19.1485,19.0583,0.00676872,28.6084,-80.6043,28.6083,-80.6043
22.83,3064.57,3062.29,19.0498,18.9584,0.00630176,28.6084,-80.6043,28.6083,-80.6043
22.84,3064.76,3062.48,18.9512,18.8607,0.00617267,28.6084,-80.6043,28.6083,-80.6043
22.85,3064.94,3062.66,18.8525,18.762,0.00572279,28.6084,-80.6043,28.6083,-80.6043
22.86,3065.13,3062.85,18.7539,18.6619,0.00516129,28.6084,-80.6043,28.6083,-80.6043
22.87,3065.32,3063.04,18.6552,18.5619,0.0043107,28.6084,-80.6043,28.6083,-80.6043
22.88,3065.5,3063.22,18.5566,18.4651,0.00398449,28.6084,-80.6043,28.6083,-80.6043
22.89,3065.69,3063.41,18.458,18.3665,0.00381273,28.6084,-80.6043,28.6083,-80.6043
22.9,3065.87,3063.22,18.3594,18.2682,0.00332604,28.6084,-80.6043,28.6083,-80.6043
22.91,3066.05,3063.4,18.2607,18.1692,0.00273779,28.6084,-80.6043,28.6083,-80.6043
22.92,3066.24,3063.58,18.1621,18.0724,0.00202222,28.6084,-80.6043,28.6083,-80.6043
22.93,3066.42,3063.76,18.0635,17.9737,0.00239137,28.6084,-80.6043,28.6083,-80.6043
22.94,3066.6,3063.94,17.9649,17.8752,0.00217254,28.6084,-80.6043,28.6083,-80.6043
22.95,3066.78,3064.12,17.8663,17.7757,0.00310994,28.6084,-80.6043,28.6083,-80.6043
22.96,3066.95,3064.29,17.7677,17.6769,0.00360788,28.6084,-80.6043,28.6083,-80.6043
22.97,3067.13,3064.47,17.6691,17.5795,0.00277363,28.6084,-80.6043,28.6083,-80.6043
22.98,3067.31,3064.64,17.5706,17.4827,0.00189152,28.6084,-80.6043,28.6083,-80.6043
22.99,3067.48,3064.82,17.472,17.3854,0.00166055,28.6084,-80.6043,28.6083,-80.6043
23,3067.65,3064.81,17.3734,17.287,0.000823343,28.6084,-80.6043,28.6084,-80.6043
23.01,3067.83,3064.98,17.2749,17.1885,0.000319439,28.6084,-80.6043,28.6084,-80.6043
23.02,3068,3065.15,17.1763,17.0884,-0.000410151,28.6084,-80.6043,28.6084,-80.6043
23.03,3068.17,3065.32,17.0777,16.9885,-0.000685437,28.6084,-80.6043,28.6084,-80.6043
23.04,3068.34,3065.49,16.9792,16.8902,-0.00091313,28.6084,-80.6043,28.6084,-80.6043
23.05,3068.51,3065.66,16.8807,16.7919,-0.000925655,28.6084,-80.6043,28.6084,-80.6043
23.06,3068.68,3065.82,16.7821,16.6935,-0.00184436,28.6084,-80.6043,28.6084,-80.6043
23.07,3068.84,3065.99,16.6836,16.5936,-0.00274859,28.6084,-80.6043,28.6084,-80.6043
23.08,3069.01,3066.16,16.5851,16.4948,-0.00286186,28.6084,-80.6043,28.6084,-80.6043
23.09,3069.17,3066.32,16.4865,16.3944,-0.00207866,28.6084,-80.6043,28.6084,-80.6043
23.1,3069.34,3066.89,16.388,16.2946,-0.00146063,28.6084,-80.6043,28.6084,-80.6043
23.11,3069.5,3067.06,16.2895,16.198,-0.000724707,28.6084,-80.6043,28.6084,-80.6043
23.12,3069.66,3067.22,16.191,16.1006,-0.000672893,28.6084,-80.6043,28.6084,-80.6043
23.13,3069.82,3067.38,16.0925,16.0018,5.15219e-05,28.6084,-80.6043,28.6084,-80.6043
23.14,3069.98,3067.54,15.994,15.9015,-0.000539689,28.6084,-80.6043,28.6084,-80.6043
23.15,3070.14,3067.69,15.8955,15.8014,-0.000283336,28.6084,-80.6043,28.6084,-80.6043
23.16,3070.3,3067.85,15.797,15.7047,0.000107059,28.6084,-80.6043,28.6084,-80.6043
23.17,3070.46,3068.01,15.6985,15.6071,-0.00077157,28.6084,-80.6043,28.6084,-80.6043
23.18,3070.61,3068.16,15.6001,15.5101,-0.0015791,28.6084,-80.6043,28.6084,-80.6043
23.19,3070.77,3068.32,15.5016,15.412,-0.00206698,28.6084,-80.6043,28.6084,-80.6043
23.2,3070.92,3068.21,15.4031,15.3142,-0.00287322,28.6084,-80.6043,28.6084,-80.6043
23.21,3071.07,3068.37,15.3046,15.2169,-0.00332285,28.6084,-80.6043,28.6084,-80.6043
23.22,3071.23,3068.52,15.2062,15.1198,-0.00405015,28.6084,-80.6043,28.6084,-80.6043
23.23,3071.38,3068.67,15.1077,15.0222,-0.00335234,28.6084,-80.6043,28.6084,-80.6043
23.24,3071.53,3068.82,15.0093,14.9219,-0.00253056,28.6084,-80.6043,28.6084,-80.6043
23.25,3071.68,3068.97,14.9108,14.824,-0.00352573,28.6084,-80.6043,28.6084,-80.6043
23.26,3071.83,3069.11,14.8124,14.7238,-0.00347396,28.6084,-80.6043,28.6084,-80.6043
23.27,3071.97,3069.26,14.714,14.6265,-0.00331759,28.6084,-80.6043,28.6084,-80.6043
23.28,3072.12,3069.4,14.6155,14.5299,-0.00302672,28.6084,-80.6043,28.6084,-80.6043
23.29,3072.26,3069.55,14.5171,14.4319,-0.00371306,28.6084,-80.6043,28.6084,-80.6043
23.3,3072.41,3070.04,14.4187,14.3345,-0.00422095,28.6084,-80.6043,28.6084,-80.6043
23.31,3072.55,3070.18,14.3202,14.2344,-0.00326109,28.6084,-80.6043,28.6084,-80.6043
23.32,3072.69,3070.32,14.2218,14.1346,-0.00361949,28.6084,-80.6043,28.6084,-80.6043
23.33,3072.83,3070.46,14.1234,14.0345,-0.00312722,28.6084,-80.6043,28.6084,-80.6043
23.34,3072.97,3070.6,14.025,13.9364,-0.00264596,28.6084,-80.6043,28.6084,-80.6043
23.35,3073.11,3070.74,13.9266,13.8394,-0.00292337,28.6084,-80.6043,28.6084,-80.6043
23.36,3073.25,3070.87,13.8282,13.7407,-0.00368697,28.6084,-80.6043,28.6084,-80.6043
23.37,3073.39,3071.01,13.7298,13.6411,-0.00352279,28.6084,-80.6043,28.6084,-80.6043
23.38,3073.53,3071.15,13.6314,13.5441,-0.00443774,28.6084,-80.6043,28.6084,-80.6043
23.39,3073.66,3071.28,13.533,13.4461,-0.00394246,28.6084,-80.6043,28.6084,-80.6043
23.4,3073.8,3071.48,13.4347,13.3486,-0.00371756,28.6084,-80.6043,28.6084,-80.6043
23.41,3073.93,3071.61,13.3363,13.2514,-0.0039262,28.6084,-80.6043,28.6084,-80.6043
23.42,3074.06,3071.74,13.2379,13.1525,-0.00456867,28.6084,-80.6043,28.6084,-80.6043
23.43,3074.19,3071.87,13.1395,13.0523,-0.0035767,28.6084,-80.6043,28.6084,-80.6043
23.44,3074.32,3072,13.0412,12.9533,-0.00298309,28.6084,-80.6043,28.6084,-80.6043
23.45,3074.45,3072.13,12.9428,12.8539,-0.00314727,28.6084,-80.6043,28.6084,-80.6043
23.46,3074.58,3072.26,12.8445,12.7545,-0.00370333,28.6084,-80.6043,28.6084,-80.6043
23.47,3074.71,3072.39,12.7461,12.6564,-0.00356636,28.6084,-80.6043,28.6084,-80.6043
23.48,3074.83,3072.51,12.6478,12.5573,-0.00395228,28.6084,-80.6043,28.6084,-80.6043
23.49,3074.96,3072.64,12.5494,12.4575,-0.00487474,28.6084,-80.6043,28.6084,-80.6043
23.5,3075.08,3072.6,12.4511,12.3578,-0.00486147,28.6084,-80.6043,28.6084,-80.6043
23.51,3075.21,3072.73,12.3527,12.2594,-0.00446097,28.6084,-80.6043,28.6084,-80.6043
23.52,3075.33,3072.85,12.2544,12.1593,-0.00525095,28.6084,-80.6043,28.6084,-80.6043
23.53,3075.45,3072.97,12.1561,12.0619,-0.00489767,28.6084,-80.6043,28.6084,-80.6043
23.54,3075.57,3073.09,12.0577,11.965,-0.00501124,28.6084,-80.6043,28.6084,-80.6043
23.55,3075.69,3073.21,11.9594,11.8658,-0.00470609,28.6084,-80.6043,28.6084,-80.6043
23.56,3075.81,3073.32,11.8611,11.7682,-0.00433655,28.6084,-80.6043,28.6084,-80.6043
23.57,3075.93,3073.44,11.7628,11.668,-0.00363992,28.6084,-80.6043,28.6084,-80.6043
23.58,3076.05,3073.56,11.6645,11.5706,-0.00458659,28.6084,-80.6043,28.6084,-80.6043
23.59,3076.16,3073.67,11.5662,11.471,-0.00454122,28.6084,-80.6043,28.6084,-80.6043
23.6,3076.28,3073.69,11.4679,11.3718,-0.00433758,28.6084,-80.6043,28.6084,-80.6043
23.61,3076.39,3073.81,11.3696,11.2746,-0.00501213,28.6084,-80.6043,28.6084,-80.6043
23.62,3076.5,3073.92,11.2713,11.1756,-0.0044345,28.6084,-80.6043,28.6084,-80.6043
23.63,3076.61,3074.03,11.173,11.0772,-0.0044661,28.6084,-80.6043,28.6084,-80.6043
23.64,3076.72,3074.14,11.0747,10.9802,-0.00422645,28.6084,-80.6043,28.6084,-80.6043
23.65,3076.83,3074.25,10.9764,10.8839,-0.00460225,28.6084,-80.6043,28.6084,-80.6043
23.66,3076.94,3074.36,10.8781,10.7872,-0.00422008,28.6084,-80.6043,28.6084,-80.6043
23.67,3077.05,3074.46,10.7798,10.6884,-0.00323389,28.6084,-80.6043,28.6084,-80.6043
23.68,3077.16,3074.57,10.6815,10.5899,-0.0041232,28.6084,-80.6043,28.6084,-80.6043
23.69,3077.26,3074.67,10.5833,10.493,-0.00336906,28.6084,-80.6043,28.6084,-80.6043
23.7,3077.37,3074.93,10.485,10.3941,-0.00337241,28.6084,-80.6043,28.6084,-80.6043
23.71,3077.47,3075.03,10.3867,10.296,-0.00331439,28.6084,-80.6043,28.6084,-80.6043
23.72,3077.58,3075.13,10.2885,10.1973,-0.00280422,28.6084,-80.6043,28.6084,-80.6043
23.73,3077.68,3075.24,10.1902,10.0993,-0.00264654,28.6084,-80.6043,28.6084,-80.6043
23.74,3077.78,3075.34,10.0919,10.0001,-0.00199778,28.6084,-80.6043,28.6084,-80.6043
23.75,3077.88,3075.43,9.99368,9.9006,-0.00290148,28.6084,-80.6043,28.6084,-80.6043
23.76,3077.98,3075.53,9.89542,9.8016,-0.00321473,28.6084,-80.6043,28.6084,-80.6043
23.77,3078.07,3075.63,9.79717,9.7029,-0.00400697,28.6084,-80.6043,28.6084,-80.6043
23.78,3078.17,3075.73,9.69893,9.60591,-0.00326455,28.6084,-80.6043,28.6084,-80.6043
23.79,3078.27,3075.82,9.60068,9.50939,-0.00339862,28.6084,-80.6043,28.6084,-80.6043
23.8,3078.36,3075.6,9.50244,9.4126,-0.00391149,28.6084,-80.6043,28.6084,-80.6043
23.81,3078.46,3075.69,9.4042,9.31364,-0.00366697,28.6084,-80.6043,28.6084,-80.6043
23.82,3078.55,3075.79,9.30597,9.21466,-0.002693,28.6084,-80.6043,28.6084,-80.6043
23.83,3078.64,3075.88,9.20773,9.11714,-0.00337319,28.6084,-80.6043,28.6084,-80.6043
23.84,3078.73,3075.97,9.1095,9.02037,-0.00432911,28.6084,-80.6043,28.6084,-80.6043
23.85,3078.82,3076.06,9.01128,8.92277,-0.00450777,28.6084,-80.6043,28.6084,-80.6043
23.86,3078.91,3076.14,8.91305,8.82275,-0.00513329,28.6084,-80.6043,28.6084,-80.6043
23.87,3079,3076.23,8.81483,8.72575,-0.00452063,28.6084,-80.6043,28.6084,-80.6043
23.88,3079.09,3076.32,8.71661,8.6285,-0.00475176,28.6084,-80.6043,28.6084,-80.6043
23.89,3079.17,3076.4,8.61839,8.52862,-0.00461716,28.6084,-80.6043,28.6084,-80.6043
23.9,3079.26,3076.74,8.52018,8.43067,-0.00535266,28.6084,-80.6043,28.6084,-80.6043
23.91,3079.34,3076.82,8.42197,8.33399,-0.00531415,28.6084,-80.6043,28.6084,-80.6043
23.92,3079.43,3076.9,8.32376,8.23772,-0.00487092,28.6084,-80.6043,28.6084,-80.6043
23.93,3079.51,3076.98,8.22555,8.13908,-0.00403552,28.6084,-80.6043,28.6084,-80.6043
23.94,3079.59,3077.07,8.12735,8.03949,-0.0045305,28.6084,-80.6043,28.6084,-80.6043
23.95,3079.67,3077.14,8.02915,7.93994,-0.00457923,28.6084,-80.6043,28.6084,-80.6043
23.96,3079.75,3077.22,7.93095,7.84296,-0.00401218,28.6084,-80.6043,28.6084,-80.6043
23.97,3079.83,3077.3,7.83275,7.74592,-0.00342693,28.6084,-80.6043,28.6084,-80.6043
23.98,3079.91,3077.38,7.73456,7.64757,-0.00252755,28.6084,-80.6043,28.6084,-80.6043
23.99,3079.98,3077.45,7.63637,7.55001,-0.00256121,28.6084,-80.6043,28.6084,-80.6043
24,3080.06,3078.12,7.53818,7.45225,-0.0034265,28.6084,-80.6043,28.6084,-80.6043
24.01,3080.13,3078.19,7.43999,7.3542,-0.00268059,28.6084,-80.6043,28.6084,-80.6043
24.02,3080.21,3078.26,7.3418,7.25572,-0.00346985,28.6084,-80.6043,28.6084,-80.6043
24.03,3080.28,3078.33,7.24362,7.15882,-0.00335566,28.6084,-80.6043,28.6084,-80.6043
24.04,3080.35,3078.41,7.14544,7.06259,-0.00289375,28.6084,-80.6043,28.6084,-80.6043
24.05,3080.42,3078.47,7.04726,6.96272,-0.00194582,28.6084,-80.6043,28.6084,-80.6043
24.06,3080.49,3078.54,6.94909,6.86435,-0.00201219,28.6084,-80.6043,28.6084,-80.6043
24.07,3080.56,3078.61,6.85091,6.76775,-0.00179788,28.6084,-80.6043,28.6084,-80.6043
24.08,3080.62,3078.68,6.75274,6.67045,-0.00269204,28.6084,-80.6043,28.6084,-80.6043
24.09,3080.69,3078.74,6.65457,6.57061,-0.0026421,28.6084,-80.6043,28.6084,-80.6043
24.1,3080.76,3079.24,6.5564,6.47379,-0.00189694,28.6084,-80.6043,28.6084,-80.6043
24.11,3080.82,3079.3,6.45824,6.3749,-0.00125239,28.6084,-80.6043,28.6084,-80.6043
24.12,3080.89,3079.36,6.36007,6.27863,-0.000690913,28.6084,-80.6043,28.6084,-80.6043
24.13,3080.95,3079.42,6.26191,6.18019,-0.00160765,28.6084,-80.6043,28.6084,-80.6043
24.14,3081.01,3079.48,6.16375,6.08129,-0.00215695,28.6084,-80.6043,28.6084,-80.6043
24.15,3081.07,3079.54,6.06559,5.98479,-0.00184517,28.6084,-80.6043,28.6084,-80.6043
24.16,3081.13,3079.6,5.96743,5.88769,-0.0025012,28.6084,-80.6043,28.6084,-80.6043
24.17,3081.19,3079.66,5.86928,5.78785,-0.00176363,28.6084,-80.6043,28.6084,-80.6043
24.18,3081.25,3079.72,5.77113,5.69168,-0.00148796,28.6084,-80.6043,28.6084,-80.6043
24.19,3081.3,3079.77,5.67298,5.59495,-0.00103711,28.6084,-80.6043,28.6084,-80.6043
24.2,3081.36,3079.73,5.57483,5.49766,-0.000376161,28.6084,-80.6043,28.6084,-80.6043
24.21,3081.41,3079.78,5.47668,5.39823,6.81113e-05,28.6084,-80.6043,28.6084,-80.6043
24.22,3081.47,3079.83,5.37853,5.30122,0.000868768,28.6084,-80.6043,28.6084,-80.6043
24.23,3081.52,3079.89,5.28039,5.20418,0.00160466,28.6084,-80.6043,28.6084,-80.6043
24.24,3081.57,3079.94,5.18225,5.10573,0.00182766,28.6084,-80.6043,28.6084,-80.6043
24.25,3081.62,3079.99,5.0841,5.00856,0.00231343,28.6084,-80.6043,28.6084,-80.6043
24.26,3081.67,3080.04,4.98596,4.91205,0.00243905,28.6084,-80.6043,28.6084,-80.6043
24.27,3081.72,3080.08,4.88783,4.81478,0.00281865,28.6084,-80.6043,28.6084,-80.6043
24.28,3081.77,3080.13,4.78969,4.71862,0.00333624,28.6084,-80.6043,28.6084,-80.6043
24.29,3081.82,3080.18,4.69155,4.6185,0.00277294,28.6084,-80.6043,28.6084,-80.6043
24.3,3081.86,3080.02,4.59342,4.52106,0.00309463,28.6084,-80.6043,28.6084,-80.6043
24.31,3081.91,3080.07,4.49529,4.42486,0.00357779,28.6084,-80.6043,28.6084,-80.6043
24.32,3081.95,3080.11,4.39716,4.32813,0.00425747,28.6084,-80.6043,28.6084,-80.6043
24.33,3081.99,3080.15,4.29903,4.22952,0.00467161,28.6084,-80.6043,28.6084,-80.6043
24.34,3082.04,3080.19,4.2009,4.13165,0.0038588,28.6084,-80.6043,28.6084,-80.6043
24.35,3082.08,3080.23,4.10277,4.03367,0.00434532,28.6084,-80.6043,28.6084,-80.6043
24.36,3082.12,3080.27,4.00465,3.93464,0.00386468,28.6084,-80.6043,28.6084,-80.6043
24.37,3082.16,3080.31,3.90652,3.83663,0.00321454,28.6084,-80.6043,28.6084,-80.6043
24.38,3082.19,3080.35,3.8084,3.73665,0.00300726,28.6084,-80.6043,28.6084,-80.6043
24.39,3082.23,3080.39,3.71028,3.63893,0.00329972,28.6084,-80.6043,28.6084,-80.6043
24.4,3082.27,3080.91,3.61216,3.53935,0.00298594,28.6084,-80.6043,28.6084,-80.6043
24.41,3082.3,3080.95,3.51404,3.44146,0.0021065,28.6084,-80.6043,28.6084,-80.6043
24.42,3082.34,3080.98,3.41592,3.34232,0.00249189,28.6084,-80.6043,28.6084,-80.6043
24.43,3082.37,3081.02,3.3178,3.24548,0.00199199,28.6084,-80.6043,28.6084,-80.6043
24.44,3082.4,3081.05,3.21968,3.149,0.00197691,28.6084,-80.6043,28.6084,-80.6043
24.45,3082.43,3081.08,3.12157,3.05253,0.00276255,28.6084,-80.6043,28.6084,-80.6043
24.46,3082.46,3081.11,3.02345,2.95377,0.0030675,28.6084,-80.6043,28.6084,-80.6043
24.47,3082.49,3081.14,2.92534,2.85663,0.00242283,28.6084,-80.6043,28.6084,-80.6043
24.48,3082.52,3081.16,2.82722,2.75664,0.00232371,28.6084,-80.6043,28.6084,-80.6043
24.49,3082.55,3081.19,2.72911,2.6595,0.00157468,28.6084,-80.6043,28.6084,-80.6043
24.5,3082.57,3081.52,2.631,2.56334,0.00154705,28.6084,-80.6043,28.6084,-80.6043
24.51,3082.6,3081.55,2.53289,2.46483,0.000576248,28.6084,-80.6043,28.6084,-80.6043
24.52,3082.62,3081.57,2.43478,2.36702,0.000141048,28.6084,-80.6043,28.6084,-80.6043
24.53,3082.65,3081.59,2.33667,2.26855,-0.000508475,28.6084,-80.6043,28.6084,-80.6043
24.54,3082.67,3081.62,2.23856,2.17216,-0.000412774,28.6084,-80.6043,28.6084,-80.6043
24.55,3082.69,3081.64,2.14045,2.07413,-0.000444923,28.6084,-80.6043,28.6084,-80.6043
24.56,3082.71,3081.66,2.04235,1.97501,-0.000287665,28.6084,-80.6043,28.6084,-80.6043
24.57,3082.73,3081.68,1.94424,1.87782,0.000592828,28.6084,-80.6043,28.6084,-80.6043
24.58,3082.75,3081.69,1.84614,1.7793,0.00155097,28.6084,-80.6043,28.6084,-80.6043
24.59,3082.77,3081.71,1.74803,1.6826,0.0023313,28.6084,-80.6043,28.6084,-80.6043
24.6,3082.78,3081.56,1.64993,1.58606,0.00281952,28.6084,-80.6043,28.6084,-80.6043
24.61,3082.8,3081.58,1.55182,1.48687,0.00279448,28.6084,-80.6043,28.6084,-80.6043
24.62,3082.81,3081.59,1.45372,1.38839,0.00294314,28.6084,-80.6043,28.6084,-80.6043
24.63,3082.83,3081.6,1.35561,1.29203,0.00224031,28.6084,-80.6043,28.6084,-80.6043
24.64,3082.84,3081.61,1.25751,1.19473,0.00309212,28.6084,-80.6043,28.6084,-80.6043
24.65,3082.85,3081.63,1.15941,1.09717,0.00229193,28.6084,-80.6043,28.6084,-80.6043
24.66,3082.86,3081.64,1.06131,0.99776,0.00259067,28.6084,-80.6043,28.6084,-80.6043
24.67,3082.87,3081.64,0.963205,0.900358,0.00250261,28.6084,-80.6043,28.6084,-80.6043
24.68,3082.88,3081.65,0.865104,0.800498,0.00320293,28.6084,-80.6043,28.6084,-80.6043
24.69,3082.89,3081.66,0.767002,0.701935,0.00341928,28.6084,-80.6043,28.6084,-80.6043
24.7,3082.9,3081.82,0.668902,0.603308,0.00415633,28.6084,-80.6043,28.6084,-80.6043
24.71,3082.9,3081.83,0.570801,0.506631,0.00435143,28.6084,-80.6043,28.6084,-80.6043
24.72,3082.91,3081.83,0.4727,0.409714,0.00404111,28.6084,-80.6043,28.6084,-80.6043
24.73,3082.91,3081.83,0.3746,0.31192,0.00433565,28.6084,-80.6043,28.6084,-80.6043
24.74,3082.91,3081.84,0.2765,0.21276,0.00426882,28.6084,-80.6043,28.6084,-80.6043
24.75,3082.91,3081.84,0.1784,0.114225,0.00419482,28.6084,-80.6043,28.6084,-80.6043
24.76,3082.91,3081.84,0.0802996,0.0141615,0.00495254,28.6084,-80.6043,28.6084,-80.6043
24.77,3082.91,3081.84,-0.0178004,-0.0824639,0.00511925,28.6084,-80.6043,28.6084,-80.6043
24.78,3082.91,3081.83,-0.1159,-0.179297,0.00415374,28.6084,-80.6043,28.6084,-80.6043
24.79,3082.91,3081.83,-0.214,-0.278264,0.0046391,28.6084,-80.6043,28.6084,-80.6043
24.8,3082.91,3082.38,-0.312099,-0.375755,0.00440526,28.6084,-80.6043,28.6084,-80.6043
24.81,3082.9,3082.38,-0.410197,-0.472188,0.00352126,28.6084,-80.6043,28.6084,-80.6043
24.82,3082.9,3082.37,-0.508294,-0.570796,0.00324468,28.6084,-80.6043,28.6084,-80.6043
24.83,3082.89,3082.37,-0.606389,-0.667258,0.00375833,28.6084,-80.6043,28.6084,-80.6043
24.84,3082.89,3082.36,-0.704482,-0.763472,0.00331166,28.6084,-80.6043,28.6084,-80.6043
24.85,3082.88,3082.35,-0.802573,-0.861061,0.00396289,28.6084,-80.6043,28.6084,-80.6043
24.86,3082.87,3082.34,-0.90066,-0.960253,0.00340869,28.6084,-80.6043,28.6084,-80.6043
24.87,3082.86,3082.33,-0.998745,-1.05785,0.00354598,28.6084,-80.6043,28.6084,-80.6043
24.88,3082.85,3082.32,-1.09683,-1.15473,0.00308369,28.6084,-80.6043,28.6084,-80.6043
24.89,3082.84,3082.3,-1.1949,-1.2516,0.0026159,28.6084,-80.6043,28.6084,-80.6043
24.9,3082.82,3082.15,-1.29298,-1.34903,0.0021492,28.6084,-80.6043,28.6084,-80.6043
24.91,3082.81,3082.14,-1.39104,-1.448,0.00141983,28.6084,-80.6043,28.6084,-80.6043
24.92,3082.79,3082.12,-1.48911,-1.54462,0.00113156,28.6084,-80.6043,28.6084,-80.6043
24.93,3082.78,3082.11,-1.58716,-1.64407,0.000414883,28.6084,-80.6043,28.6084,-80.6043
24.94,3082.76,3082.09,-1.68522,-1.74373,0.00102403,28.6084,-80.6043,28.6084,-80.6043
24.95,3082.74,3082.07,-1.78326,-1.84168,5.36319e-05,28.6084,-80.6043,28.6084,-80.6043
24.96,3082.72,3082.05,-1.8813,-1.94129,0.000219112,28.6084,-80.6043,28.6084,-80.6043
24.97,3082.7,3082.03,-1.97933,-2.03978,0.000154454,28.6084,-80.6043,28.6084,-80.6043
24.98,3082.68,3082.01,-2.07736,-2.13784,-0.000557855,28.6084,-80.6043,28.6084,-80.6043
24.99,3082.66,3081.99,-2.17537,-2.2361,-2.27312e-05,28.6084,-80.6043,28.6084,-80.6043
25,3082.64,3082.09,-2.27338,-2.33304,-0.000496378,28.6084,-80.6043,28.6084,-80.6044
25.01,3082.62,3082.06,-2.37138,-2.42907,0.000273152,28.6084,-80.6043,28.6084,-80.6044
25.02,3082.59,3082.04,-2.46938,-2.52761,-0.00061142,28.6084,-80.6043,28.6084,-80.6044
25.03,3082.57,3082.01,-2.56736,-2.62434,-0.000350786,28.6084,-80.6043,28.6084,-80.6044
25.04,3082.54,3081.99,-2.66533,-2.72298,-0.00064491,28.6084,-80.6043,28.6084,-80.6044
25.05,3082.51,3081.96,-2.7633,-2.81988,-0.00126224,28.6084,-80.6043,28.6084,-80.6044
25.06,3082.48,3081.93,-2.86125,-2.917,-0.000425866,28.6084,-80.6043,28.6084,-80.6044
25.07,3082.45,3081.9,-2.95919,-3.01561,0.000188834,28.6084,-80.6043,28.6084,-80.6044
25.08,3082.42,3081.87,-3.05713,-3.11265,0.000904308,28.6084,-80.6043,28.6084,-80.6044
25.09,3082.39,3081.83,-3.15505,-3.20928,0.00156175,28.6084,-80.6043,28.6084,-80.6044
25.1,3082.36,3082.38,-3.25295,-3.30743,0.000980098,28.6084,-80.6043,28.6084,-80.6044
25.11,3082.32,3082.34,-3.35085,-3.40614,0.000686133,28.6084,-80.6043,28.6084,-80.6044
25.12,3082.29,3082.31,-3.44874,-3.50309,0.001084,28.6084,-80.6043,28.6084,-80.6044
25.13,3082.25,3082.27,-3.54661,-3.60247,0.00207827,28.6084,-80.6043,28.6084,-80.6044
25.14,3082.22,3082.23,-3.64447,-3.69957,0.00130687,28.6084,-80.6043,28.6084,-80.6044
25.15,3082.18,3082.19,-3.74231,-3.79589,0.000807495,28.6084,-80.6043,28.6084,-80.6044
25.16,3082.14,3082.16,-3.84014,-3.8921,-0.000121473,28.6084,-80.6043,28.6084,-80.6044
25.17,3082.1,3082.12,-3.93796,-3.98946,0.000805777,28.6084,-80.6043,28.6084,-80.6044
25.18,3082.06,3082.08,-4.03576,-4.08586,0.000294363,28.6084,-80.6043,28.6084,-80.6044
25.19,3082.02,3082.03,-4.13355,-4.18446,-0.000301027,28.6084,-80.6043,28.6084,-80.6044
25.2,3081.98,3082.46,-4.23132,-4.2842,-0.00032542,28.6084,-80.6043,28.6084,-80.6044
25.21,3081.94,3082.41,-4.32908,-4.38031,0.000316178,28.6084,-80.6043,28.6084,-80.6044
25.22,3081.89,3082.37,-4.42682,-4.47718,0.000617928,28.6084,-80.6043,28.6084,-80.6044
25.23,3081.85,3082.32,-4.52454,-4.57419,0.000699144,28.6084,-80.6043,28.6084,-80.6044
25.24,3081.8,3082.27,-4.62225,-4.67197,-6.2831e-05,28.6084,-80.6043,28.6084,-80.6044
25.25,3081.75,3082.23,-4.71994,-4.76867,0.000489152,28.6084,-80.6043,28.6084,-80.6044
25.26,3081.7,3082.18,-4.81762,-4.86814,-0.000305252,28.6084,-80.6043,28.6084,-80.6044
25.27,3081.66,3082.13,-4.91527,-4.96575,0.00019339,28.6084,-80.6043,28.6084,-80.6044
25.28,3081.61,3082.08,-5.01291,-5.06449,0.000207545,28.6084,-80.6043,28.6084,-80.6044
25.29,3081.55,3082.03,-5.11052,-5.16235,-0.000113833,28.6084,-80.6043,28.6084,-80.6044
25.3,3081.5,3082.4,-5.20812,-5.26039,0.000266036,28.6084,-80.6043,28.6084,-80.6044
25.31,3081.45,3082.34,-5.3057,-5.35899,-0.000126143,28.6084,-80.6043,28.6084,-80.6044
25.32,3081.4,3082.29,-5.40326,-5.45771,-0.000578429,28.6084,-80.6043,28.6084,-80.6044
25.33,3081.34,3082.23,-5.5008,-5.55506,-0.000567795,28.6084,-80.6043,28.6084,-80.6044
25.34,3081.28,3082.18,-5.59832,-5.65268,-0.00045154,28.6084,-80.6043,28.6084,-80.6044
25.35,3081.23,3082.12,-5.69582,-5.7482,-0.000677003,28.6084,-80.6043,28.6084,-80.6044
25.36,3081.17,3082.06,-5.7933,-5.84574,-4.91633e-05,28.6084,-80.6043,28.6084,-80.6044
25.37,3081.11,3082,-5.89076,-5.94477,-0.000774933,28.6084,-80.6043,28.6084,-80.6044
25.38,3081.05,3081.94,-5.98819,-6.04223,-0.000482266,28.6084,-80.6043,28.6084,-80.6044
25.39,3080.99,3081.88,-6.0856,-6.13918,-0.000259329,28.6084,-80.6043,28.6084,-80.6044
25.4,3080.93,3081.71,-6.18299,-6.23698,-0.000473921,28.6084,-80.6043,28.6084,-80.6044
25.41,3080.87,3081.64,-6.28036,-6.3337,0.000331379,28.6084,-80.6043,28.6084,-80.6044
25.42,3080.8,3081.58,-6.3777,-6.4314,0.000779221,28.6084,-80.6043,28.6084,-80.6044
25.43,3080.74,3081.51,-6.47502,-6.52908,0.00148082,28.6084,-80.6043,28.6084,-80.6044
25.44,3080.67,3081.45,-6.57232,-6.62813,0.00207822,28.6084,-80.6043,28.6084,-80.6044
25.45,3080.6,3081.38,-6.66959,-6.72523,0.00169513,28.6084,-80.6043,28.6084,-80.6044
25.46,3080.54,3081.31,-6.76684,-6.82359,0.00238441,28.6084,-80.6043,28.6084,-80.6044
25.47,3080.47,3081.24,-6.86406,-6.92074,0.00237851,28.6084,-80.6043,28.6084,-80.6044
25.48,3080.4,3081.17,-6.96125,-7.01836,0.00142374,28.6084,-80.6043,28.6084,-80.6044
25.49,3080.33,3081.1,-7.05842,-7.11364,0.00232569,28.6084,-80.6043,28.6084,-80.6044
25.5,3080.26,3081.01,-7.15557,-7.21272,0.00204665,28.6084,-80.6043,28.6084,-80.6044
25.51,3080.18,3080.94,-7.25269,-7.31009,0.00197906,28.6084,-80.6043,28.6084,-80.6044
25.52,3080.11,3080.86,-7.34978,-7.40689,0.00162328,28.6084,-80.6043,28.6084,-80.6044
25.53,3080.04,3080.79,-7.44684,-7.5055,0.00100537,28.6084,-80.6043,28.6084,-80.6044
25.54,3079.96,3080.71,-7.54388,-7.6008,0.00102267,28.6084,-80.6043,28.6084,-80.6044
25.55,3079.88,3080.64,-7.64088,-7.69747,0.00121354,28.6084,-80.6043,28.6084,-80.6044
25.56,3079.81,3080.56,-7.73786,-7.79642,0.00118634,28.6084,-80.6043,28.6084,-80.6044
25.57,3079.73,3080.48,-7.83482,-7.89535,0.00164931,28.6084,-80.6043,28.6084,-80.6044
25.58,3079.65,3080.4,-7.93174,-7.99069,0.00236412,28.6084,-80.6043,28.6084,-80.6044
25.59,3079.57,3080.32,-8.02863,-8.0864,0.00275377,28.6084,-80.6043,28.6084,-80.6044
25.6,3079.49,3080.56,-8.12549,-8.18367,0.00196012,28.6084,-80.6043,28.6084,-80.6044
25.61,3079.4,3080.48,-8.22233,-8.27883,0.00220106,28.6084,-80.6043,28.6084,-80.6044
25.62,3079.32,3080.39,-8.31913,-8.37598,0.00247232,28.6084,-80.6043,28.6084,-80.6044
25.63,3079.24,3080.31,-8.4159,-8.47218,0.00224887,28.6084,-80.6043,28.6084,-80.6044
25.64,3079.15,3080.22,-8.51264,-8.56857,0.00256653,28.6084,-80.6043,28.6084,-80.6044
25.65,3079.07,3080.14,-8.60935,-8.66428,0.00161417,28.6084,-80.6043,28.6084,-80.6044
25.66,3078.98,3080.05,-8.70603,-8.76101,0.00104407,28.6084,-80.6043,28.6084,-80.6044
25.67,3078.89,3079.96,-8.80268,-8.85726,0.00166528,28.6084,-80.6043,28.6084,-80.6044
25.68,3078.8,3079.87,-8.89929,-8.95457,0.00224366,28.6084,-80.6043,28.6084,-80.6044
25.69,3078.71,3079.78,-8.99587,-9.05017,0.00291594,28.6084,-80.6043,28.6084,-80.6044
25.7,3078.62,3079.4,-9.09242,-9.14722,0.00259519,28.6084,-80.6043,28.6084,-80.6044
25.71,3078.53,3079.31,-9.18893,-9.24236,0.00228765,28.6084,-80.6043,28.6084,-80.6044
25.72,3078.44,3079.22,-9.28541,-9.33854,0.00279857,28.6084,-80.6043,28.6084,-80.6044
25.73,3078.34,3079.12,-9.38186,-9.43617,0.00253838,28.6084,-80.6043,28.6084,-80.6044
25.74,3078.25,3079.03,-9.47827,-9.53278,0.00274195,28.6084,-80.6043,28.6084,-80.6044
25.75,3078.15,3078.93,-9.57464,-9.62927,0.00247855,28.6084,-80.6043,28.6084,-80.6044
25.76,3078.06,3078.83,-9.67099,-9.72423,0.00166564,28.6084,-80.6043,28.6084,-80.6044
25.77,3077.96,3078.74,-9.76729,-9.8194,0.00162605,28.6084,-80.6043,28.6084,-80.6044
25.78,3077.86,3078.64,-9.86356,-9.91472,0.000969316,28.6084,-80.6043,28.6084,-80.6044
25.79,3077.76,3078.54,-9.95979,-10.0127,0.000760249,28.6084,-80.6043,28.6084,-80.6044
25.8,3077.66,3078.8,-10.056,-10.1072,-5.84898e-05,28.6084,-80.6043,28.6084,-80.6044
25.81,3077.56,3078.7,-10.1521,-10.2018,0.000319073,28.6084,-80.6043,28.6084,-80.6044
25.82,3077.46,3078.6,-10.2483,-10.2972,0.000244724,28.6084,-80.6043,28.6084,-80.6044
25.83,3077.35,3078.5,-10.3444,-10.3933,0.000122203,28.6084,-80.6043,28.6084,-80.6044
25.84,3077.25,3078.39,-10.4404,-10.4902,0.00082403,28.6084,-80.6043,28.6084,-80.6044
25.85,3077.14,3078.29,-10.5364,-10.5851,0.000109372,28.6084,-80.6043,28.6084,-80.6044
25.86,3077.04,3078.18,-10.6324,-10.6802,-0.000641442,28.6084,-80.6043,28.6084,-80.6044
25.87,3076.93,3078.07,-10.7283,-10.7753,-0.000710026,28.6084,-80.6043,28.6084,-80.6044
25.88,3076.82,3077.96,-10.8242,-10.8719,-0.0015345,28.6084,-80.6043,28.6084,-80.6044
25.89,3076.71,3077.85,-10.9201,-10.966,-0.000674456,28.6084,-80.6043,28.6084,-80.6044
25.9,3076.6,3077.36,-11.0159,-11.0616,-0.00110587,28.6084,-80.6043,28.6084,-80.6044
25.91,3076.49,3077.25,-11.1116,-11.1563,-0.00197057,28.6084,-80.6043,28.6084,-80.6044
25.92,3076.38,3077.13,-11.2074,-11.253,-0.00218852,28.6084,-80.6043,28.6084,-80.6044
25.93,3076.26,3077.02,-11.3031,-11.3497,-0.00254531,28.6084,-80.6043,28.6084,-80.6044
25.94,3076.15,3076.91,-11.3987,-11.4442,-0.00322597,28.6084,-80.6043,28.6084,-80.6044
25.95,3076.04,3076.79,-11.4943,-11.5402,-0.00288508,28.6084,-80.6043,28.6084,-80.6044
25.96,3075.92,3076.67,-11.5899,-11.6366,-0.00368305,28.6084,-80.6043,28.6084,-80.6044
25.97,3075.8,3076.56,-11.6854,-11.7326,-0.00316738,28.6084,-80.6043,28.6084,-80.6044
25.98,3075.69,3076.44,-11.7809,-11.8278,-0.0025599,28.6084,-80.6043,28.6084,-80.6044
25.99,3075.57,3076.32,-11.8763,-11.925,-0.0027001,28.6084,-80.6043,28.6084,-80.6044
26,3075.45,3076.38,-11.9717,-12.0201,-0.00330116,28.6084,-80.6043,28.6084,-80.6044
26.01,3075.33,3076.26,-12.0671,-12.1169,-0.0024665,28.6084,-80.6043,28.6084,-80.6044
26.02,3075.2,3076.14,-12.1624,-12.2121,-0.0015366,28.6084,-80.6043,28.6084,-80.6044
26.03,3075.08,3076.02,-12.2576,-12.3071,-0.000924315,28.6084,-80.6043,28.6084,-80.6044
26.04,3074.96,3075.89,-12.3528,-12.4013,-0.00148368,28.6084,-80.6043,28.6084,-80.6044
26.05,3074.83,3075.77,-12.448,-12.495,-0.000495007,28.6084,-80.6043,28.6084,-80.6044
26.06,3074.71,3075.64,-12.5431,-12.5897,-0.00126884,28.6084,-80.6043,28.6084,-80.6044
26.07,3074.58,3075.51,-12.6382,-12.6855,-0.00147317,28.6084,-80.6043,28.6084,-80.6044
26.08,3074.45,3075.39,-12.7332,-12.7814,-0.00101682,28.6084,-80.6043,28.6084,-80.6044
26.09,3074.33,3075.26,-12.8282,-12.8782,-0.000881298,28.6084,-80.6043,28.6084,-80.6044
26.1,3074.2,3075.35,-12.9232,-12.9718,-0.00101474,28.6084,-80.6043,28.6084,-80.6044
26.11,3074.07,3075.22,-13.0181,-13.0674,-0.0015407,28.6084,-80.6043,28.6084,-80.6044
26.12,3073.94,3075.09,-13.1129,-13.1627,-0.000864541,28.6084,-80.6043,28.6084,-80.6044
26.13,3073.8,3074.96,-13.2077,-13.2562,-0.000700812,28.6084,-80.6043,28.6084,-80.6044
26.14,3073.67,3074.83,-13.3025,-13.3491,-0.000649187,28.6084,-80.6043,28.6084,-80.6044
26.15,3073.54,3074.69,-13.3972,-13.4438,-0.000481005,28.6084,-80.6043,28.6084,-80.6044
26.16,3073.4,3074.56,-13.4918,-13.5382,-0.000472432,28.6084,-80.6043,28.6084,-80.6044
26.17,3073.27,3074.42,-13.5864,-13.6344,-0.000421049,28.6084,-80.6043,28.6084,-80.6044
26.18,3073.13,3074.28,-13.681,-13.7306,0.000403122,28.6084,-80.6043,28.6084,-80.6044
26.19,3072.99,3074.14,-13.7755,-13.8261,-1.57998e-05,28.6084,-80.6043,28.6084,-80.6044
26.2,3072.85,3073.92,-13.8699,-13.9194,-0.000496667,28.6084,-80.6043,28.6084,-80.6044
26.21,3072.71,3073.78,-13.9643,-14.0122,-0.000345659,28.6084,-80.6043,28.6084,-80.6044
26.22,3072.57,3073.64,-14.0587,-14.1073,-0.00100221,28.6084,-80.6043,28.6084,-80.6044
26.23,3072.43,3073.5,-14.153,-14.2024,-0.00126621,28.6084,-80.6043,28.6084,-80.6044
26.24,3072.29,3073.35,-14.2473,-14.2957,-0.00200049,28.6084,-80.6043,28.6084,-80.6044
26.25,3072.14,3073.21,-14.3415,-14.3887,-0.00287033,28.6084,-80.6043,28.6084,-80.6044
26.26,3072,3073.07,-14.4356,-14.4827,-0.00379373,28.6084,-80.6043,28.6084,-80.6044
26.27,3071.86,3072.92,-14.5297,-14.577,-0.0040355,28.6084,-80.6043,28.6084,-80.6044
26.28,3071.71,3072.77,-14.6238,-14.6696,-0.00497681,28.6084,-80.6043,28.6084,-80.6044
26.29,3071.56,3072.62,-14.7178,-14.7642,-0.00521035,28.6084,-80.6043,28.6084,-80.6044
26.3,3071.41,3072.9,-14.8117,-14.858,-0.00432748,28.6084,-80.6043,28.6084,-80.6044
26.31,3071.26,3072.75,-14.9056,-14.9501,-0.00523272,28.6084,-80.6043,28.6084,-80.6044
26.32,3071.11,3072.6,-14.9994,-15.0441,-0.00602663,28.6084,-80.6043,28.6084,-80.6044
26.33,3070.96,3072.45,-15.0932,-15.136,-0.00555685,28.6084,-80.6043,28.6084,-80.6044
26.34,3070.81,3072.3,-15.1869,-15.2302,-0.00506615,28.6084,-80.6043,28.6084,-80.6044
26.35,3070.66,3072.14,-15.2806,-15.3219,-0.00547522,28.6084,-80.6043,28.6084,-80.6044
26.36,3070.51,3071.99,-15.3742,-15.4149,-0.00533529,28.6084,-80.6043,28.6084,-80.6044
26.37,3070.35,3071.83,-15.4678,-15.5081,-0.00470321,28.6084,-80.6043,28.6084,-80.6044
26.38,3070.2,3071.68,-15.5613,-15.6001,-0.00377685,28.6084,-80.6043,28.6084,-80.6044
26.39,3070.04,3071.52,-15.6547,-15.6933,-0.00476385,28.6084,-80.6043,28.6084,-80.6044
26.4,3069.88,3070.89,-15.7481,-15.7857,-0.00452263,28.6084,-80.6043,28.6084,-80.6044
26.41,3069.72,3070.73,-15.8414,-15.8788,-0.00538645,28.6084,-80.6043,28.6084,-80.6044
26.42,3069.56,3070.57,-15.9347,-15.9704,-0.0050661,28.6084,-80.6043,28.6084,-80.6044
26.43,3069.4,3070.41,-16.028,-16.0652,-0.0054981,28.6084,-80.6043,28.6084,-80.6044
26.44,3069.24,3070.24,-16.1211,-16.1602,-0.00524616,28.6084,-80.6043,28.6084,-80.6044
26.45,3069.08,3070.08,-16.2142,-16.2544,-0.00427141,28.6084,-80.6043,28.6084,-80.6044
26.46,3068.92,3069.92,-16.3073,-16.3468,-0.00472578,28.6084,-80.6043,28.6084,-80.6044
26.47,3068.75,3069.75,-16.4003,-16.44,-0.00420211,28.6084,-80.6043,28.6084,-80.6044
26.48,3068.59,3069.59,-16.4932,-16.534,-0.00481824,28.6084,-80.6043,28.6084,-80.6044
26.49,3068.42,3069.42,-16.5861,-16.6282,-0.00386299,28.6084,-80.6043,28.6084,-80.6044
26.5,3068.25,3069.6,-16.6789,-16.7223,-0.00396122,28.6084,-80.6043,28.6084,-80.6044
26.51,3068.09,3069.44,-16.7716,-16.8146,-0.00486907,28.6084,-80.6043,28.6084,-80.6044
26.52,3067.92,3069.27,-16.8643,-16.9075,-0.00460908,28.6084,-80.6043,28.6084,-80.6044
26.53,3067.75,3069.1,-16.957,-17.0021,-0.00362207,28.6084,-80.6043,28.6084,-80.6044
26.54,3067.58,3068.93,-17.0496,-17.0942,-0.00307464,28.6084,-80.6043,28.6084,-80.6044
26.55,3067.41,3068.75,-17.1421,-17.1862,-0.00370657,28.6084,-80.6043,28.6084,-80.6044
26.56,3067.23,3068.58,-17.2345,-17.2784,-0.00334216,28.6084,-80.6043,28.6084,-80.6044
26.57,3067.06,3068.41,-17.3269,-17.3723,-0.00386886,28.6084,-80.6043,28.6084,-80.6044
26.58,3066.89,3068.23,-17.4192,-17.4635,-0.00407949,28.6084,-80.6043,28.6084,-80.6044
26.59,3066.71,3068.06,-17.5115,-17.5567,-0.00426829,28.6084,-80.6043,28.6084,-80.6044
26.6,3066.54,3068.16,-17.6037,-17.6484,-0.00473341,28.6084,-80.6043,28.6084,-80.6044
26.61,3066.36,3067.98,-17.6959,-17.7423,-0.00428446,28.6084,-80.6043,28.6084,-80.6044
26.62,3066.18,3067.8,-17.788,-17.8331,-0.00503404,28.6084,-80.6043,28.6084,-80.6044
26.63,3066,3067.62,-17.88,-17.9234,-0.00407074,28.6084,-80.6043,28.6084,-80.6044
26.64,3065.82,3067.44,-17.9719,-18.017,-0.00486513,28.6084,-80.6043,28.6084,-80.6044
26.65,3065.64,3067.26,-18.0638,-18.1091,-0.00441558,28.6084,-80.6043,28.6084,-80.6044
26.66,3065.46,3067.08,-18.1557,-18.1995,-0.00445836,28.6084,-80.6043,28.6084,-80.6044
26.67,3065.28,3066.9,-18.2474,-18.2926,-0.00448003,28.6084,-80.6043,28.6084,-80.6044
26.68,3065.09,3066.71,-18.3391,-18.3844,-0.00516752,28.6084,-80.6043,28.6084,-80.6044
26.69,3064.91,3066.53,-18.4308,-18.4775,-0.00564435,28.6084,-80.6043,28.6084,-80.6044
26.7,3064.73,3066.74,-18.5223,-18.568,-0.00602496,28.6084,-80.6043,28.6084,-80.6044
26.71,3064.54,3066.55,-18.6138,-18.6582,-0.0061842,28.6084,-80.6043,28.6084,-80.6044
26.72,3064.35,3066.36,-18.7053,-18.7513,-0.0067198,28.6084,-80.6043,28.6084,-80.6044
26.73,3064.16,3066.18,-18.7966,-18.8414,-0.00701025,28.6084,-80.6043,28.6084,-80.6044
26.74,3063.98,3065.99,-18.888,-18.9322,-0.00713988,28.6084,-80.6043,28.6084,-80.6044
26.75,3063.79,3065.8,-18.9792,-19.0229,-0.00673548,28.6084,-80.6043,28.6084,-80.6044
26.76,3063.59,3065.6,-19.0704,-19.1148,-0.00704212,28.6084,-80.6043,28.6084,-80.6044
26.77,3063.4,3065.41,-19.1615,-19.2058,-0.00713546,28.6084,-80.6043,28.6084,-80.6044
26.78,3063.21,3065.22,-19.2525,-19.2978,-0.00711529,28.6084,-80.6043,28.6084,-80.6044
26.79,3063.02,3065.03,-19.3435,-19.3885,-0.0073835,28.6084,-80.6043,28.6084,-80.6044
26.8,3062.82,3064.75,-19.4344,-19.4777,-0.00782162,28.6084,-80.6043,28.6084,-80.6044
26.81,3062.63,3064.56,-19.5253,-19.5696,-0.00793424,28.6084,-80.6043,28.6084,-80.6044
26.82,3062.43,3064.36,-19.616,-19.6595,-0.00711604,28.6084,-80.6043,28.6084,-80.6044
26.83,3062.23,3064.16,-19.7067,-19.7498,-0.00643627,28.6084,-80.6043,28.6084,-80.6044
26.84,3062.04,3063.97,-19.7974,-19.8418,-0.00669564,28.6084,-80.6043,28.6084,-80.6044
26.85,3061.84,3063.77,-19.8879,-19.9338,-0.00767815,28.6084,-80.6043,28.6084,-80.6044
26.86,3061.64,3063.57,-19.9784,-20.023,-0.00753824,28.6084,-80.6043,28.6084,-80.6044
26.87,3061.44,3063.37,-20.0688,-20.115,-0.00842806,28.6084,-80.6043,28.6084,-80.6044
26.88,3061.24,3063.16,-20.1592,-20.2059,-0.0085516,28.6084,-80.6043,28.6084,-80.6044
26.89,3061.03,3062.96,-20.2495,-20.2954,-0.00791118,28.6084,-80.6043,28.6084,-80.6044
26.9,3060.83,3062.66,-20.3397,-20.3874,-0.008121,28.6084,-80.6043,28.6084,-80.6044
26.91,3060.63,3062.46,-20.4298,-20.4789,-0.00727394,28.6084,-80.6043,28.6084,-80.6044
26.92,3060.42,3062.25,-20.5199,-20.5686,-0.00693351,28.6084,-80.6043,28.6084,-80.6044
26.93,3060.21,3062.05,-20.6099,-20.6588,-0.00761789,28.6084,-80.6043,28.6084,-80.6044
26.94,3060.01,3061.84,-20.6999,-20.7506,-0.00786542,28.6084,-80.6043,28.6084,-80.6044
26.95,3059.8,3061.63,-20.7897,-20.8407,-0.00834307,28.6084,-80.6043,28.6084,-80.6044
26.96,3059.59,3061.42,-20.8795,-20.9293,-0.00757818,28.6084,-80.6043,28.6084,-80.6044
26.97,3059.38,3061.21,-20.9692,-21.0171,-0.00716504,28.6084,-80.6043,28.6084,-80.6044
26.98,3059.17,3061,-21.0589,-21.1069,-0.00653449,28.6084,-80.6043,28.6084,-80.6044
26.99,3058.96,3060.79,-21.1484,-21.1949,-0.00582908,28.6084,-80.6043,28.6084,-80.6044
27,3058.75,3060.49,-21.2379,-21.2826,-0.00505707,28.6084,-80.6043,28.6083,-80.6044
27.01,3058.53,3060.27,-21.3274,-21.3713,-0.00411816,28.6084,-80.6043,28.6083,-80.6044
27.02,3058.32,3060.06,-21.4167,-21.4609,-0.00363808,28.6084,-80.6043,28.6083,-80.6044
27.03,3058.1,3059.84,-21.506,-21.5504,-0.00300074,28.6084,-80.6043,28.6083,-80.6044
27.04,3057.89,3059.63,-21.5952,-21.638,-0.00225024,28.6084,-80.6043,28.6083,-80.6044
27.05,3057.67,3059.41,-21.6843,-21.7262,-0.00227021,28.6084,-80.6043,28.6083,-80.6044
27.06,3057.45,3059.19,-21.7734,-21.815,-0.0029186,28.6084,-80.6043,28.6083,-80.6044
27.07,3057.23,3058.97,-21.8624,-21.9034,-0.00275545,28.6084,-80.6043,28.6083,-80.6044
27.08,3057.01,3058.75,-21.9513,-21.9921,-0.00358229,28.6084,-80.6043,28.6083,-80.6044
27.09,3056.79,3058.53,-22.0401,-22.0796,-0.00388326,28.6084,-80.6043,28.6083,-80.6044
27.1,3056.57,3058.37,-22.1289,-22.1665,-0.00324697,28.6084,-80.6043,28.6083,-80.6044
27.11,3056.35,3058.15,-22.2175,-22.2569,-0.00298014,28.6084,-80.6043,28.6083,-80.6044
27.12,3056.13,3057.92,-22.3061,-22.3438,-0.0033719,28.6084,-80.6043,28.6083,-80.6044
27.13,3055.9,3057.7,-22.3947,-22.4319,-0.00273322,28.6084,-80.6043,28.6083,-80.6044
27.14,3055.68,3057.47,-22.4831,-22.5185,-0.00346705,28.6084,-80.6043,28.6083,-80.6044
27.15,3055.45,3057.25,-22.5715,-22.6057,-0.00304627,28.6084,-80.6043,28.6083,-80.6044
27.16,3055.23,3057.02,-22.6598,-22.6958,-0.00365329,28.6084,-80.6043,28.6083,-80.6044
27.17,3055,3056.79,-22.748,-22.7854,-0.00306737,28.6084,-80.6043,28.6083,-80.6044
27.18,3054.77,3056.56,-22.8362,-22.8729,-0.0021621,28.6084,-80.6043,28.6083,-80.6044
27.19,3054.54,3056.33,-22.9242,-22.9603,-0.00208238,28.6084,-80.6043,28.6083,-80.6044
27.2,3054.31,3056.08,-23.0122,-23.0475,-0.00273969,28.6084,-80.6043,28.6083,-80.6044
27.21,3054.08,3055.85,-23.1001,-23.137,-0.00210136,28.6084,-80.6043,28.6083,-80.6044
27.22,3053.85,3055.62,-23.1879,-23.2242,-0.00225599,28.6084,-80.6043,28.6083,-80.6044
27.23,3053.62,3055.38,-23.2757,-23.3103,-0.0022367,28.6084,-80.6043,28.6083,-80.6044
27.24,3053.38,3055.15,-23.3634,-23.3969,-0.00148716,28.6084,-80.6043,28.6083,-80.6044
27.25,3053.15,3054.91,-23.451,-23.4852,-0.000830598,28.6084,-80.6043,28.6083,-80.6044
27.26,3052.91,3054.68,-23.5385,-23.5734,9.18189e-05,28.6084,-80.6043,28.6083,-80.6044
27.27,3052.68,3054.44,-23.6259,-23.6598,0.000352413,28.6084,-80.6043,28.6083,-80.6044
27.28,3052.44,3054.2,-23.7133,-23.7469,0.000514345,28.6084,-80.6043,28.6083,-80.6044
27.29,3052.2,3053.97,-23.8006,-23.8338,0.00089948,28.6084,-80.6043,28.6083,-80.6044
27.3,3051.96,3054.13,-23.8878,-23.9215,0.000540271,28.6084,-80.6043,28.6083,-80.6044
27.31,3051.72,3053.89,-23.9749,-24.0076,0.000448993,28.6084,-80.6043,28.6083,-80.6044
27.32,3051.48,3053.65,-24.0619,-24.0945,-8.92685e-05,28.6084,-80.6043,28.6083,-80.6044
27.33,3051.24,3053.41,-24.1489,-24.1818,-0.00064972,28.6084,-80.6043,28.6083,-80.6044
27.34,3051,3053.17,-24.2357,-24.2676,-0.00144607,28.6084,-80.6043,28.6083,-80.6044
27.35,3050.75,3052.92,-24.3225,-24.3549,-0.000733961,28.6084,-80.6043,28.6083,-80.6044
27.36,3050.51,3052.68,-24.4092,-24.4397,-0.00131339,28.6084,-80.6043,28.6083,-80.6044
27.37,3050.27,3052.43,-24.4959,-24.5262,-0.0015231,28.6084,-80.6043,28.6083,-80.6044
27.38,3050.02,3052.19,-24.5824,-24.6143,-0.00245791,28.6084,-80.6043,28.6083,-80.6044
27.39,3049.77,3051.94,-24.6689,-24.7021,-0.0014763,28.6084,-80.6043,28.6083,-80.6044
27.4,3049.53,3051.76,-24.7553,-24.789,-0.000485054,28.6084,-80.6043,28.6083,-80.6044
27.41,3049.28,3051.51,-24.8416,-24.8761,2.94396e-05,28.6084,-80.6043,28.6083,-80.6044
27.42,3049.03,3051.26,-24.9278,-24.9605,0.000791593,28.6084,-80.6043,28.6083,-80.6044
27.43,3048.78,3051.01,-25.0139,-25.0473,0.000906164,28.6084,-80.6043,28.6083,-80.6044
27.44,3048.53,3050.76,-25.1,-25.133,0.00132212,28.6084,-80.6043,28.6083,-80.6044
27.45,3048.27,3050.51,-25.1859,-25.2175,0.000960386,28.6084,-80.6043,28.6083,-80.6044
27.46,3048.02,3050.26,-25.2718,-25.3043,0.00062447,28.6084,-80.6043,28.6083,-80.6044
27.47,3047.77,3050,-25.3576,-25.3887,0.00063468,28.6084,-80.6043,28.6083,-80.6044
27.48,3047.51,3049.75,-25.4434,-25.4734,-0.000210615,28.6084,-80.6043,28.6083,-80.6044
27.49,3047.26,3049.49,-25.529,-25.5599,0.000471112,28.6084,-80.6043,28.6083,-80.6044
27.5,3047,3049.06,-25.6145,-25.6456,-0.000265111,28.6084,-80.6043,28.6083,-80.6044
27.51,3046.75,3048.8,-25.7,-25.7298,4.45697e-05,28.6084,-80.6043,28.6083,-80.6044
27.52,3046.49,3048.55,-25.7854,-25.8164,0.00063414,28.6084,-80.6043,28.6083,-80.6044
27.53,3046.23,3048.29,-25.8707,-25.9009,0.00038577,28.6084,-80.6043,28.6083,-80.6044
27.54,3045.97,3048.03,-25.9559,-25.985,-0.000518582,28.6084,-80.6043,28.6083,-80.6044
27.55,3045.71,3047.77,-26.041,-26.0706,-0.00131344,28.6084,-80.6043,28.6083,-80.6044
27.56,3045.45,3047.5,-26.126,-26.1562,-0.00205607,28.6084,-80.6043,28.6083,-80.6044
27.57,3045.19,3047.24,-26.211,-26.2429,-0.00255508,28.6084,-80.6043,28.6083,-80.6044
27.58,3044.92,3046.98,-26.2959,-26.3279,-0.00234081,28.6084,-80.6043,28.6083,-80.6044
27.59,3044.66,3046.72,-26.3806,-26.4114,-0.00299105,28.6084,-80.6043,28.6083,-80.6044
27.6,3044.39,3046.66,-26.4653,-26.4962,-0.00370451,28.6084,-80.6043,28.6083,-80.6044
27.61,3044.13,3046.39,-26.5499,-26.581,-0.00470281,28.6084,-80.6043,28.6083,-80.6044
27.62,3043.86,3046.13,-26.6345,-26.6637,-0.00459102,28.6084,-80.6043,28.6083,-80.6044
27.63,3043.6,3045.86,-26.7189,-26.7498,-0.00513091,28.6084,-80.6043,28.6083,-80.6044
27.64,3043.33,3045.59,-26.8032,-26.8346,-0.00503758,28.6084,-80.6043,28.6083,-80.6044
27.65,3043.06,3045.32,-26.8875,-26.9194,-0.0056174,28.6084,-80.6043,28.6083,-80.6044
27.66,3042.79,3045.05,-26.9717,-27.0046,-0.00658383,28.6084,-80.6043,28.6083,-80.6044
27.67,3042.52,3044.78,-27.0557,-27.089,-0.00754342,28.6084,-80.6043,28.6083,-80.6044
27.68,3042.25,3044.51,-27.1397,-27.1722,-0.00695467,28.6084,-80.6043,28.6083,-80.6044
27.69,3041.97,3044.24,-27.2236,-27.2549,-0.00645058,28.6084,-80.6043,28.6083,-80.6044
27.7,3041.7,3044.3,-27.3075,-27.3401,-0.00563385,28.6084,-80.6043,28.6083,-80.6044
27.71,3041.43,3044.02,-27.3912,-27.4253,-0.00471742,28.6084,-80.6043,28.6083,-80.6044
27.72,3041.15,3043.75,-27.4748,-27.5095,-0.00419463,28.6084,-80.6043,28.6083,-80.6044
27.73,3040.88,3043.47,-27.5584,-27.5928,-0.00480243,28.6084,-80.6043,28.6083,-80.6044
27.74,3040.6,3043.19,-27.6418,-27.6745,-0.0057021,28.6084,-80.6043,28.6083,-80.6044
27.75,3040.32,3042.92,-27.7252,-27.7585,-0.00593132,28.6084,-80.6043,28.6083,-80.6044
27.76,3040.05,3042.64,-27.8085,-27.8403,-0.00625088,28.6084,-80.6043,28.6083,-80.6044
27.77,3039.77,3042.36,-27.8917,-27.9241,-0.00640504,28.6084,-80.6043,28.6083,-80.6044
27.78,3039.49,3042.08,-27.9748,-28.0076,-0.00626571,28.6084,-80.6043,28.6083,-80.6044
27.79,3039.21,3041.8,-28.0578,-28.0893,-0.00533553,28.6084,-80.6043,28.6083,-80.6044
27.8,3038.92,3041.3,-28.1407,-28.1705,-0.006276,28.6084,-80.6043,28.6083,-80.6044
27.81,3038.64,3041.02,-28.2236,-28.2546,-0.00637934,28.6084,-80.6043,28.6083,-80.6044
27.82,3038.36,3040.74,-28.3063,-28.3385,-0.00607412,28.6084,-80.6043,28.6083,-80.6044
27.83,3038.08,3040.45,-28.389,-28.4222,-0.00704109,28.6084,-80.6043,28.6083,-80.6044
27.84,3037.79,3040.17,-28.4715,-28.5051,-0.00722406,28.6084,-80.6043,28.6083,-80.6044
27.85,3037.51,3039.88,-28.554,-28.5859,-0.00717182,28.6084,-80.6043,28.6083,-80.6044
27.86,3037.22,3039.59,-28.6364,-28.6674,-0.00640564,28.6084,-80.6043,28.6083,-80.6044
27.87,3036.93,3039.31,-28.7187,-28.7481,-0.00647681,28.6084,-80.6043,28.6083,-80.6044
27.88,3036.64,3039.02,-28.8009,-28.8305,-0.00728846,28.6084,-80.6043,28.6083,-80.6044
27.89,3036.36,3038.73,-28.883,-28.913,-0.00729124,28.6084,-80.6043,28.6083,-80.6044
27.9,3036.07,3038.91,-28.965,-28.9953,-0.00671908,28.6084,-80.6043,28.6083,-80.6044
27.91,3035.77,3038.62,-29.0469,-29.0778,-0.00746771,28.6084,-80.6043,28.6083,-80.6044
27.92,3035.48,3038.33,-29.1287,-29.1585,-0.00808334,28.6084,-80.6043,28.6083,-80.6044
27.93,3035.19,3038.03,-29.2105,-29.2394,-0.00786687,28.6084,-80.6043,28.6083,-80.6044
27.94,3034.9,3037.74,-29.2921,-29.3224,-0.00761296,28.6084,-80.6043,28.6083,-80.6044
27.95,3034.6,3037.45,-29.3737,-29.4034,-0.00791739,28.6084,-80.6043,28.6083,-80.6044
27.96,3034.31,3037.15,-29.4551,-29.4846,-0.00874472,28.6084,-80.6043,28.6083,-80.6044
27.97,3034.01,3036.86,-29.5365,-29.5657,-0.00928882,28.6084,-80.6043,28.6083,-80.6044
27.98,3033.72,3036.56,-29.6178,-29.6477,-0.00913879,28.6084,-80.6043,28.6083,-80.6044
27.99,3033.42,3036.26,-29.699,-29.7283,-0.00866367,28.6084,-80.6043,28.6083,-80.6044
28,3033.12,3036.22,-29.78,-29.8094,-0.00934623,28.6084,-80.6043,28.6085,-80.6044
28.01,3032.83,3035.92,-29.861,-29.8906,-0.0102326,28.6084,-80.6043,28.6085,-80.6044
28.02,3032.53,3035.62,-29.9419,-29.9723,-0.0105726,28.6084,-80.6043,28.6085,-80.6044
28.03,3032.23,3035.32,-30.0227,-30.0528,-0.011389,28.6084,-80.6043,28.6085,-80.6044
28.04,3031.92,3035.02,-30.1034,-30.1327,-0.0116725,28.6084,-80.6043,28.6085,-80.6044
28.05,3031.62,3034.72,-30.1841,-30.2145,-0.011704,28.6084,-80.6043,28.6085,-80.6044
28.06,3031.32,3034.41,-30.2646,-30.2948,-0.0108784,28.6084,-80.6043,28.6085,-80.6044
28.07,3031.02,3034.11,-30.345,-30.3768,-0.010463,28.6084,-80.6043,28.6085,-80.6044
28.08,3030.71,3033.8,-30.4253,-30.457,-0.010002,28.6084,-80.6043,28.6085,-80.6044
28.09,3030.41,3033.5,-30.5056,-30.539,-0.0107718,28.6084,-80.6043,28.6085,-80.6044
28.1,3030.1,3033.04,-30.5857,-30.6179,-0.0105438,28.6084,-80.6043,28.6085,-80.6044
28.11,3029.79,3032.73,-30.6658,-30.6986,-0.0111657,28.6084,-80.6043,28.6085,-80.6044
28.12,3029.49,3032.42,-30.7457,-30.7766,-0.0103989,28.6084,-80.6043,28.6085,-80.6044
28.13,3029.18,3032.12,-30.8256,-30.8557,-0.0111302,28.6084,-80.6043,28.6085,-80.6044
28.14,3028.87,3031.81,-30.9053,-30.9362,-0.0119863,28.6084,-80.6043,28.6085,-80.6044
28.15,3028.56,3031.5,-30.985,-31.0171,-0.0125284,28.6084,-80.6043,28.6085,-80.6044
28.16,3028.25,3031.19,-31.0646,-31.095,-0.0128441,28.6084,-80.6043,28.6085,-80.6044
28.17,3027.94,3030.87,-31.144,-31.1744,-0.0133774,28.6084,-80.6043,28.6085,-80.6044
28.18,3027.63,3030.56,-31.2234,-31.252,-0.0131246,28.6084,-80.6043,28.6085,-80.6044
28.19,3027.31,3030.25,-31.3027,-31.3296,-0.0135546,28.6084,-80.6043,28.6085,-80.6044
28.2,3027,3029.57,-31.3819,-31.4074,-0.0137282,28.6084,-80.6043,28.6085,-80.6044
28.21,3026.68,3029.25,-31.461,-31.4852,-0.0137168,28.6084,-80.6043,28.6085,-80.6044
28.22,3026.37,3028.94,-31.54,-31.564,-0.014124,28.6084,-80.6043,28.6085,-80.6044
28.23,3026.05,3028.62,-31.6189,-31.6439,-0.0139266,28.6084,-80.6043,28.6085,-80.6044
28.24,3025.74,3028.3,-31.6977,-31.7231,-0.0148206,28.6084,-80.6043,28.6085,-80.6044
28.25,3025.42,3027.98,-31.7764,-31.8029,-0.0143116,28.6084,-80.6043,28.6085,-80.6044
28.26,3025.1,3027.66,-31.855,-31.8828,-0.014508,28.6084,-80.6043,28.6085,-80.6044
28.27,3024.78,3027.35,-31.9335,-31.9603,-0.0153436,28.6084,-80.6043,28.6085,-80.6044
28.28,3024.46,3027.02,-32.0119,-32.0404,-0.0146145,28.6084,-80.6043,28.6085,-80.6044
28.29,3024.14,3026.7,-32.0902,-32.1191,-0.0152893,28.6084,-80.6043,28.6085,-80.6044
28.3,3023.82,3026.67,-32.1684,-32.1991,-0.015019,28.6084,-80.6043,28.6085,-80.6044
28.31,3023.5,3026.35,-32.2465,-32.2789,-0.0156793,28.6084,-80.6043,28.6085,-80.6044
28.32,3023.17,3026.02,-32.3245,-32.3577,-0.0160302,28.6084,-80.6043,28.6085,-80.6044
28.33,3022.85,3025.7,-32.4025,-32.4345,-0.0165736,28.6084,-80.6043,28.6085,-80.6044
28.34,3022.52,3025.37,-32.4803,-32.5119,-0.0162934,28.6084,-80.6043,28.6085,-80.6044
28.35,3022.2,3025.05,-32.558,-32.589,-0.0164035,28.6084,-80.6043,28.6085,-80.6044
28.36,3021.87,3024.72,-32.6356,-32.667,-0.0171091,28.6084,-80.6043,28.6085,-80.6044
28.37,3021.54,3024.39,-32.7132,-32.7426,-0.0167228,28.6084,-80.6043,28.6085,-80.6044
28.38,3021.22,3024.06,-32.7906,-32.8205,-0.0165491,28.6084,-80.6043,28.6085,-80.6044
28.39,3020.89,3023.74,-32.8679,-32.8994,-0.0166764,28.6084,-80.6043,28.6085,-80.6044
28.4,3020.56,3023.31,-32.9452,-32.9755,-0.015958,28.6084,-80.6043,28.6085,-80.6044
28.41,3020.23,3022.98,-33.0223,-33.0521,-0.0157793,28.6084,-80.6043,28.6085,-80.6044
28.42,3019.9,3022.65,-33.0993,-33.1282,-0.0161953,28.6084,-80.6043,28.6085,-80.6044
28.43,3019.57,3022.32,-33.1762,-33.2053,-0.0169481,28.6084,-80.6043,28.6085,-80.6044
28.44,3019.23,3021.99,-33.2531,-33.2823,-0.0169289,28.6084,-80.6043,28.6085,-80.6044
28.45,3018.9,3021.65,-33.3298,-33.358,-0.0168877,28.6084,-80.6043,28.6085,-80.6044
28.46,3018.57,3021.32,-33.4064,-33.433,-0.0160306,28.6084,-80.6043,28.6085,-80.6044
28.47,3018.23,3020.98,-33.483,-33.5083,-0.0165665,28.6084,-80.6043,28.6085,-80.6044
28.48,3017.89,3020.65,-33.5594,-33.5838,-0.0174702,28.6084,-80.6043,28.6085,-80.6044
28.49,3017.56,3020.31,-33.6358,-33.6588,-0.0177404,28.6084,-80.6043,28.6085,-80.6044
28.5,3017.22,3019.7,-33.712,-33.7343,-0.0181674,28.6084,-80.6043,28.6085,-80.6044
28.51,3016.88,3019.36,-33.7881,-33.8094,-0.0186182,28.6084,-80.6043,28.6085,-80.6044
28.52,3016.54,3019.02,-33.8642,-33.8856,-0.0191774,28.6084,-80.6043,28.6085,-80.6044
28.53,3016.21,3018.68,-33.9401,-33.9601,-0.0190587,28.6084,-80.6043,28.6085,-80.6044
28.54,3015.87,3018.34,-34.0159,-34.0353,-0.0187367,28.6084,-80.6043,28.6085,-80.6044
28.55,3015.52,3018,-34.0917,-34.1113,-0.0191529,28.6084,-80.6043,28.6085,-80.6044
28.56,3015.18,3017.66,-34.1673,-34.1855,-0.020137,28.6084,-80.6043,28.6085,-80.6044
28.57,3014.84,3017.32,-34.2428,-34.263,-0.0208283,28.6084,-80.6043,28.6085,-80.6044
28.58,3014.5,3016.97,-34.3183,-34.3386,-0.0215626,28.6084,-80.6043,28.6085,-80.6044
28.59,3014.15,3016.63,-34.3936,-34.4135,-0.0206196,28.6084,-80.6043,28.6085,-80.6044
28.6,3013.81,3016.68,-34.4688,-34.4872,-0.0213605,28.6084,-80.6043,28.6085,-80.6044
28.61,3013.46,3016.34,-34.5439,-34.5608,-0.0204617,28.6084,-80.6043,28.6085,-80.6044
28.62,3013.12,3015.99,-34.619,-34.6374,-0.0203719,28.6084,-80.6043,28.6085,-80.6044
28.63,3012.77,3015.64,-34.6939,-34.7103,-0.0194667,28.6084,-80.6043,28.6085,-80.6044
28.64,3012.42,3015.29,-34.7687,-34.7835,-0.0190921,28.6084,-80.6043,28.6085,-80.6044
28.65,3012.07,3014.95,-34.8435,-34.8593,-0.0187493,28.6084,-80.6043,28.6085,-80.6044
28.66,3011.72,3014.6,-34.9181,-34.9338,-0.0187218,28.6084,-80.6043,28.6085,-80.6044
28.67,3011.37,3014.25,-34.9926,-35.0098,-0.0182325,28.6084,-80.6043,28.6085,-80.6044
28.68,3011.02,3013.9,-35.067,-35.0847,-0.0178615,28.6084,-80.6043,28.6085,-80.6044
28.69,3010.67,3013.54,-35.1413,-35.1594,-0.0187891,28.6084,-80.6043,28.6085,-80.6044
28.7,3010.32,3013.54,-35.2155,-35.2352,-0.0184026,28.6084,-80.6043,28.6085,-80.6044
28.71,3009.97,3013.19,-35.2897,-35.3077,-0.0179975,28.6084,-80.6043,28.6085,-80.6044
28.72,3009.61,3012.83,-35.3637,-35.3835,-0.0178497,28.6084,-80.6043,28.6085,-80.6044
28.73,3009.26,3012.48,-35.4376,-35.4561,-0.017526,28.6084,-80.6043,28.6085,-80.6044
28.74,3008.9,3012.12,-35.5114,-35.5297,-0.0170721,28.6084,-80.6043,28.6085,-80.6044
28.75,3008.55,3011.77,-35.5851,-35.6023,-0.0172233,28.6084,-80.6043,28.6085,-80.6044
28.76,3008.19,3011.41,-35.6587,-35.6757,-0.0167418,28.6084,-80.6043,28.6085,-80.6044
28.77,3007.83,3011.05,-35.7322,-35.749,-0.0175577,28.6084,-80.6043,28.6085,-80.6044
28.78,3007.48,3010.69,-35.8056,-35.8215,-0.0175816,28.6084,-80.6043,28.6085,-80.6044
28.79,3007.12,3010.33,-35.8789,-35.8968,-0.0177303,28.6084,-80.6043,28.6085,-80.6044
28.8,3006.76,3009.59,-35.9521,-35.9691,-0.0173839,28.6084,-80.6043,28.6085,-80.6044
28.81,3006.4,3009.23,-36.0252,-36.0403,-0.0167852,28.6084,-80.6043,28.6085,-80.6044
28.82,3006.04,3008.87,-36.0981,-36.1125,-0.016553,28.6084,-80.6043,28.6085,-80.6044
28.83,3005.68,3008.5,-36.171,-36.1855,-0.0173612,28.6084,-80.6043,28.6085,-80.6044
28.84,3005.31,3008.14,-36.2438,-36.2577,-0.0171832,28.6084,-80.6043,28.6085,-80.6044
28.85,3004.95,3007.78,-36.3165,-36.3292,-0.0170817,28.6084,-80.6043,28.6085,-80.6044
28.86,3004.59,3007.41,-36.3891,-36.401,-0.0170982,28.6084,-80.6043,28.6085,-80.6044
28.87,3004.22,3007.05,-36.4615,-36.473,-0.0175484,28.6084,-80.6043,28.6085,-80.6044
28.88,3003.86,3006.68,-36.5339,-36.5461,-0.0180174,28.6084,-80.6043,28.6085,-80.6044
28.89,3003.49,3006.32,-36.6062,-36.617,-0.0189092,28.6084,-80.6043,28.6085,-80.6044
28.9,3003.12,3005.74,-36.6783,-36.691,-0.0194199,28.6084,-80.6043,28.6085,-80.6044
28.91,3002.76,3005.37,-36.7504,-36.7626,-0.0188597,28.6084,-80.6043,28.6085,-80.6044
28.92,3002.39,3005,-36.8223,-36.8338,-0.0187876,28.6084,-80.6043,28.6085,-80.6044
28.93,3002.02,3004.63,-36.8942,-36.9066,-0.0183976,28.6084,-80.6043,28.6085,-80.6044
28.94,3001.65,3004.26,-36.9659,-36.9765,-0.017407,28.6084,-80.6043,28.6085,-80.6044
28.95,3001.28,3003.89,-37.0376,-37.0487,-0.0165838,28.6084,-80.6043,28.6085,-80.6044
28.96,3000.91,3003.52,-37.1091,-37.1213,-0.0172487,28.6084,-80.6043,28.6085,-80.6044
28.97,3000.54,3003.15,-37.1805,-37.1923,-0.0165441,28.6084,-80.6043,28.6085,-80.6044
28.98,3000.16,3002.77,-37.2519,-37.263,-0.01614,28.6084,-80.6043,28.6085,-80.6044
28.99,2999.79,3002.4,-37.3231,-37.3342,-0.0166571,28.6084,-80.6043,28.6085,-80.6044
29,2999.42,3002.4,-37.3942,-37.4053,-0.0175463,28.6084,-80.6043,28.6085,-80.6044
29.01,2999.04,3002.02,-37.4652,-37.4746,-0.0172283,28.6084,-80.6043,28.6085,-80.6044
29.02,2998.67,3001.65,-37.5361,-37.5474,-0.0175001,28.6084,-80.6043,28.6085,-80.6044
29.03,2998.29,3001.27,-37.607,-37.6162,-0.0179353,28.6084,-80.6043,28.6085,-80.6044
29.04,2997.91,3000.89,-37.6777,-37.6851,-0.0173772,28.6084,-80.6043,28.6085,-80.6044
29.05,2997.54,3000.52,-37.7483,-37.7574,-0.0170602,28.6084,-80.6043,28.6085,-80.6044
29.06,2997.16,3000.14,-37.8188,-37.8287,-0.0173989,28.6084,-80.6043,28.6085,-80.6044
29.07,2996.78,2999.76,-37.8892,-37.8997,-0.0178454,28.6084,-80.6043,28.6085,-80.6044
29.08,2996.4,2999.38,-37.9594,-37.9706,-0.0174021,28.6084,-80.6043,28.6085,-80.6044
29.09,2996.02,2999,-38.0296,-38.0421,-0.0172777,28.6084,-80.6043,28.6085,-80.6044
29.1,2995.64,2999.14,-38.0997,-38.1106,-0.0166886,28.6084,-80.6043,28.6085,-80.6044
29.11,2995.26,2998.76,-38.1697,-38.1809,-0.0166954,28.6084,-80.6043,28.6085,-80.6044
29.12,2994.87,2998.38,-38.2395,-38.2491,-0.0161294,28.6084,-80.6043,28.6085,-80.6044
29.13,2994.49,2998,-38.3093,-38.3169,-0.0151804,28.6084,-80.6043,28.6085,-80.6044
29.14,2994.11,2997.61,-38.379,-38.3857,-0.0142389,28.6084,-80.6043,28.6085,-80.6044
29.15,2993.72,2997.23,-38.4485,-38.4547,-0.013353,28.6084,-80.6043,28.6085,-80.6044
29.16,2993.34,2996.84,-38.518,-38.525,-0.0132369,28.6084,-80.6043,28.6085,-80.6044
29.17,2992.95,2996.46,-38.5873,-38.5924,-0.0129472,28.6084,-80.6043,28.6085,-80.6044
29.18,2992.56,2996.07,-38.6566,-38.6615,-0.0134211,28.6084,-80.6043,28.6085,-80.6044
29.19,2992.18,2995.68,-38.7257,-38.7302,-0.0137841,28.6084,-80.6043,28.6085,-80.6044
29.2,2991.79,2995.33,-38.7947,-38.7999,-0.0142469,28.6084,-80.6043,28.6085,-80.6044
29.21,2991.4,2994.94,-38.8637,-38.8683,-0.0140028,28.6084,-80.6043,28.6085,-80.6044
29.22,2991.01,2994.55,-38.9325,-38.9355,-0.0130385,28.6084,-80.6043,28.6085,-80.6044
29.23,2990.62,2994.16,-39.0012,-39.0049,-0.0138409,28.6084,-80.6043,28.6085,-80.6044
29.24,2990.23,2993.77,-39.0698,-39.0733,-0.0143752,28.6084,-80.6043,28.6085,-80.6044
29.25,2989.84,2993.38,-39.1383,-39.1402,-0.0134574,28.6084,-80.6043,28.6085,-80.6044
29.26,2989.45,2992.99,-39.2067,-39.2075,-0.0136776,28.6084,-80.6043,28.6085,-80.6044
29.27,2989.05,2992.6,-39.275,-39.2743,-0.0135626,28.6084,-80.6043,28.6085,-80.6044
29.28,2988.66,2992.2,-39.3432,-39.343,-0.0128576,28.6084,-80.6043,28.6085,-80.6044
29.29,2988.27,2991.81,-39.4113,-39.4119,-0.0131607,28.6084,-80.6043,28.6085,-80.6044
29.3,2987.87,2991.57,-39.4793,-39.48,-0.0137089,28.6084,-80.6043,28.6085,-80.6044
29.31,2987.48,2991.17,-39.5471,-39.5473,-0.0142958,28.6084,-80.6043,28.6085,-80.6044
29.32,2987.08,2990.78,-39.6149,-39.616,-0.0141288,28.6084,-80.6043,28.6085,-80.6044
29.33,2986.68,2990.38,-39.6826,-39.6838,-0.0133602,28.6084,-80.6043,28.6085,-80.6044
29.34,2986.29,2989.98,-39.7501,-39.7497,-0.01277,28.6084,-80.6043,28.6085,-80.6044
29.35,2985.89,2989.59,-39.8176,-39.8186,-0.0126988,28.6084,-80.6043,28.6085,-80.6044
29.36,2985.49,2989.19,-39.8849,-39.8861,-0.0121489,28.6084,-80.6043,28.6085,-80.6044
29.37,2985.09,2988.79,-39.9521,-39.9536,-0.012282,28.6084,-80.6043,28.6085,-80.6044
29.38,2984.69,2988.39,-40.0193,-40.0222,-0.0121926,28.6084,-80.6043,28.6085,-80.6044
29.39,2984.29,2987.99,-40.0863,-40.0873,-0.0124895,28.6084,-80.6043,28.6085,-80.6044
29.4,2983.89,2987.12,-40.1532,-40.1545,-0.0116161,28.6084,-80.6043,28.6085,-80.6044
29.41,2983.48,2986.72,-40.2201,-40.2228,-0.0109868,28.6084,-80.6043,28.6085,-80.6044
29.42,2983.08,2986.31,-40.2868,-40.2888,-0.0115755,28.6084,-80.6043,28.6085,-80.6044
29.43,2982.68,2985.91,-40.3534,-40.3547,-0.0106424,28.6084,-80.6043,28.6085,-80.6044
29.44,2982.27,2985.5,-40.4199,-40.421,-0.011336,28.6084,-80.6043,28.6085,-80.6044
29.45,2981.87,2985.1,-40.4863,-40.4887,-0.0119693,28.6084,-80.6043,28.6085,-80.6044
29.46,2981.46,2984.69,-40.5526,-40.5562,-0.0121714,28.6084,-80.6043,28.6085,-80.6044
29.47,2981.06,2984.29,-40.6187,-40.6225,-0.0116098,28.6084,-80.6043,28.6085,-80.6044
29.48,2980.65,2983.88,-40.6848,-40.6871,-0.0119263,28.6084,-80.6043,28.6085,-80.6044
29.49,2980.24,2983.47,-40.7508,-40.7523,-0.011599,28.6084,-80.6043,28.6085,-80.6044
29.5,2979.83,2983.44,-40.8166,-40.8182,-0.0121623,28.6084,-80.6043,28.6085,-80.6044
29.51,2979.43,2983.03,-40.8824,-40.8855,-0.0118336,28.6084,-80.6043,28.6085,-80.6044
29.52,2979.02,2982.62,-40.9481,-40.951,-0.0120571,28.6084,-80.6043,28.6085,-80.6044
29.53,2978.61,2982.21,-41.0136,-41.0177,-0.0120047,28.6084,-80.6043,28.6085,-80.6044
29.54,2978.2,2981.8,-41.0791,-41.0822,-0.0117105,28.6084,-80.6043,28.6085,-80.6044
29.55,2977.78,2981.38,-41.1444,-41.1477,-0.0109788,28.6084,-80.6043,28.6085,-80.6044
29.56,2977.37,2980.97,-41.2096,-41.213,-0.0114237,28.6084,-80.6043,28.6085,-80.6044
29.57,2976.96,2980.56,-41.2747,-41.2779,-0.0110624,28.6084,-80.6043,28.6085,-80.6044
29.58,2976.55,2980.15,-41.3398,-41.3412,-0.0110306,28.6084,-80.6043,28.6085,-80.6044
29.59,2976.13,2979.73,-41.4047,-41.4071,-0.0118348,28.6084,-80.6043,28.6085,-80.6044
29.6,2975.72,2979.1,-41.4695,-41.4711,-0.0119985,28.6084,-80.6043,28.6085,-80.6044
29.61,2975.3,2978.68,-41.5342,-41.5366,-0.0112472,28.6084,-80.6043,28.6085,-80.6044
29.62,2974.89,2978.27,-41.5988,-41.6029,-0.0102956,28.6084,-80.6043,28.6085,-80.6044
29.63,2974.47,2977.85,-41.6633,-41.6686,-0.00977815,28.6084,-80.6043,28.6085,-80.6044
29.64,2974.05,2977.43,-41.7276,-41.7324,-0.00935401,28.6084,-80.6043,28.6085,-80.6044
29.65,2973.63,2977.01,-41.7919,-41.7947,-0.0088452,28.6084,-80.6043,28.6085,-80.6044
29.66,2973.22,2976.6,-41.8561,-41.857,-0.00856241,28.6084,-80.6043,28.6085,-80.6044
29.67,2972.8,2976.18,-41.9202,-41.9218,-0.00882247,28.6084,-80.6043,28.6085,-80.6044
29.68,2972.38,2975.76,-41.9841,-41.9844,-0.00816443,28.6084,-80.6043,28.6085,-80.6044
29.69,2971.96,2975.34,-42.048,-42.0498,-0.00816947,28.6084,-80.6043,28.6085,-80.6044
29.7,2971.53,2974.56,-42.1117,-42.1144,-0.00721818,28.6084,-80.6043,28.6085,-80.6044
29.71,2971.11,2974.14,-42.1754,-42.1761,-0.00716815,28.6084,-80.6043,28.6085,-80.6044
29.72,2970.69,2973.72,-42.2389,-42.2391,-0.00713962,28.6084,-80.6043,28.6085,-80.6044
29.73,2970.27,2973.29,-42.3023,-42.3043,-0.00636394,28.6084,-80.6043,28.6085,-80.6044
29.74,2969.84,2972.87,-42.3657,-42.3672,-0.00586547,28.6084,-80.6043,28.6085,-80.6044
29.75,2969.42,2972.45,-42.4289,-42.4312,-0.00505069,28.6084,-80.6043,28.6085,-80.6044
29.76,2968.99,2972.02,-42.492,-42.4929,-0.0056875,28.6084,-80.6043,28.6085,-80.6044
29.77,2968.57,2971.6,-42.555,-42.554,-0.0050228,28.6084,-80.6043,28.6085,-80.6044
29.78,2968.14,2971.17,-42.6179,-42.6173,-0.00453867,28.6084,-80.6043,28.6085,-80.6044
29.79,2967.72,2970.74,-42.6807,-42.6802,-0.00531652,28.6084,-80.6043,28.6085,-80.6044
29.8,2967.29,2970.46,-42.7434,-42.742,-0.00586408,28.6084,-80.6043,28.6085,-80.6044
29.81,2966.86,2970.04,-42.806,-42.8062,-0.00580603,28.6084,-80.6043,28.6085,-80.6044
29.82,2966.43,2969.61,-42.8684,-42.8688,-0.00638408,28.6084,-80.6043,28.6085,-80.6044
29.83,2966,2969.18,-42.9308,-42.9318,-0.00623903,28.6084,-80.6043,28.6085,-80.6044
29.84,2965.57,2968.75,-42.9931,-42.9932,-0.00593907,28.6084,-80.6043,28.6085,-80.6044
29.85,2965.14,2968.32,-43.0552,-43.0552,-0.00557725,28.6084,-80.6043,28.6085,-80.6044
29.86,2964.71,2967.89,-43.1173,-43.1183,-0.00643089,28.6084,-80.6043,28.6085,-80.6044
29.87,2964.28,2967.45,-43.1792,-43.1809,-0.00596336,28.6084,-80.6043,28.6085,-80.6044
29.88,2963.85,2967.02,-43.2411,-43.2443,-0.0065197,28.6084,-80.6043,28.6085,-80.6044
29.89,2963.41,2966.59,-43.3028,-43.3067,-0.00579304,28.6084,-80.6043,28.6085,-80.6044
29.9,2962.98,2966.09,-43.3644,-43.3682,-0.00628633,28.6084,-80.6043,28.6085,-80.6044
29.91,2962.55,2965.65,-43.426,-43.4288,-0.00681294,28.6084,-80.6043,28.6085,-80.6044
29.92,2962.11,2965.22,-43.4874,-43.49,-0.00759616,28.6084,-80.6043,28.6085,-80.6044
29.93,2961.68,2964.78,-43.5487,-43.5494,-0.00854811,28.6084,-80.6043,28.6085,-80.6044
29.94,2961.24,2964.35,-43.6099,-43.6118,-0.00815228,28.6084,-80.6043,28.6085,-80.6044
29.95,2960.8,2963.91,-43.671,-43.6739,-0.00852784,28.6084,-80.6043,28.6085,-80.6044
29.96,2960.37,2963.47,-43.732,-43.7366,-0.0079693,28.6084,-80.6043,28.6085,-80.6044
29.97,2959.93,2963.03,-43.7929,-43.7964,-0.00843042,28.6084,-80.6043,28.6085,-80.6044
29.98,2959.49,2962.6,-43.8537,-43.8587,-0.00873548,28.6084,-80.6043,28.6085,-80.6044
29.99,2959.05,2962.16,-43.9143,-43.9174,-0.00816088,28.6084,-80.6043,28.6085,-80.6044
30,2958.61,2962.01,-43.9749,-43.9764,-0.00784327,28.6084,-80.6043,28.6084,-80.6042
30.01,2958.17,2961.57,-44.0354,-44.0389,-0.00685768,28.6084,-80.6043,28.6084,-80.6042
30.02,2957.73,2961.13,-44.0957,-44.1009,-0.00742842,28.6084,-80.6043,28.6084,-80.6042
30.03,2957.29,2960.69,-44.156,-44.1628,-0.00653595,28.6084,-80.6043,28.6084,-80.6042
30.04,2956.85,2960.24,-44.2161,-44.222,-0.00685619,28.6084,-80.6043,28.6084,-80.6042
30.05,2956.4,2959.8,-44.2762,-44.2814,-0.00695256,28.6084,-80.6043,28.6084,-80.6042
30.06,2955.96,2959.36,-44.3361,-44.341,-0.00751597,28.6084,-80.6043,28.6084,-80.6042
30.07,2955.52,2958.91,-44.396,-44.4006,-0.00740527,28.6084,-80.6043,28.6084,-80.6042
30.08,2955.07,2958.47,-44.4557,-44.4614,-0.00684594,28.6084,-80.6043,28.6084,-80.6042
30.09,2954.63,2958.02,-44.5153,-44.522,-0.00686083,28.6084,-80.6043,28.6084,-80.6042
30.1,2954.18,2958.11,-44.5748,-44.5831,-0.00723737,28.6084,-80.6043,28.6084,-80.6042
30.11,2953.73,2957.66,-44.6343,-44.6434,-0.00707504,28.6084,-80.6043,28.6084,-80.6042
30.12,2953.29,2957.21,-44.6936,-44.7031,-0.00764643,28.6084,-80.6043,28.6084,-80.6042
30.13,2952.84,2956.76,-44.7528,-44.7621,-0.00825353,28.6084,-80.6043,28.6084,-80.6042
30.14,2952.39,2956.32,-44.8119,-44.8227,-0.00881781,28.6084,-80.6043,28.6084,-80.6042
30.15,2951.94,2955.87,-44.8709,-44.8829,-0.00966031,28.6084,-80.6043,28.6084,-80.6042
30.16,2951.49,2955.42,-44.9297,-44.943,-0.00877268,28.6084,-80.6043,28.6084,-80.6042
30.17,2951.04,2954.97,-44.9885,-45.0031,-0.0089221,28.6084,-80.6043,28.6084,-80.6042
30.18,2950.59,2954.52,-45.0472,-45.0637,-0.00970632,28.6084,-80.6043,28.6084,-80.6042
30.19,2950.14,2954.07,-45.1058,-45.1236,-0.00996587,28.6084,-80.6043,28.6084,-80.6042
30.2,2949.69,2953.99,-45.1642,-45.1809,-0.00972682,28.6084,-80.6043,28.6084,-80.6042
30.21,2949.24,2953.54,-45.2226,-45.2375,-0.0103674,28.6084,-80.6043,28.6084,-80.6042
30.22,2948.78,2953.09,-45.2809,-45.2958,-0.0108982,28.6084,-80.6043,28.6084,-80.6042
30.23,2948.33,2952.63,-45.339,-45.3521,-0.0103873,28.6084,-80.6043,28.6084,-80.6042
30.24,2947.88,2952.18,-45.3971,-45.4092,-0.0112848,28.6084,-80.6043,28.6084,-80.6042
30.25,2947.42,2951.73,-45.455,-45.4689,-0.0102868,28.6084,-80.6043,28.6084,-80.6042
30.26,2946.97,2951.27,-45.5128,-45.525,-0.00999021,28.6084,-80.6043,28.6084,-80.6042
30.27,2946.51,2950.81,-45.5706,-45.5831,-0.0107254,28.6084,-80.6043,28.6084,-80.6042
30.28,2946.06,2950.36,-45.6282,-45.6419,-0.0105162,28.6084,-80.6043,28.6084,-80.6042
30.29,2945.6,2949.9,-45.6857,-45.7005,-0.0106658,28.6084,-80.6043,28.6084,-80.6042
30.3,2945.14,2949.92,-45.7432,-45.7567,-0.0110235,28.6084,-80.6043,28.6084,-80.6042
30.31,2944.68,2949.46,-45.8005,-45.8135,-0.011058,28.6084,-80.6043,28.6084,-80.6042
30.32,2944.22,2949,-45.8577,-45.8724,-0.010494,28.6084,-80.6043,28.6084,-80.6042
30.33,2943.77,2948.54,-45.9148,-45.9292,-0.0110363,28.6084,-80.6043,28.6084,-80.6042
30.34,2943.31,2948.08,-45.9718,-45.9876,-0.011307,28.6084,-80.6043,28.6084,-80.6042
30.35,2942.85,2947.62,-46.0287,-46.0431,-0.0121089,28.6084,-80.6043,28.6084,-80.6042
30.36,2942.38,2947.16,-46.0855,-46.1004,-0.0130527,28.6084,-80.6043,28.6084,-80.6042
30.37,2941.92,2946.7,-46.1422,-46.1567,-0.0128696,28.6084,-80.6043,28.6084,-80.6042
30.38,2941.46,2946.23,-46.1988,-46.2114,-0.0131565,28.6084,-80.6043,28.6084,-80.6042
30.39,2941,2945.77,-46.2552,-46.2686,-0.0140789,28.6084,-80.6043,28.6084,-80.6042
30.4,2940.54,2945.5,-46.3116,-46.3252,-0.0144436,28.6084,-80.6043,28.6084,-80.6042
30.41,2940.07,2945.03,-46.3679,-46.3797,-0.013992,28.6084,-80.6043,28.6084,-80.6042
30.42,2939.61,2944.57,-46.4241,-46.4375,-0.0144333,28.6084,-80.6043,28.6084,-80.6042
30.43,2939.14,2944.1,-46.4801,-46.4942,-0.0147698,28.6084,-80.6043,28.6084,-80.6042
30.44,2938.68,2943.64,-46.5361,-46.5494,-0.0154935,28.6084,-80.6043,28.6084,-80.6042
30.45,2938.21,2943.17,-46.5919,-46.6046,-0.0158125,28.6084,-80.6043,28.6084,-80.6042
30.46,2937.75,2942.71,-46.6477,-46.6588,-0.0165413,28.6084,-80.6043,28.6084,-80.6042
30.47,2937.28,2942.24,-46.7033,-46.7149,-0.0161976,28.6084,-80.6043,28.6084,-80.6042
30.48,2936.81,2941.77,-46.7589,-46.7695,-0.0159366,28.6084,-80.6043,28.6084,-80.6042
30.49,2936.34,2941.3,-46.8143,-46.8237,-0.0167548,28.6084,-80.6043,28.6084,-80.6042
30.5,2935.87,2940.33,-46.8697,-46.8791,-0.0159087,28.6084,-80.6043,28.6084,-80.6042
30.51,2935.4,2939.86,-46.9249,-46.9345,-0.0158602,28.6084,-80.6043,28.6084,-80.6042
30.52,2934.93,2939.39,-46.98,-46.9915,-0.015871,28.6084,-80.6043,28.6084,-80.6042
30.53,2934.46,2938.92,-47.0351,-47.045,-0.016155,28.6084,-80.6043,28.6084,-80.6042
30.54,2933.99,2938.45,-47.09,-47.0998,-0.016546,28.6084,-80.6043,28.6084,-80.6042
30.55,2933.52,2937.98,-47.1448,-47.1539,-0.0165653,28.6084,-80.6043,28.6084,-80.6042
30.56,2933.05,2937.51,-47.1995,-47.2091,-0.0167625,28.6084,-80.6043,28.6084,-80.6042
30.57,2932.58,2937.03,-47.2542,-47.2634,-0.0164506,28.6084,-80.6043,28.6084,-80.6042
30.58,2932.1,2936.56,-47.3087,-47.317,-0.0156278,28.6084,-80.6043,28.6084,-80.6042
30.59,2931.63,2936.09,-47.3631,-47.372,-0.0148879,28.6084,-80.6043,28.6084,-80.6042
30.6,2931.16,2935.6,-47.4174,-47.426,-0.0144858,28.6084,-80.6043,28.6084,-80.6042
30.61,2930.68,2935.12,-47.4716,-47.4792,-0.0152805,28.6084,-80.6043,28.6084,-80.6042
30.62,2930.21,2934.65,-47.5257,-47.5336,-0.0154283,28.6084,-80.6043,28.6084,-80.6042
30.63,2929.73,2934.17,-47.5797,-47.5866,-0.015917,28.6084,-80.6043,28.6084,-80.6042
30.64,2929.25,2933.7,-47.6336,-47.6405,-0.0164927,28.6084,-80.6043,28.6084,-80.6042
30.65,2928.78,2933.22,-47.6874,-47.6955,-0.0155631,28.6084,-80.6043,28.6084,-80.6042
30.66,2928.3,2932.74,-47.7411,-47.7484,-0.0151572,28.6084,-80.6043,28.6084,-80.6042
30.67,2927.82,2932.26,-47.7946,-47.8039,-0.0157297,28.6084,-80.6043,28.6084,-80.6042
30.68,2927.34,2931.78,-47.8481,-47.8571,-0.0160054,28.6084,-80.6043,28.6084,-80.6042
30.69,2926.86,2931.31,-47.9015,-47.9095,-0.0152288,28.6084,-80.6043,28.6084,-80.6042
30.7,2926.39,2931.01,-47.9548,-47.9646,-0.0157538,28.6084,-80.6043,28.6084,-80.6042
30.71,2925.9,2930.53,-48.008,-48.0187,-0.0151196,28.6084,-80.6043,28.6084,-80.6042
30.72,2925.42,2930.05,-48.061,-48.0701,-0.0157775,28.6084,-80.6043,28.6084,-80.6042
30.73,2924.94,2929.57,-48.114,-48.1222,-0.0162149,28.6084,-80.6043,28.6084,-80.6042
30.74,2924.46,2929.09,-48.1669,-48.1769,-0.0166294,28.6084,-80.6043,28.6084,-80.6042
30.75,2923.98,2928.61,-48.2197,-48.2277,-0.0160278,28.6084,-80.6043,28.6084,-80.6042
30.76,2923.5,2928.12,-48.2723,-48.2784,-0.0168577,28.6084,-80.6043,28.6084,-80.6042
30.77,2923.01,2927.64,-48.3249,-48.332,-0.0170205,28.6084,-80.6043,28.6084,-80.6042
30.78,2922.53,2927.16,-48.3774,-48.3832,-0.0170443,28.6084,-80.6043,28.6084,-80.6042
30.79,2922.05,2926.67,-48.4297,-48.4339,-0.0179835,28.6084,-80.6043,28.6084,-80.6042
30.8,2921.56,2926.1,-48.482,-48.4854,-0.0171827,28.6084,-80.6043,28.6084,-80.6042
30.81,2921.08,2925.61,-48.5341,-48.5366,-0.0163736,28.6084,-80.6043,28.6084,-80.6042
30.82,2920.59,2925.13,-48.5862,-48.5868,-0.0154664,28.6084,-80.6043,28.6084,-80.6042
30.83,2920.1,2924.64,-48.6381,-48.6397,-0.0150456,28.6084,-80.6043,28.6084,-80.6042
30.84,2919.62,2924.15,-48.69,-48.6902,-0.0154365,28.6084,-80.6043,28.6084,-80.6042
30.85,2919.13,2923.67,-48.7418,-48.7401,-0.0162231,28.6084,-80.6043,28.6084,-80.6042
30.86,2918.64,2923.18,-48.7934,-48.7908,-0.0156931,28.6084,-80.6043,28.6084,-80.6042
30.87,2918.15,2922.69,-48.845,-48.8443,-0.0148634,28.6084,-80.6043,28.6084,-80.6042
30.88,2917.66,2922.2,-48.8964,-48.8957,-0.0152457,28.6084,-80.6043,28.6084,-80.6042
30.89,2917.17,2921.71,-48.9478,-48.9453,-0.0146732,28.6084,-80.6043,28.6084,-80.6042
30.9,2916.68,2921.08,-48.999,-48.9973,-0.01416,28.6084,-80.6043,28.6084,-80.6042
30.91,2916.19,2920.59,-49.0501,-49.0474,-0.013182,28.6084,-80.6043,28.6084,-80.6042
30.92,2915.7,2920.09,-49.1012,-49.0996,-0.0137929,28.6084,-80.6043,28.6084,-80.6042
30.93,2915.21,2919.6,-49.1521,-49.1507,-0.0145269,28.6084,-80.6043,28.6084,-80.6042
30.94,2914.72,2919.11,-49.203,-49.2026,-0.015239,28.6084,-80.6043,28.6084,-80.6042
30.95,2914.23,2918.62,-49.2537,-49.2552,-0.0142901,28.6084,-80.6043,28.6084,-80.6042
30.96,2913.73,2918.13,-49.3044,-49.3058,-0.0134142,28.6084,-80.6043,28.6084,-80.6042
30.97,2913.24,2917.63,-49.3549,-49.3546,-0.0134794,28.6084,-80.6043,28.6084,-80.6042
30.98,2912.75,2917.14,-49.4054,-49.4062,-0.0131832,28.6084,-80.6043,28.6084,-80.6042
30.99,2912.25,2916.64,-49.4557,-49.4573,-0.0131647,28.6084,-80.6043,28.6084,-80.6042
31,2911.76,2916.03,-49.5059,-49.5072,-0.0133327,28.6084,-80.6043,28.6084,-80.6042
31.01,2911.26,2915.53,-49.5561,-49.5583,-0.0134456,28.6084,-80.6043,28.6084,-80.6042
31.02,2910.76,2915.04,-49.6061,-49.6099,-0.0131642,28.6084,-80.6043,28.6084,-80.6042
31.03,2910.27,2914.54,-49.6561,-49.6616,-0.0124037,28.6084,-80.6043,28.6084,-80.6042
31.04,2909.77,2914.04,-49.7059,-49.7118,-0.0125638,28.6084,-80.6043,28.6084,-80.6042
31.05,2909.27,2913.55,-49.7556,-49.7601,-0.0123301,28.6084,-80.6043,28.6084,-80.6042
31.06,2908.78,2913.05,-49.8053,-49.8092,-0.0126373,28.6084,-80.6043,28.6084,-80.6042
31.07,2908.28,2912.55,-49.8548,-49.8578,-0.0119584,28.6084,-80.6043,28.6084,-80.6042
31.08,2907.78,2912.05,-49.9043,-49.9073,-0.011392,28.6084,-80.6043,28.6084,-80.6042
31.09,2907.28,2911.55,-49.9536,-49.9554,-0.0123836,28.6084,-80.6043,28.6084,-80.6042
31.1,2906.78,2910.93,-50.0029,-50.0037,-0.0118804,28.6084,-80.6043,28.6084,-80.6042
31.11,2906.28,2910.43,-50.052,-50.053,-0.012081,28.6084,-80.6043,28.6084,-80.6042
31.12,2905.78,2909.93,-50.1011,-50.1009,-0.012211,28.6084,-80.6043,28.6084,-80.6042
31.13,2905.27,2909.43,-50.15,-50.1479,-0.0128172,28.6084,-80.6043,28.6084,-80.6042
31.14,2904.77,2908.93,-50.1989,-50.196,-0.0131038,28.6084,-80.6043,28.6084,-80.6042
31.15,2904.27,2908.42,-50.2476,-50.2442,-0.0123922,28.6084,-80.6043,28.6084,-80.6042
31.16,2903.77,2907.92,-50.2963,-50.294,-0.0126065,28.6084,-80.6043,28.6084,-80.6042
31.17,2903.26,2907.42,-50.3448,-50.3406,-0.0119027,28.6084,-80.6043,28.6084,-80.6042
31.18,2902.76,2906.91,-50.3933,-50.3893,-0.0111834,28.6084,-80.6043,28.6084,-80.6042
31.19,2902.26,2906.41,-50.4416,-50.4386,-0.0104704,28.6084,-80.6043,28.6084,-80.6042
31.2,2901.75,2906.37,-50.4899,-50.4859,-0.00969388,28.6084,-80.6043,28.6084,-80.6042
31.21,2901.25,2905.86,-50.538,-50.5342,-0.00941773,28.6084,-80.6043,28.6084,-80.6042
31.22,2900.74,2905.36,-50.5861,-50.583,-0.00928632,28.6084,-80.6043,28.6084,-80.6042
31.23,2900.23,2904.85,-50.634,-50.6313,-0.0100377,28.6084,-80.6043,28.6084,-80.6042
31.24,2899.73,2904.34,-50.6819,-50.6789,-0.010753,28.6084,-80.6043,28.6084,-80.6042
31.25,2899.22,2903.84,-50.7297,-50.7251,-0.0116699,28.6084,-80.6043,28.6084,-80.6042
31.26,2898.71,2903.33,-50.7773,-50.7745,-0.0121186,28.6084,-80.6043,28.6084,-80.6042
31.27,2898.2,2902.82,-50.8249,-50.8208,-0.0121125,28.6084,-80.6043,28.6084,-80.6042
31.28,2897.69,2902.31,-50.8724,-50.8692,-0.0130739,28.6084,-80.6043,28.6084,-80.6042
31.29,2897.19,2901.8,-50.9198,-50.9178,-0.0128177,28.6084,-80.6043,28.6084,-80.6042
31.3,2896.68,2900.86,-50.967,-50.9644,-0.0137241,28.6084,-80.6043,28.6084,-80.6042
31.31,2896.17,2900.35,-51.0142,-51.0103,-0.0146716,28.6084,-80.6043,28.6084,-80.6042
31.32,2895.65,2899.84,-51.0613,-51.0566,-0.0146933,28.6084,-80.6043,28.6084,-80.6042
31.33,2895.14,2899.33,-51.1083,-51.102,-0.0137681,28.6084,-80.6043,28.6084,-80.6042
31.34,2894.63,2898.82,-51.1552,-51.1495,-0.0135385,28.6084,-80.6043,28.6084,-80.6042
31.35,2894.12,2898.31,-51.202,-51.1949,-0.0129052,28.6084,-80.6043,28.6084,-80.6042
31.36,2893.61,2897.8,-51.2487,-51.2408,-0.0129273,28.6084,-80.6043,28.6084,-80.6042
31.37,2893.09,2897.28,-51.2952,-51.2889,-0.0134157,28.6084,-80.6043,28.6084,-80.6042
31.38,2892.58,2896.77,-51.3417,-51.3338,-0.0139128,28.6084,-80.6043,28.6084,-80.6042
31.39,2892.07,2896.26,-51.3882,-51.3789,-0.0148078,28.6084,-80.6043,28.6084,-80.6042
31.4,2891.55,2895.34,-51.4345,-51.4267,-0.0140733,28.6084,-80.6043,28.6084,-80.6042
31.41,2891.04,2894.82,-51.4807,-51.4744,-0.0136941,28.6084,-80.6043,28.6084,-80.6042
31.42,2890.52,2894.31,-51.5268,-51.52,-0.0133453,28.6084,-80.6043,28.6084,-80.6042
31.43,2890.01,2893.79,-51.5728,-51.5652,-0.0127158,28.6084,-80.6043,28.6084,-80.6042
31.44,2889.49,2893.28,-51.6187,-51.6119,-0.0129784,28.6084,-80.6043,28.6084,-80.6042
31.45,2888.97,2892.76,-51.6645,-51.6563,-0.0136948,28.6084,-80.6043,28.6084,-80.6042
31.46,2888.46,2892.24,-51.7103,-51.7023,-0.0129193,28.6084,-80.6043,28.6084,-80.6042
31.47,2887.94,2891.72,-51.7559,-51.7466,-0.0120983,28.6084,-80.6043,28.6084,-80.6042
31.48,2887.42,2891.21,-51.8014,-51.7911,-0.0115071,28.6084,-80.6043,28.6084,-80.6042
31.49,2886.9,2890.69,-51.8469,-51.8375,-0.0117303,28.6084,-80.6043,28.6084,-80.6042
31.5,2886.38,2890.16,-51.8922,-51.8823,-0.0125846,28.6084,-80.6043,28.6084,-80.6042
31.51,2885.86,2889.64,-51.9375,-51.9292,-0.0131846,28.6084,-80.6043,28.6084,-80.6042
31.52,2885.35,2889.12,-51.9826,-51.975,-0.0140934,28.6084,-80.6043,28.6084,-80.6042
31.53,2884.82,2888.6,-52.0277,-52.0203,-0.0147735,28.6084,-80.6043,28.6084,-80.6042
31.54,2884.3,2888.08,-52.0727,-52.0668,-0.014616,28.6084,-80.6043,28.6084,-80.6042
31.55,2883.78,2887.56,-52.1175,-52.1136,-0.0151784,28.6084,-80.6043,28.6084,-80.6042
31.56,2883.26,2887.04,-52.1623,-52.1564,-0.0147448,28.6084,-80.6043,28.6084,-80.6042
31.57,2882.74,2886.51,-52.207,-52.1997,-0.0144323,28.6084,-80.6043,28.6084,-80.6042
31.58,2882.22,2885.99,-52.2516,-52.2446,-0.0141179,28.6084,-80.6043,28.6084,-80.6042
31.59,2881.69,2885.47,-52.296,-52.2873,-0.0135291,28.6084,-80.6043,28.6084,-80.6042
31.6,2881.17,2884.67,-52.3404,-52.3316,-0.014328,28.6084,-80.6043,28.6084,-80.6042
31.61,2880.65,2884.15,-52.3847,-52.377,-0.0134608,28.6084,-80.6043,28.6084,-80.6042
31.62,2880.12,2883.63,-52.4289,-52.4227,-0.0141007,28.6084,-80.6043,28.6084,-80.6042
31.63,2879.6,2883.1,-52.4731,-52.4659,-0.0143358,28.6084,-80.6043,28.6084,-80.6042
31.64,2879.07,2882.58,-52.5171,-52.5097,-0.0145844,28.6084,-80.6043,28.6084,-80.6042
31.65,2878.55,2882.05,-52.561,-52.5538,-0.0142906,28.6084,-80.6043,28.6084,-80.6042
31.66,2878.02,2881.52,-52.6048,-52.5976,-0.0139801,28.6084,-80.6043,28.6084,-80.6042
31.67,2877.49,2881,-52.6486,-52.6394,-0.0138666,28.6084,-80.6043,28.6084,-80.6042
31.68,2876.97,2880.47,-52.6922,-52.6846,-0.0145844,28.6084,-80.6043,28.6084,-80.6042
31.69,2876.44,2879.94,-52.7357,-52.7275,-0.0142135,28.6084,-80.6043,28.6084,-80.6042
31.7,2875.91,2879.45,-52.7792,-52.7723,-0.0134661,28.6084,-80.6043,28.6084,-80.6042
31.71,2875.38,2878.92,-52.8226,-52.815,-0.0130337,28.6084,-80.6043,28.6084,-80.6042
31.72,2874.86,2878.39,-52.8658,-52.859,-0.0134123,28.6084,-80.6043,28.6084,-80.6042
31.73,2874.33,2877.86,-52.909,-52.9026,-0.0138477,28.6084,-80.6043,28.6084,-80.6042
31.74,2873.8,2877.33,-52.9521,-52.9473,-0.0130634,28.6084,-80.6043,28.6084,-80.6042
31.75,2873.27,2876.8,-52.9951,-52.9908,-0.0134218,28.6084,-80.6043,28.6084,-80.6042
31.76,2872.74,2876.27,-53.038,-53.0345,-0.0137889,28.6084,-80.6043,28.6084,-80.6042
31.77,2872.21,2875.74,-53.0808,-53.0775,-0.0138315,28.6084,-80.6043,28.6084,-80.6042
31.78,2871.67,2875.21,-53.1235,-53.122,-0.0131726,28.6084,-80.6043,28.6084,-80.6042
31.79,2871.14,2874.68,-53.1661,-53.1664,-0.0133298,28.6084,-80.6043,28.6084,-80.6042
31.8,2870.61,2874.65,-53.2086,-53.2098,-0.0129417,28.6084,-80.6043,28.6084,-80.6042
31.81,2870.08,2874.12,-53.251,-53.2505,-0.0125913,28.6084,-80.6043,28.6084,-80.6042
31.82,2869.54,2873.59,-53.2934,-53.2929,-0.013498,28.6084,-80.6043,28.6084,-80.6042
31.83,2869.01,2873.05,-53.3356,-53.3339,-0.0142096,28.6084,-80.6043,28.6084,-80.6042
31.84,2868.48,2872.52,-53.3778,-53.3751,-0.0132406,28.6084,-80.6043,28.6084,-80.6042
31.85,2867.94,2871.99,-53.4198,-53.4191,-0.0134417,28.6084,-80.6043,28.6084,-80.6042
31.86,2867.41,2871.45,-53.4618,-53.4596,-0.0129736,28.6084,-80.6043,28.6084,-80.6042
31.87,2866.87,2870.92,-53.5037,-53.5006,-0.0136131,28.6084,-80.6043,28.6084,-80.6042
31.88,2866.34,2870.38,-53.5455,-53.5439,-0.0146027,28.6084,-80.6043,28.6084,-80.6042
31.89,2865.8,2869.85,-53.5872,-53.5865,-0.0136034,28.6084,-80.6043,28.6084,-80.6042
31.9,2865.27,2869.83,-53.6288,-53.6285,-0.0133911,28.6084,-80.6043,28.6084,-80.6042
31.91,2864.73,2869.29,-53.6703,-53.6708,-0.0142848,28.6084,-80.6043,28.6084,-80.6042
31.92,2864.19,2868.75,-53.7117,-53.7112,-0.0137844,28.6084,-80.6043,28.6084,-80.6042
31.93,2863.66,2868.21,-53.753,-53.751,-0.0131361,28.6084,-80.6043,28.6084,-80.6042
31.94,2863.12,2867.68,-53.7943,-53.7935,-0.0138014,28.6084,-80.6043,28.6084,-80.6042
31.95,2862.58,2867.14,-53.8354,-53.8346,-0.0145932,28.6084,-80.6043,28.6084,-80.6042
31.96,2862.04,2866.6,-53.8765,-53.8772,-0.0152065,28.6084,-80.6043,28.6084,-80.6042
31.97,2861.5,2866.06,-53.9175,-53.9178,-0.0158984,28.6084,-80.6043,28.6084,-80.6042
31.98,2860.96,2865.52,-53.9583,-53.9607,-0.0154233,28.6084,-80.6043,28.6084,-80.6042
31.99,2860.42,2864.98,-53.9991,-53.9999,-0.014435,28.6084,-80.6043,28.6084,-80.6042
32,2859.88,2864.67,-54.0398,-54.0396,-0.0148638,28.6084,-80.6043,28.6085,-80.6043
32.01,2859.34,2864.13,-54.0804,-54.0787,-0.0158468,28.6084,-80.6043,28.6085,-80.6043
32.02,2858.8,2863.59,-54.1209,-54.1199,-0.0156534,28.6084,-80.6043,28.6085,-80.6043
32.03,2858.26,2863.05,-54.1614,-54.1607,-0.0147828,28.6084,-80.6043,28.6085,-80.6043
32.04,2857.72,2862.51,-54.2017,-54.1995,-0.01557,28.6084,-80.6043,28.6085,-80.6043
32.05,2857.17,2861.97,-54.2419,-54.2378,-0.015226,28.6084,-80.6043,28.6085,-80.6043
32.06,2856.63,2861.42,-54.2821,-54.2765,-0.0144839,28.6084,-80.6043,28.6085,-80.6043
32.07,2856.09,2860.88,-54.3222,-54.3166,-0.0154275,28.6084,-80.6043,28.6085,-80.6043
32.08,2855.54,2860.34,-54.3621,-54.3584,-0.0163989,28.6084,-80.6043,28.6085,-80.6043
32.09,2855,2859.79,-54.402,-54.3998,-0.0171074,28.6084,-80.6043,28.6085,-80.6043
32.1,2854.45,2859.25,-54.4418,-54.4407,-0.016656,28.6084,-80.6043,28.6085,-80.6043
32.11,2853.91,2858.7,-54.4815,-54.4813,-0.0167295,28.6084,-80.6043,28.6085,-80.6043
32.12,2853.36,2858.16,-54.5212,-54.5221,-0.0173064,28.6084,-80.6043,28.6085,-80.6043
32.13,2852.82,2857.61,-54.5607,-54.5628,-0.0173635,28.6084,-80.6043,28.6085,-80.6043
32.14,2852.27,2857.07,-54.6001,-54.6039,-0.0169469,28.6084,-80.6043,28.6085,-80.6043
32.15,2851.73,2856.52,-54.6395,-54.6434,-0.0177088,28.6084,-80.6043,28.6085,-80.6043
32.16,2851.18,2855.97,-54.6788,-54.6834,-0.0177213,28.6084,-80.6043,28.6085,-80.6043
32.17,2850.63,2855.42,-54.7179,-54.7228,-0.0169172,28.6084,-80.6043,28.6085,-80.6043
32.18,2850.09,2854.88,-54.757,-54.7603,-0.0171501,28.6084,-80.6043,28.6085,-80.6043
32.19,2849.54,2854.33,-54.796,-54.7981,-0.018146,28.6084,-80.6043,28.6085,-80.6043
32.2,2848.99,2853.51,-54.8349,-54.8375,-0.018208,28.6084,-80.6043,28.6085,-80.6043
32.21,2848.44,2852.96,-54.8738,-54.8749,-0.0172778,28.6084,-80.6043,28.6085,-80.6043
32.22,2847.89,2852.41,-54.9125,-54.9121,-0.017715,28.6084,-80.6043,28.6085,-80.6043
32.23,2847.34,2851.86,-54.9512,-54.9489,-0.0186765,28.6084,-80.6043,28.6085,-80.6043
32.24,2846.79,2851.31,-54.9897,-54.9877,-0.0193024,28.6084,-80.6043,28.6085,-80.6043
32.25,2846.24,2850.76,-55.0282,-55.0252,-0.0188486,28.6084,-80.6043,28.6085,-80.6043
32.26,2845.69,2850.21,-55.0666,-55.064,-0.0194321,28.6084,-80.6043,28.6085,-80.6043
32.27,2845.14,2849.66,-55.1049,-55.1006,-0.0192003,28.6084,-80.6043,28.6085,-80.6043
32.28,2844.59,2849.11,-55.1431,-55.1391,-0.0194318,28.6084,-80.6043,28.6085,-80.6043
32.29,2844.04,2848.56,-55.1812,-55.1765,-0.0201613,28.6084,-80.6043,28.6085,-80.6043
32.3,2843.48,2847.79,-55.2193,-55.2131,-0.0195409,28.6084,-80.6043,28.6085,-80.6043
32.31,2842.93,2847.24,-55.2572,-55.2513,-0.0200241,28.6084,-80.6043,28.6085,-80.6043
32.32,2842.38,2846.69,-55.2951,-55.2898,-0.0205169,28.6084,-80.6043,28.6085,-80.6043
32.33,2841.83,2846.13,-55.3329,-55.327,-0.0212374,28.6084,-80.6043,28.6085,-80.6043
32.34,2841.27,2845.58,-55.3705,-55.3656,-0.0222095,28.6084,-80.6043,28.6085,-80.6043
32.35,2840.72,2845.03,-55.4082,-55.4028,-0.022981,28.6084,-80.6043,28.6085,-80.6043
32.36,2840.16,2844.47,-55.4457,-55.4413,-0.0228333,28.6084,-80.6043,28.6085,-80.6043
32.37,2839.61,2843.92,-55.4831,-55.4807,-0.0227565,28.6084,-80.6043,28.6085,-80.6043
32.38,2839.05,2843.36,-55.5205,-55.5179,-0.0237157,28.6084,-80.6043,28.6085,-80.6043
32.39,2838.5,2842.81,-55.5577,-55.5533,-0.0232352,28.6084,-80.6043,28.6085,-80.6043
32.4,2837.94,2842.18,-55.5949,-55.5894,-0.0228501,28.6084,-80.6043,28.6085,-80.6043
32.41,2837.39,2841.62,-55.632,-55.6279,-0.0226395,28.6084,-80.6043,28.6085,-80.6043
32.42,2836.83,2841.06,-55.669,-55.6639,-0.0228385,28.6084,-80.6043,28.6085,-80.6043
32.43,2836.27,2840.51,-55.7059,-55.6988,-0.0229352,28.6084,-80.6043,28.6085,-80.6043
32.44,2835.71,2839.95,-55.7428,-55.7355,-0.0222276,28.6084,-80.6043,28.6085,-80.6043
32.45,2835.16,2839.39,-55.7795,-55.7732,-0.0212749,28.6084,-80.6043,28.6085,-80.6043
32.46,2834.6,2838.83,-55.8162,-55.811,-0.0212343,28.6084,-80.6043,28.6085,-80.6043
32.47,2834.04,2838.28,-55.8528,-55.8483,-0.0213036,28.6084,-80.6043,28.6085,-80.6043
32.48,2833.48,2837.72,-55.8893,-55.8862,-0.021386,28.6084,-80.6043,28.6085,-80.6043
32.49,2832.92,2837.16,-55.9257,-55.9217,-0.0220336,28.6084,-80.6043,28.6085,-80.6043
32.5,2832.36,2837.15,-55.962,-55.9598,-0.0213631,28.6084,-80.6043,28.6085,-80.6043
32.51,2831.8,2836.59,-55.9982,-55.9963,-0.0206903,28.6084,-80.6043,28.6085,-80.6043
32.52,2831.24,2836.03,-56.0344,-56.0306,-0.0213012,28.6084,-80.6043,28.6085,-80.6043
32.53,2830.68,2835.47,-56.0705,-56.0652,-0.0204267,28.6084,-80.6043,28.6085,-80.6043
32.54,2830.12,2834.91,-56.1065,-56.0995,-0.0201825,28.6084,-80.6043,28.6085,-80.6043
32.55,2829.56,2834.35,-56.1424,-56.1348,-0.0210236,28.6084,-80.6043,28.6085,-80.6043
32.56,2829,2833.78,-56.1782,-56.1703,-0.0215535,28.6084,-80.6043,28.6085,-80.6043
32.57,2828.43,2833.22,-56.2139,-56.2047,-0.0205612,28.6084,-80.6043,28.6085,-80.6043
32.58,2827.87,2832.66,-56.2496,-56.2414,-0.0209778,28.6084,-80.6043,28.6085,-80.6043
32.59,2827.31,2832.1,-56.2852,-56.2769,-0.0218209,28.6084,-80.6043,28.6085,-80.6043
32.6,2826.75,2831.7,-56.3206,-56.3121,-0.0218044,28.6084,-80.6043,28.6085,-80.6043
32.61,2826.18,2831.14,-56.356,-56.3484,-0.0211498,28.6084,-80.6043,28.6085,-80.6043
32.62,2825.62,2830.58,-56.3914,-56.3827,-0.0216776,28.6084,-80.6043,28.6085,-80.6043
32.63,2825.05,2830.01,-56.4266,-56.4188,-0.0217246,28.6084,-80.6043,28.6085,-80.6043
32.64,2824.49,2829.45,-56.4618,-56.4543,-0.0220174,28.6084,-80.6043,28.6085,-80.6043
32.65,2823.92,2828.88,-56.4968,-56.4901,-0.0213263,28.6084,-80.6043,28.6085,-80.6043
32.66,2823.36,2828.32,-56.5318,-56.5231,-0.0220299,28.6084,-80.6043,28.6085,-80.6043
32.67,2822.79,2827.75,-56.5667,-56.5568,-0.0226511,28.6084,-80.6043,28.6085,-80.6043
32.68,2822.23,2827.18,-56.6016,-56.5936,-0.0221422,28.6084,-80.6043,28.6085,-80.6043
32.69,2821.66,2826.62,-56.6363,-56.6298,-0.021888,28.6084,-80.6043,28.6085,-80.6043
32.7,2821.09,2825.64,-56.671,-56.665,-0.0224806,28.6084,-80.6043,28.6085,-80.6043
32.71,2820.53,2825.07,-56.7056,-56.7007,-0.0233932,28.6084,-80.6043,28.6085,-80.6043
32.72,2819.96,2824.5,-56.7401,-56.7363,-0.0227054,28.6084,-80.6043,28.6085,-80.6043
32.73,2819.39,2823.94,-56.7745,-56.7714,-0.022204,28.6084,-80.6043,28.6085,-80.6043
32.74,2818.82,2823.37,-56.8088,-56.804,-0.0214259,28.6084,-80.6043,28.6085,-80.6043
32.75,2818.26,2822.8,-56.8431,-56.8392,-0.0220009,28.6084,-80.6043,28.6085,-80.6043
32.76,2817.69,2822.23,-56.8772,-56.8715,-0.0228284,28.6084,-80.6043,28.6085,-80.6043
32.77,2817.12,2821.66,-56.9113,-56.9038,-0.0234304,28.6084,-80.6043,28.6085,-80.6043
32.78,2816.55,2821.09,-56.9454,-56.9383,-0.0235412,28.6084,-80.6043,28.6085,-80.6043
32.79,2815.98,2820.52,-56.9793,-56.9718,-0.0230894,28.6084,-80.6043,28.6085,-80.6043
32.8,2815.41,2820.13,-57.0131,-57.0046,-0.0231755,28.6084,-80.6043,28.6085,-80.6043
32.81,2814.84,2819.56,-57.0469,-57.0375,-0.0236272,28.6084,-80.6043,28.6085,-80.6043
32.82,2814.27,2818.99,-57.0806,-57.0695,-0.0228084,28.6084,-80.6043,28.6085,-80.6043
32.83,2813.7,2818.42,-57.1142,-57.105,-0.0237394,28.6084,-80.6043,28.6085,-80.6043
32.84,2813.12,2817.85,-57.1477,-57.1384,-0.0239139,28.6084,-80.6043,28.6085,-80.6043
32.85,2812.55,2817.27,-57.1812,-57.1729,-0.0233954,28.6084,-80.6043,28.6085,-80.6043
32.86,2811.98,2816.7,-57.2145,-57.2081,-0.0238316,28.6084,-80.6043,28.6085,-80.6043
32.87,2811.41,2816.13,-57.2478,-57.2395,-0.0230798,28.6084,-80.6043,28.6085,-80.6043
32.88,2810.84,2815.56,-57.281,-57.2722,-0.0226222,28.6084,-80.6043,28.6085,-80.6043
32.89,2810.26,2814.98,-57.3142,-57.3042,-0.0226094,28.6084,-80.6043,28.6085,-80.6043
32.9,2809.69,2814.86,-57.3472,-57.3353,-0.0235879,28.6084,-80.6043,28.6085,-80.6043
32.91,2809.11,2814.28,-57.3802,-57.3684,-0.0226304,28.6084,-80.6043,28.6085,-80.6043
32.92,2808.54,2813.71,-57.4131,-57.4006,-0.0227376,28.6084,-80.6043,28.6085,-80.6043
32.93,2807.97,2813.14,-57.4459,-57.4337,-0.0231784,28.6084,-80.6043,28.6085,-80.6043
32.94,2807.39,2812.56,-57.4786,-57.4678,-0.023819,28.6084,-80.6043,28.6085,-80.6043
32.95,2806.82,2811.99,-57.5113,-57.4995,-0.0230329,28.6084,-80.6043,28.6085,-80.6043
32.96,2806.24,2811.41,-57.5438,-57.5337,-0.0240114,28.6084,-80.6043,28.6085,-80.6043
32.97,2805.67,2810.84,-57.5763,-57.565,-0.0230243,28.6084,-80.6043,28.6085,-80.6043
32.98,2805.09,2810.26,-57.6088,-57.5992,-0.0223487,28.6084,-80.6043,28.6085,-80.6043
32.99,2804.51,2809.68,-57.6411,-57.6315,-0.0224445,28.6084,-80.6043,28.6085,-80.6043
33,2803.94,2808.68,-57.6733,-57.6654,-0.0228659,28.6084,-80.6043,28.6084,-80.6044
33.01,2803.36,2808.1,-57.7055,-57.6977,-0.0233311,28.6084,-80.6043,28.6084,-80.6044
33.02,2802.78,2807.53,-57.7376,-57.7311,-0.0233678,28.6084,-80.6043,28.6084,-80.6044
33.03,2802.2,2806.95,-57.7697,-57.7612,-0.0240299,28.6084,-80.6043,28.6084,-80.6044
33.04,2801.63,2806.37,-57.8016,-57.7914,-0.0249139,28.6084,-80.6043,28.6084,-80.6044
33.05,2801.05,2805.79,-57.8335,-57.8246,-0.0246756,28.6084,-80.6043,28.6084,-80.6044
33.06,2800.47,2805.21,-57.8653,-57.8564,-0.0245334,28.6084,-80.6043,28.6084,-80.6044
33.07,2799.89,2804.64,-57.897,-57.8865,-0.0241801,28.6084,-80.6043,28.6084,-80.6044
33.08,2799.31,2804.06,-57.9286,-57.9172,-0.0239094,28.6084,-80.6043,28.6084,-80.6044
33.09,2798.73,2803.48,-57.9602,-57.9485,-0.0232396,28.6084,-80.6043,28.6084,-80.6044
33.1,2798.15,2802.8,-57.9917,-57.9794,-0.0234935,28.6084,-80.6043,28.6084,-80.6044
33.11,2797.57,2802.22,-58.0231,-58.0094,-0.0240719,28.6084,-80.6043,28.6084,-80.6044
33.12,2796.99,2801.64,-58.0544,-58.0413,-0.0247969,28.6084,-80.6043,28.6084,-80.6044
33.13,2796.41,2801.06,-58.0857,-58.0734,-0.0245011,28.6084,-80.6043,28.6084,-80.6044
33.14,2795.83,2800.48,-58.1168,-58.1041,-0.0242117,28.6084,-80.6043,28.6084,-80.6044
33.15,2795.25,2799.9,-58.1479,-58.1336,-0.0232485,28.6084,-80.6043,28.6084,-80.6044
33.16,2794.66,2799.32,-58.179,-58.1641,-0.0224255,28.6084,-80.6043,28.6084,-80.6044
33.17,2794.08,2798.73,-58.2099,-58.1965,-0.0232223,28.6084,-80.6043,28.6084,-80.6044
33.18,2793.5,2798.15,-58.2408,-58.2258,-0.0236048,28.6084,-80.6043,28.6084,-80.6044
33.19,2792.92,2797.57,-58.2716,-58.2584,-0.0226978,28.6084,-80.6043,28.6084,-80.6044
33.2,2792.33,2797.23,-58.3023,-58.2893,-0.0223545,28.6084,-80.6043,28.6084,-80.6044
33.21,2791.75,2796.65,-58.3329,-58.3201,-0.0222137,28.6084,-80.6043,28.6084,-80.6044
33.22,2791.17,2796.06,-58.3635,-58.3521,-0.0216569,28.6084,-80.6043,28.6084,-80.6044
33.23,2790.58,2795.48,-58.394,-58.3838,-0.0212486,28.6084,-80.6043,28.6084,-80.6044
33.24,2790,2794.9,-58.4244,-58.4138,-0.0205448,28.6084,-80.6043,28.6084,-80.6044
33.25,2789.41,2794.31,-58.4548,-58.4458,-0.0206612,28.6084,-80.6043,28.6084,-80.6044
33.26,2788.83,2793.73,-58.485,-58.4759,-0.0210852,28.6084,-80.6043,28.6084,-80.6044
33.27,2788.24,2793.14,-58.5152,-58.5049,-0.0207356,28.6084,-80.6043,28.6084,-80.6044
33.28,2787.66,2792.56,-58.5453,-58.5347,-0.0208391,28.6084,-80.6043,28.6084,-80.6044
33.29,2787.07,2791.97,-58.5754,-58.5656,-0.0214,28.6084,-80.6043,28.6084,-80.6044
33.3,2786.49,2790.95,-58.6053,-58.5961,-0.0218442,28.6084,-80.6043,28.6084,-80.6044
33.31,2785.9,2790.36,-58.6352,-58.6246,-0.0220087,28.6084,-80.6043,28.6084,-80.6044
33.32,2785.31,2789.78,-58.6651,-58.6527,-0.0226676,28.6084,-80.6043,28.6084,-80.6044
33.33,2784.73,2789.19,-58.6948,-58.6815,-0.0216804,28.6084,-80.6043,28.6084,-80.6044
33.34,2784.14,2788.6,-58.7245,-58.7127,-0.0223144,28.6084,-80.6043,28.6084,-80.6044
33.35,2783.55,2788.01,-58.7541,-58.7416,-0.0221507,28.6084,-80.6043,28.6084,-80.6044
33.36,2782.97,2787.43,-58.7836,-58.7723,-0.0226793,28.6084,-80.6043,28.6084,-80.6044
33.37,2782.38,2786.84,-58.8131,-58.8009,-0.0217014,28.6084,-80.6043,28.6084,-80.6044
33.38,2781.79,2786.25,-58.8424,-58.8305,-0.0218604,28.6084,-80.6043,28.6084,-80.6044
33.39,2781.2,2785.66,-58.8717,-58.8594,-0.0222736,28.6084,-80.6043,28.6084,-80.6044
33.4,2780.61,2784.93,-58.901,-58.8886,-0.0231856,28.6084,-80.6043,28.6084,-80.6044
33.41,2780.02,2784.34,-58.9301,-58.9165,-0.0224968,28.6084,-80.6043,28.6084,-80.6044
33.42,2779.43,2783.75,-58.9592,-58.9455,-0.0227757,28.6084,-80.6043,28.6084,-80.6044
33.43,2778.84,2783.16,-58.9882,-58.9754,-0.0221721,28.6084,-80.6043,28.6084,-80.6044
33.44,2778.25,2782.57,-59.0172,-59.004,-0.0218597,28.6084,-80.6043,28.6084,-80.6044
33.45,2777.66,2781.98,-59.046,-59.0345,-0.0220204,28.6084,-80.6043,28.6084,-80.6044
33.46,2777.07,2781.39,-59.0748,-59.0616,-0.0220255,28.6084,-80.6043,28.6084,-80.6044
33.47,2776.48,2780.8,-59.1035,-59.0909,-0.0228219,28.6084,-80.6043,28.6084,-80.6044
33.48,2775.89,2780.21,-59.1322,-59.1206,-0.0231132,28.6084,-80.6043,28.6084,-80.6044
33.49,2775.3,2779.62,-59.1608,-59.1503,-0.0232993,28.6084,-80.6043,28.6084,-80.6044
33.5,2774.7,2779.41,-59.1893,-59.1807,-0.022684,28.6084,-80.6043,28.6084,-80.6044
33.51,2774.11,2778.82,-59.2177,-59.2087,-0.022636,28.6084,-80.6043,28.6084,-80.6044
33.52,2773.52,2778.23,-59.246,-59.2366,-0.0222423,28.6084,-80.6043,28.6084,-80.6044
33.53,2772.93,2777.63,-59.2743,-59.2631,-0.022825,28.6084,-80.6043,28.6084,-80.6044
33.54,2772.33,2777.04,-59.3026,-59.2894,-0.0229407,28.6084,-80.6043,28.6084,-80.6044
33.55,2771.74,2776.45,-59.3307,-59.3185,-0.0222987,28.6084,-80.6043,28.6084,-80.6044
33.56,2771.15,2775.85,-59.3588,-59.3477,-0.0231046,28.6084,-80.6043,28.6084,-80.6044
33.57,2770.55,2775.26,-59.3868,-59.3764,-0.0229277,28.6084,-80.6043,28.6084,-80.6044
33.58,2769.96,2774.67,-59.4147,-59.4048,-0.0236712,28.6084,-80.6043,28.6084,-80.6044
33.59,2769.37,2774.07,-59.4426,-59.4339,-0.0245794,28.6084,-80.6043,28.6084,-80.6044
33.6,2768.77,2773.3,-59.4704,-59.4629,-0.0244031,28.6084,-80.6043,28.6084,-80.6044
33.61,2768.18,2772.7,-59.4981,-59.4887,-0.0235052,28.6084,-80.6043,28.6084,-80.6044
33.62,2767.58,2772.11,-59.5257,-59.5181,-0.0226465,28.6084,-80.6043,28.6084,-80.6044
33.63,2766.98,2771.51,-59.5533,-59.5464,-0.0230369,28.6084,-80.6043,28.6084,-80.6044
33.64,2766.39,2770.92,-59.5808,-59.5746,-0.023391,28.6084,-80.6043,28.6084,-80.6044
33.65,2765.79,2770.32,-59.6082,-59.6036,-0.0224835,28.6084,-80.6043,28.6084,-80.6044
33.66,2765.2,2769.72,-59.6356,-59.6306,-0.0222106,28.6084,-80.6043,28.6084,-80.6044
33.67,2764.6,2769.13,-59.6629,-59.6577,-0.0226602,28.6084,-80.6043,28.6084,-80.6044
33.68,2764,2768.53,-59.6901,-59.6846,-0.0221226,28.6084,-80.6043,28.6084,-80.6044
33.69,2763.41,2767.93,-59.7173,-59.7127,-0.0230764,28.6084,-80.6043,28.6084,-80.6044
33.7,2762.81,2767.62,-59.7444,-59.7417,-0.0239034,28.6084,-80.6043,28.6084,-80.6044
33.71,2762.21,2767.03,-59.7714,-59.7697,-0.0240775,28.6084,-80.6043,28.6084,-80.6044
33.72,2761.61,2766.43,-59.7984,-59.7953,-0.0240611,28.6084,-80.6043,28.6084,-80.6044
33.73,2761.01,2765.83,-59.8252,-59.822,-0.0250452,28.6084,-80.6043,28.6084,-80.6044
33.74,2760.42,2765.23,-59.8521,-59.8486,-0.0245469,28.6084,-80.6043,28.6084,-80.6044
33.75,2759.82,2764.63,-59.8788,-59.875,-0.0244843,28.6084,-80.6043,28.6084,-80.6044
33.76,2759.22,2764.03,-59.9055,-59.9018,-0.0243942,28.6084,-80.6043,28.6084,-80.6044
33.77,2758.62,2763.44,-59.9321,-59.928,-0.0246264,28.6084,-80.6043,28.6084,-80.6044
33.78,2758.02,2762.84,-59.9586,-59.9531,-0.0237962,28.6084,-80.6043,28.6084,-80.6044
33.79,2757.42,2762.24,-59.9851,-59.9787,-0.0244536,28.6084,-80.6043,28.6084,-80.6044
33.8,2756.82,2761.31,-60.0115,-60.007,-0.0241057,28.6084,-80.6043,28.6084,-80.6044
33.81,2756.22,2760.71,-60.0378,-60.0323,-0.0246375,28.6084,-80.6043,28.6084,-80.6044
33.82,2755.62,2760.11,-60.0641,-60.0605,-0.0251476,28.6084,-80.6043,28.6084,-80.6044
33.83,2755.02,2759.51,-60.0903,-60.0887,-0.025567,28.6084,-80.6043,28.6084,-80.6044
33.84,2754.42,2758.91,-60.1164,-60.1157,-0.0265182,28.6084,-80.6043,28.6084,-80.6044
33.85,2753.81,2758.31,-60.1425,-60.1423,-0.0264801,28.6084,-80.6043,28.6084,-80.6044
33.86,2753.21,2757.71,-60.1685,-60.1697,-0.0259007,28.6084,-80.6043,28.6084,-80.6044
33.87,2752.61,2757.1,-60.1944,-60.1962,-0.0255984,28.6084,-80.6043,28.6084,-80.6044
33.88,2752.01,2756.5,-60.2202,-60.2227,-0.0258656,28.6084,-80.6043,28.6084,-80.6044
33.89,2751.41,2755.9,-60.246,-60.2497,-0.0267055,28.6084,-80.6043,28.6084,-80.6044
33.9,2750.8,2755.55,-60.2717,-60.2736,-0.0262323,28.6084,-80.6043,28.6084,-80.6044
33.91,2750.2,2754.95,-60.2974,-60.2991,-0.0265385,28.6084,-80.6043,28.6084,-80.6044
33.92,2749.6,2754.35,-60.323,-60.323,-0.0268268,28.6084,-80.6043,28.6084,-80.6044
33.93,2748.99,2753.74,-60.3485,-60.3495,-0.0265494,28.6084,-80.6043,28.6084,-80.6044
33.94,2748.39,2753.14,-60.374,-60.3748,-0.0269702,28.6084,-80.6043,28.6084,-80.6044
33.95,2747.79,2752.54,-60.3994,-60.401,-0.0274168,28.6084,-80.6043,28.6084,-80.6044
33.96,2747.18,2751.93,-60.4247,-60.4245,-0.0273233,28.6084,-80.6043,28.6084,-80.6044
33.97,2746.58,2751.33,-60.4499,-60.4505,-0.0279261,28.6084,-80.6043,28.6084,-80.6044
33.98,2745.97,2750.72,-60.4751,-60.4755,-0.0277426,28.6084,-80.6043,28.6084,-80.6044
33.99,2745.37,2750.12,-60.5003,-60.5008,-0.0275943,28.6084,-80.6043,28.6084,-80.6044
34,2744.76,2749.59,-60.5253,-60.524,-0.0266229,28.6084,-80.6043,28.6085,-80.6042
34.01,2744.16,2748.98,-60.5503,-60.5481,-0.0269345,28.6084,-80.6043,28.6085,-80.6042
34.02,2743.55,2748.38,-60.5752,-60.5727,-0.0275961,28.6084,-80.6043,28.6085,-80.6042
34.03,2742.95,2747.77,-60.6001,-60.5969,-0.027976,28.6084,-80.6043,28.6085,-80.6042
34.04,2742.34,2747.16,-60.6249,-60.6209,-0.0286148,28.6084,-80.6043,28.6085,-80.6042
34.05,2741.73,2746.56,-60.6496,-60.645,-0.0283702,28.6084,-80.6043,28.6085,-80.6042
34.06,2741.13,2745.95,-60.6743,-60.6695,-0.0275323,28.6084,-80.6043,28.6085,-80.6042
34.07,2740.52,2745.34,-60.6989,-60.6951,-0.0284052,28.6084,-80.6043,28.6085,-80.6042
34.08,2739.91,2744.74,-60.7234,-60.7208,-0.0282579,28.6084,-80.6043,28.6085,-80.6042
34.09,2739.3,2744.13,-60.7479,-60.7459,-0.0289335,28.6084,-80.6043,28.6085,-80.6042
34.1,2738.7,2743.84,-60.7723,-60.7718,-0.02865,28.6084,-80.6043,28.6085,-80.6042
34.11,2738.09,2743.24,-60.7967,-60.7967,-0.0291829,28.6084,-80.6043,28.6085,-80.6042
34.12,2737.48,2742.63,-60.8209,-60.8197,-0.0296945,28.6084,-80.6043,28.6085,-80.6042
34.13,2736.87,2742.02,-60.8452,-60.8451,-0.029068,28.6084,-80.6043,28.6085,-80.6042
34.14,2736.26,2741.41,-60.8693,-60.8674,-0.0281474,28.6084,-80.6043,28.6085,-80.6042
34.15,2735.65,2740.8,-60.8934,-60.8929,-0.0284886,28.6084,-80.6043,28.6085,-80.6042
34.16,2735.04,2740.19,-60.9174,-60.9187,-0.0277525,28.6084,-80.6043,28.6085,-80.6042
34.17,2734.44,2739.58,-60.9414,-60.941,-0.0283152,28.6084,-80.6043,28.6085,-80.6042
34.18,2733.83,2738.97,-60.9653,-60.9648,-0.0288894,28.6084,-80.6043,28.6085,-80.6042
34.19,2733.22,2738.36,-60.9891,-60.9869,-0.0284459,28.6084,-80.6043,28.6085,-80.6042
34.2,2732.61,2737.96,-61.0129,-61.0092,-0.0283565,28.6084,-80.6043,28.6085,-80.6042
34.21,2732,2737.35,-61.0366,-61.0339,-0.0277451,28.6084,-80.6043,28.6085,-80.6042
34.22,2731.38,2736.74,-61.0602,-61.0582,-0.0267504,28.6084,-80.6043,28.6085,-80.6042
34.23,2730.77,2736.13,-61.0838,-61.0823,-0.0264263,28.6084,-80.6043,28.6085,-80.6042
34.24,2730.16,2735.51,-61.1073,-61.1072,-0.0264267,28.6084,-80.6043,28.6085,-80.6042
34.25,2729.55,2734.9,-61.1308,-61.1314,-0.0263861,28.6084,-80.6043,28.6085,-80.6042
34.26,2728.94,2734.29,-61.1542,-61.1561,-0.0263114,28.6084,-80.6043,28.6085,-80.6042
34.27,2728.33,2733.68,-61.1775,-61.18,-0.0264833,28.6084,-80.6043,28.6085,-80.6042
34.28,2727.72,2733.07,-61.2008,-61.2023,-0.0271611,28.6084,-80.6043,28.6085,-80.6042
34.29,2727.1,2732.46,-61.224,-61.226,-0.0267617,28.6084,-80.6043,28.6085,-80.6042
34.3,2726.49,2732.15,-61.2471,-61.2499,-0.0263522,28.6084,-80.6043,28.6085,-80.6042
34.31,2725.88,2731.53,-61.2702,-61.272,-0.026137,28.6084,-80.6043,28.6085,-80.6042
34.32,2725.27,2730.92,-61.2932,-61.2931,-0.0256817,28.6084,-80.6043,28.6085,-80.6042
34.33,2724.65,2730.31,-61.3162,-61.3148,-0.0249012,28.6084,-80.6043,28.6085,-80.6042
34.34,2724.04,2729.69,-61.339,-61.3379,-0.0245204,28.6084,-80.6043,28.6085,-80.6042
34.35,2723.43,2729.08,-61.3619,-61.361,-0.0241053,28.6084,-80.6043,28.6085,-80.6042
34.36,2722.81,2728.47,-61.3846,-61.3839,-0.0246239,28.6084,-80.6043,28.6085,-80.6042
34.37,2722.2,2727.85,-61.4074,-61.4084,-0.0246708,28.6084,-80.6043,28.6085,-80.6042
34.38,2721.58,2727.24,-61.43,-61.4306,-0.0242881,28.6084,-80.6043,28.6085,-80.6042
34.39,2720.97,2726.62,-61.4526,-61.4527,-0.0250485,28.6084,-80.6043,28.6085,-80.6042
34.4,2720.35,2725.68,-61.4751,-61.4732,-0.0257356,28.6084,-80.6043,28.6085,-80.6042
34.41,2719.74,2725.07,-61.4976,-61.4965,-0.0257271,28.6084,-80.6043,28.6085,-80.6042
34.42,2719.12,2724.45,-61.52,-61.5181,-0.0261833,28.6084,-80.6043,28.6085,-80.6042
34.43,2718.51,2723.84,-61.5423,-61.5398,-0.0270252,28.6084,-80.6043,28.6085,-80.6042
34.44,2717.89,2723.22,-61.5646,-61.5602,-0.0260574,28.6084,-80.6043,28.6085,-80.6042
34.45,2717.28,2722.61,-61.5868,-61.5813,-0.0256159,28.6084,-80.6043,28.6085,-80.6042
34.46,2716.66,2721.99,-61.609,-61.6047,-0.025833,28.6084,-80.6043,28.6085,-80.6042
34.47,2716.04,2721.37,-61.6311,-61.6261,-0.0250369,28.6084,-80.6043,28.6085,-80.6042
34.48,2715.43,2720.76,-61.6531,-61.6493,-0.0248793,28.6084,-80.6043,28.6085,-80.6042
34.49,2714.81,2720.14,-61.6751,-61.6719,-0.0240745,28.6084,-80.6043,28.6085,-80.6042
34.5,2714.19,2719.58,-61.697,-61.6957,-0.0249646,28.6084,-80.6043,28.6085,-80.6042
34.51,2713.58,2718.96,-61.7189,-61.7181,-0.0257961,28.6084,-80.6043,28.6085,-80.6042
34.52,2712.96,2718.34,-61.7407,-61.7384,-0.0250471,28.6084,-80.6043,28.6085,-80.6042
34.53,2712.34,2717.73,-61.7624,-61.7591,-0.0250585,28.6084,-80.6043,28.6085,-80.6042
34.54,2711.72,2717.11,-61.7841,-61.7788,-0.0245171,28.6084,-80.6043,28.6085,-80.6042
34.55,2711.11,2716.49,-61.8058,-61.7998,-0.024949,28.6084,-80.6043,28.6085,-80.6042
34.56,2710.49,2715.87,-61.8273,-61.8222,-0.025639,28.6084,-80.6043,28.6085,-80.6042
34.57,2709.87,2715.25,-61.8488,-61.8417,-0.0254889,28.6084,-80.6043,28.6085,-80.6042
34.58,2709.25,2714.63,-61.8703,-61.8619,-0.026355,28.6084,-80.6043,28.6085,-80.6042
34.59,2708.63,2714.02,-61.8917,-61.8831,-0.0257466,28.6084,-80.6043,28.6085,-80.6042
34.6,2708.01,2713.17,-61.913,-61.903,-0.0262119,28.6084,-80.6043,28.6085,-80.6042
34.61,2707.39,2712.55,-61.9343,-61.9224,-0.0253002,28.6084,-80.6043,28.6085,-80.6042
34.62,2706.77,2711.93,-61.9555,-61.9421,-0.0253917,28.6084,-80.6043,28.6085,-80.6042
34.63,2706.15,2711.31,-61.9766,-61.9631,-0.0259515,28.6084,-80.6043,28.6085,-80.6042
34.64,2705.53,2710.69,-61.9977,-61.9848,-0.0258545,28.6084,-80.6043,28.6085,-80.6042
34.65,2704.91,2710.07,-62.0188,-62.0067,-0.025378,28.6084,-80.6043,28.6085,-80.6042
34.66,2704.29,2709.45,-62.0398,-62.0265,-0.0256595,28.6084,-80.6043,28.6085,-80.6042
34.67,2703.67,2708.83,-62.0607,-62.0471,-0.0253045,28.6084,-80.6043,28.6085,-80.6042
34.68,2703.05,2708.21,-62.0815,-62.0694,-0.026123,28.6084,-80.6043,28.6085,-80.6042
34.69,2702.43,2707.59,-62.1024,-62.0895,-0.0253119,28.6084,-80.6043,28.6085,-80.6042
34.7,2701.81,2706.75,-62.1231,-62.1093,-0.0244001,28.6084,-80.6043,28.6085,-80.6042
34.71,2701.19,2706.13,-62.1438,-62.1311,-0.0235125,28.6084,-80.6043,28.6085,-80.6042
34.72,2700.57,2705.51,-62.1644,-62.1506,-0.0230788,28.6084,-80.6043,28.6085,-80.6042
34.73,2699.94,2704.89,-62.185,-62.1732,-0.0234183,28.6084,-80.6043,28.6085,-80.6042
34.74,2699.32,2704.27,-62.2055,-62.1936,-0.0226952,28.6084,-80.6043,28.6085,-80.6042
34.75,2698.7,2703.64,-62.226,-62.2137,-0.0227038,28.6084,-80.6043,28.6085,-80.6042
34.76,2698.08,2703.02,-62.2464,-62.2357,-0.0225969,28.6084,-80.6043,28.6085,-80.6042
34.77,2697.46,2702.4,-62.2668,-62.2566,-0.0224809,28.6084,-80.6043,28.6085,-80.6042
34.78,2696.83,2701.78,-62.287,-62.2785,-0.0223038,28.6084,-80.6043,28.6085,-80.6042
34.79,2696.21,2701.15,-62.3073,-62.2971,-0.0220305,28.6084,-80.6043,28.6085,-80.6042
34.8,2695.59,2700.99,-62.3275,-62.3158,-0.0217248,28.6084,-80.6043,28.6085,-80.6042
34.81,2694.96,2700.37,-62.3476,-62.3362,-0.0222261,28.6084,-80.6043,28.6085,-80.6042
34.82,2694.34,2699.75,-62.3677,-62.3578,-0.0225107,28.6084,-80.6043,28.6085,-80.6042
34.83,2693.72,2699.12,-62.3877,-62.3784,-0.0219328,28.6084,-80.6043,28.6085,-80.6042
34.84,2693.09,2698.5,-62.4076,-62.3993,-0.0227697,28.6084,-80.6043,28.6085,-80.6042
34.85,2692.47,2697.87,-62.4275,-62.4183,-0.0228259,28.6084,-80.6043,28.6085,-80.6042
34.86,2691.84,2697.25,-62.4474,-62.4362,-0.0224485,28.6084,-80.6043,28.6085,-80.6042
34.87,2691.22,2696.62,-62.4672,-62.457,-0.0220589,28.6084,-80.6043,28.6085,-80.6042
34.88,2690.59,2696,-62.4869,-62.4759,-0.0218872,28.6084,-80.6043,28.6085,-80.6042
34.89,2689.97,2695.37,-62.5066,-62.4967,-0.0217652,28.6084,-80.6043,28.6085,-80.6042
34.9,2689.34,2694.49,-62.5262,-62.5176,-0.0213421,28.6084,-80.6043,28.6085,-80.6042
34.91,2688.72,2693.87,-62.5458,-62.5365,-0.0221822,28.6084,-80.6043,28.6085,-80.6042
34.92,2688.09,2693.24,-62.5653,-62.5571,-0.021532,28.6084,-80.6043,28.6085,-80.6042
34.93,2687.47,2692.62,-62.5848,-62.5759,-0.0222573,28.6084,-80.6043,28.6085,-80.6042
34.94,2686.84,2691.99,-62.6042,-62.5955,-0.0221931,28.6084,-80.6043,28.6085,-80.6042
34.95,2686.21,2691.36,-62.6235,-62.6137,-0.0213904,28.6084,-80.6043,28.6085,-80.6042
34.96,2685.59,2690.74,-62.6428,-62.632,-0.0223112,28.6084,-80.6043,28.6085,-80.6042
34.97,2684.96,2690.11,-62.6621,-62.6531,-0.023086,28.6084,-80.6043,28.6085,-80.6042
34.98,2684.33,2689.49,-62.6812,-62.6728,-0.0224712,28.6084,-80.6043,28.6085,-80.6042
34.99,2683.71,2688.86,-62.7004,-62.6924,-0.0225488,28.6084,-80.6043,28.6085,-80.6042
35,2683.08,2688.52,-62.7195,-62.7113,-0.0218532,28.6084,-80.6043,28.6083,-80.6043
35.01,2682.45,2687.89,-62.7385,-62.7306,-0.0226465,28.6084,-80.6043,28.6083,-80.6043
35.02,2681.82,2687.26,-62.7575,-62.7501,-0.0226436,28.6084,-80.6043,28.6083,-80.6043
35.03,2681.2,2686.63,-62.7764,-62.7676,-0.0235208,28.6084,-80.6043,28.6083,-80.6043
35.04,2680.57,2686.01,-62.7952,-62.7878,-0.0233017,28.6084,-80.6043,28.6083,-80.6043
35.05,2679.94,2685.38,-62.8141,-62.808,-0.0235237,28.6084,-80.6043,28.6083,-80.6043
35.06,2679.31,2684.75,-62.8328,-62.827,-0.022904,28.6084,-80.6043,28.6083,-80.6043
35.07,2678.68,2684.12,-62.8515,-62.8456,-0.0221113,28.6084,-80.6043,28.6083,-80.6043
35.08,2678.05,2683.49,-62.8702,-62.8649,-0.022478,28.6084,-80.6043,28.6083,-80.6043
35.09,2677.43,2682.86,-62.8888,-62.8823,-0.0232842,28.6084,-80.6043,28.6083,-80.6043
35.1,2676.8,2682,-62.9073,-62.9014,-0.022652,28.6084,-80.6043,28.6083,-80.6043
35.11,2676.17,2681.37,-62.9258,-62.9211,-0.0224049,28.6084,-80.6043,28.6083,-80.6043
35.12,2675.54,2680.74,-62.9442,-62.9392,-0.0230107,28.6084,-80.6043,28.6083,-80.6043
35.13,2674.91,2680.11,-62.9626,-62.9589,-0.0231444,28.6084,-80.6043,28.6083,-80.6043
35.14,2674.28,2679.48,-62.981,-62.9767,-0.0233108,28.6084,-80.6043,28.6083,-80.6043
35.15,2673.65,2678.85,-62.9992,-62.9948,-0.0227702,28.6084,-80.6043,28.6083,-80.6043
35.16,2673.02,2678.22,-63.0175,-63.0136,-0.0233187,28.6084,-80.6043,28.6083,-80.6043
35.17,2672.39,2677.59,-63.0357,-63.0333,-0.0226012,28.6084,-80.6043,28.6083,-80.6043
35.18,2671.76,2676.96,-63.0538,-63.053,-0.0232382,28.6084,-80.6043,28.6083,-80.6043
35.19,2671.13,2676.33,-63.0719,-63.073,-0.0228223,28.6084,-80.6043,28.6083,-80.6043
35.2,2670.5,2675.98,-63.0899,-63.0917,-0.0229943,28.6084,-80.6043,28.6083,-80.6043
35.21,2669.86,2675.35,-63.1078,-63.1111,-0.0221136,28.6084,-80.6043,28.6083,-80.6043
35.22,2669.23,2674.72,-63.1258,-63.1309,-0.0221645,28.6084,-80.6043,28.6083,-80.6043
35.23,2668.6,2674.09,-63.1436,-63.1497,-0.021491,28.6084,-80.6043,28.6083,-80.6043
35.24,2667.97,2673.45,-63.1614,-63.1673,-0.0212645,28.6084,-80.6043,28.6083,-80.6043
35.25,2667.34,2672.82,-63.1792,-63.1844,-0.0207026,28.6084,-80.6043,28.6083,-80.6043
35.26,2666.71,2672.19,-63.1969,-63.2027,-0.0211499,28.6084,-80.6043,28.6083,-80.6043
35.27,2666.07,2671.56,-63.2146,-63.2209,-0.0210573,28.6084,-80.6043,28.6083,-80.6043
35.28,2665.44,2670.93,-63.2322,-63.2387,-0.0204583,28.6084,-80.6043,28.6083,-80.6043
35.29,2664.81,2670.29,-63.2498,-63.2576,-0.0197203,28.6084,-80.6043,28.6083,-80.6043
35.3,2664.18,2669.31,-63.2673,-63.2757,-0.0188146,28.6084,-80.6043,28.6083,-80.6043
35.31,2663.54,2668.68,-63.2847,-63.2943,-0.0196686,28.6084,-80.6043,28.6083,-80.6043
35.32,2662.91,2668.05,-63.3021,-63.3134,-0.0193483,28.6084,-80.6043,28.6083,-80.6043
35.33,2662.28,2667.41,-63.3195,-63.3317,-0.0201282,28.6084,-80.6043,28.6083,-80.6043
35.34,2661.64,2666.78,-63.3368,-63.3495,-0.0199736,28.6084,-80.6043,28.6083,-80.6043
35.35,2661.01,2666.15,-63.3541,-63.3667,-0.0199521,28.6084,-80.6043,28.6083,-80.6043
35.36,2660.38,2665.51,-63.3713,-63.3831,-0.0200234,28.6084,-80.6043,28.6083,-80.6043
35.37,2659.74,2664.88,-63.3884,-63.4,-0.0206543,28.6084,-80.6043,28.6083,-80.6043
35.38,2659.11,2664.25,-63.4055,-63.4162,-0.0208812,28.6084,-80.6043,28.6083,-80.6043
35.39,2658.48,2663.61,-63.4226,-63.4323,-0.021212,28.6084,-80.6043,28.6083,-80.6043
35.4,2657.84,2663.09,-63.4396,-63.4511,-0.0211381,28.6084,-80.6043,28.6083,-80.6043
35.41,2657.21,2662.46,-63.4566,-63.4674,-0.0203315,28.6084,-80.6043,28.6083,-80.6043
35.42,2656.57,2661.83,-63.4735,-63.4853,-0.0197957,28.6084,-80.6043,28.6083,-80.6043
35.43,2655.94,2661.19,-63.4903,-63.5014,-0.0199704,28.6084,-80.6043,28.6083,-80.6043
35.44,2655.3,2660.56,-63.5071,-63.5177,-0.0208929,28.6084,-80.6043,28.6083,-80.6043
35.45,2654.67,2659.92,-63.5239,-63.535,-0.0201664,28.6084,-80.6043,28.6083,-80.6043
35.46,2654.03,2659.28,-63.5406,-63.5513,-0.0202894,28.6084,-80.6043,28.6083,-80.6043
35.47,2653.4,2658.65,-63.5573,-63.5661,-0.0207682,28.6084,-80.6043,28.6083,-80.6043
35.48,2652.76,2658.01,-63.5739,-63.582,-0.0216516,28.6084,-80.6043,28.6083,-80.6043
35.49,2652.12,2657.38,-63.5905,-63.598,-0.0221109,28.6084,-80.6043,28.6083,-80.6043
35.5,2651.49,2656.6,-63.607,-63.6142,-0.022832,28.6084,-80.6043,28.6083,-80.6043
35.51,2650.85,2655.97,-63.6234,-63.6288,-0.0224535,28.6084,-80.6043,28.6083,-80.6043
35.52,2650.22,2655.33,-63.6399,-63.6465,-0.0219174,28.6084,-80.6043,28.6083,-80.6043
35.53,2649.58,2654.69,-63.6562,-63.6646,-0.0210757,28.6084,-80.6043,28.6083,-80.6043
35.54,2648.94,2654.06,-63.6726,-63.6825,-0.0218454,28.6084,-80.6043,28.6083,-80.6043
35.55,2648.3,2653.42,-63.6888,-63.699,-0.0212726,28.6084,-80.6043,28.6083,-80.6043
35.56,2647.67,2652.78,-63.7051,-63.7155,-0.0215504,28.6084,-80.6043,28.6083,-80.6043
35.57,2647.03,2652.15,-63.7212,-63.7336,-0.0221528,28.6084,-80.6043,28.6083,-80.6043
35.58,2646.39,2651.51,-63.7374,-63.7514,-0.0222947,28.6084,-80.6043,28.6083,-80.6043
35.59,2645.76,2650.87,-63.7535,-63.7662,-0.0230893,28.6084,-80.6043,28.6083,-80.6043
35.6,2645.12,2649.84,-63.7695,-63.7811,-0.0226915,28.6084,-80.6043,28.6083,-80.6043
35.61,2644.48,2649.2,-63.7855,-63.7962,-0.0223971,28.6084,-80.6043,28.6083,-80.6043
35.62,2643.84,2648.56,-63.8014,-63.8103,-0.0215448,28.6084,-80.6043,28.6083,-80.6043
35.63,2643.2,2647.93,-63.8173,-63.8254,-0.02136,28.6084,-80.6043,28.6083,-80.6043
35.64,2642.57,2647.29,-63.8332,-63.8425,-0.0217843,28.6084,-80.6043,28.6083,-80.6043
35.65,2641.93,2646.65,-63.849,-63.8573,-0.0224308,28.6084,-80.6043,28.6083,-80.6043
35.66,2641.29,2646.01,-63.8647,-63.8737,-0.0225884,28.6084,-80.6043,28.6083,-80.6043
35.67,2640.65,2645.37,-63.8804,-63.8901,-0.0233834,28.6084,-80.6043,28.6083,-80.6043
35.68,2640.01,2644.73,-63.8961,-63.9058,-0.0238584,28.6084,-80.6043,28.6083,-80.6043
35.69,2639.37,2644.09,-63.9117,-63.9225,-0.0236343,28.6084,-80.6043,28.6083,-80.6043
35.7,2638.73,2643.29,-63.9273,-63.9372,-0.0226512,28.6084,-80.6043,28.6083,-80.6043
35.71,2638.09,2642.65,-63.9428,-63.9546,-0.0236352,28.6084,-80.6043,28.6083,-80.6043
35.72,2637.45,2642.01,-63.9583,-63.9711,-0.0243446,28.6084,-80.6043,28.6083,-80.6043
35.73,2636.81,2641.37,-63.9737,-63.9868,-0.0251897,28.6084,-80.6043,28.6083,-80.6043
35.74,2636.17,2640.73,-63.9891,-64.0032,-0.0257264,28.6084,-80.6043,28.6083,-80.6043
35.75,2635.53,2640.09,-64.0044,-64.0174,-0.0248241,28.6084,-80.6043,28.6083,-80.6043
35.76,2634.89,2639.45,-64.0197,-64.0328,-0.024977,28.6084,-80.6043,28.6083,-80.6043
35.77,2634.25,2638.81,-64.035,-64.0464,-0.0251952,28.6084,-80.6043,28.6083,-80.6043
35.78,2633.61,2638.17,-64.0502,-64.0631,-0.0251806,28.6084,-80.6043,28.6083,-80.6043
35.79,2632.97,2637.53,-64.0653,-64.0779,-0.0253467,28.6084,-80.6043,28.6083,-80.6043
35.8,2632.33,2636.59,-64.0804,-64.094,-0.0248186,28.6084,-80.6043,28.6083,-80.6043
35.81,2631.69,2635.95,-64.0955,-64.1081,-0.0256072,28.6084,-80.6043,28.6083,-80.6043
35.82,2631.05,2635.31,-64.1105,-64.1217,-0.0262926,28.6084,-80.6043,28.6083,-80.6043
35.83,2630.41,2634.67,-64.1255,-64.1372,-0.0271743,28.6084,-80.6043,28.6083,-80.6043
35.84,2629.77,2634.02,-64.1404,-64.1511,-0.0279974,28.6084,-80.6043,28.6083,-80.6043
35.85,2629.12,2633.38,-64.1553,-64.1677,-0.0273726,28.6084,-80.6043,28.6083,-80.6043
35.86,2628.48,2632.74,-64.1701,-64.1839,-0.0282553,28.6084,-80.6043,28.6083,-80.6043
35.87,2627.84,2632.1,-64.1849,-64.2005,-0.028625,28.6084,-80.6043,28.6083,-80.6043
35.88,2627.2,2631.46,-64.1997,-64.2152,-0.0293618,28.6084,-80.6043,28.6083,-80.6043
35.89,2626.56,2630.81,-64.2144,-64.2297,-0.0289071,28.6084,-80.6043,28.6083,-80.6043
35.9,2625.91,2630.48,-64.229,-64.2427,-0.0288785,28.6084,-80.6043,28.6083,-80.6043
35.91,2625.27,2629.84,-64.2436,-64.2586,-0.0290202,28.6084,-80.6043,28.6083,-80.6043
35.92,2624.63,2629.2,-64.2582,-64.2728,-0.0290989,28.6084,-80.6043,28.6083,-80.6043
35.93,2623.99,2628.56,-64.2727,-64.2856,-0.0297583,28.6084,-80.6043,28.6083,-80.6043
35.94,2623.34,2627.91,-64.2872,-64.2985,-0.030407,28.6084,-80.6043,28.6083,-80.6043
35.95,2622.7,2627.27,-64.3016,-64.3112,-0.0301489,28.6084,-80.6043,28.6083,-80.6043
35.96,2622.06,2626.63,-64.316,-64.3243,-0.0310688,28.6084,-80.6043,28.6083,-80.6043
35.97,2621.41,2625.98,-64.3304,-64.3387,-0.0300821,28.6084,-80.6043,28.6083,-80.6043
35.98,2620.77,2625.34,-64.3447,-64.3534,-0.0299977,28.6084,-80.6043,28.6083,-80.6043
35.99,2620.13,2624.7,-64.359,-64.3666,-0.0300044,28.6084,-80.6043,28.6083,-80.6043
36,2619.48,2624.01,-64.3732,-64.3804,-0.0298542,28.6084,-80.6043,28.6085,-80.6043
36.01,2618.84,2623.36,-64.3874,-64.3939,-0.0295956,28.6084,-80.6043,28.6085,-80.6043
36.02,2618.2,2622.72,-64.4015,-64.4079,-0.0288464,28.6084,-80.6043,28.6085,-80.6043
36.03,2617.55,2622.07,-64.4156,-64.4213,-0.0297281,28.6084,-80.6043,28.6085,-80.6043
36.04,2616.91,2621.43,-64.4296,-64.4371,-0.0307275,28.6084,-80.6043,28.6085,-80.6043
36.05,2616.26,2620.78,-64.4436,-64.4511,-0.030428,28.6084,-80.6043,28.6085,-80.6043
36.06,2615.62,2620.14,-64.4576,-64.4653,-0.0305785,28.6084,-80.6043,28.6085,-80.6043
36.07,2614.97,2619.5,-64.4715,-64.4779,-0.0309015,28.6084,-80.6043,28.6085,-80.6043
36.08,2614.33,2618.85,-64.4854,-64.4914,-0.0303926,28.6084,-80.6043,28.6085,-80.6043
36.09,2613.68,2618.21,-64.4992,-64.5033,-0.0305198,28.6084,-80.6043,28.6085,-80.6043
36.1,2613.04,2617.84,-64.513,-64.5159,-0.0306186,28.6084,-80.6043,28.6085,-80.6043
36.11,2612.39,2617.19,-64.5267,-64.53,-0.0296331,28.6084,-80.6043,28.6085,-80.6043
36.12,2611.75,2616.55,-64.5404,-64.5449,-0.0292344,28.6084,-80.6043,28.6085,-80.6043
36.13,2611.1,2615.9,-64.5541,-64.5582,-0.0286991,28.6084,-80.6043,28.6085,-80.6043
36.14,2610.46,2615.26,-64.5677,-64.5724,-0.0292246,28.6084,-80.6043,28.6085,-80.6043
36.15,2609.81,2614.61,-64.5813,-64.5864,-0.0295296,28.6084,-80.6043,28.6085,-80.6043
36.16,2609.17,2613.97,-64.5948,-64.6004,-0.0302141,28.6084,-80.6043,28.6085,-80.6043
36.17,2608.52,2613.32,-64.6083,-64.6123,-0.0306958,28.6084,-80.6043,28.6085,-80.6043
36.18,2607.87,2612.67,-64.6218,-64.6244,-0.0297929,28.6084,-80.6043,28.6085,-80.6043
36.19,2607.23,2612.03,-64.6352,-64.6385,-0.0291392,28.6084,-80.6043,28.6085,-80.6043
36.2,2606.58,2611.18,-64.6486,-64.6521,-0.0281879,28.6084,-80.6043,28.6085,-80.6043
36.21,2605.93,2610.54,-64.6619,-64.6663,-0.0275966,28.6084,-80.6043,28.6085,-80.6043
36.22,2605.29,2609.89,-64.6752,-64.6791,-0.0276668,28.6084,-80.6043,28.6085,-80.6043
36.23,2604.64,2609.24,-64.6884,-64.6921,-0.0274791,28.6084,-80.6043,28.6085,-80.6043
36.24,2603.99,2608.6,-64.7016,-64.7037,-0.0277899,28.6084,-80.6043,28.6085,-80.6043
36.25,2603.35,2607.95,-64.7148,-64.7187,-0.0281277,28.6084,-80.6043,28.6085,-80.6043
36.26,2602.7,2607.3,-64.7279,-64.7317,-0.0290534,28.6084,-80.6043,28.6085,-80.6043
36.27,2602.05,2606.66,-64.741,-64.7446,-0.02956,28.6084,-80.6043,28.6085,-80.6043
36.28,2601.4,2606.01,-64.754,-64.7572,-0.0299774,28.6084,-80.6043,28.6085,-80.6043
36.29,2600.76,2605.36,-64.767,-64.7697,-0.0292573,28.6084,-80.6043,28.6085,-80.6043
36.3,2600.11,2605.2,-64.78,-64.782,-0.0283372,28.6084,-80.6043,28.6085,-80.6043
36.31,2599.46,2604.55,-64.7929,-64.7959,-0.0276324,28.6084,-80.6043,28.6085,-80.6043
36.32,2598.81,2603.9,-64.8058,-64.8088,-0.0272874,28.6084,-80.6043,28.6085,-80.6043
36.33,2598.16,2603.25,-64.8186,-64.8204,-0.0266283,28.6084,-80.6043,28.6085,-80.6043
36.34,2597.52,2602.61,-64.8314,-64.8332,-0.027141,28.6084,-80.6043,28.6085,-80.6043
36.35,2596.87,2601.96,-64.8442,-64.8447,-0.0265667,28.6084,-80.6043,28.6085,-80.6043
36.36,2596.22,2601.31,-64.8569,-64.859,-0.026365,28.6084,-80.6043,28.6085,-80.6043
36.37,2595.57,2600.66,-64.8696,-64.872,-0.0262189,28.6084,-80.6043,28.6085,-80.6043
36.38,2594.92,2600.01,-64.8822,-64.886,-0.0272043,28.6084,-80.6043,28.6085,-80.6043
36.39,2594.27,2599.36,-64.8948,-64.8987,-0.0272133,28.6084,-80.6043,28.6085,-80.6043
36.4,2593.62,2599.13,-64.9073,-64.9131,-0.0266022,28.6084,-80.6043,28.6085,-80.6043
36.41,2592.97,2598.48,-64.9199,-64.9274,-0.0269439,28.6084,-80.6043,28.6085,-80.6043
36.42,2592.32,2597.84,-64.9323,-64.9408,-0.0265204,28.6084,-80.6043,28.6085,-80.6043
36.43,2591.68,2597.19,-64.9448,-64.9527,-0.0257164,28.6084,-80.6043,28.6085,-80.6043
36.44,2591.03,2596.54,-64.9572,-64.9648,-0.0260991,28.6084,-80.6043,28.6085,-80.6043
36.45,2590.38,2595.89,-64.9695,-64.9757,-0.0254664,28.6084,-80.6043,28.6085,-80.6043
36.46,2589.73,2595.24,-64.9819,-64.9894,-0.0250375,28.6084,-80.6043,28.6085,-80.6043
36.47,2589.08,2594.59,-64.9941,-65.0024,-0.0243832,28.6084,-80.6043,28.6085,-80.6043
36.48,2588.43,2593.94,-65.0064,-65.0146,-0.025084,28.6084,-80.6043,28.6085,-80.6043
36.49,2587.78,2593.29,-65.0186,-65.0275,-0.02456,28.6084,-80.6043,28.6085,-80.6043
36.5,2587.13,2592.26,-65.0307,-65.0378,-0.0253327,28.6084,-80.6043,28.6085,-80.6043
36.51,2586.48,2591.61,-65.0429,-65.0485,-0.0252786,28.6084,-80.6043,28.6085,-80.6043
36.52,2585.82,2590.96,-65.055,-65.0608,-0.0248655,28.6084,-80.6043,28.6085,-80.6043
36.53,2585.17,2590.31,-65.067,-65.0727,-0.0240302,28.6084,-80.6043,28.6085,-80.6043
36.54,2584.52,2589.66,-65.079,-65.0859,-0.023858,28.6084,-80.6043,28.6085,-80.6043
36.55,2583.87,2589,-65.091,-65.097,-0.0243684,28.6084,-80.6043,28.6085,-80.6043
36.56,2583.22,2588.35,-65.1029,-65.1082,-0.0252637,28.6084,-80.6043,28.6085,-80.6043
36.57,2582.57,2587.7,-65.1148,-65.12,-0.0254903,28.6084,-80.6043,28.6085,-80.6043
36.58,2581.92,2587.05,-65.1267,-65.1312,-0.0256175,28.6084,-80.6043,28.6085,-80.6043
36.59,2581.27,2586.4,-65.1385,-65.1411,-0.0246546,28.6084,-80.6043,28.6085,-80.6043
36.6,2580.62,2585.88,-65.1503,-65.1537,-0.024105,28.6084,-80.6043,28.6085,-80.6043
36.61,2579.96,2585.22,-65.162,-65.1669,-0.0249153,28.6084,-80.6043,28.6085,-80.6043
36.62,2579.31,2584.57,-65.1737,-65.1768,-0.0248528,28.6084,-80.6043,28.6085,-80.6043
36.63,2578.66,2583.92,-65.1854,-65.1895,-0.0252734,28.6084,-80.6043,28.6085,-80.6043
36.64,2578.01,2583.27,-65.197,-65.2019,-0.025875,28.6084,-80.6043,28.6085,-80.6043
36.65,2577.36,2582.62,-65.2086,-65.2139,-0.0265481,28.6084,-80.6043,28.6085,-80.6043
36.66,2576.7,2581.96,-65.2202,-65.2244,-0.0256873,28.6084,-80.6043,28.6085,-80.6043
36.67,2576.05,2581.31,-65.2317,-65.2355,-0.0257647,28.6084,-80.6043,28.6085,-80.6043
36.68,2575.4,2580.66,-65.2432,-65.2471,-0.025716,28.6084,-80.6043,28.6085,-80.6043
36.69,2574.75,2580.01,-65.2546,-65.2579,-0.0266142,28.6084,-80.6043,28.6085,-80.6043
36.7,2574.09,2578.93,-65.266,-65.2704,-0.0257979,28.6084,-80.6043,28.6085,-80.6043
36.71,2573.44,2578.28,-65.2774,-65.2808,-0.0259128,28.6084,-80.6043,28.6085,-80.6043
36.72,2572.79,2577.62,-65.2887,-65.2937,-0.0249676,28.6084,-80.6043,28.6085,-80.6043
36.73,2572.14,2576.97,-65.3,-65.3035,-0.0258254,28.6084,-80.6043,28.6085,-80.6043
36.74,2571.48,2576.32,-65.3113,-65.3129,-0.0264708,28.6084,-80.6043,28.6085,-80.6043
36.75,2570.83,2575.66,-65.3225,-65.3228,-0.0272905,28.6084,-80.6043,28.6085,-80.6043
36.76,2570.18,2575.01,-65.3337,-65.3352,-0.0264089,28.6084,-80.6043,28.6085,-80.6043
36.77,2569.52,2574.36,-65.3448,-65.3481,-0.025966,28.6084,-80.6043,28.6085,-80.6043
36.78,2568.87,2573.7,-65.3559,-65.3605,-0.0262798,28.6084,-80.6043,28.6085,-80.6043
36.79,2568.22,2573.05,-65.367,-65.3735,-0.0265111,28.6084,-80.6043,28.6085,-80.6043
36.8,2567.56,2572.3,-65.378,-65.3836,-0.0271547,28.6084,-80.6043,28.6085,-80.6043
36.81,2566.91,2571.65,-65.3891,-65.396,-0.026585,28.6084,-80.6043,28.6085,-80.6043
36.82,2566.25,2570.99,-65.4,-65.4066,-0.0273016,28.6084,-80.6043,28.6085,-80.6043
36.83,2565.6,2570.34,-65.411,-65.4183,-0.0277741,28.6084,-80.6043,28.6085,-80.6043
36.84,2564.95,2569.68,-65.4218,-65.4304,-0.0276606,28.6084,-80.6043,28.6085,-80.6043
36.85,2564.29,2569.03,-65.4327,-65.4426,-0.0268237,28.6084,-80.6043,28.6085,-80.6043
36.86,2563.64,2568.37,-65.4435,-65.452,-0.0265948,28.6084,-80.6043,28.6085,-80.6043
36.87,2562.98,2567.72,-65.4543,-65.4646,-0.0259365,28.6084,-80.6043,28.6085,-80.6043
36.88,2562.33,2567.07,-65.4651,-65.4754,-0.026732,28.6084,-80.6043,28.6085,-80.6043
36.89,2561.67,2566.41,-65.4758,-65.485,-0.0263908,28.6084,-80.6043,28.6085,-80.6043
36.9,2561.02,2566.05,-65.4865,-65.4939,-0.025644,28.6084,-80.6043,28.6085,-80.6043
36.91,2560.36,2565.39,-65.4971,-65.5031,-0.0247904,28.6084,-80.6043,28.6085,-80.6043
36.92,2559.71,2564.74,-65.5077,-65.5134,-0.0256423,28.6084,-80.6043,28.6085,-80.6043
36.93,2559.05,2564.08,-65.5183,-65.5249,-0.0254482,28.6084,-80.6043,28.6085,-80.6043
36.94,2558.4,2563.43,-65.5289,-65.5356,-0.0264155,28.6084,-80.6043,28.6085,-80.6043
36.95,2557.74,2562.77,-65.5394,-65.545,-0.0262204,28.6084,-80.6043,28.6085,-80.6043
36.96,2557.09,2562.12,-65.5498,-65.5547,-0.0261003,28.6084,-80.6043,28.6085,-80.6043
36.97,2556.43,2561.46,-65.5603,-65.5663,-0.0254303,28.6084,-80.6043,28.6085,-80.6043
36.98,2555.78,2560.8,-65.5707,-65.5753,-0.0255069,28.6084,-80.6043,28.6085,-80.6043
36.99,2555.12,2560.15,-65.5811,-65.5875,-0.0256549,28.6084,-80.6043,28.6085,-80.6043
37,2554.46,2559.97,-65.5914,-65.5973,-0.0247628,28.6084,-80.6043,28.6083,-80.6043
37.01,2553.81,2559.31,-65.6017,-65.6085,-0.0238084,28.6084,-80.6043,28.6083,-80.6043
37.02,2553.15,2558.66,-65.6119,-65.6172,-0.0239846,28.6084,-80.6043,28.6083,-80.6043
37.03,2552.5,2558,-65.6222,-65.6293,-0.0234478,28.6084,-80.6043,28.6083,-80.6043
37.04,2551.84,2557.34,-65.6324,-65.6404,-0.0226149,28.6084,-80.6043,28.6083,-80.6043
37.05,2551.18,2556.69,-65.6425,-65.6498,-0.0219049,28.6084,-80.6043,28.6083,-80.6043
37.06,2550.53,2556.03,-65.6527,-65.658,-0.0209748,28.6084,-80.6043,28.6083,-80.6043
37.07,2549.87,2555.37,-65.6628,-65.6682,-0.0210768,28.6084,-80.6043,28.6083,-80.6043
37.08,2549.21,2554.72,-65.6728,-65.6764,-0.0216224,28.6084,-80.6043,28.6083,-80.6043
37.09,2548.56,2554.06,-65.6829,-65.6882,-0.021273,28.6084,-80.6043,28.6083,-80.6043
37.1,2547.9,2553.19,-65.6928,-65.6971,-0.021784,28.6084,-80.6043,28.6083,-80.6043
37.11,2547.24,2552.53,-65.7028,-65.707,-0.0213716,28.6084,-80.6043,28.6083,-80.6043
37.12,2546.58,2551.88,-65.7127,-65.7168,-0.0222065,28.6084,-80.6043,28.6083,-80.6043
37.13,2545.93,2551.22,-65.7226,-65.7273,-0.0222399,28.6084,-80.6043,28.6083,-80.6043
37.14,2545.27,2550.56,-65.7325,-65.7377,-0.0220641,28.6084,-80.6043,28.6083,-80.6043
37.15,2544.61,2549.91,-65.7423,-65.7477,-0.0221105,28.6084,-80.6043,28.6083,-80.6043
37.16,2543.96,2549.25,-65.7521,-65.7582,-0.0220308,28.6084,-80.6043,28.6083,-80.6043
37.17,2543.3,2548.59,-65.7619,-65.7684,-0.0215484,28.6084,-80.6043,28.6083,-80.6043
37.18,2542.64,2547.93,-65.7716,-65.7779,-0.0222681,28.6084,-80.6043,28.6083,-80.6043
37.19,2541.98,2547.27,-65.7813,-65.7895,-0.0223003,28.6084,-80.6043,28.6083,-80.6043
37.2,2541.32,2546.84,-65.7909,-65.7978,-0.0215625,28.6084,-80.6043,28.6083,-80.6043
37.21,2540.67,2546.18,-65.8006,-65.8076,-0.0219205,28.6084,-80.6043,28.6083,-80.6043
37.22,2540.01,2545.52,-65.8102,-65.8155,-0.021357,28.6084,-80.6043,28.6083,-80.6043
37.23,2539.35,2544.86,-65.8197,-65.8248,-0.0204172,28.6084,-80.6043,28.6083,-80.6043
37.24,2538.69,2544.2,-65.8293,-65.8345,-0.0207462,28.6084,-80.6043,28.6083,-80.6043
37.25,2538.03,2543.54,-65.8388,-65.8452,-0.0198139,28.6084,-80.6043,28.6083,-80.6043
37.26,2537.37,2542.89,-65.8482,-65.8527,-0.0189727,28.6084,-80.6043,28.6083,-80.6043
37.27,2536.72,2542.23,-65.8577,-65.8621,-0.0198234,28.6084,-80.6043,28.6083,-80.6043
37.28,2536.06,2541.57,-65.8671,-65.8725,-0.0188501,28.6084,-80.6043,28.6083,-80.6043
37.29,2535.4,2540.91,-65.8764,-65.8821,-0.0181535,28.6084,-80.6043,28.6083,-80.6043
37.3,2534.74,2540.59,-65.8858,-65.8916,-0.0173203,28.6084,-80.6043,28.6083,-80.6043
37.31,2534.08,2539.93,-65.8951,-65.9022,-0.0177434,28.6084,-80.6043,28.6083,-80.6043
37.32,2533.42,2539.27,-65.9043,-65.9098,-0.0176348,28.6084,-80.6043,28.6083,-80.6043
37.33,2532.76,2538.62,-65.9136,-65.9193,-0.0167694,28.6084,-80.6043,28.6083,-80.6043
37.34,2532.1,2537.96,-65.9228,-65.9304,-0.0172417,28.6084,-80.6043,28.6083,-80.6043
37.35,2531.44,2537.3,-65.932,-65.9384,-0.0172164,28.6084,-80.6043,28.6083,-80.6043
37.36,2530.78,2536.64,-65.9411,-65.9493,-0.0179712,28.6084,-80.6043,28.6083,-80.6043
37.37,2530.13,2535.98,-65.9502,-65.9586,-0.0172792,28.6084,-80.6043,28.6083,-80.6043
37.38,2529.47,2535.32,-65.9593,-65.967,-0.0174674,28.6084,-80.6043,28.6083,-80.6043
37.39,2528.81,2534.66,-65.9684,-65.9769,-0.0184548,28.6084,-80.6043,28.6083,-80.6043
37.4,2528.15,2534.49,-65.9774,-65.9854,-0.0189176,28.6084,-80.6043,28.6083,-80.6043
37.41,2527.49,2533.83,-65.9864,-65.9924,-0.0183737,28.6084,-80.6043,28.6083,-80.6043
37.42,2526.83,2533.17,-65.9953,-66.0031,-0.0177712,28.6084,-80.6043,28.6083,-80.6043
37.43,2526.17,2532.51,-66.0042,-66.0109,-0.0177455,28.6084,-80.6043,28.6083,-80.6043
37.44,2525.51,2531.85,-66.0131,-66.0192,-0.0183342,28.6084,-80.6043,28.6083,-80.6043
37.45,2524.85,2531.19,-66.022,-66.0284,-0.0176799,28.6084,-80.6043,28.6083,-80.6043
37.46,2524.19,2530.53,-66.0308,-66.0385,-0.0172441,28.6084,-80.6043,28.6083,-80.6043
37.47,2523.53,2529.87,-66.0396,-66.0463,-0.0167502,28.6084,-80.6043,28.6083,-80.6043
37.48,2522.86,2529.21,-66.0484,-66.0565,-0.0163931,28.6084,-80.6043,28.6083,-80.6043
37.49,2522.2,2528.55,-66.0571,-66.0641,-0.0165724,28.6084,-80.6043,28.6083,-80.6043
37.5,2521.54,2527.89,-66.0659,-66.0728,-0.0169769,28.6084,-80.6043,28.6083,-80.6043
37.51,2520.88,2527.23,-66.0745,-66.0816,-0.0165094,28.6084,-80.6043,28.6083,-80.6043
37.52,2520.22,2526.57,-66.0832,-66.091,-0.0169622,28.6084,-80.6043,28.6083,-80.6043
37.53,2519.56,2525.91,-66.0918,-66.1011,-0.0167162,28.6084,-80.6043,28.6083,-80.6043
37.54,2518.9,2525.25,-66.1004,-66.1105,-0.0161963,28.6084,-80.6043,28.6083,-80.6043
37.55,2518.24,2524.59,-66.1089,-66.1175,-0.0166398,28.6084,-80.6043,28.6083,-80.6043
37.56,2517.58,2523.92,-66.1175,-66.1268,-0.0163127,28.6084,-80.6043,28.6083,-80.6043
37.57,2516.92,2523.26,-66.126,-66.1359,-0.0171085,28.6084,-80.6043,28.6083,-80.6043
37.58,2516.26,2522.6,-66.1344,-66.1447,-0.0163801,28.6084,-80.6043,28.6083,-80.6043
37.59,2515.59,2521.94,-66.1429,-66.1521,-0.0161245,28.6084,-80.6043,28.6083,-80.6043
37.6,2514.93,2521.34,-66.1513,-66.1614,-0.015967,28.6084,-80.6043,28.6083,-80.6043
37.61,2514.27,2520.68,-66.1597,-66.1685,-0.0163178,28.6084,-80.6043,28.6083,-80.6043
37.62,2513.61,2520.02,-66.168,-66.1765,-0.0170016,28.6084,-80.6043,28.6083,-80.6043
37.63,2512.95,2519.36,-66.1763,-66.1869,-0.0172967,28.6084,-80.6043,28.6083,-80.6043
37.64,2512.29,2518.69,-66.1846,-66.1949,-0.01733,28.6084,-80.6043,28.6083,-80.6043
37.65,2511.62,2518.03,-66.1929,-66.2025,-0.018244,28.6084,-80.6043,28.6083,-80.6043
37.66,2510.96,2517.37,-66.2011,-66.2124,-0.018476,28.6084,-80.6043,28.6083,-80.6043
37.67,2510.3,2516.71,-66.2093,-66.2212,-0.0187566,28.6084,-80.6043,28.6083,-80.6043
37.68,2509.64,2516.05,-66.2175,-66.2292,-0.0177835,28.6084,-80.6043,28.6083,-80.6043
37.69,2508.97,2515.38,-66.2256,-66.2368,-0.0182163,28.6084,-80.6043,28.6083,-80.6043
37.7,2508.31,2514.19,-66.2337,-66.2434,-0.0173806,28.6084,-80.6043,28.6083,-80.6043
37.71,2507.65,2513.52,-66.2418,-66.2512,-0.0178423,28.6084,-80.6043,28.6083,-80.6043
37.72,2506.99,2512.86,-66.2499,-66.2585,-0.0169145,28.6084,-80.6043,28.6083,-80.6043
37.73,2506.32,2512.2,-66.2579,-66.268,-0.0170383,28.6084,-80.6043,28.6083,-80.6043
37.74,2505.66,2511.54,-66.2659,-66.2756,-0.0171841,28.6084,-80.6043,28.6083,-80.6043
37.75,2505,2510.87,-66.2739,-66.2855,-0.01736,28.6084,-80.6043,28.6083,-80.6043
37.76,2504.34,2510.21,-66.2818,-66.2937,-0.0176771,28.6084,-80.6043,28.6083,-80.6043
37.77,2503.67,2509.55,-66.2897,-66.2997,-0.0174834,28.6084,-80.6043,28.6083,-80.6043
37.78,2503.01,2508.88,-66.2976,-66.3082,-0.0178198,28.6084,-80.6043,28.6083,-80.6043
37.79,2502.35,2508.22,-66.3055,-66.3174,-0.0171638,28.6084,-80.6043,28.6083,-80.6043
37.8,2501.68,2507.61,-66.3133,-66.3233,-0.0177472,28.6084,-80.6043,28.6083,-80.6043
37.81,2501.02,2506.95,-66.3211,-66.3294,-0.0176035,28.6084,-80.6043,28.6083,-80.6043
37.82,2500.36,2506.28,-66.3289,-66.3381,-0.0168243,28.6084,-80.6043,28.6083,-80.6043
37.83,2499.69,2505.62,-66.3366,-66.3456,-0.0159974,28.6084,-80.6043,28.6083,-80.6043
37.84,2499.03,2504.96,-66.3443,-66.3546,-0.0161243,28.6084,-80.6043,28.6083,-80.6043
37.85,2498.37,2504.29,-66.352,-66.361,-0.0156091,28.6084,-80.6043,28.6083,-80.6043
37.86,2497.7,2503.63,-66.3596,-66.3667,-0.0164082,28.6084,-80.6043,28.6083,-80.6043
37.87,2497.04,2502.96,-66.3673,-66.3746,-0.0155238,28.6084,-80.6043,28.6083,-80.6043
37.88,2496.38,2502.3,-66.3749,-66.3832,-0.0147595,28.6084,-80.6043,28.6083,-80.6043
37.89,2495.71,2501.64,-66.3824,-66.3907,-0.0144376,28.6084,-80.6043,28.6083,-80.6043
37.9,2495.05,2500.84,-66.39,-66.3966,-0.0135458,28.6084,-80.6043,28.6083,-80.6043
37.91,2494.39,2500.18,-66.3975,-66.4057,-0.0126952,28.6084,-80.6043,28.6083,-80.6043
37.92,2493.72,2499.52,-66.405,-66.4125,-0.0125249,28.6084,-80.6043,28.6083,-80.6043
37.93,2493.06,2498.85,-66.4125,-66.4209,-0.0118014,28.6084,-80.6043,28.6083,-80.6043
37.94,2492.39,2498.19,-66.4199,-66.4287,-0.0123232,28.6084,-80.6043,28.6083,-80.6043
37.95,2491.73,2497.52,-66.4273,-66.4378,-0.0126687,28.6084,-80.6043,28.6083,-80.6043
37.96,2491.06,2496.86,-66.4347,-66.4448,-0.0123849,28.6084,-80.6043,28.6083,-80.6043
37.97,2490.4,2496.19,-66.442,-66.4517,-0.0123954,28.6084,-80.6043,28.6083,-80.6043
37.98,2489.74,2495.53,-66.4494,-66.4602,-0.0123664,28.6084,-80.6043,28.6083,-80.6043
37.99,2489.07,2494.86,-66.4567,-66.4669,-0.0120927,28.6084,-80.6043,28.6083,-80.6043
38,2488.41,2493.96,-66.4639,-66.4747,-0.0122416,28.6084,-80.6043,28.6084,-80.6044
38.01,2487.74,2493.29,-66.4712,-66.4815,-0.0115024,28.6084,-80.6043,28.6084,-80.6044
38.02,2487.08,2492.63,-66.4784,-66.4904,-0.0118204,28.6084,-80.6043,28.6084,-80.6044
38.03,2486.41,2491.96,-66.4856,-66.497,-0.0127462,28.6084,-80.6043,28.6084,-80.6044
38.04,2485.75,2491.3,-66.4928,-66.5044,-0.0119635,28.6084,-80.6043,28.6084,-80.6044
38.05,2485.08,2490.63,-66.4999,-66.5097,-0.0126894,28.6084,-80.6043,28.6084,-80.6044
38.06,2484.42,2489.97,-66.507,-66.5169,-0.0132504,28.6084,-80.6043,28.6084,-80.6044
38.07,2483.75,2489.3,-66.5141,-66.522,-0.0124711,28.6084,-80.6043,28.6084,-80.6044
38.08,2483.09,2488.64,-66.5211,-66.5292,-0.0133335,28.6084,-80.6043,28.6084,-80.6044
38.09,2482.42,2487.97,-66.5282,-66.5373,-0.0142059,28.6084,-80.6043,28.6084,-80.6044
38.1,2481.76,2487.3,-66.5352,-66.5435,-0.01357,28.6084,-80.6043,28.6084,-80.6044
38.11,2481.09,2486.63,-66.5422,-66.5502,-0.0139051,28.6084,-80.6043,28.6084,-80.6044
38.12,2480.42,2485.97,-66.5491,-66.5583,-0.0138095,28.6084,-80.6043,28.6084,-80.6044
38.13,2479.76,2485.3,-66.556,-66.5645,-0.0135054,28.6084,-80.6043,28.6084,-80.6044
38.14,2479.09,2484.63,-66.5629,-66.5728,-0.0142565,28.6084,-80.6043,28.6084,-80.6044
38.15,2478.43,2483.97,-66.5698,-66.5795,-0.0138159,28.6084,-80.6043,28.6084,-80.6044
38.16,2477.76,2483.3,-66.5767,-66.5852,-0.014269,28.6084,-80.6043,28.6084,-80.6044
38.17,2477.1,2482.64,-66.5835,-66.5908,-0.014978,28.6084,-80.6043,28.6084,-80.6044
38.18,2476.43,2481.97,-66.5903,-66.5958,-0.0142809,28.6084,-80.6043,28.6084,-80.6044
38.19,2475.76,2481.31,-66.5971,-66.6023,-0.0136496,28.6084,-80.6043,28.6084,-80.6044
38.2,2475.1,2481.1,-66.6038,-66.6078,-0.0132032,28.6084,-80.6043,28.6084,-80.6044
38.21,2474.43,2480.43,-66.6105,-66.6153,-0.0127592,28.6084,-80.6043,28.6084,-80.6044
38.22,2473.77,2479.76,-66.6172,-66.6233,-0.0127809,28.6084,-80.6043,28.6084,-80.6044
38.23,2473.1,2479.1,-66.6239,-66.6288,-0.0129837,28.6084,-80.6043,28.6084,-80.6044
38.24,2472.43,2478.43,-66.6305,-66.6352,-0.0129806,28.6084,-80.6043,28.6084,-80.6044
38.25,2471.77,2477.76,-66.6371,-66.643,-0.0137576,28.6084,-80.6043,28.6084,-80.6044
38.26,2471.1,2477.1,-66.6437,-66.6499,-0.0136597,28.6084,-80.6043,28.6084,-80.6044
38.27,2470.43,2476.43,-66.6503,-66.6571,-0.012739,28.6084,-80.6043,28.6084,-80.6044
38.28,2469.77,2475.76,-66.6568,-66.6648,-0.011759,28.6084,-80.6043,28.6084,-80.6044
38.29,2469.1,2475.1,-66.6634,-66.6728,-0.0120557,28.6084,-80.6043,28.6084,-80.6044
38.3,2468.43,2473.96,-66.6698,-66.6792,-0.0113685,28.6084,-80.6043,28.6084,-80.6044
38.31,2467.77,2473.29,-66.6763,-66.6871,-0.0110584,28.6084,-80.6043,28.6084,-80.6044
38.32,2467.1,2472.63,-66.6828,-66.6943,-0.0106396,28.6084,-80.6043,28.6084,-80.6044
38.33,2466.43,2471.96,-66.6892,-66.7007,-0.00986394,28.6084,-80.6043,28.6084,-80.6044
38.34,2465.77,2471.29,-66.6956,-66.707,-0.0102348,28.6084,-80.6043,28.6084,-80.6044
38.35,2465.1,2470.63,-66.7019,-66.7129,-0.00960045,28.6084,-80.6043,28.6084,-80.6044
38.36,2464.43,2469.96,-66.7083,-66.7199,-0.00993434,28.6084,-80.6043,28.6084,-80.6044
38.37,2463.77,2469.29,-66.7146,-66.7242,-0.00926592,28.6084,-80.6043,28.6084,-80.6044
38.38,2463.1,2468.62,-66.7209,-66.732,-0.00947094,28.6084,-80.6043,28.6084,-80.6044
38.39,2462.43,2467.96,-66.7271,-66.7387,-0.00922005,28.6084,-80.6043,28.6084,-80.6044
38.4,2461.76,2467.62,-66.7334,-66.7445,-0.00922276,28.6084,-80.6043,28.6084,-80.6044
38.41,2461.1,2466.95,-66.7396,-66.7526,-0.00854953,28.6084,-80.6043,28.6084,-80.6044
38.42,2460.43,2466.29,-66.7458,-66.7568,-0.00876923,28.6084,-80.6043,28.6084,-80.6044
38.43,2459.76,2465.62,-66.752,-66.7616,-0.00952598,28.6084,-80.6043,28.6084,-80.6044
38.44,2459.09,2464.95,-66.7581,-66.7668,-0.00984947,28.6084,-80.6043,28.6084,-80.6044
38.45,2458.43,2464.28,-66.7642,-66.7711,-0.0090535,28.6084,-80.6043,28.6084,-80.6044
38.46,2457.76,2463.62,-66.7703,-66.7787,-0.00881296,28.6084,-80.6043,28.6084,-80.6044
38.47,2457.09,2462.95,-66.7764,-66.786,-0.00814746,28.6084,-80.6043,28.6084,-80.6044
38.48,2456.42,2462.28,-66.7825,-66.7935,-0.00897236,28.6084,-80.6043,28.6084,-80.6044
38.49,2455.75,2461.61,-66.7885,-66.8001,-0.00909547,28.6084,-80.6043,28.6084,-80.6044
38.5,2455.09,2460.62,-66.7945,-66.8053,-0.00974551,28.6084,-80.6043,28.6084,-80.6044
38.51,2454.42,2459.95,-66.8005,-66.8102,-0.0103977,28.6084,-80.6043,28.6084,-80.6044
38.52,2453.75,2459.29,-66.8064,-66.8157,-0.0110866,28.6084,-80.6043,28.6084,-80.6044
38.53,2453.08,2458.62,-66.8124,-66.8213,-0.0120769,28.6084,-80.6043,28.6084,-80.6044
38.54,2452.41,2457.95,-66.8183,-66.8261,-0.0127061,28.6084,-80.6043,28.6084,-80.6044
38.55,2451.75,2457.28,-66.8241,-66.832,-0.0120682,28.6084,-80.6043,28.6084,-80.6044
38.56,2451.08,2456.61,-66.83,-66.8384,-0.012388,28.6084,-80.6043,28.6084,-80.6044
38.57,2450.41,2455.94,-66.8358,-66.843,-0.011911,28.6084,-80.6043,28.6084,-80.6044
38.58,2449.74,2455.28,-66.8417,-66.8501,-0.0110332,28.6084,-80.6043,28.6084,-80.6044
38.59,2449.07,2454.61,-66.8474,-66.856,-0.0110232,28.6084,-80.6043,28.6084,-80.6044
38.6,2448.4,2453.52,-66.8532,-66.8602,-0.0112666,28.6084,-80.6043,28.6084,-80.6044
38.61,2447.74,2452.85,-66.859,-66.8654,-0.0111107,28.6084,-80.6043,28.6084,-80.6044
38.62,2447.07,2452.18,-66.8647,-66.8713,-0.0108141,28.6084,-80.6043,28.6084,-80.6044
38.63,2446.4,2451.51,-66.8704,-66.8763,-0.0101763,28.6084,-80.6043,28.6084,-80.6044
38.64,2445.73,2450.84,-66.8761,-66.8836,-0.0104481,28.6084,-80.6043,28.6084,-80.6044
38.65,2445.06,2450.18,-66.8817,-66.8873,-0.00970764,28.6084,-80.6043,28.6084,-80.6044
38.66,2444.39,2449.51,-66.8873,-66.8933,-0.0103721,28.6084,-80.6043,28.6084,-80.6044
38.67,2443.72,2448.84,-66.8929,-66.899,-0.0102695,28.6084,-80.6043,28.6084,-80.6044
38.68,2443.05,2448.17,-66.8985,-66.9036,-0.0102839,28.6084,-80.6043,28.6084,-80.6044
38.69,2442.39,2447.5,-66.9041,-66.9099,-0.00943487,28.6084,-80.6043,28.6084,-80.6044
38.7,2441.72,2446.94,-66.9096,-66.9134,-0.0101323,28.6084,-80.6043,28.6084,-80.6044
38.71,2441.05,2446.28,-66.9151,-66.9198,-0.00919513,28.6084,-80.6043,28.6084,-80.6044
38.72,2440.38,2445.61,-66.9206,-66.9273,-0.00918885,28.6084,-80.6043,28.6084,-80.6044
38.73,2439.71,2444.94,-66.9261,-66.9311,-0.00920554,28.6084,-80.6043,28.6084,-80.6044
38.74,2439.04,2444.27,-66.9315,-66.9385,-0.00858229,28.6084,-80.6043,28.6084,-80.6044
38.75,2438.37,2443.6,-66.937,-66.9425,-0.00830937,28.6084,-80.6043,28.6084,-80.6044
38.76,2437.7,2442.93,-66.9424,-66.9485,-0.00841355,28.6084,-80.6043,28.6084,-80.6044
38.77,2437.03,2442.26,-66.9478,-66.9555,-0.00744494,28.6084,-80.6043,28.6084,-80.6044
38.78,2436.36,2441.59,-66.9531,-66.9624,-0.00661206,28.6084,-80.6043,28.6084,-80.6044
38.79,2435.69,2440.92,-66.9585,-66.9695,-0.00665693,28.6084,-80.6043,28.6084,-80.6044
38.8,2435.02,2440.17,-66.9638,-66.9732,-0.00577444,28.6084,-80.6043,28.6084,-80.6044
38.81,2434.35,2439.5,-66.9691,-66.977,-0.00591611,28.6084,-80.6043,28.6084,-80.6044
38.82,2433.68,2438.83,-66.9743,-66.9825,-0.0052817,28.6084,-80.6043,28.6084,-80.6044
38.83,2433.01,2438.16,-66.9796,-66.9861,-0.0047677,28.6084,-80.6043,28.6084,-80.6044
38.84,2432.34,2437.49,-66.9848,-66.9904,-0.00393124,28.6084,-80.6043,28.6084,-80.6044
38.85,2431.67,2436.82,-66.99,-66.9939,-0.00490205,28.6084,-80.6043,28.6084,-80.6044
38.86,2431,2436.15,-66.9952,-67.0001,-0.00414831,28.6084,-80.6043,28.6084,-80.6044
38.87,2430.33,2435.48,-67.0004,-67.0071,-0.00363275,28.6084,-80.6043,28.6084,-80.6044
38.88,2429.66,2434.81,-67.0055,-67.0111,-0.00359753,28.6084,-80.6043,28.6084,-80.6044
38.89,2428.99,2434.14,-67.0106,-67.0152,-0.00340556,28.6084,-80.6043,28.6084,-80.6044
38.9,2428.32,2433.13,-67.0157,-67.0207,-0.00360083,28.6084,-80.6043,28.6084,-80.6044
38.91,2427.65,2432.46,-67.0208,-67.0241,-0.00360099,28.6084,-80.6043,28.6084,-80.6044
38.92,2426.98,2431.79,-67.0258,-67.0275,-0.00270321,28.6084,-80.6043,28.6084,-80.6044
38.93,2426.31,2431.12,-67.0309,-67.0328,-0.00172853,28.6084,-80.6043,28.6084,-80.6044
38.94,2425.64,2430.45,-67.0359,-67.0382,-0.00207519,28.6084,-80.6043,28.6084,-80.6044
38.95,2424.97,2429.78,-67.0409,-67.0414,-0.00247559,28.6084,-80.6043,28.6084,-80.6044
38.96,2424.3,2429.11,-67.0458,-67.0468,-0.00276009,28.6084,-80.6043,28.6084,-80.6044
38.97,2423.63,2428.44,-67.0508,-67.0508,-0.0033162,28.6084,-80.6043,28.6084,-80.6044
38.98,2422.96,2427.77,-67.0557,-67.0566,-0.00335325,28.6084,-80.6043,28.6084,-80.6044
38.99,2422.29,2427.1,-67.0606,-67.0597,-0.00395739,28.6084,-80.6043,28.6084,-80.6044
39,2421.62,2426.89,-67.0655,-67.065,-0.00300086,28.6084,-80.6043,28.6084,-80.6043
39.01,2420.95,2426.22,-67.0704,-67.0701,-0.00399241,28.6084,-80.6043,28.6084,-80.6043
39.02,2420.28,2425.55,-67.0752,-67.073,-0.00369847,28.6084,-80.6043,28.6084,-80.6043
39.03,2419.61,2424.87,-67.08,-67.0762,-0.00394122,28.6084,-80.6043,28.6084,-80.6043
39.04,2418.94,2424.2,-67.0848,-67.0807,-0.00345157,28.6084,-80.6043,28.6084,-80.6043
39.05,2418.26,2423.53,-67.0896,-67.0839,-0.00346098,28.6084,-80.6043,28.6084,-80.6043
39.06,2417.59,2422.86,-67.0944,-67.0879,-0.00387118,28.6084,-80.6043,28.6084,-80.6043
39.07,2416.92,2422.19,-67.0991,-67.0927,-0.00463083,28.6084,-80.6043,28.6084,-80.6043
39.08,2416.25,2421.52,-67.1038,-67.097,-0.0048084,28.6084,-80.6043,28.6084,-80.6043
39.09,2415.58,2420.85,-67.1085,-67.102,-0.00575576,28.6084,-80.6043,28.6084,-80.6043
39.1,2414.91,2420.02,-67.1132,-67.1056,-0.00646687,28.6084,-80.6043,28.6084,-80.6043
39.11,2414.24,2419.35,-67.1178,-67.1112,-0.00621502,28.6084,-80.6043,28.6084,-80.6043
39.12,2413.57,2418.68,-67.1225,-67.117,-0.00672184,28.6084,-80.6043,28.6084,-80.6043
39.13,2412.9,2418.01,-67.1271,-67.1236,-0.00734143,28.6084,-80.6043,28.6084,-80.6043
39.14,2412.22,2417.34,-67.1317,-67.1274,-0.00777683,28.6084,-80.6043,28.6084,-80.6043
39.15,2411.55,2416.67,-67.1363,-67.1332,-0.00695779,28.6084,-80.6043,28.6084,-80.6043
39.16,2410.88,2415.99,-67.1408,-67.1384,-0.00652527,28.6084,-80.6043,28.6084,-80.6043
39.17,2410.21,2415.32,-67.1454,-67.1414,-0.00556476,28.6084,-80.6043,28.6084,-80.6043
39.18,2409.54,2414.65,-67.1499,-67.1454,-0.00603595,28.6084,-80.6043,28.6084,-80.6043
39.19,2408.87,2413.98,-67.1544,-67.1497,-0.00629502,28.6084,-80.6043,28.6084,-80.6043
39.2,2408.2,2412.95,-67.1588,-67.1556,-0.00718597,28.6084,-80.6043,28.6084,-80.6043
39.21,2407.52,2412.28,-67.1633,-67.1618,-0.00711165,28.6084,-80.6043,28.6084,-80.6043
39.22,2406.85,2411.61,-67.1677,-67.1675,-0.00799279,28.6084,-80.6043,28.6084,-80.6043
39.23,2406.18,2410.93,-67.1722,-67.1701,-0.00778414,28.6084,-80.6043,28.6084,-80.6043
39.24,2405.51,2410.26,-67.1766,-67.1761,-0.00734946,28.6084,-80.6043,28.6084,-80.6043
39.25,2404.84,2409.59,-67.1809,-67.1795,-0.00768144,28.6084,-80.6043,28.6084,-80.6043
39.26,2404.16,2408.92,-67.1853,-67.1828,-0.00793205,28.6084,-80.6043,28.6084,-80.6043
39.27,2403.49,2408.25,-67.1896,-67.187,-0.00890686,28.6084,-80.6043,28.6084,-80.6043
39.28,2402.82,2407.58,-67.1939,-67.1917,-0.00843457,28.6084,-80.6043,28.6084,-80.6043
39.29,2402.15,2406.9,-67.1982,-67.1952,-0.00808921,28.6084,-80.6043,28.6084,-80.6043
39.3,2401.48,2406.3,-67.2025,-67.1977,-0.00784665,28.6084,-80.6043,28.6084,-80.6043
39.31,2400.8,2405.63,-67.2068,-67.204,-0.00783253,28.6084,-80.6043,28.6084,-80.6043
39.32,2400.13,2404.95,-67.211,-67.2063,-0.0082876,28.6084,-80.6043,28.6084,-80.6043
39.33,2399.46,2404.28,-67.2152,-67.2094,-0.00819668,28.6084,-80.6043,28.6084,-80.6043
39.34,2398.79,2403.61,-67.2194,-67.213,-0.00736786,28.6084,-80.6043,28.6084,-80.6043
39.35,2398.12,2402.94,-67.2236,-67.2168,-0.00695364,28.6084,-80.6043,28.6084,-80.6043
39.36,2397.44,2402.27,-67.2278,-67.2216,-0.00767935,28.6084,-80.6043,28.6084,-80.6043
39.37,2396.77,2401.59,-67.2319,-67.2241,-0.00785597,28.6084,-80.6043,28.6084,-80.6043
39.38,2396.1,2400.92,-67.2361,-67.2299,-0.0078644,28.6084,-80.6043,28.6084,-80.6043
39.39,2395.43,2400.25,-67.2402,-67.234,-0.00725867,28.6084,-80.6043,28.6084,-80.6043
39.4,2394.75,2399.85,-67.2443,-67.2392,-0.00659579,28.6084,-80.6043,28.6084,-80.6043
39.41,2394.08,2399.17,-67.2483,-67.2429,-0.00684103,28.6084,-80.6043,28.6084,-80.6043
39.42,2393.41,2398.5,-67.2524,-67.2467,-0.00782175,28.6084,-80.6043,28.6084,-80.6043
39.43,2392.74,2397.83,-67.2564,-67.2522,-0.00823531,28.6084,-80.6043,28.6084,-80.6043
39.44,2392.06,2397.16,-67.2604,-67.2555,-0.00914711,28.6084,-80.6043,28.6084,-80.6043
39.45,2391.39,2396.48,-67.2644,-67.2579,-0.00877053,28.6084,-80.6043,28.6084,-80.6043
39.46,2390.72,2395.81,-67.2684,-67.2611,-0.00892741,28.6084,-80.6043,28.6084,-80.6043
39.47,2390.05,2395.14,-67.2723,-67.2643,-0.00800062,28.6084,-80.6043,28.6084,-80.6043
39.48,2389.37,2394.47,-67.2763,-67.2695,-0.00856068,28.6084,-80.6043,28.6084,-80.6043
39.49,2388.7,2393.79,-67.2802,-67.273,-0.00934581,28.6084,-80.6043,28.6084,-80.6043
39.5,2388.03,2393.34,-67.2841,-67.2756,-0.00971895,28.6084,-80.6043,28.6084,-80.6043
39.51,2387.35,2392.66,-67.288,-67.2797,-0.0103092,28.6084,-80.6043,28.6084,-80.6043
39.52,2386.68,2391.99,-67.2918,-67.282,-0.0112239,28.6084,-80.6043,28.6084,-80.6043
39.53,2386.01,2391.32,-67.2957,-67.2851,-0.0114863,28.6084,-80.6043,28.6084,-80.6043
39.54,2385.34,2390.64,-67.2995,-67.2875,-0.0105958,28.6084,-80.6043,28.6084,-80.6043
39.55,2384.66,2389.97,-67.3033,-67.2925,-0.0107671,28.6084,-80.6043,28.6084,-80.6043
39.56,2383.99,2389.3,-67.3071,-67.2961,-0.0106118,28.6084,-80.6043,28.6084,-80.6043
39.57,2383.32,2388.63,-67.3109,-67.2979,-0.0104635,28.6084,-80.6043,28.6084,-80.6043
39.58,2382.64,2387.95,-67.3146,-67.3009,-0.0108854,28.6084,-80.6043,28.6084,-80.6043
39.59,2381.97,2387.28,-67.3184,-67.3056,-0.0104149,28.6084,-80.6043,28.6084,-80.6043
39.6,2381.3,2387.14,-67.3221,-67.3105,-0.00952539,28.6084,-80.6043,28.6084,-80.6043
39.61,2380.62,2386.47,-67.3258,-67.3145,-0.00928686,28.6084,-80.6043,28.6084,-80.6043
39.62,2379.95,2385.79,-67.3295,-67.3186,-0.00865062,28.6084,-80.6043,28.6084,-80.6043
39.63,2379.28,2385.12,-67.3332,-67.3209,-0.00765878,28.6084,-80.6043,28.6084,-80.6043
39.64,2378.6,2384.45,-67.3368,-67.3228,-0.0073404,28.6084,-80.6043,28.6084,-80.6043
39.65,2377.93,2383.77,-67.3404,-67.3272,-0.0075699,28.6084,-80.6043,28.6084,-80.6043
39.66,2377.26,2383.1,-67.344,-67.3304,-0.00754141,28.6084,-80.6043,28.6084,-80.6043
39.67,2376.58,2382.43,-67.3476,-67.335,-0.00722358,28.6084,-80.6043,28.6084,-80.6043
39.68,2375.91,2381.75,-67.3512,-67.3397,-0.00697265,28.6084,-80.6043,28.6084,-80.6043
39.69,2375.24,2381.08,-67.3548,-67.3432,-0.00765231,28.6084,-80.6043,28.6084,-80.6043
39.7,2374.56,2380.55,-67.3583,-67.3455,-0.00681481,28.6084,-80.6043,28.6084,-80.6043
39.71,2373.89,2379.88,-67.3618,-67.3481,-0.00598568,28.6084,-80.6043,28.6084,-80.6043
39.72,2373.22,2379.21,-67.3654,-67.3524,-0.0067966,28.6084,-80.6043,28.6084,-80.6043
39.73,2372.54,2378.53,-67.3688,-67.3571,-0.00668602,28.6084,-80.6043,28.6084,-80.6043
39.74,2371.87,2377.86,-67.3723,-67.3592,-0.00687175,28.6084,-80.6043,28.6084,-80.6043
39.75,2371.19,2377.18,-67.3758,-67.3627,-0.00735973,28.6084,-80.6043,28.6084,-80.6043
39.76,2370.52,2376.51,-67.3792,-67.368,-0.00812113,28.6084,-80.6043,28.6084,-80.6043
39.77,2369.85,2375.84,-67.3826,-67.3708,-0.00742042,28.6084,-80.6043,28.6084,-80.6043
39.78,2369.17,2375.16,-67.386,-67.3724,-0.00713737,28.6084,-80.6043,28.6084,-80.6043
39.79,2368.5,2374.49,-67.3894,-67.3747,-0.00690192,28.6084,-80.6043,28.6084,-80.6043
39.8,2367.83,2373.73,-67.3928,-67.3762,-0.00757961,28.6084,-80.6043,28.6084,-80.6043
39.81,2367.15,2373.05,-67.3961,-67.3807,-0.00774402,28.6084,-80.6043,28.6084,-80.6043
39.82,2366.48,2372.38,-67.3995,-67.3824,-0.00738392,28.6084,-80.6043,28.6084,-80.6043
39.83,2365.8,2371.71,-67.4028,-67.3876,-0.00758925,28.6084,-80.6043,28.6084,-80.6043
39.84,2365.13,2371.03,-67.4061,-67.3895,-0.00685129,28.6084,-80.6043,28.6084,-80.6043
39.85,2364.46,2370.36,-67.4094,-67.3935,-0.0067215,28.6084,-80.6043,28.6084,-80.6043
39.86,2363.78,2369.68,-67.4127,-67.3977,-0.00726019,28.6084,-80.6043,28.6084,-80.6043
39.87,2363.11,2369.01,-67.4159,-67.3995,-0.00752641,28.6084,-80.6043,28.6084,-80.6043
39.88,2362.43,2368.34,-67.4191,-67.403,-0.00768841,28.6084,-80.6043,28.6084,-80.6043
39.89,2361.76,2367.66,-67.4224,-67.4074,-0.00700563,28.6084,-80.6043,28.6084,-80.6043
39.9,2361.08,2366.97,-67.4256,-67.409,-0.00710021,28.6084,-80.6043,28.6084,-80.6043
39.91,2360.41,2366.29,-67.4288,-67.4107,-0.00790359,28.6084,-80.6043,28.6084,-80.6043
39.92,2359.74,2365.62,-67.4319,-67.4129,-0.00690982,28.6084,-80.6043,28.6084,-80.6043
39.93,2359.06,2364.95,-67.4351,-67.4151,-0.00691006,28.6084,-80.6043,28.6084,-80.6043
39.94,2358.39,2364.27,-67.4382,-67.4178,-0.00652864,28.6084,-80.6043,28.6084,-80.6043
39.95,2357.71,2363.6,-67.4413,-67.4203,-0.00583138,28.6084,-80.6043,28.6084,-80.6043
39.96,2357.04,2362.92,-67.4444,-67.4248,-0.00667372,28.6084,-80.6043,28.6084,-80.6043
39.97,2356.36,2362.25,-67.4475,-67.4269,-0.00600195,28.6084,-80.6043,28.6084,-80.6043
39.98,2355.69,2361.58,-67.4506,-67.4315,-0.00672414,28.6084,-80.6043,28.6084,-80.6043
39.99,2355.01,2360.9,-67.4536,-67.4338,-0.00574201,28.6084,-80.6043,28.6084,-80.6043
40,2354.34,2359.78,-67.4567,-67.437,-0.00626001,28.6084,-80.6043,28.6083,-80.6043
40.01,2353.67,2359.11,-67.4597,-67.441,-0.00705059,28.6084,-80.6043,28.6083,-80.6043
40.02,2352.99,2358.43,-67.4627,-67.4427,-0.00612801,28.6084,-80.6043,28.6083,-80.6043
40.03,2352.32,2357.76,-67.4657,-67.4459,-0.00656858,28.6084,-80.6043,28.6083,-80.6043
40.04,2351.64,2357.09,-67.4687,-67.4476,-0.00660638,28.6084,-80.6043,28.6083,-80.6043
40.05,2350.97,2356.41,-67.4716,-67.451,-0.0064886,28.6084,-80.6043,28.6083,-80.6043
40.06,2350.29,2355.74,-67.4746,-67.454,-0.00725288,28.6084,-80.6043,28.6083,-80.6043
40.07,2349.62,2355.06,-67.4775,-67.4587,-0.0080677,28.6084,-80.6043,28.6083,-80.6043
40.08,2348.94,2354.39,-67.4804,-67.4604,-0.00762809,28.6084,-80.6043,28.6083,-80.6043
40.09,2348.27,2353.71,-67.4833,-67.4615,-0.00669926,28.6084,-80.6043,28.6083,-80.6043
40.1,2347.59,2353.29,-67.4862,-67.4632,-0.00633369,28.6084,-80.6043,28.6083,-80.6043
40.11,2346.92,2352.61,-67.4891,-67.4649,-0.00569033,28.6084,-80.6043,28.6083,-80.6043
40.12,2346.24,2351.94,-67.4919,-67.4678,-0.00486675,28.6084,-80.6043,28.6083,-80.6043
40.13,2345.57,2351.26,-67.4947,-67.4715,-0.00443194,28.6084,-80.6043,28.6083,-80.6043
40.14,2344.89,2350.59,-67.4976,-67.4757,-0.00350731,28.6084,-80.6043,28.6083,-80.6043
40.15,2344.22,2349.91,-67.5004,-67.4772,-0.00289629,28.6084,-80.6043,28.6083,-80.6043
40.16,2343.54,2349.24,-67.5031,-67.4816,-0.00320463,28.6084,-80.6043,28.6083,-80.6043
40.17,2342.87,2348.56,-67.5059,-67.4839,-0.00411762,28.6084,-80.6043,28.6083,-80.6043
40.18,2342.19,2347.89,-67.5087,-67.4855,-0.00329315,28.6084,-80.6043,28.6083,-80.6043
40.19,2341.52,2347.21,-67.5114,-67.4867,-0.00375379,28.6084,-80.6043,28.6083,-80.6043
40.2,2340.84,2347,-67.5141,-67.4903,-0.00387917,28.6084,-80.6043,28.6083,-80.6043
40.21,2340.17,2346.32,-67.5168,-67.492,-0.00388701,28.6084,-80.6043,28.6083,-80.6043
40.22,2339.49,2345.65,-67.5195,-67.4933,-0.00445361,28.6084,-80.6043,28.6083,-80.6043
40.23,2338.82,2344.97,-67.5222,-67.4971,-0.00389067,28.6084,-80.6043,28.6083,-80.6043
40.24,2338.14,2344.3,-67.5249,-67.5011,-0.00486163,28.6084,-80.6043,28.6083,-80.6043
40.25,2337.47,2343.62,-67.5275,-67.5039,-0.0038988,28.6084,-80.6043,28.6083,-80.6043
40.26,2336.79,2342.95,-67.5302,-67.5048,-0.00432693,28.6084,-80.6043,28.6083,-80.6043
40.27,2336.12,2342.27,-67.5328,-67.5075,-0.00363287,28.6084,-80.6043,28.6083,-80.6043
40.28,2335.44,2341.6,-67.5354,-67.5099,-0.00428242,28.6084,-80.6043,28.6083,-80.6043
40.29,2334.77,2340.92,-67.538,-67.5144,-0.00423258,28.6084,-80.6043,28.6083,-80.6043
40.3,2334.09,2340.15,-67.5405,-67.515,-0.00357708,28.6084,-80.6043,28.6083,-80.6043
40.31,2333.41,2339.47,-67.5431,-67.5171,-0.00365654,28.6084,-80.6043,28.6083,-80.6043
40.32,2332.74,2338.8,-67.5456,-67.5191,-0.00439304,28.6084,-80.6043,28.6083,-80.6043
40.33,2332.06,2338.12,-67.5482,-67.5221,-0.00433491,28.6084,-80.6043,28.6083,-80.6043
40.34,2331.39,2337.45,-67.5507,-67.525,-0.00400939,28.6084,-80.6043,28.6083,-80.6043
40.35,2330.71,2336.77,-67.5532,-67.5256,-0.0047112,28.6084,-80.6043,28.6083,-80.6043
40.36,2330.04,2336.1,-67.5557,-67.5298,-0.0047863,28.6084,-80.6043,28.6083,-80.6043
40.37,2329.36,2335.42,-67.5581,-67.5303,-0.00521112,28.6084,-80.6043,28.6083,-80.6043
40.38,2328.69,2334.74,-67.5606,-67.5321,-0.0046695,28.6084,-80.6043,28.6083,-80.6043
40.39,2328.01,2334.07,-67.563,-67.5347,-0.00428378,28.6084,-80.6043,28.6083,-80.6043
40.4,2327.33,2333.24,-67.5655,-67.5381,-0.00438354,28.6084,-80.6043,28.6083,-80.6043
40.41,2326.66,2332.56,-67.5679,-67.54,-0.00356766,28.6084,-80.6043,28.6083,-80.6043
40.42,2325.98,2331.89,-67.5703,-67.5425,-0.00440046,28.6084,-80.6043,28.6083,-80.6043
40.43,2325.31,2331.21,-67.5727,-67.5466,-0.00440572,28.6084,-80.6043,28.6083,-80.6043
40.44,2324.63,2330.54,-67.575,-67.5485,-0.00524473,28.6084,-80.6043,28.6083,-80.6043
40.45,2323.96,2329.86,-67.5774,-67.5516,-0.0058134,28.6084,-80.6043,28.6083,-80.6043
40.46,2323.28,2329.19,-67.5797,-67.5542,-0.00524262,28.6084,-80.6043,28.6083,-80.6043
40.47,2322.6,2328.51,-67.5821,-67.5551,-0.0051318,28.6084,-80.6043,28.6083,-80.6043
40.48,2321.93,2327.84,-67.5844,-67.5588,-0.00534105,28.6084,-80.6043,28.6083,-80.6043
40.49,2321.25,2327.16,-67.5867,-67.5592,-0.00469975,28.6084,-80.6043,28.6083,-80.6043
40.5,2320.58,2326.52,-67.5889,-67.5621,-0.00548787,28.6084,-80.6043,28.6083,-80.6043
40.51,2319.9,2325.85,-67.5912,-67.5628,-0.0062973,28.6084,-80.6043,28.6083,-80.6043
40.52,2319.22,2325.17,-67.5935,-67.5663,-0.00629224,28.6084,-80.6043,28.6083,-80.6043
40.53,2318.55,2324.5,-67.5957,-67.5671,-0.00599657,28.6084,-80.6043,28.6083,-80.6043
40.54,2317.87,2323.82,-67.5979,-67.5705,-0.00679426,28.6084,-80.6043,28.6083,-80.6043
40.55,2317.2,2323.14,-67.6002,-67.5744,-0.00614728,28.6084,-80.6043,28.6083,-80.6043
40.56,2316.52,2322.47,-67.6024,-67.5761,-0.0071355,28.6084,-80.6043,28.6083,-80.6043
40.57,2315.84,2321.79,-67.6045,-67.5791,-0.00672399,28.6084,-80.6043,28.6083,-80.6043
40.58,2315.17,2321.12,-67.6067,-67.5829,-0.00613201,28.6084,-80.6043,28.6083,-80.6043
40.59,2314.49,2320.44,-67.6089,-67.5858,-0.00679291,28.6084,-80.6043,28.6083,-80.6043
40.6,2313.82,2320.1,-67.611,-67.5894,-0.00673302,28.6084,-80.6043,28.6083,-80.6043
40.61,2313.14,2319.43,-67.6131,-67.5912,-0.00694051,28.6084,-80.6043,28.6083,-80.6043
40.62,2312.46,2318.75,-67.6153,-67.5947,-0.00781175,28.6084,-80.6043,28.6083,-80.6043
40.63,2311.79,2318.07,-67.6174,-67.5957,-0.00860079,28.6084,-80.6043,28.6083,-80.6043
40.64,2311.11,2317.4,-67.6195,-67.5962,-0.00929406,28.6084,-80.6043,28.6083,-80.6043
40.65,2310.44,2316.72,-67.6215,-67.5994,-0.00874091,28.6084,-80.6043,28.6083,-80.6043
40.66,2309.76,2316.05,-67.6236,-67.5996,-0.00912751,28.6084,-80.6043,28.6083,-80.6043
40.67,2309.08,2315.37,-67.6256,-67.5998,-0.00916732,28.6084,-80.6043,28.6083,-80.6043
40.68,2308.41,2314.69,-67.6277,-67.6032,-0.00896025,28.6084,-80.6043,28.6083,-80.6043
40.69,2307.73,2314.02,-67.6297,-67.6045,-0.00941235,28.6084,-80.6043,28.6083,-80.6043
40.7,2307.05,2313.73,-67.6317,-67.6057,-0.0094144,28.6084,-80.6043,28.6083,-80.6043
40.71,2306.38,2313.05,-67.6337,-67.6061,-0.00881921,28.6084,-80.6043,28.6083,-80.6043
40.72,2305.7,2312.38,-67.6357,-67.6077,-0.00822634,28.6084,-80.6043,28.6083,-80.6043
40.73,2305.02,2311.7,-67.6377,-67.6093,-0.00739407,28.6084,-80.6043,28.6083,-80.6043
40.74,2304.35,2311.02,-67.6396,-67.6094,-0.00696469,28.6084,-80.6043,28.6083,-80.6043
40.75,2303.67,2310.35,-67.6416,-67.6115,-0.00684629,28.6084,-80.6043,28.6083,-80.6043
40.76,2303,2309.67,-67.6435,-67.613,-0.00616162,28.6084,-80.6043,28.6083,-80.6043
40.77,2302.32,2309,-67.6454,-67.614,-0.00579049,28.6084,-80.6043,28.6083,-80.6043
40.78,2301.64,2308.32,-67.6473,-67.6154,-0.00516388,28.6084,-80.6043,28.6083,-80.6043
40.79,2300.97,2307.64,-67.6492,-67.617,-0.00458922,28.6084,-80.6043,28.6083,-80.6043
40.8,2300.29,2307.12,-67.6511,-67.6208,-0.00489488,28.6084,-80.6043,28.6083,-80.6043
40.81,2299.61,2306.44,-67.6529,-67.6216,-0.00528913,28.6084,-80.6043,28.6083,-80.6043
40.82,2298.94,2305.76,-67.6548,-67.6245,-0.0052807,28.6084,-80.6043,28.6083,-80.6043
40.83,2298.26,2305.09,-67.6566,-67.6247,-0.00443976,28.6084,-80.6043,28.6083,-80.6043
40.84,2297.58,2304.41,-67.6584,-67.6254,-0.00422396,28.6084,-80.6043,28.6083,-80.6043
40.85,2296.91,2303.73,-67.6603,-67.6275,-0.00387543,28.6084,-80.6043,28.6083,-80.6043
40.86,2296.23,2303.06,-67.6621,-67.6301,-0.00444135,28.6084,-80.6043,28.6083,-80.6043
40.87,2295.55,2302.38,-67.6638,-67.6328,-0.00521792,28.6084,-80.6043,28.6083,-80.6043
40.88,2294.88,2301.71,-67.6656,-67.6333,-0.00583342,28.6084,-80.6043,28.6083,-80.6043
40.89,2294.2,2301.03,-67.6674,-67.6367,-0.00578277,28.6084,-80.6043,28.6083,-80.6043
40.9,2293.52,2300.11,-67.6691,-67.6379,-0.00550898,28.6084,-80.6043,28.6083,-80.6043
40.91,2292.85,2299.43,-67.6709,-67.6411,-0.00581954,28.6084,-80.6043,28.6083,-80.6043
40.92,2292.17,2298.76,-67.6726,-67.6415,-0.00659029,28.6084,-80.6043,28.6083,-80.6043
40.93,2291.49,2298.08,-67.6743,-67.6446,-0.00678494,28.6084,-80.6043,28.6083,-80.6043
40.94,2290.82,2297.4,-67.676,-67.6446,-0.00741945,28.6084,-80.6043,28.6083,-80.6043
40.95,2290.14,2296.73,-67.6777,-67.6453,-0.00708575,28.6084,-80.6043,28.6083,-80.6043
40.96,2289.46,2296.05,-67.6794,-67.6469,-0.00798031,28.6084,-80.6043,28.6083,-80.6043
40.97,2288.79,2295.38,-67.681,-67.647,-0.00894356,28.6084,-80.6043,28.6083,-80.6043
40.98,2288.11,2294.7,-67.6827,-67.6468,-0.00827894,28.6084,-80.6043,28.6083,-80.6043
40.99,2287.43,2294.02,-67.6843,-67.6472,-0.00814488,28.6084,-80.6043,28.6083,-80.6043
41,2286.76,2293.28,-67.6859,-67.6498,-0.00820328,28.6084,-80.6043,28.6083,-80.6043
41.01,2286.08,2292.6,-67.6875,-67.6499,-0.00770944,28.6084,-80.6043,28.6083,-80.6043
41.02,2285.4,2291.92,-67.6891,-67.6532,-0.00709993,28.6084,-80.6043,28.6083,-80.6043
41.03,2284.73,2291.25,-67.6907,-67.6545,-0.00668271,28.6084,-80.6043,28.6083,-80.6043
41.04,2284.05,2290.57,-67.6923,-67.6543,-0.00756638,28.6084,-80.6043,28.6083,-80.6043
41.05,2283.37,2289.89,-67.6939,-67.6576,-0.00699971,28.6084,-80.6043,28.6083,-80.6043
41.06,2282.69,2289.22,-67.6954,-67.6605,-0.00757699,28.6084,-80.6043,28.6083,-80.6043
41.07,2282.02,2288.54,-67.6969,-67.6633,-0.00842749,28.6084,-80.6043,28.6083,-80.6043
41.08,2281.34,2287.86,-67.6985,-67.6652,-0.00755579,28.6084,-80.6043,28.6083,-80.6043
41.09,2280.66,2287.19,-67.7,-67.6658,-0.00673925,28.6084,-80.6043,28.6083,-80.6043
41.1,2279.99,2286.44,-67.7015,-67.6653,-0.00643238,28.6084,-80.6043,28.6083,-80.6043
41.11,2279.31,2285.76,-67.703,-67.6651,-0.00646089,28.6084,-80.6043,28.6083,-80.6043
41.12,2278.63,2285.08,-67.7045,-67.6657,-0.00643143,28.6084,-80.6043,28.6083,-80.6043
41.13,2277.96,2284.41,-67.7059,-67.6662,-0.00704345,28.6084,-80.6043,28.6083,-80.6043
41.14,2277.28,2283.73,-67.7074,-67.6681,-0.00763085,28.6084,-80.6043,28.6083,-80.6043
41.15,2276.6,2283.05,-67.7088,-67.6677,-0.00784872,28.6084,-80.6043,28.6083,-80.6043
41.16,2275.92,2282.38,-67.7102,-67.6692,-0.00708857,28.6084,-80.6043,28.6083,-80.6043
41.17,2275.25,2281.7,-67.7117,-67.6708,-0.0075076,28.6084,-80.6043,28.6083,-80.6043
41.18,2274.57,2281.02,-67.7131,-67.6724,-0.00816481,28.6084,-80.6043,28.6083,-80.6043
41.19,2273.89,2280.35,-67.7145,-67.6748,-0.00813335,28.6084,-80.6043,28.6083,-80.6043
41.2,2273.22,2280.08,-67.7159,-67.6773,-0.00908318,28.6084,-80.6043,28.6083,-80.6043
41.21,2272.54,2279.4,-67.7172,-67.6779,-0.009661,28.6084,-80.6043,28.6083,-80.6043
41.22,2271.86,2278.73,-67.7186,-67.6782,-0.0090006,28.6084,-80.6043,28.6083,-80.6043
41.23,2271.18,2278.05,-67.7199,-67.681,-0.00899087,28.6084,-80.6043,28.6083,-80.6043
41.24,2270.51,2277.37,-67.7213,-67.6814,-0.00971985,28.6084,-80.6043,28.6083,-80.6043
41.25,2269.83,2276.7,-67.7226,-67.6841,-0.0093896,28.6084,-80.6043,28.6083,-80.6043
41.26,2269.15,2276.02,-67.7239,-67.687,-0.00910151,28.6084,-80.6043,28.6083,-80.6043
41.27,2268.47,2275.34,-67.7252,-67.6888,-0.00890562,28.6084,-80.6043,28.6083,-80.6043
41.28,2267.8,2274.67,-67.7265,-67.6906,-0.00874101,28.6084,-80.6043,28.6083,-80.6043
41.29,2267.12,2273.99,-67.7278,-67.6899,-0.00856532,28.6084,-80.6043,28.6083,-80.6043
41.3,2266.44,2273.17,-67.7291,-67.691,-0.00879322,28.6084,-80.6043,28.6083,-80.6043
41.31,2265.77,2272.49,-67.7303,-67.694,-0.00809555,28.6084,-80.6043,28.6083,-80.6043
41.32,2265.09,2271.82,-67.7316,-67.6958,-0.00737385,28.6084,-80.6043,28.6083,-80.6043
41.33,2264.41,2271.14,-67.7328,-67.6989,-0.00716223,28.6084,-80.6043,28.6083,-80.6043
41.34,2263.73,2270.46,-67.734,-67.7006,-0.00767231,28.6084,-80.6043,28.6083,-80.6043
41.35,2263.06,2269.79,-67.7352,-67.7013,-0.00854209,28.6084,-80.6043,28.6083,-80.6043
41.36,2262.38,2269.11,-67.7364,-67.7018,-0.00785813,28.6084,-80.6043,28.6083,-80.6043
41.37,2261.7,2268.43,-67.7376,-67.7017,-0.00783562,28.6084,-80.6043,28.6083,-80.6043
41.38,2261.02,2267.76,-67.7388,-67.7009,-0.00816913,28.6084,-80.6043,28.6083,-80.6043
41.39,2260.35,2267.08,-67.74,-67.7031,-0.00892027,28.6084,-80.6043,28.6083,-80.6043
41.4,2259.67,2266.24,-67.7411,-67.7043,-0.00809056,28.6084,-80.6043,28.6083,-80.6043
41.41,2258.99,2265.56,-67.7423,-67.7066,-0.00848423,28.6084,-80.6043,28.6083,-80.6043
41.42,2258.31,2264.89,-67.7434,-67.7065,-0.00844996,28.6084,-80.6043,28.6083,-80.6043
41.43,2257.64,2264.21,-67.7445,-67.7061,-0.00784881,28.6084,-80.6043,28.6083,-80.6043
41.44,2256.96,2263.53,-67.7456,-67.7088,-0.00803146,28.6084,-80.6043,28.6083,-80.6043
41.45,2256.28,2262.86,-67.7467,-67.7111,-0.00867434,28.6084,-80.6043,28.6083,-80.6043
41.46,2255.6,2262.18,-67.7478,-67.711,-0.00960341,28.6084,-80.6043,28.6083,-80.6043
41.47,2254.93,2261.5,-67.7489,-67.7119,-0.0092578,28.6084,-80.6043,28.6083,-80.6043
41.48,2254.25,2260.82,-67.75,-67.7147,-0.00996093,28.6084,-80.6043,28.6083,-80.6043
41.49,2253.57,2260.15,-67.751,-67.7176,-0.0103596,28.6084,-80.6043,28.6083,-80.6043
41.5,2252.89,2259.06,-67.7521,-67.7175,-0.0111306,28.6084,-80.6043,28.6083,-80.6043
41.51,2252.22,2258.38,-67.7531,-67.7166,-0.0102449,28.6084,-80.6043,28.6083,-80.6043
41.52,2251.54,2257.7,-67.7541,-67.7177,-0.0100244,28.6084,-80.6043,28.6083,-80.6043
41.53,2250.86,2257.03,-67.7552,-67.7196,-0.00953905,28.6084,-80.6043,28.6083,-80.6043
41.54,2250.18,2256.35,-67.7562,-67.7197,-0.00900371,28.6084,-80.6043,28.6083,-80.6043
41.55,2249.51,2255.67,-67.7572,-67.72,-0.0081191,28.6084,-80.6043,28.6083,-80.6043
41.56,2248.83,2254.99,-67.7581,-67.7194,-0.00719769,28.6084,-80.6043,28.6083,-80.6043
41.57,2248.15,2254.32,-67.7591,-67.7194,-0.0073569,28.6084,-80.6043,28.6083,-80.6043
41.58,2247.47,2253.64,-67.7601,-67.7189,-0.00725995,28.6084,-80.6043,28.6083,-80.6043
41.59,2246.8,2252.96,-67.761,-67.7198,-0.00775026,28.6084,-80.6043,28.6083,-80.6043
41.6,2246.12,2252.4,-67.762,-67.7198,-0.00734239,28.6084,-80.6043,28.6083,-80.6043
41.61,2245.44,2251.72,-67.7629,-67.7225,-0.00784928,28.6084,-80.6043,28.6083,-80.6043
41.62,2244.76,2251.05,-67.7638,-67.7224,-0.00719676,28.6084,-80.6043,28.6083,-80.6043
41.63,2244.09,2250.37,-67.7647,-67.7238,-0.00661876,28.6084,-80.6043,28.6083,-80.6043
41.64,2243.41,2249.69,-67.7656,-67.7261,-0.00727013,28.6084,-80.6043,28.6083,-80.6043
41.65,2242.73,2249.01,-67.7665,-67.7254,-0.0080529,28.6084,-80.6043,28.6083,-80.6043
41.66,2242.05,2248.34,-67.7674,-67.7251,-0.00736016,28.6084,-80.6043,28.6083,-80.6043
41.67,2241.38,2247.66,-67.7683,-67.7256,-0.00754844,28.6084,-80.6043,28.6083,-80.6043
41.68,2240.7,2246.98,-67.7691,-67.7279,-0.00785994,28.6084,-80.6043,28.6083,-80.6043
41.69,2240.02,2246.3,-67.77,-67.7302,-0.0070796,28.6084,-80.6043,28.6083,-80.6043
41.7,2239.34,2245.88,-67.7708,-67.7331,-0.00791395,28.6084,-80.6043,28.6083,-80.6043
41.71,2238.66,2245.2,-67.7716,-67.7327,-0.0072525,28.6084,-80.6043,28.6083,-80.6043
41.72,2237.99,2244.52,-67.7725,-67.7347,-0.00663518,28.6084,-80.6043,28.6083,-80.6043
41.73,2237.31,2243.85,-67.7733,-67.736,-0.00615677,28.6084,-80.6043,28.6083,-80.6043
41.74,2236.63,2243.17,-67.7741,-67.7385,-0.00692817,28.6084,-80.6043,28.6083,-80.6043
41.75,2235.95,2242.49,-67.7748,-67.7395,-0.00766756,28.6084,-80.6043,28.6083,-80.6043
41.76,2235.28,2241.82,-67.7756,-67.7388,-0.00728816,28.6084,-80.6043,28.6083,-80.6043
41.77,2234.6,2241.14,-67.7764,-67.7381,-0.00686591,28.6084,-80.6043,28.6083,-80.6043
41.78,2233.92,2240.46,-67.7771,-67.7405,-0.00654809,28.6084,-80.6043,28.6083,-80.6043
41.79,2233.24,2239.78,-67.7779,-67.7399,-0.00703008,28.6084,-80.6043,28.6083,-80.6043
41.8,2232.56,2239.52,-67.7786,-67.7404,-0.00613679,28.6084,-80.6043,28.6083,-80.6043
41.81,2231.89,2238.85,-67.7794,-67.7429,-0.00604035,28.6084,-80.6043,28.6083,-80.6043
41.82,2231.21,2238.17,-67.7801,-67.7437,-0.0059778,28.6084,-80.6043,28.6083,-80.6043
41.83,2230.53,2237.49,-67.7808,-67.7429,-0.00577578,28.6084,-80.6043,28.6083,-80.6043
41.84,2229.85,2236.81,-67.7815,-67.7439,-0.00498726,28.6084,-80.6043,28.6083,-80.6043
41.85,2229.18,2236.14,-67.7822,-67.7439,-0.00555751,28.6084,-80.6043,28.6083,-80.6043
41.86,2228.5,2235.46,-67.7829,-67.7431,-0.0055284,28.6084,-80.6043,28.6083,-80.6043
41.87,2227.82,2234.78,-67.7835,-67.7441,-0.00519758,28.6084,-80.6043,28.6083,-80.6043
41.88,2227.14,2234.1,-67.7842,-67.7431,-0.00586177,28.6084,-80.6043,28.6083,-80.6043
41.89,2226.46,2233.43,-67.7848,-67.7429,-0.00684565,28.6084,-80.6043,28.6083,-80.6043
41.9,2225.79,2232.57,-67.7855,-67.7431,-0.00612722,28.6084,-80.6043,28.6083,-80.6043
41.91,2225.11,2231.89,-67.7861,-67.7421,-0.00566897,28.6084,-80.6043,28.6083,-80.6043
41.92,2224.43,2231.22,-67.7867,-67.7423,-0.00589811,28.6084,-80.6043,28.6083,-80.6043
41.93,2223.75,2230.54,-67.7873,-67.7434,-0.00601393,28.6084,-80.6043,28.6083,-80.6043
41.94,2223.08,2229.86,-67.7879,-67.7434,-0.00511304,28.6084,-80.6043,28.6083,-80.6043
41.95,2222.4,2229.19,-67.7885,-67.7445,-0.00471491,28.6084,-80.6043,28.6083,-80.6043
41.96,2221.72,2228.51,-67.7891,-67.7456,-0.00384101,28.6084,-80.6043,28.6083,-80.6043
41.97,2221.04,2227.83,-67.7897,-67.7475,-0.00306,28.6084,-80.6043,28.6083,-80.6043
41.98,2220.36,2227.15,-67.7902,-67.7468,-0.00253888,28.6084,-80.6043,28.6083,-80.6043
41.99,2219.69,2226.48,-67.7908,-67.7481,-0.00209151,28.6084,-80.6043,28.6083,-80.6043
42,2219.01,2225.53,-67.7913,-67.7489,-0.00203786,28.6084,-80.6043,28.6083,-80.6042
42.01,2218.33,2224.85,-67.7919,-67.7491,-0.0011268,28.6084,-80.6043,28.6083,-80.6042
42.02,2217.65,2224.17,-67.7924,-67.7482,-0.00187993,28.6084,-80.6043,28.6083,-80.6042
42.03,2216.97,2223.5,-67.7929,-67.7468,-0.0011584,28.6084,-80.6043,28.6083,-80.6042
42.04,2216.3,2222.82,-67.7934,-67.7464,-0.000490471,28.6084,-80.6043,28.6083,-80.6042
42.05,2215.62,2222.14,-67.7939,-67.7459,-0.00142003,28.6084,-80.6043,28.6083,-80.6042
42.06,2214.94,2221.46,-67.7944,-67.7461,-0.00170452,28.6084,-80.6043,28.6083,-80.6042
42.07,2214.26,2220.79,-67.7949,-67.7469,-0.000802271,28.6084,-80.6043,28.6083,-80.6042
42.08,2213.58,2220.11,-67.7954,-67.7462,-0.00167209,28.6084,-80.6043,28.6083,-80.6042
42.09,2212.91,2219.43,-67.7958,-67.745,-0.00229493,28.6084,-80.6043,28.6083,-80.6042
42.1,2212.23,2219.17,-67.7963,-67.7444,-0.00277334,28.6084,-80.6043,28.6083,-80.6042
42.11,2211.55,2218.49,-67.7967,-67.7464,-0.00347075,28.6084,-80.6043,28.6083,-80.6042
42.12,2210.87,2217.82,-67.7972,-67.745,-0.00310222,28.6084,-80.6043,28.6083,-80.6042
42.13,2210.19,2217.14,-67.7976,-67.7455,-0.00274493,28.6084,-80.6043,28.6083,-80.6042
42.14,2209.52,2216.46,-67.798,-67.7474,-0.00176478,28.6084,-80.6043,28.6083,-80.6042
42.15,2208.84,2215.78,-67.7984,-67.7488,-0.00258957,28.6084,-80.6043,28.6083,-80.6042
42.16,2208.16,2215.11,-67.7988,-67.7474,-0.00257974,28.6084,-80.6043,28.6083,-80.6042
42.17,2207.48,2214.43,-67.7992,-67.7461,-0.00344166,28.6084,-80.6043,28.6083,-80.6042
42.18,2206.8,2213.75,-67.7996,-67.7465,-0.00283949,28.6084,-80.6043,28.6083,-80.6042
42.19,2206.13,2213.07,-67.8,-67.7457,-0.00321223,28.6084,-80.6043,28.6083,-80.6042
42.2,2205.45,2212.74,-67.8003,-67.7458,-0.00253475,28.6084,-80.6043,28.6083,-80.6042
42.21,2204.77,2212.06,-67.8007,-67.7447,-0.00301596,28.6084,-80.6043,28.6083,-80.6042
42.22,2204.09,2211.38,-67.801,-67.7437,-0.0025912,28.6084,-80.6043,28.6083,-80.6042
42.23,2203.41,2210.7,-67.8014,-67.7447,-0.00213239,28.6084,-80.6043,28.6083,-80.6042
42.24,2202.74,2210.03,-67.8017,-67.7435,-0.00295511,28.6084,-80.6043,28.6083,-80.6042
42.25,2202.06,2209.35,-67.802,-67.7418,-0.00390212,28.6084,-80.6043,28.6083,-80.6042
42.26,2201.38,2208.67,-67.8023,-67.7441,-0.00461912,28.6084,-80.6043,28.6083,-80.6042
42.27,2200.7,2207.99,-67.8026,-67.7425,-0.0042259,28.6084,-80.6043,28.6083,-80.6042
42.28,2200.02,2207.32,-67.8029,-67.7423,-0.00390572,28.6084,-80.6043,28.6083,-80.6042
42.29,2199.35,2206.64,-67.8032,-67.7413,-0.00371606,28.6084,-80.6043,28.6083,-80.6042
42.3,2198.67,2206.25,-67.8035,-67.7399,-0.00289032,28.6084,-80.6043,28.6083,-80.6042
42.31,2197.99,2205.58,-67.8037,-67.74,-0.00218396,28.6084,-80.6043,28.6083,-80.6042
42.32,2197.31,2204.9,-67.804,-67.7399,-0.00137646,28.6084,-80.6043,28.6083,-80.6042
42.33,2196.63,2204.22,-67.8042,-67.7395,-0.00155046,28.6084,-80.6043,28.6083,-80.6042
42.34,2195.96,2203.55,-67.8045,-67.7409,-0.00213238,28.6084,-80.6043,28.6083,-80.6042
42.35,2195.28,2202.87,-67.8047,-67.7421,-0.00294419,28.6084,-80.6043,28.6083,-80.6042
42.36,2194.6,2202.19,-67.8049,-67.7438,-0.00292191,28.6084,-80.6043,28.6083,-80.6042
42.37,2193.92,2201.51,-67.8052,-67.7423,-0.00225401,28.6084,-80.6043,28.6083,-80.6042
42.38,2193.24,2200.84,-67.8054,-67.7412,-0.00195132,28.6084,-80.6043,28.6083,-80.6042
42.39,2192.57,2200.16,-67.8056,-67.7405,-0.0011028,28.6084,-80.6043,28.6083,-80.6042
42.4,2191.89,2199.26,-67.8058,-67.7401,-0.000579989,28.6084,-80.6043,28.6083,-80.6042
42.41,2191.21,2198.58,-67.8059,-67.7385,-9.4281e-05,28.6084,-80.6043,28.6083,-80.6042
42.42,2190.53,2197.9,-67.8061,-67.7382,-0.000318693,28.6084,-80.6043,28.6083,-80.6042
42.43,2189.85,2197.22,-67.8063,-67.7387,-0.000401726,28.6084,-80.6043,28.6083,-80.6042
42.44,2189.18,2196.55,-67.8064,-67.737,-0.000757498,28.6084,-80.6043,28.6083,-80.6042
42.45,2188.5,2195.87,-67.8066,-67.7376,-0.000711374,28.6084,-80.6043,28.6083,-80.6042
42.46,2187.82,2195.19,-67.8067,-67.7368,-0.00126231,28.6084,-80.6043,28.6083,-80.6042
42.47,2187.14,2194.51,-67.8069,-67.7384,-0.000962415,28.6084,-80.6043,28.6083,-80.6042
42.48,2186.46,2193.84,-67.807,-67.737,-0.000871339,28.6084,-80.6043,28.6083,-80.6042
42.49,2185.79,2193.16,-67.8071,-67.7356,-0.00169566,28.6084,-80.6043,28.6083,-80.6042
42.5,2185.11,2192.64,-67.8072,-67.7346,-0.000772823,28.6084,-80.6043,28.6083,-80.6042
42.51,2184.43,2191.96,-67.8073,-67.7358,-6.11544e-06,28.6084,-80.6043,28.6083,-80.6042
42.52,2183.75,2191.28,-67.8074,-67.7377,-0.000718037,28.6084,-80.6043,28.6083,-80.6042
42.53,2183.07,2190.61,-67.8075,-67.7377,-0.000161475,28.6084,-80.6043,28.6083,-80.6042
42.54,2182.39,2189.93,-67.8076,-67.7395,-0.000809,28.6084,-80.6043,28.6083,-80.6042
42.55,2181.72,2189.25,-67.8076,-67.7394,-0.00179918,28.6084,-80.6043,28.6083,-80.6042
42.56,2181.04,2188.57,-67.8077,-67.7376,-0.0022341,28.6084,-80.6043,28.6083,-80.6042
42.57,2180.36,2187.9,-67.8077,-67.7371,-0.00253995,28.6084,-80.6043,28.6083,-80.6042
42.58,2179.68,2187.22,-67.8078,-67.7364,-0.00334672,28.6084,-80.6043,28.6083,-80.6042
42.59,2179,2186.54,-67.8078,-67.7371,-0.00433152,28.6084,-80.6043,28.6083,-80.6042
42.6,2178.33,2185.53,-67.8078,-67.7373,-0.003626,28.6084,-80.6043,28.6083,-80.6042
42.61,2177.65,2184.85,-67.8079,-67.7363,-0.0026554,28.6084,-80.6043,28.6083,-80.6042
42.62,2176.97,2184.17,-67.8079,-67.7367,-0.00251281,28.6084,-80.6043,28.6083,-80.6042
42.63,2176.29,2183.5,-67.8079,-67.7366,-0.00297068,28.6084,-80.6043,28.6083,-80.6042
42.64,2175.61,2182.82,-67.8079,-67.7359,-0.00331444,28.6084,-80.6043,28.6083,-80.6042
42.65,2174.94,2182.14,-67.8079,-67.737,-0.00257734,28.6084,-80.6043,28.6083,-80.6042
42.66,2174.26,2181.46,-67.8079,-67.7364,-0.00334566,28.6084,-80.6043,28.6083,-80.6042
42.67,2173.58,2180.79,-67.8078,-67.7347,-0.00278451,28.6084,-80.6043,28.6083,-80.6042
42.68,2172.9,2180.11,-67.8078,-67.7341,-0.00240411,28.6084,-80.6043,28.6083,-80.6042
42.69,2172.22,2179.43,-67.8077,-67.7327,-0.00175057,28.6084,-80.6043,28.6083,-80.6042
42.7,2171.55,2178.84,-67.8077,-67.7337,-0.00104299,28.6084,-80.6043,28.6083,-80.6042
42.71,2170.87,2178.16,-67.8076,-67.7325,-0.00105915,28.6084,-80.6043,28.6083,-80.6042
42.72,2170.19,2177.48,-67.8076,-67.7339,-0.00166334,28.6084,-80.6043,28.6083,-80.6042
42.73,2169.51,2176.81,-67.8075,-67.7335,-0.00173769,28.6084,-80.6043,28.6083,-80.6042
42.74,2168.83,2176.13,-67.8074,-67.7346,-0.00262468,28.6084,-80.6043,28.6083,-80.6042
42.75,2168.16,2175.45,-67.8073,-67.7352,-0.00170608,28.6084,-80.6043,28.6083,-80.6042
42.76,2167.48,2174.77,-67.8072,-67.7341,-0.00210431,28.6084,-80.6043,28.6083,-80.6042
42.77,2166.8,2174.1,-67.8071,-67.7346,-0.00246371,28.6084,-80.6043,28.6083,-80.6042
42.78,2166.12,2173.42,-67.807,-67.7331,-0.00219549,28.6084,-80.6043,28.6083,-80.6042
42.79,2165.44,2172.74,-67.8069,-67.7311,-0.0028758,28.6084,-80.6043,28.6083,-80.6042
42.8,2164.76,2171.96,-67.8068,-67.7295,-0.00217984,28.6084,-80.6043,28.6083,-80.6042
42.81,2164.09,2171.28,-67.8066,-67.7282,-0.00166003,28.6084,-80.6043,28.6083,-80.6042
42.82,2163.41,2170.6,-67.8065,-67.7277,-0.00139409,28.6084,-80.6043,28.6083,-80.6042
42.83,2162.73,2169.92,-67.8064,-67.7278,-0.00154244,28.6084,-80.6043,28.6083,-80.6042
42.84,2162.05,2169.25,-67.8062,-67.7278,-0.00118246,28.6084,-80.6043,28.6083,-80.6042
42.85,2161.37,2168.57,-67.806,-67.7285,-0.00169087,28.6084,-80.6043,28.6083,-80.6042
42.86,2160.7,2167.89,-67.8059,-67.7296,-0.0011478,28.6084,-80.6043,28.6083,-80.6042
42.87,2160.02,2167.22,-67.8057,-67.7299,-0.00136717,28.6084,-80.6043,28.6083,-80.6042
42.88,2159.34,2166.54,-67.8055,-67.7303,-0.000683675,28.6084,-80.6043,28.6083,-80.6042
42.89,2158.66,2165.86,-67.8053,-67.7297,-0.000850529,28.6084,-80.6043,28.6083,-80.6042
42.9,2157.98,2165.56,-67.8051,-67.7309,-0.000740274,28.6084,-80.6043,28.6083,-80.6042
42.91,2157.31,2164.88,-67.8049,-67.732,9.60725e-05,28.6084,-80.6043,28.6083,-80.6042
42.92,2156.63,2164.2,-67.8047,-67.7318,-0.000324049,28.6084,-80.6043,28.6083,-80.6042
42.93,2155.95,2163.52,-67.8045,-67.7314,-0.000393437,28.6084,-80.6043,28.6083,-80.6042
42.94,2155.27,2162.85,-67.8042,-67.7314,-0.000555671,28.6084,-80.6043,28.6083,-80.6042
42.95,2154.59,2162.17,-67.804,-67.7319,-0.00106335,28.6084,-80.6043,28.6083,-80.6042
42.96,2153.92,2161.49,-67.8038,-67.732,-0.00191697,28.6084,-80.6043,28.6083,-80.6042
42.97,2153.24,2160.82,-67.8035,-67.7305,-0.00284839,28.6084,-80.6043,28.6083,-80.6042
42.98,2152.56,2160.14,-67.8033,-67.7301,-0.00335052,28.6084,-80.6043,28.6083,-80.6042
42.99,2151.88,2159.46,-67.803,-67.7299,-0.00394396,28.6084,-80.6043,28.6083,-80.6042
43,2151.2,2158.59,-67.8027,-67.7295,-0.0034643,28.6084,-80.6043,28.6083,-80.6042
43.01,2150.53,2157.92,-67.8024,-67.7297,-0.00422679,28.6084,-80.6043,28.6083,-80.6042
43.02,2149.85,2157.24,-67.8022,-67.7298,-0.00507333,28.6084,-80.6043,28.6083,-80.6042
43.03,2149.17,2156.56,-67.8019,-67.7311,-0.00419941,28.6084,-80.6043,28.6083,-80.6042
43.04,2148.49,2155.88,-67.8016,-67.7318,-0.00404732,28.6084,-80.6043,28.6083,-80.6042
43.05,2147.81,2155.21,-67.8013,-67.7301,-0.00359097,28.6084,-80.6043,28.6083,-80.6042
43.06,2147.14,2154.53,-67.8009,-67.7283,-0.00377614,28.6084,-80.6043,28.6083,-80.6042
43.07,2146.46,2153.85,-67.8006,-67.7292,-0.00414461,28.6084,-80.6043,28.6083,-80.6042
43.08,2145.78,2153.18,-67.8003,-67.7276,-0.00413106,28.6084,-80.6043,28.6083,-80.6042
43.09,2145.1,2152.5,-67.8,-67.727,-0.00467582,28.6084,-80.6043,28.6083,-80.6042
43.1,2144.42,2151.49,-67.7996,-67.7263,-0.00490576,28.6084,-80.6043,28.6083,-80.6042
43.11,2143.75,2150.81,-67.7993,-67.7269,-0.00463782,28.6084,-80.6043,28.6083,-80.6042
43.12,2143.07,2150.14,-67.7989,-67.7256,-0.00502476,28.6084,-80.6043,28.6083,-80.6042
43.13,2142.39,2149.46,-67.7986,-67.7265,-0.00503319,28.6084,-80.6043,28.6083,-80.6042
43.14,2141.71,2148.78,-67.7982,-67.7254,-0.00510798,28.6084,-80.6043,28.6083,-80.6042
43.15,2141.03,2148.11,-67.7978,-67.7245,-0.00513154,28.6084,-80.6043,28.6083,-80.6042
43.16,2140.36,2147.43,-67.7974,-67.7257,-0.00498147,28.6084,-80.6043,28.6083,-80.6042
43.17,2139.68,2146.75,-67.797,-67.7238,-0.00558248,28.6084,-80.6043,28.6083,-80.6042
43.18,2139,2146.07,-67.7966,-67.7226,-0.00496847,28.6084,-80.6043,28.6083,-80.6042
43.19,2138.32,2145.4,-67.7962,-67.7225,-0.00543064,28.6084,-80.6043,28.6083,-80.6042
43.2,2137.64,2144.23,-67.7958,-67.7214,-0.00609069,28.6084,-80.6043,28.6083,-80.6042
43.21,2136.97,2143.55,-67.7954,-67.7224,-0.00636377,28.6084,-80.6043,28.6083,-80.6042
43.22,2136.29,2142.87,-67.795,-67.7222,-0.00557207,28.6084,-80.6043,28.6083,-80.6042
43.23,2135.61,2142.19,-67.7946,-67.7203,-0.0065469,28.6084,-80.6043,28.6083,-80.6042
43.24,2134.93,2141.52,-67.7941,-67.7214,-0.00664651,28.6084,-80.6043,28.6083,-80.6042
43.25,2134.25,2140.84,-67.7937,-67.7213,-0.00687576,28.6084,-80.6043,28.6083,-80.6042
43.26,2133.58,2140.16,-67.7932,-67.7207,-0.00781258,28.6084,-80.6043,28.6083,-80.6042
43.27,2132.9,2139.48,-67.7928,-67.7217,-0.00709261,28.6084,-80.6043,28.6083,-80.6042
43.28,2132.22,2138.81,-67.7923,-67.7224,-0.0068184,28.6084,-80.6043,28.6083,-80.6042
43.29,2131.54,2138.13,-67.7919,-67.7217,-0.00650498,28.6084,-80.6043,28.6083,-80.6042
43.3,2130.86,2136.97,-67.7914,-67.7222,-0.00740412,28.6084,-80.6043,28.6083,-80.6042
43.31,2130.19,2136.3,-67.7909,-67.7206,-0.00656317,28.6084,-80.6043,28.6083,-80.6042
43.32,2129.51,2135.62,-67.7904,-67.7182,-0.00652408,28.6084,-80.6043,28.6083,-80.6042
43.33,2128.83,2134.94,-67.7899,-67.7168,-0.00668255,28.6084,-80.6043,28.6083,-80.6042
43.34,2128.15,2134.27,-67.7894,-67.7152,-0.00690332,28.6084,-80.6043,28.6083,-80.6042
43.35,2127.48,2133.59,-67.7889,-67.7143,-0.00605661,28.6084,-80.6043,28.6083,-80.6042
43.36,2126.8,2132.91,-67.7884,-67.7139,-0.0051482,28.6084,-80.6043,28.6083,-80.6042
43.37,2126.12,2132.23,-67.7879,-67.7139,-0.00543818,28.6084,-80.6043,28.6083,-80.6042
43.38,2125.44,2131.56,-67.7873,-67.7121,-0.00566498,28.6084,-80.6043,28.6083,-80.6042
43.39,2124.76,2130.88,-67.7868,-67.7117,-0.0061157,28.6084,-80.6043,28.6083,-80.6042
43.4,2124.09,2130.53,-67.7863,-67.71,-0.005388,28.6084,-80.6043,28.6083,-80.6042
43.41,2123.41,2129.85,-67.7857,-67.7081,-0.00637765,28.6084,-80.6043,28.6083,-80.6042
43.42,2122.73,2129.17,-67.7852,-67.7068,-0.00735783,28.6084,-80.6043,28.6083,-80.6042
43.43,2122.05,2128.5,-67.7846,-67.7057,-0.00785726,28.6084,-80.6043,28.6083,-80.6042
43.44,2121.37,2127.82,-67.7841,-67.7045,-0.00706942,28.6084,-80.6043,28.6083,-80.6042
43.45,2120.7,2127.14,-67.7835,-67.7047,-0.00717723,28.6084,-80.6043,28.6083,-80.6042
43.46,2120.02,2126.47,-67.7829,-67.7032,-0.00773485,28.6084,-80.6043,28.6083,-80.6042
43.47,2119.34,2125.79,-67.7823,-67.703,-0.00825457,28.6084,-80.6043,28.6083,-80.6042
43.48,2118.66,2125.11,-67.7817,-67.7006,-0.00756291,28.6084,-80.6043,28.6083,-80.6042
43.49,2117.99,2124.43,-67.7811,-67.7019,-0.00788634,28.6084,-80.6043,28.6083,-80.6042
43.5,2117.31,2124.04,-67.7805,-67.7015,-0.00698243,28.6084,-80.6043,28.6083,-80.6042
43.51,2116.63,2123.36,-67.7799,-67.6997,-0.0073305,28.6084,-80.6043,28.6083,-80.6042
43.52,2115.95,2122.68,-67.7793,-67.7005,-0.00790007,28.6084,-80.6043,28.6083,-80.6042
43.53,2115.27,2122.01,-67.7787,-67.699,-0.00763818,28.6084,-80.6043,28.6083,-80.6042
43.54,2114.6,2121.33,-67.7781,-67.6984,-0.00764461,28.6084,-80.6043,28.6083,-80.6042
43.55,2113.92,2120.65,-67.7775,-67.6978,-0.00800872,28.6084,-80.6043,28.6083,-80.6042
43.56,2113.24,2119.98,-67.7768,-67.6979,-0.00800878,28.6084,-80.6043,28.6083,-80.6042
43.57,2112.56,2119.3,-67.7762,-67.6993,-0.00836379,28.6084,-80.6043,28.6083,-80.6042
43.58,2111.89,2118.62,-67.7755,-67.7001,-0.00885117,28.6084,-80.6043,28.6083,-80.6042
43.59,2111.21,2117.94,-67.7749,-67.6974,-0.00977883,28.6084,-80.6043,28.6083,-80.6042
43.6,2110.53,2117.09,-67.7742,-67.6966,-0.00990841,28.6084,-80.6043,28.6083,-80.6042
43.61,2109.85,2116.42,-67.7735,-67.6949,-0.00918786,28.6084,-80.6043,28.6083,-80.6042
43.62,2109.17,2115.74,-67.7729,-67.6922,-0.00873411,28.6084,-80.6043,28.6083,-80.6042
43.63,2108.5,2115.06,-67.7722,-67.6907,-0.00968307,28.6084,-80.6043,28.6083,-80.6042
43.64,2107.82,2114.39,-67.7715,-67.6917,-0.0103977,28.6084,-80.6043,28.6083,-80.6042
43.65,2107.14,2113.71,-67.7708,-67.6891,-0.0096725,28.6084,-80.6043,28.6083,-80.6042
43.66,2106.46,2113.03,-67.7701,-67.6883,-0.0100656,28.6084,-80.6043,28.6083,-80.6042
43.67,2105.79,2112.36,-67.7694,-67.6896,-0.00956829,28.6084,-80.6043,28.6083,-80.6042
43.68,2105.11,2111.68,-67.7687,-67.6908,-0.00927625,28.6084,-80.6043,28.6083,-80.6042
43.69,2104.43,2111,-67.768,-67.6911,-0.00925068,28.6084,-80.6043,28.6083,-80.6042
43.7,2103.75,2110.56,-67.7673,-67.6918,-0.00913775,28.6084,-80.6043,28.6083,-80.6042
43.71,2103.07,2109.88,-67.7665,-67.6898,-0.00901277,28.6084,-80.6043,28.6083,-80.6042
43.72,2102.4,2109.2,-67.7658,-67.6905,-0.00844668,28.6084,-80.6043,28.6083,-80.6042
43.73,2101.72,2108.53,-67.7651,-67.6885,-0.00917272,28.6084,-80.6043,28.6083,-80.6042
43.74,2101.04,2107.85,-67.7643,-67.6864,-0.00942109,28.6084,-80.6043,28.6083,-80.6042
43.75,2100.36,2107.17,-67.7636,-67.6854,-0.00926911,28.6084,-80.6043,28.6083,-80.6042
43.76,2099.69,2106.5,-67.7628,-67.686,-0.00940418,28.6084,-80.6043,28.6083,-80.6042
43.77,2099.01,2105.82,-67.7621,-67.685,-0.00864239,28.6084,-80.6043,28.6083,-80.6042
43.78,2098.33,2105.14,-67.7613,-67.6857,-0.00844554,28.6084,-80.6043,28.6083,-80.6042
43.79,2097.65,2104.46,-67.7605,-67.6831,-0.00888306,28.6084,-80.6043,28.6083,-80.6042
43.8,2096.98,2103.86,-67.7597,-67.682,-0.00826572,28.6084,-80.6043,28.6083,-80.6042
43.81,2096.3,2103.18,-67.759,-67.68,-0.00761822,28.6084,-80.6043,28.6083,-80.6042
43.82,2095.62,2102.5,-67.7582,-67.6789,-0.00682756,28.6084,-80.6043,28.6083,-80.6042
43.83,2094.94,2101.83,-67.7574,-67.6783,-0.0062238,28.6084,-80.6043,28.6083,-80.6042
43.84,2094.27,2101.15,-67.7566,-67.6778,-0.00600261,28.6084,-80.6043,28.6083,-80.6042
43.85,2093.59,2100.47,-67.7558,-67.6776,-0.00653565,28.6084,-80.6043,28.6083,-80.6042
43.86,2092.91,2099.8,-67.755,-67.6778,-0.00569398,28.6084,-80.6043,28.6083,-80.6042
43.87,2092.23,2099.12,-67.7542,-67.6774,-0.00662512,28.6084,-80.6043,28.6083,-80.6042
43.88,2091.56,2098.44,-67.7533,-67.6757,-0.00658847,28.6084,-80.6043,28.6083,-80.6042
43.89,2090.88,2097.77,-67.7525,-67.6734,-0.00735757,28.6084,-80.6043,28.6083,-80.6042
43.9,2090.2,2097.39,-67.7517,-67.6742,-0.0074983,28.6084,-80.6043,28.6083,-80.6042
43.91,2089.52,2096.71,-67.7508,-67.6743,-0.00849321,28.6084,-80.6043,28.6083,-80.6042
43.92,2088.85,2096.04,-67.75,-67.6749,-0.00817013,28.6084,-80.6043,28.6083,-80.6042
43.93,2088.17,2095.36,-67.7491,-67.6736,-0.00897727,28.6084,-80.6043,28.6083,-80.6042
43.94,2087.49,2094.68,-67.7483,-67.671,-0.00962356,28.6084,-80.6043,28.6083,-80.6042
43.95,2086.81,2094.01,-67.7474,-67.6685,-0.00910861,28.6084,-80.6043,28.6083,-80.6042
43.96,2086.14,2093.33,-67.7466,-67.6694,-0.0086509,28.6084,-80.6043,28.6083,-80.6042
43.97,2085.46,2092.65,-67.7457,-67.6693,-0.00774787,28.6084,-80.6043,28.6083,-80.6042
43.98,2084.78,2091.98,-67.7448,-67.6696,-0.00850245,28.6084,-80.6043,28.6083,-80.6042
43.99,2084.1,2091.3,-67.7439,-67.6693,-0.00788401,28.6084,-80.6043,28.6083,-80.6042
44,2083.43,2090.54,-67.743,-67.6685,-0.00769779,28.6084,-80.6043,28.6084,-80.6042
44.01,2082.75,2089.86,-67.7422,-67.6693,-0.00674888,28.6084,-80.6043,28.6084,-80.6042
44.02,2082.07,2089.18,-67.7413,-67.6699,-0.00676333,28.6084,-80.6043,28.6084,-80.6042
44.03,2081.39,2088.51,-67.7404,-67.6672,-0.00724939,28.6084,-80.6043,28.6084,-80.6042
44.04,2080.72,2087.83,-67.7395,-67.6659,-0.00749273,28.6084,-80.6043,28.6084,-80.6042
44.05,2080.04,2087.15,-67.7385,-67.6649,-0.00828022,28.6084,-80.6043,28.6084,-80.6042
44.06,2079.36,2086.48,-67.7376,-67.6645,-0.00792658,28.6084,-80.6043,28.6084,-80.6042
44.07,2078.68,2085.8,-67.7367,-67.6625,-0.00696291,28.6084,-80.6043,28.6084,-80.6042
44.08,2078.01,2085.12,-67.7358,-67.6605,-0.00654176,28.6084,-80.6043,28.6084,-80.6042
44.09,2077.33,2084.45,-67.7348,-67.6609,-0.00618505,28.6084,-80.6043,28.6084,-80.6042
44.1,2076.65,2083.57,-67.7339,-67.6601,-0.0067553,28.6084,-80.6043,28.6084,-80.6042
44.11,2075.97,2082.89,-67.733,-67.6595,-0.00742251,28.6084,-80.6043,28.6084,-80.6042
44.12,2075.3,2082.22,-67.732,-67.6581,-0.00659933,28.6084,-80.6043,28.6084,-80.6042
44.13,2074.62,2081.54,-67.7311,-67.6571,-0.00676921,28.6084,-80.6043,28.6084,-80.6042
44.14,2073.94,2080.86,-67.7301,-67.6565,-0.00753096,28.6084,-80.6043,28.6084,-80.6042
44.15,2073.27,2080.19,-67.7291,-67.6557,-0.00694189,28.6084,-80.6043,28.6084,-80.6042
44.16,2072.59,2079.51,-67.7282,-67.6563,-0.00680047,28.6084,-80.6043,28.6084,-80.6042
44.17,2071.91,2078.83,-67.7272,-67.6536,-0.00662776,28.6084,-80.6043,28.6084,-80.6042
44.18,2071.23,2078.16,-67.7262,-67.6526,-0.00724171,28.6084,-80.6043,28.6084,-80.6042
44.19,2070.56,2077.48,-67.7252,-67.6529,-0.00644625,28.6084,-80.6043,28.6084,-80.6042
44.2,2069.88,2077.01,-67.7242,-67.651,-0.00689446,28.6084,-80.6043,28.6084,-80.6042
44.21,2069.2,2076.33,-67.7232,-67.6509,-0.00780708,28.6084,-80.6043,28.6084,-80.6042
44.22,2068.52,2075.66,-67.7222,-67.6509,-0.008468,28.6084,-80.6043,28.6084,-80.6042
44.23,2067.85,2074.98,-67.7212,-67.6489,-0.00862973,28.6084,-80.6043,28.6084,-80.6042
44.24,2067.17,2074.3,-67.7202,-67.6465,-0.00918511,28.6084,-80.6043,28.6084,-80.6042
44.25,2066.49,2073.63,-67.7192,-67.6449,-0.00967491,28.6084,-80.6043,28.6084,-80.6042
44.26,2065.82,2072.95,-67.7182,-67.6458,-0.00907411,28.6084,-80.6043,28.6084,-80.6042
44.27,2065.14,2072.27,-67.7172,-67.6434,-0.00822853,28.6084,-80.6043,28.6084,-80.6042
44.28,2064.46,2071.6,-67.7161,-67.643,-0.00867655,28.6084,-80.6043,28.6084,-80.6042
44.29,2063.78,2070.92,-67.7151,-67.6427,-0.00878546,28.6084,-80.6043,28.6084,-80.6042
44.3,2063.11,2070.04,-67.7141,-67.6407,-0.00956552,28.6084,-80.6043,28.6084,-80.6042
44.31,2062.43,2069.36,-67.713,-67.6395,-0.0104735,28.6084,-80.6043,28.6084,-80.6042
44.32,2061.75,2068.68,-67.712,-67.6399,-0.00978993,28.6084,-80.6043,28.6084,-80.6042
44.33,2061.08,2068.01,-67.7109,-67.6399,-0.0101997,28.6084,-80.6043,28.6084,-80.6042
44.34,2060.4,2067.33,-67.7099,-67.6379,-0.00928264,28.6084,-80.6043,28.6084,-80.6042
44.35,2059.72,2066.66,-67.7088,-67.6366,-0.0102465,28.6084,-80.6043,28.6084,-80.6042
44.36,2059.04,2065.98,-67.7077,-67.6361,-0.010017,28.6084,-80.6043,28.6084,-80.6042
44.37,2058.37,2065.3,-67.7067,-67.6359,-0.00996832,28.6084,-80.6043,28.6084,-80.6042
44.38,2057.69,2064.63,-67.7056,-67.6353,-0.00957299,28.6084,-80.6043,28.6084,-80.6042
44.39,2057.01,2063.95,-67.7045,-67.6348,-0.00939042,28.6084,-80.6043,28.6084,-80.6042
44.4,2056.34,2063.01,-67.7034,-67.6344,-0.00913572,28.6084,-80.6043,28.6084,-80.6042
44.41,2055.66,2062.34,-67.7023,-67.6329,-0.00915916,28.6084,-80.6043,28.6084,-80.6042
44.42,2054.98,2061.66,-67.7012,-67.6317,-0.00924217,28.6084,-80.6043,28.6084,-80.6042
44.43,2054.31,2060.98,-67.7001,-67.6295,-0.00856077,28.6084,-80.6043,28.6084,-80.6042
44.44,2053.63,2060.31,-67.699,-67.6268,-0.0085289,28.6084,-80.6043,28.6084,-80.6042
44.45,2052.95,2059.63,-67.6979,-67.6239,-0.00864256,28.6084,-80.6043,28.6084,-80.6042
44.46,2052.27,2058.95,-67.6968,-67.6214,-0.00764917,28.6084,-80.6043,28.6084,-80.6042
44.47,2051.6,2058.28,-67.6957,-67.62,-0.00728903,28.6084,-80.6043,28.6084,-80.6042
44.48,2050.92,2057.6,-67.6945,-67.6199,-0.0065615,28.6084,-80.6043,28.6084,-80.6042
44.49,2050.24,2056.93,-67.6934,-67.6191,-0.00717295,28.6084,-80.6043,28.6084,-80.6042
44.5,2049.57,2055.82,-67.6923,-67.6183,-0.00729763,28.6084,-80.6043,28.6084,-80.6042
44.51,2048.89,2055.15,-67.6911,-67.6169,-0.00686524,28.6084,-80.6043,28.6084,-80.6042
44.52,2048.21,2054.47,-67.69,-67.6175,-0.00702832,28.6084,-80.6043,28.6084,-80.6042
44.53,2047.54,2053.79,-67.6889,-67.6167,-0.00713692,28.6084,-80.6043,28.6084,-80.6042
44.54,2046.86,2053.12,-67.6877,-67.6175,-0.00664586,28.6084,-80.6043,28.6084,-80.6042
44.55,2046.18,2052.44,-67.6865,-67.6181,-0.0064214,28.6084,-80.6043,28.6084,-80.6042
44.56,2045.51,2051.77,-67.6854,-67.6154,-0.00629874,28.6084,-80.6043,28.6084,-80.6042
44.57,2044.83,2051.09,-67.6842,-67.6157,-0.00662654,28.6084,-80.6043,28.6084,-80.6042
44.58,2044.15,2050.41,-67.6831,-67.6152,-0.00567014,28.6084,-80.6043,28.6084,-80.6042
44.59,2043.48,2049.74,-67.6819,-67.6151,-0.00498706,28.6084,-80.6043,28.6084,-80.6042
44.6,2042.8,2048.59,-67.6807,-67.6122,-0.00462044,28.6084,-80.6043,28.6084,-80.6042
44.61,2042.12,2047.92,-67.6795,-67.6103,-0.00511653,28.6084,-80.6043,28.6084,-80.6042
44.62,2041.44,2047.24,-67.6783,-67.6096,-0.0057939,28.6084,-80.6043,28.6084,-80.6042
44.63,2040.77,2046.56,-67.6771,-67.61,-0.00523495,28.6084,-80.6043,28.6084,-80.6042
44.64,2040.09,2045.89,-67.6759,-67.6094,-0.00513393,28.6084,-80.6043,28.6084,-80.6042
44.65,2039.41,2045.21,-67.6747,-67.6093,-0.00432456,28.6084,-80.6043,28.6084,-80.6042
44.66,2038.74,2044.54,-67.6735,-67.6077,-0.00345791,28.6084,-80.6043,28.6084,-80.6042
44.67,2038.06,2043.86,-67.6723,-67.6046,-0.00442098,28.6084,-80.6043,28.6084,-80.6042
44.68,2037.38,2043.18,-67.6711,-67.604,-0.00457332,28.6084,-80.6043,28.6084,-80.6042
44.69,2036.71,2042.51,-67.6699,-67.6046,-0.0053879,28.6084,-80.6043,28.6084,-80.6042
44.7,2036.03,2042.29,-67.6687,-67.6034,-0.00510701,28.6084,-80.6043,28.6084,-80.6042
44.71,2035.35,2041.61,-67.6674,-67.6003,-0.00455112,28.6084,-80.6043,28.6084,-80.6042
44.72,2034.68,2040.93,-67.6662,-67.5999,-0.00478349,28.6084,-80.6043,28.6084,-80.6042
44.73,2034,2040.26,-67.665,-67.5976,-0.00469038,28.6084,-80.6043,28.6084,-80.6042
44.74,2033.32,2039.58,-67.6637,-67.5975,-0.00432035,28.6084,-80.6043,28.6084,-80.6042
44.75,2032.65,2038.91,-67.6625,-67.5973,-0.00350996,28.6084,-80.6043,28.6084,-80.6042
44.76,2031.97,2038.23,-67.6613,-67.5956,-0.00354632,28.6084,-80.6043,28.6084,-80.6042
44.77,2031.29,2037.55,-67.66,-67.5953,-0.00300252,28.6084,-80.6043,28.6084,-80.6042
44.78,2030.62,2036.88,-67.6587,-67.5936,-0.00391336,28.6084,-80.6043,28.6084,-80.6042
44.79,2029.94,2036.2,-67.6575,-67.5939,-0.00461726,28.6084,-80.6043,28.6084,-80.6042
44.8,2029.26,2035.07,-67.6562,-67.5936,-0.00555291,28.6084,-80.6043,28.6084,-80.6042
44.81,2028.59,2034.39,-67.6549,-67.5913,-0.00653228,28.6084,-80.6043,28.6084,-80.6042
44.82,2027.91,2033.72,-67.6537,-67.589,-0.00644784,28.6084,-80.6043,28.6084,-80.6042
44.83,2027.24,2033.04,-67.6524,-67.5879,-0.00585839,28.6084,-80.6043,28.6084,-80.6042
44.84,2026.56,2032.36,-67.6511,-67.5861,-0.00499633,28.6084,-80.6043,28.6084,-80.6042
44.85,2025.88,2031.69,-67.6498,-67.5851,-0.00478584,28.6084,-80.6043,28.6084,-80.6042
44.86,2025.21,2031.01,-67.6485,-67.5819,-0.00535961,28.6084,-80.6043,28.6084,-80.6042
44.87,2024.53,2030.34,-67.6472,-67.5789,-0.0056135,28.6084,-80.6043,28.6084,-80.6042
44.88,2023.85,2029.66,-67.6459,-67.5757,-0.00569707,28.6084,-80.6043,28.6084,-80.6042
44.89,2023.18,2028.99,-67.6446,-67.574,-0.00538852,28.6084,-80.6043,28.6084,-80.6042
44.9,2022.5,2028.03,-67.6433,-67.572,-0.00538131,28.6084,-80.6043,28.6084,-80.6042
44.91,2021.82,2027.36,-67.642,-67.5716,-0.00484388,28.6084,-80.6043,28.6084,-80.6042
44.92,2021.15,2026.68,-67.6407,-67.5721,-0.004309,28.6084,-80.6043,28.6084,-80.6042
44.93,2020.47,2026.01,-67.6394,-67.5696,-0.00498051,28.6084,-80.6043,28.6084,-80.6042
44.94,2019.79,2025.33,-67.6381,-67.5666,-0.00583049,28.6084,-80.6043,28.6084,-80.6042
44.95,2019.12,2024.65,-67.6367,-67.5665,-0.00550342,28.6084,-80.6043,28.6084,-80.6042
44.96,2018.44,2023.98,-67.6354,-67.5661,-0.00608995,28.6084,-80.6043,28.6084,-80.6042
44.97,2017.77,2023.3,-67.6341,-67.565,-0.0054654,28.6084,-80.6043,28.6084,-80.6042
44.98,2017.09,2022.63,-67.6327,-67.5631,-0.00601585,28.6084,-80.6043,28.6084,-80.6042
44.99,2016.41,2021.95,-67.6314,-67.562,-0.00587204,28.6084,-80.6043,28.6084,-80.6042
45,2015.74,2021,-67.6301,-67.56,-0.00676714,28.6084,-80.6043,28.6084,-80.6042
45.01,2015.06,2020.33,-67.6287,-67.5584,-0.00583891,28.6084,-80.6043,28.6084,-80.6042
45.02,2014.38,2019.65,-67.6273,-67.5569,-0.00584574,28.6084,-80.6043,28.6084,-80.6042
45.03,2013.71,2018.97,-67.626,-67.5571,-0.00677329,28.6084,-80.6043,28.6084,-80.6042
45.04,2013.03,2018.3,-67.6246,-67.5547,-0.00721269,28.6084,-80.6043,28.6084,-80.6042
45.05,2012.35,2017.62,-67.6233,-67.5521,-0.0066163,28.6084,-80.6043,28.6084,-80.6042
45.06,2011.68,2016.95,-67.6219,-67.5526,-0.00637983,28.6084,-80.6043,28.6084,-80.6042
45.07,2011,2016.27,-67.6205,-67.5493,-0.00545337,28.6084,-80.6043,28.6084,-80.6042
45.08,2010.33,2015.6,-67.6191,-67.5472,-0.00613565,28.6084,-80.6043,28.6084,-80.6042
45.09,2009.65,2014.92,-67.6178,-67.5453,-0.00520906,28.6084,-80.6043,28.6084,-80.6042
45.1,2008.97,2014.7,-67.6164,-67.5444,-0.00609542,28.6084,-80.6043,28.6084,-80.6042
45.11,2008.3,2014.02,-67.615,-67.542,-0.00653223,28.6084,-80.6043,28.6084,-80.6042
45.12,2007.62,2013.35,-67.6136,-67.5417,-0.00637547,28.6084,-80.6043,28.6084,-80.6042
45.13,2006.95,2012.67,-67.6122,-67.5385,-0.00682503,28.6084,-80.6043,28.6084,-80.6042
45.14,2006.27,2012,-67.6108,-67.5385,-0.00619583,28.6084,-80.6043,28.6084,-80.6042
45.15,2005.59,2011.32,-67.6094,-67.5382,-0.00704836,28.6084,-80.6043,28.6084,-80.6042
45.16,2004.92,2010.65,-67.608,-67.5362,-0.00672505,28.6084,-80.6043,28.6084,-80.6042
45.17,2004.24,2009.97,-67.6066,-67.5343,-0.00741803,28.6084,-80.6043,28.6084,-80.6042
45.18,2003.57,2009.3,-67.6051,-67.5318,-0.00713289,28.6084,-80.6043,28.6084,-80.6042
45.19,2002.89,2008.62,-67.6037,-67.5287,-0.00802816,28.6084,-80.6043,28.6084,-80.6042
45.2,2002.21,2007.49,-67.6023,-67.5275,-0.00760187,28.6084,-80.6043,28.6084,-80.6042
45.21,2001.54,2006.81,-67.6009,-67.5277,-0.00725071,28.6084,-80.6043,28.6084,-80.6042
45.22,2000.86,2006.14,-67.5994,-67.528,-0.00673274,28.6084,-80.6043,28.6084,-80.6042
45.23,2000.19,2005.46,-67.598,-67.5252,-0.00635253,28.6084,-80.6043,28.6084,-80.6042
45.24,1999.51,2004.79,-67.5966,-67.5229,-0.00695245,28.6084,-80.6043,28.6084,-80.6042
45.25,1998.83,2004.11,-67.5951,-67.5205,-0.00695676,28.6084,-80.6043,28.6084,-80.6042
45.26,1998.16,2003.44,-67.5937,-67.5202,-0.00789972,28.6084,-80.6043,28.6084,-80.6042
45.27,1997.48,2002.76,-67.5922,-67.5179,-0.00732994,28.6084,-80.6043,28.6084,-80.6042
45.28,1996.81,2002.09,-67.5908,-67.5145,-0.00633827,28.6084,-80.6043,28.6084,-80.6042
45.29,1996.13,2001.41,-67.5893,-67.5114,-0.00576894,28.6084,-80.6043,28.6084,-80.6042
45.3,1995.45,2000.38,-67.5879,-67.511,-0.00477264,28.6084,-80.6043,28.6084,-80.6042
45.31,1994.78,1999.71,-67.5864,-67.5098,-0.00456365,28.6084,-80.6043,28.6084,-80.6042
45.32,1994.1,1999.03,-67.5849,-67.5079,-0.00422587,28.6084,-80.6043,28.6084,-80.6042
45.33,1993.43,1998.36,-67.5835,-67.5074,-0.00420579,28.6084,-80.6043,28.6084,-80.6042
45.34,1992.75,1997.68,-67.582,-67.5051,-0.00381664,28.6084,-80.6043,28.6084,-80.6042
45.35,1992.07,1997.01,-67.5805,-67.5047,-0.00317392,28.6084,-80.6043,28.6084,-80.6042
45.36,1991.4,1996.33,-67.579,-67.5022,-0.00237639,28.6084,-80.6043,28.6084,-80.6042
45.37,1990.72,1995.66,-67.5775,-67.4992,-0.00233777,28.6084,-80.6043,28.6084,-80.6042
45.38,1990.05,1994.98,-67.5761,-67.4967,-0.00218817,28.6084,-80.6043,28.6084,-80.6042
45.39,1989.37,1994.31,-67.5746,-67.4963,-0.00132168,28.6084,-80.6043,28.6084,-80.6042
45.4,1988.7,1994.14,-67.5731,-67.4955,-0.000842815,28.6084,-80.6043,28.6084,-80.6042
45.41,1988.02,1993.47,-67.5716,-67.4954,-0.000922718,28.6084,-80.6043,28.6084,-80.6042
45.42,1987.34,1992.79,-67.5701,-67.4922,-0.00128211,28.6084,-80.6043,28.6084,-80.6042
45.43,1986.67,1992.12,-67.5686,-67.4909,-0.000583975,28.6084,-80.6043,28.6084,-80.6042
45.44,1985.99,1991.44,-67.5671,-67.491,-0.000201873,28.6084,-80.6043,28.6084,-80.6042
45.45,1985.32,1990.77,-67.5655,-67.4881,-0.000108772,28.6084,-80.6043,28.6084,-80.6042
45.46,1984.64,1990.09,-67.564,-67.4862,-0.000205342,28.6084,-80.6043,28.6084,-80.6042
45.47,1983.97,1989.42,-67.5625,-67.4861,-0.000691815,28.6084,-80.6043,28.6084,-80.6042
45.48,1983.29,1988.74,-67.561,-67.4838,-0.000388449,28.6084,-80.6043,28.6084,-80.6042
45.49,1982.61,1988.07,-67.5594,-67.4804,-0.00060173,28.6084,-80.6043,28.6084,-80.6042
45.5,1981.94,1987.31,-67.5579,-67.4773,-2.97855e-06,28.6084,-80.6043,28.6084,-80.6042
45.51,1981.26,1986.63,-67.5564,-67.4772,0.000365166,28.6084,-80.6043,28.6084,-80.6042
45.52,1980.59,1985.96,-67.5548,-67.475,0.000378851,28.6084,-80.6043,28.6084,-80.6042
45.53,1979.91,1985.28,-67.5533,-67.4744,0.00120799,28.6084,-80.6043,28.6084,-80.6042
45.54,1979.24,1984.61,-67.5518,-67.4731,0.00136919,28.6084,-80.6043,28.6084,-80.6042
45.55,1978.56,1983.93,-67.5502,-67.4709,0.00152888,28.6084,-80.6043,28.6084,-80.6042
45.56,1977.89,1983.26,-67.5487,-67.4676,0.000756981,28.6084,-80.6043,28.6084,-80.6042
45.57,1977.21,1982.58,-67.5471,-67.4661,0.00025927,28.6084,-80.6043,28.6084,-80.6042
45.58,1976.54,1981.91,-67.5456,-67.4642,-3.36103e-05,28.6084,-80.6043,28.6084,-80.6042
45.59,1975.86,1981.23,-67.544,-67.4633,-0.000511633,28.6084,-80.6043,28.6084,-80.6042
45.6,1975.18,1980.9,-67.5424,-67.4629,0.00029369,28.6084,-80.6043,28.6084,-80.6042
45.61,1974.51,1980.23,-67.5409,-67.4599,-0.000617703,28.6084,-80.6043,28.6084,-80.6042
45.62,1973.83,1979.56,-67.5393,-67.4599,-0.000915152,28.6084,-80.6043,28.6084,-80.6042
45.63,1973.16,1978.88,-67.5377,-67.4576,-0.00174786,28.6084,-80.6043,28.6084,-80.6042
45.64,1972.48,1978.21,-67.5361,-67.455,-0.00160615,28.6084,-80.6043,28.6084,-80.6042
45.65,1971.81,1977.53,-67.5346,-67.4519,-0.000809528,28.6084,-80.6043,28.6084,-80.6042
45.66,1971.13,1976.86,-67.533,-67.4509,-0.000675345,28.6084,-80.6043,28.6084,-80.6042
45.67,1970.46,1976.18,-67.5314,-67.4491,2.73197e-05,28.6084,-80.6043,28.6084,-80.6042
45.68,1969.78,1975.51,-67.5298,-67.4462,-9.43387e-07,28.6084,-80.6043,28.6084,-80.6042
45.69,1969.11,1974.83,-67.5282,-67.4454,-0.000187818,28.6084,-80.6043,28.6084,-80.6042
45.7,1968.43,1974.35,-67.5266,-67.4453,0.00055471,28.6084,-80.6043,28.6084,-80.6042
45.71,1967.76,1973.67,-67.525,-67.4443,0.000306224,28.6084,-80.6043,28.6084,-80.6042
45.72,1967.08,1973,-67.5234,-67.4424,0.000953946,28.6084,-80.6043,28.6084,-80.6042
45.73,1966.41,1972.32,-67.5218,-67.4398,0.00184326,28.6084,-80.6043,28.6084,-80.6042
45.74,1965.73,1971.65,-67.5202,-67.4399,0.00270345,28.6084,-80.6043,28.6084,-80.6042
45.75,1965.05,1970.97,-67.5186,-67.4369,0.00357088,28.6084,-80.6043,28.6084,-80.6042
45.76,1964.38,1970.3,-67.517,-67.4349,0.00435413,28.6084,-80.6043,28.6084,-80.6042
45.77,1963.7,1969.63,-67.5153,-67.4352,0.00522185,28.6084,-80.6043,28.6084,-80.6042
45.78,1963.03,1968.95,-67.5137,-67.4332,0.00446783,28.6084,-80.6043,28.6084,-80.6042
45.79,1962.35,1968.28,-67.5121,-67.4308,0.00378476,28.6084,-80.6043,28.6084,-80.6042
45.8,1961.68,1967.37,-67.5105,-67.4312,0.00393838,28.6084,-80.6043,28.6084,-80.6042
45.81,1961,1966.7,-67.5088,-67.4295,0.0032346,28.6084,-80.6043,28.6084,-80.6042
45.82,1960.33,1966.02,-67.5072,-67.4285,0.00303272,28.6084,-80.6043,28.6084,-80.6042
45.83,1959.65,1965.35,-67.5056,-67.4263,0.00332413,28.6084,-80.6043,28.6084,-80.6042
45.84,1958.98,1964.67,-67.5039,-67.4235,0.00387183,28.6084,-80.6043,28.6084,-80.6042
45.85,1958.3,1964,-67.5023,-67.4217,0.00315789,28.6084,-80.6043,28.6084,-80.6042
45.86,1957.63,1963.33,-67.5006,-67.422,0.00394334,28.6084,-80.6043,28.6084,-80.6042
45.87,1956.95,1962.65,-67.499,-67.4194,0.00464661,28.6084,-80.6043,28.6084,-80.6042
45.88,1956.28,1961.98,-67.4973,-67.4173,0.00499908,28.6084,-80.6043,28.6084,-80.6042
45.89,1955.6,1961.3,-67.4957,-67.4139,0.00510336,28.6084,-80.6043,28.6084,-80.6042
45.9,1954.93,1960.74,-67.494,-67.4121,0.00584376,28.6084,-80.6043,28.6084,-80.6042
45.91,1954.25,1960.07,-67.4924,-67.4119,0.00666283,28.6084,-80.6043,28.6084,-80.6042
45.92,1953.58,1959.39,-67.4907,-67.412,0.00566842,28.6084,-80.6043,28.6084,-80.6042
45.93,1952.9,1958.72,-67.489,-67.4122,0.00616259,28.6084,-80.6043,28.6084,-80.6042
45.94,1952.23,1958.04,-67.4873,-67.4119,0.00523965,28.6084,-80.6043,28.6084,-80.6042
45.95,1951.55,1957.37,-67.4857,-67.4109,0.00556808,28.6084,-80.6043,28.6084,-80.6042
45.96,1950.88,1956.7,-67.484,-67.4088,0.00551209,28.6084,-80.6043,28.6084,-80.6042
45.97,1950.2,1956.02,-67.4823,-67.409,0.00453346,28.6084,-80.6043,28.6084,-80.6042
45.98,1949.53,1955.35,-67.4806,-67.4089,0.00486188,28.6084,-80.6043,28.6084,-80.6042
45.99,1948.86,1954.67,-67.4789,-67.406,0.00562154,28.6084,-80.6043,28.6084,-80.6042
46,1948.18,1953.94,-67.4773,-67.4055,0.00654022,28.6084,-80.6043,28.6085,-80.6043
46.01,1947.51,1953.27,-67.4756,-67.4022,0.00692204,28.6084,-80.6043,28.6085,-80.6043
46.02,1946.83,1952.59,-67.4739,-67.3997,0.00641824,28.6084,-80.6043,28.6085,-80.6043
46.03,1946.16,1951.92,-67.4722,-67.3965,0.00655007,28.6084,-80.6043,28.6085,-80.6043
46.04,1945.48,1951.24,-67.4705,-67.3953,0.00616183,28.6084,-80.6043,28.6085,-80.6043
46.05,1944.81,1950.57,-67.4688,-67.3937,0.00606466,28.6084,-80.6043,28.6085,-80.6043
46.06,1944.13,1949.9,-67.4671,-67.3927,0.00608063,28.6084,-80.6043,28.6085,-80.6043
46.07,1943.46,1949.22,-67.4654,-67.3922,0.00602049,28.6084,-80.6043,28.6085,-80.6043
46.08,1942.78,1948.55,-67.4636,-67.3903,0.00606528,28.6084,-80.6043,28.6085,-80.6043
46.09,1942.11,1947.87,-67.4619,-67.3901,0.00538156,28.6084,-80.6043,28.6085,-80.6043
46.1,1941.43,1946.81,-67.4602,-67.3864,0.00468685,28.6084,-80.6043,28.6085,-80.6043
46.11,1940.76,1946.13,-67.4585,-67.386,0.00532055,28.6084,-80.6043,28.6085,-80.6043
46.12,1940.08,1945.46,-67.4568,-67.3823,0.00628099,28.6084,-80.6043,28.6085,-80.6043
46.13,1939.41,1944.78,-67.455,-67.3786,0.00716993,28.6084,-80.6043,28.6085,-80.6043
46.14,1938.74,1944.11,-67.4533,-67.3753,0.00631383,28.6084,-80.6043,28.6085,-80.6043
46.15,1938.06,1943.44,-67.4516,-67.373,0.00660794,28.6084,-80.6043,28.6085,-80.6043
46.16,1937.39,1942.76,-67.4498,-67.3702,0.005613,28.6084,-80.6043,28.6085,-80.6043
46.17,1936.71,1942.09,-67.4481,-67.3691,0.00464501,28.6084,-80.6043,28.6085,-80.6043
46.18,1936.04,1941.42,-67.4464,-67.3658,0.00546241,28.6084,-80.6043,28.6085,-80.6043
46.19,1935.36,1940.74,-67.4446,-67.3645,0.00486063,28.6084,-80.6043,28.6085,-80.6043
46.2,1934.69,1939.74,-67.4429,-67.3632,0.00556112,28.6084,-80.6043,28.6085,-80.6043
46.21,1934.01,1939.06,-67.4411,-67.3614,0.00465861,28.6084,-80.6043,28.6085,-80.6043
46.22,1933.34,1938.39,-67.4394,-67.3577,0.00453591,28.6084,-80.6043,28.6085,-80.6043
46.23,1932.67,1937.72,-67.4376,-67.3557,0.00375961,28.6084,-80.6043,28.6085,-80.6043
46.24,1931.99,1937.04,-67.4359,-67.3536,0.00389071,28.6084,-80.6043,28.6085,-80.6043
46.25,1931.32,1936.37,-67.4341,-67.3527,0.00442194,28.6084,-80.6043,28.6085,-80.6043
46.26,1930.64,1935.7,-67.4324,-67.3503,0.00358463,28.6084,-80.6043,28.6085,-80.6043
46.27,1929.97,1935.02,-67.4306,-67.3475,0.00387694,28.6084,-80.6043,28.6085,-80.6043
46.28,1929.29,1934.35,-67.4288,-67.3475,0.00426738,28.6084,-80.6043,28.6085,-80.6043
46.29,1928.62,1933.68,-67.427,-67.3456,0.00357004,28.6084,-80.6043,28.6085,-80.6043
46.3,1927.95,1933.5,-67.4253,-67.3445,0.00293211,28.6084,-80.6043,28.6085,-80.6043
46.31,1927.27,1932.82,-67.4235,-67.341,0.00297973,28.6084,-80.6043,28.6085,-80.6043
46.32,1926.6,1932.15,-67.4217,-67.3375,0.00243247,28.6084,-80.6043,28.6085,-80.6043
46.33,1925.92,1931.48,-67.4199,-67.336,0.0021006,28.6084,-80.6043,28.6085,-80.6043
46.34,1925.25,1930.8,-67.4182,-67.3345,0.00273393,28.6084,-80.6043,28.6085,-80.6043
46.35,1924.57,1930.13,-67.4164,-67.334,0.00360046,28.6084,-80.6043,28.6085,-80.6043
46.36,1923.9,1929.46,-67.4146,-67.3313,0.00306657,28.6084,-80.6043,28.6085,-80.6043
46.37,1923.23,1928.78,-67.4128,-67.3279,0.00236149,28.6084,-80.6043,28.6085,-80.6043
46.38,1922.55,1928.11,-67.411,-67.3249,0.00140714,28.6084,-80.6043,28.6085,-80.6043
46.39,1921.88,1927.44,-67.4092,-67.3221,0.00114663,28.6084,-80.6043,28.6085,-80.6043
46.4,1921.2,1926.65,-67.4074,-67.3212,0.00116635,28.6084,-80.6043,28.6085,-80.6043
46.41,1920.53,1925.97,-67.4056,-67.3212,0.000687582,28.6084,-80.6043,28.6085,-80.6043
46.42,1919.86,1925.3,-67.4038,-67.3187,0.000583677,28.6084,-80.6043,28.6085,-80.6043
46.43,1919.18,1924.63,-67.402,-67.3151,1.52925e-05,28.6084,-80.6043,28.6085,-80.6043
46.44,1918.51,1923.95,-67.4002,-67.3129,-0.000411819,28.6084,-80.6043,28.6085,-80.6043
46.45,1917.83,1923.28,-67.3984,-67.3115,-0.000374602,28.6084,-80.6043,28.6085,-80.6043
46.46,1917.16,1922.61,-67.3966,-67.3092,0.000466704,28.6084,-80.6043,28.6085,-80.6043
46.47,1916.49,1921.93,-67.3947,-67.3075,0.00115861,28.6084,-80.6043,28.6085,-80.6043
46.48,1915.81,1921.26,-67.3929,-67.3063,0.00173443,28.6084,-80.6043,28.6085,-80.6043
46.49,1915.14,1920.59,-67.3911,-67.3054,0.00107409,28.6084,-80.6043,28.6085,-80.6043
46.5,1914.46,1919.85,-67.3893,-67.3017,0.000483494,28.6084,-80.6043,28.6085,-80.6043
46.51,1913.79,1919.17,-67.3874,-67.2983,-0.000285155,28.6084,-80.6043,28.6085,-80.6043
46.52,1913.12,1918.5,-67.3856,-67.2984,-0.00126623,28.6084,-80.6043,28.6085,-80.6043
46.53,1912.44,1917.83,-67.3838,-67.298,-0.000725535,28.6084,-80.6043,28.6085,-80.6043
46.54,1911.77,1917.15,-67.3819,-67.2967,-0.000873894,28.6084,-80.6043,28.6085,-80.6043
46.55,1911.09,1916.48,-67.3801,-67.2957,-0.00104412,28.6084,-80.6043,28.6085,-80.6043
46.56,1910.42,1915.81,-67.3783,-67.2927,-0.000962469,28.6084,-80.6043,28.6085,-80.6043
46.57,1909.75,1915.13,-67.3764,-67.2925,-0.0014774,28.6084,-80.6043,28.6085,-80.6043
46.58,1909.07,1914.46,-67.3746,-67.2906,-0.00185235,28.6084,-80.6043,28.6085,-80.6043
46.59,1908.4,1913.79,-67.3727,-67.2874,-0.00128613,28.6084,-80.6043,28.6085,-80.6043
46.6,1907.73,1912.89,-67.3709,-67.2847,-0.0015651,28.6084,-80.6043,28.6085,-80.6043
46.61,1907.05,1912.22,-67.369,-67.2833,-0.000936372,28.6084,-80.6043,28.6085,-80.6043
46.62,1906.38,1911.54,-67.3672,-67.2824,2.99974e-05,28.6084,-80.6043,28.6085,-80.6043
46.63,1905.71,1910.87,-67.3653,-67.2802,7.01599e-05,28.6084,-80.6043,28.6085,-80.6043
46.64,1905.03,1910.2,-67.3635,-67.2797,0.000219128,28.6084,-80.6043,28.6085,-80.6043
46.65,1904.36,1909.52,-67.3616,-67.2769,-0.000717559,28.6084,-80.6043,28.6085,-80.6043
46.66,1903.68,1908.85,-67.3597,-67.2739,-3.66433e-05,28.6084,-80.6043,28.6085,-80.6043
46.67,1903.01,1908.18,-67.3579,-67.2738,0.000541777,28.6084,-80.6043,28.6085,-80.6043
46.68,1902.34,1907.51,-67.356,-67.2701,0.00119799,28.6084,-80.6043,28.6085,-80.6043
46.69,1901.66,1906.83,-67.3541,-67.2695,0.00100755,28.6084,-80.6043,28.6085,-80.6043
46.7,1900.99,1906.38,-67.3523,-67.2692,0.00117415,28.6084,-80.6043,28.6085,-80.6043
46.71,1900.32,1905.71,-67.3504,-67.2685,0.00153419,28.6084,-80.6043,28.6085,-80.6043
46.72,1899.64,1905.03,-67.3485,-67.2669,0.000825807,28.6084,-80.6043,28.6085,-80.6043
46.73,1898.97,1904.36,-67.3466,-67.263,0.000393224,28.6084,-80.6043,28.6085,-80.6043
46.74,1898.3,1903.69,-67.3447,-67.2594,0.000797057,28.6084,-80.6043,28.6085,-80.6043
46.75,1897.62,1903.02,-67.3429,-67.257,0.00046027,28.6084,-80.6043,28.6085,-80.6043
46.76,1896.95,1902.34,-67.341,-67.2558,0.000377446,28.6084,-80.6043,28.6085,-80.6043
46.77,1896.28,1901.67,-67.3391,-67.2536,7.69133e-06,28.6084,-80.6043,28.6085,-80.6043
46.78,1895.6,1901,-67.3372,-67.2534,-0.000791644,28.6084,-80.6043,28.6085,-80.6043
46.79,1894.93,1900.33,-67.3353,-67.2517,-0.00052096,28.6084,-80.6043,28.6085,-80.6043
46.8,1894.26,1899.87,-67.3334,-67.2485,-0.000521369,28.6084,-80.6043,28.6085,-80.6043
46.81,1893.58,1899.2,-67.3315,-67.2469,-0.000406266,28.6084,-80.6043,28.6085,-80.6043
46.82,1892.91,1898.52,-67.3296,-67.2462,-0.000117202,28.6084,-80.6043,28.6085,-80.6043
46.83,1892.24,1897.85,-67.3277,-67.2447,-0.000371767,28.6084,-80.6043,28.6085,-80.6043
46.84,1891.56,1897.18,-67.3258,-67.2446,-0.00038382,28.6084,-80.6043,28.6085,-80.6043
46.85,1890.89,1896.51,-67.3239,-67.2409,-0.000886664,28.6084,-80.6043,28.6085,-80.6043
46.86,1890.22,1895.84,-67.322,-67.2404,-0.000614584,28.6084,-80.6043,28.6085,-80.6043
46.87,1889.54,1895.16,-67.3201,-67.2377,-0.00103673,28.6084,-80.6043,28.6085,-80.6043
46.88,1888.87,1894.49,-67.3181,-67.2353,-8.8561e-05,28.6084,-80.6043,28.6085,-80.6043
46.89,1888.2,1893.82,-67.3162,-67.2345,-0.00042755,28.6084,-80.6043,28.6085,-80.6043
46.9,1887.52,1893.36,-67.3143,-67.2321,-0.000328655,28.6084,-80.6043,28.6085,-80.6043
46.91,1886.85,1892.68,-67.3124,-67.2296,-0.00106926,28.6084,-80.6043,28.6085,-80.6043
46.92,1886.18,1892.01,-67.3105,-67.2257,-0.00179374,28.6084,-80.6043,28.6085,-80.6043
46.93,1885.5,1891.34,-67.3085,-67.2249,-0.00190233,28.6084,-80.6043,28.6085,-80.6043
46.94,1884.83,1890.67,-67.3066,-67.2219,-0.00279204,28.6084,-80.6043,28.6085,-80.6043
46.95,1884.16,1889.99,-67.3047,-67.2181,-0.00341566,28.6084,-80.6043,28.6085,-80.6043
46.96,1883.49,1889.32,-67.3027,-67.2153,-0.00340955,28.6084,-80.6043,28.6085,-80.6043
46.97,1882.81,1888.65,-67.3008,-67.2138,-0.00367905,28.6084,-80.6043,28.6085,-80.6043
46.98,1882.14,1887.98,-67.2989,-67.2103,-0.00314863,28.6084,-80.6043,28.6085,-80.6043
46.99,1881.47,1887.31,-67.2969,-67.2087,-0.00338327,28.6084,-80.6043,28.6085,-80.6043
47,1880.79,1886.23,-67.295,-67.2059,-0.00305699,28.6084,-80.6043,28.6084,-80.6044
47.01,1880.12,1885.56,-67.2931,-67.2039,-0.00334995,28.6084,-80.6043,28.6084,-80.6044
47.02,1879.45,1884.89,-67.2911,-67.2038,-0.00371722,28.6084,-80.6043,28.6084,-80.6044
47.03,1878.77,1884.22,-67.2892,-67.2001,-0.00355319,28.6084,-80.6043,28.6084,-80.6044
47.04,1878.1,1883.54,-67.2872,-67.1962,-0.00450756,28.6084,-80.6043,28.6084,-80.6044
47.05,1877.43,1882.87,-67.2853,-67.1934,-0.00359481,28.6084,-80.6043,28.6084,-80.6044
47.06,1876.76,1882.2,-67.2833,-67.1928,-0.00271133,28.6084,-80.6043,28.6084,-80.6044
47.07,1876.08,1881.53,-67.2813,-67.1912,-0.00184398,28.6084,-80.6043,28.6084,-80.6044
47.08,1875.41,1880.86,-67.2794,-67.1873,-0.00214882,28.6084,-80.6043,28.6084,-80.6044
47.09,1874.74,1880.18,-67.2774,-67.1868,-0.00171361,28.6084,-80.6043,28.6084,-80.6044
47.1,1874.06,1879.43,-67.2755,-67.1835,-0.00168489,28.6084,-80.6043,28.6084,-80.6044
47.11,1873.39,1878.76,-67.2735,-67.1832,-0.00212574,28.6084,-80.6043,28.6084,-80.6044
47.12,1872.72,1878.09,-67.2715,-67.1812,-0.00288171,28.6084,-80.6043,28.6084,-80.6044
47.13,1872.05,1877.42,-67.2696,-67.1813,-0.00356058,28.6084,-80.6043,28.6084,-80.6044
47.14,1871.37,1876.74,-67.2676,-67.1787,-0.00384444,28.6084,-80.6043,28.6084,-80.6044
47.15,1870.7,1876.07,-67.2656,-67.1767,-0.00391936,28.6084,-80.6043,28.6084,-80.6044
47.16,1870.03,1875.4,-67.2636,-67.1753,-0.00323599,28.6084,-80.6043,28.6084,-80.6044
47.17,1869.36,1874.73,-67.2617,-67.1734,-0.00291539,28.6084,-80.6043,28.6084,-80.6044
47.18,1868.68,1874.06,-67.2597,-67.1702,-0.00376117,28.6084,-80.6043,28.6084,-80.6044
47.19,1868.01,1873.38,-67.2577,-67.1677,-0.00314032,28.6084,-80.6043,28.6084,-80.6044
47.2,1867.34,1873.02,-67.2557,-67.1646,-0.00294937,28.6084,-80.6043,28.6084,-80.6044
47.21,1866.67,1872.35,-67.2537,-67.1607,-0.00195426,28.6084,-80.6043,28.6084,-80.6044
47.22,1865.99,1871.68,-67.2518,-67.1571,-0.00149935,28.6084,-80.6043,28.6084,-80.6044
47.23,1865.32,1871.01,-67.2498,-67.1557,-0.00244627,28.6084,-80.6043,28.6084,-80.6044
47.24,1864.65,1870.33,-67.2478,-67.1539,-0.00305475,28.6084,-80.6043,28.6084,-80.6044
47.25,1863.98,1869.66,-67.2458,-67.1518,-0.0029989,28.6084,-80.6043,28.6084,-80.6044
47.26,1863.3,1868.99,-67.2438,-67.148,-0.00235796,28.6084,-80.6043,28.6084,-80.6044
47.27,1862.63,1868.32,-67.2418,-67.1479,-0.00324373,28.6084,-80.6043,28.6084,-80.6044
47.28,1861.96,1867.65,-67.2398,-67.1447,-0.00387191,28.6084,-80.6043,28.6084,-80.6044
47.29,1861.29,1866.98,-67.2378,-67.1418,-0.00451322,28.6084,-80.6043,28.6084,-80.6044
47.3,1860.61,1866.57,-67.2358,-67.139,-0.00517829,28.6084,-80.6043,28.6084,-80.6044
47.31,1859.94,1865.9,-67.2338,-67.1369,-0.00485316,28.6084,-80.6043,28.6084,-80.6044
47.32,1859.27,1865.23,-67.2318,-67.1362,-0.00519459,28.6084,-80.6043,28.6084,-80.6044
47.33,1858.6,1864.56,-67.2298,-67.1332,-0.00454923,28.6084,-80.6043,28.6084,-80.6044
47.34,1857.92,1863.89,-67.2278,-67.1327,-0.00449223,28.6084,-80.6043,28.6084,-80.6044
47.35,1857.25,1863.22,-67.2257,-67.131,-0.00527083,28.6084,-80.6043,28.6084,-80.6044
47.36,1856.58,1862.54,-67.2237,-67.1299,-0.0054394,28.6084,-80.6043,28.6084,-80.6044
47.37,1855.91,1861.87,-67.2217,-67.1298,-0.00446635,28.6084,-80.6043,28.6084,-80.6044
47.38,1855.24,1861.2,-67.2197,-67.1268,-0.00538253,28.6084,-80.6043,28.6084,-80.6044
47.39,1854.56,1860.53,-67.2177,-67.125,-0.00446931,28.6084,-80.6043,28.6084,-80.6044
47.4,1853.89,1859.91,-67.2157,-67.1227,-0.00355028,28.6084,-80.6043,28.6084,-80.6044
47.41,1853.22,1859.24,-67.2136,-67.1191,-0.00258057,28.6084,-80.6043,28.6084,-80.6044
47.42,1852.55,1858.57,-67.2116,-67.1153,-0.00313146,28.6084,-80.6043,28.6084,-80.6044
47.43,1851.88,1857.9,-67.2096,-67.1146,-0.00282397,28.6084,-80.6043,28.6084,-80.6044
47.44,1851.2,1857.22,-67.2075,-67.1129,-0.00208245,28.6084,-80.6043,28.6084,-80.6044
47.45,1850.53,1856.55,-67.2055,-67.1096,-0.0012281,28.6084,-80.6043,28.6084,-80.6044
47.46,1849.86,1855.88,-67.2035,-67.1079,-0.00126054,28.6084,-80.6043,28.6084,-80.6044
47.47,1849.19,1855.21,-67.2015,-67.1074,-0.000777095,28.6084,-80.6043,28.6084,-80.6044
47.48,1848.51,1854.54,-67.1994,-67.1065,8.97725e-05,28.6084,-80.6043,28.6084,-80.6044
47.49,1847.84,1853.87,-67.1974,-67.1029,0.000593694,28.6084,-80.6043,28.6084,-80.6044
47.5,1847.17,1853.1,-67.1953,-67.1015,0.00157795,28.6084,-80.6043,28.6084,-80.6044
47.51,1846.5,1852.43,-67.1933,-67.1014,0.000592946,28.6084,-80.6043,28.6084,-80.6044
47.52,1845.83,1851.76,-67.1912,-67.0974,0.000649252,28.6084,-80.6043,28.6084,-80.6044
47.53,1845.16,1851.09,-67.1892,-67.0971,0.00050754,28.6084,-80.6043,28.6084,-80.6044
47.54,1844.48,1850.42,-67.1872,-67.0951,0.000771979,28.6084,-80.6043,28.6084,-80.6044
47.55,1843.81,1849.75,-67.1851,-67.0935,0.00052492,28.6084,-80.6043,28.6084,-80.6044
47.56,1843.14,1849.08,-67.1831,-67.0934,0.000271944,28.6084,-80.6043,28.6084,-80.6044
47.57,1842.47,1848.41,-67.181,-67.092,-0.000207952,28.6084,-80.6043,28.6084,-80.6044
47.58,1841.8,1847.74,-67.1789,-67.0898,0.000750132,28.6084,-80.6043,28.6084,-80.6044
47.59,1841.12,1847.06,-67.1769,-67.0871,0.000580203,28.6084,-80.6043,28.6084,-80.6044
47.6,1840.45,1846.67,-67.1748,-67.0838,0.000762461,28.6084,-80.6043,28.6084,-80.6044
47.61,1839.78,1846,-67.1728,-67.0804,0.00116623,28.6084,-80.6043,28.6084,-80.6044
47.62,1839.11,1845.33,-67.1707,-67.0781,0.00118121,28.6084,-80.6043,28.6084,-80.6044
47.63,1838.44,1844.66,-67.1686,-67.0755,0.00108245,28.6084,-80.6043,28.6084,-80.6044
47.64,1837.77,1843.99,-67.1666,-67.0744,0.00205627,28.6084,-80.6043,28.6084,-80.6044
47.65,1837.09,1843.32,-67.1645,-67.0725,0.00159723,28.6084,-80.6043,28.6084,-80.6044
47.66,1836.42,1842.65,-67.1624,-67.0694,0.00149772,28.6084,-80.6043,28.6084,-80.6044
47.67,1835.75,1841.98,-67.1604,-67.0683,0.00106246,28.6084,-80.6043,28.6084,-80.6044
47.68,1835.08,1841.31,-67.1583,-67.0662,0.00145682,28.6084,-80.6043,28.6084,-80.6044
47.69,1834.41,1840.64,-67.1562,-67.0631,0.000720572,28.6084,-80.6043,28.6084,-80.6044
47.7,1833.74,1839.73,-67.1541,-67.0627,7.77461e-06,28.6084,-80.6043,28.6084,-80.6044
47.71,1833.06,1839.06,-67.1521,-67.0619,-5.44384e-05,28.6084,-80.6043,28.6084,-80.6044
47.72,1832.39,1838.39,-67.15,-67.0601,-0.00104718,28.6084,-80.6043,28.6084,-80.6044
47.73,1831.72,1837.72,-67.1479,-67.0583,-0.00186443,28.6084,-80.6043,28.6084,-80.6044
47.74,1831.05,1837.05,-67.1458,-67.0565,-0.00236805,28.6084,-80.6043,28.6084,-80.6044
47.75,1830.38,1836.38,-67.1437,-67.0537,-0.00287577,28.6084,-80.6043,28.6084,-80.6044
47.76,1829.71,1835.71,-67.1416,-67.0515,-0.003107,28.6084,-80.6043,28.6084,-80.6044
47.77,1829.04,1835.04,-67.1396,-67.0481,-0.00402756,28.6084,-80.6043,28.6084,-80.6044
47.78,1828.36,1834.37,-67.1375,-67.048,-0.00449566,28.6084,-80.6043,28.6084,-80.6044
47.79,1827.69,1833.7,-67.1354,-67.0467,-0.00548244,28.6084,-80.6043,28.6084,-80.6044
47.8,1827.02,1832.99,-67.1333,-67.0437,-0.00534313,28.6084,-80.6043,28.6084,-80.6044
47.81,1826.35,1832.32,-67.1312,-67.0406,-0.00466774,28.6084,-80.6043,28.6084,-80.6044
47.82,1825.68,1831.65,-67.1291,-67.0403,-0.00435055,28.6084,-80.6043,28.6084,-80.6044
47.83,1825.01,1830.98,-67.127,-67.0381,-0.0037299,28.6084,-80.6043,28.6084,-80.6044
47.84,1824.34,1830.31,-67.1249,-67.0348,-0.00348847,28.6084,-80.6043,28.6084,-80.6044
47.85,1823.67,1829.64,-67.1228,-67.0309,-0.00257279,28.6084,-80.6043,28.6084,-80.6044
47.86,1822.99,1828.97,-67.1207,-67.0305,-0.00272714,28.6084,-80.6043,28.6084,-80.6044
47.87,1822.32,1828.3,-67.1186,-67.0288,-0.00355975,28.6084,-80.6043,28.6084,-80.6044
47.88,1821.65,1827.63,-67.1165,-67.0253,-0.00360647,28.6084,-80.6043,28.6084,-80.6044
47.89,1820.98,1826.96,-67.1144,-67.0231,-0.00436857,28.6084,-80.6043,28.6084,-80.6044
47.9,1820.31,1825.95,-67.1123,-67.0224,-0.00387158,28.6084,-80.6043,28.6084,-80.6044
47.91,1819.64,1825.28,-67.1102,-67.0197,-0.00374393,28.6084,-80.6043,28.6084,-80.6044
47.92,1818.97,1824.61,-67.108,-67.0168,-0.00361745,28.6084,-80.6043,28.6084,-80.6044
47.93,1818.3,1823.94,-67.1059,-67.0134,-0.00263732,28.6084,-80.6043,28.6084,-80.6044
47.94,1817.63,1823.27,-67.1038,-67.011,-0.00256038,28.6084,-80.6043,28.6084,-80.6044
47.95,1816.95,1822.6,-67.1017,-67.0086,-0.00289902,28.6084,-80.6043,28.6084,-80.6044
47.96,1816.28,1821.93,-67.0996,-67.0057,-0.0031042,28.6084,-80.6043,28.6084,-80.6044
47.97,1815.61,1821.26,-67.0975,-67.0041,-0.00339219,28.6084,-80.6043,28.6084,-80.6044
47.98,1814.94,1820.59,-67.0953,-67.0002,-0.00402379,28.6084,-80.6043,28.6084,-80.6044
47.99,1814.27,1819.92,-67.0932,-66.9995,-0.00391778,28.6084,-80.6043,28.6084,-80.6044
48,1813.6,1819.33,-67.0911,-66.9988,-0.00470916,28.6084,-80.6043,28.6085,-80.6044
48.01,1812.93,1818.66,-67.089,-66.9962,-0.00473,28.6084,-80.6043,28.6085,-80.6044
48.02,1812.26,1817.99,-67.0868,-66.9952,-0.00462869,28.6084,-80.6043,28.6085,-80.6044
48.03,1811.59,1817.32,-67.0847,-66.9946,-0.00369345,28.6084,-80.6043,28.6085,-80.6044
48.04,1810.92,1816.65,-67.0826,-66.9936,-0.00335564,28.6084,-80.6043,28.6085,-80.6044
48.05,1810.25,1815.98,-67.0804,-66.9914,-0.0025702,28.6084,-80.6043,28.6085,-80.6044
48.06,1809.57,1815.31,-67.0783,-66.9903,-0.00284776,28.6084,-80.6043,28.6085,-80.6044
48.07,1808.9,1814.64,-67.0762,-66.9866,-0.00224377,28.6084,-80.6043,28.6085,-80.6044
48.08,1808.23,1813.97,-67.074,-66.9829,-0.00235876,28.6084,-80.6043,28.6085,-80.6044
48.09,1807.56,1813.3,-67.0719,-66.9822,-0.00216456,28.6084,-80.6043,28.6085,-80.6044
48.1,1806.89,1812.72,-67.0697,-66.9787,-0.00215146,28.6084,-80.6043,28.6085,-80.6044
48.11,1806.22,1812.05,-67.0676,-66.9748,-0.00176995,28.6084,-80.6043,28.6085,-80.6044
48.12,1805.55,1811.38,-67.0655,-66.9742,-0.00211953,28.6084,-80.6043,28.6085,-80.6044
48.13,1804.88,1810.71,-67.0633,-66.9708,-0.00271177,28.6084,-80.6043,28.6085,-80.6044
48.14,1804.21,1810.05,-67.0612,-66.9668,-0.0029321,28.6084,-80.6043,28.6085,-80.6044
48.15,1803.54,1809.38,-67.059,-66.9639,-0.00258199,28.6084,-80.6043,28.6085,-80.6044
48.16,1802.87,1808.71,-67.0569,-66.9604,-0.00226264,28.6084,-80.6043,28.6085,-80.6044
48.17,1802.2,1808.04,-67.0547,-66.9567,-0.00251825,28.6084,-80.6043,28.6085,-80.6044
48.18,1801.53,1807.37,-67.0526,-66.9534,-0.00179465,28.6084,-80.6043,28.6085,-80.6044
48.19,1800.86,1806.7,-67.0504,-66.9509,-0.00188676,28.6084,-80.6043,28.6085,-80.6044
48.2,1800.19,1806.32,-67.0482,-66.9492,-0.00195326,28.6084,-80.6043,28.6085,-80.6044
48.21,1799.52,1805.65,-67.0461,-66.9463,-0.0022542,28.6084,-80.6043,28.6085,-80.6044
48.22,1798.85,1804.98,-67.0439,-66.9442,-0.00194588,28.6084,-80.6043,28.6085,-80.6044
48.23,1798.17,1804.31,-67.0418,-66.9409,-0.00170436,28.6084,-80.6043,28.6085,-80.6044
48.24,1797.5,1803.64,-67.0396,-66.9397,-0.00144045,28.6084,-80.6043,28.6085,-80.6044
48.25,1796.83,1802.97,-67.0374,-66.939,-0.00203173,28.6084,-80.6043,28.6085,-80.6044
48.26,1796.16,1802.3,-67.0353,-66.9373,-0.00139561,28.6084,-80.6043,28.6085,-80.6044
48.27,1795.49,1801.63,-67.0331,-66.9359,-0.000936855,28.6084,-80.6043,28.6085,-80.6044
48.28,1794.82,1800.96,-67.0309,-66.9331,-0.000921237,28.6084,-80.6043,28.6085,-80.6044
48.29,1794.15,1800.29,-67.0288,-66.9302,-0.00184768,28.6084,-80.6043,28.6085,-80.6044
48.3,1793.48,1799.87,-67.0266,-66.9292,-0.00212225,28.6084,-80.6043,28.6085,-80.6044
48.31,1792.81,1799.2,-67.0244,-66.9256,-0.00260847,28.6084,-80.6043,28.6085,-80.6044
48.32,1792.14,1798.53,-67.0223,-66.9245,-0.0023165,28.6084,-80.6043,28.6085,-80.6044
48.33,1791.47,1797.86,-67.0201,-66.9239,-0.00170741,28.6084,-80.6043,28.6085,-80.6044
48.34,1790.8,1797.19,-67.0179,-66.9233,-0.00168353,28.6084,-80.6043,28.6085,-80.6044
48.35,1790.13,1796.52,-67.0157,-66.922,-0.00111149,28.6084,-80.6043,28.6085,-80.6044
48.36,1789.46,1795.85,-67.0136,-66.9208,-0.000869848,28.6084,-80.6043,28.6085,-80.6044
48.37,1788.79,1795.18,-67.0114,-66.9195,-2.87105e-05,28.6084,-80.6043,28.6085,-80.6044
48.38,1788.12,1794.52,-67.0092,-66.9177,0.000761013,28.6084,-80.6043,28.6085,-80.6044
48.39,1787.45,1793.85,-67.007,-66.9168,-0.000149358,28.6084,-80.6043,28.6085,-80.6044
48.4,1786.78,1793.5,-67.0048,-66.9165,-0.000396984,28.6084,-80.6043,28.6085,-80.6044
48.41,1786.11,1792.83,-67.0026,-66.9146,-3.67529e-05,28.6084,-80.6043,28.6085,-80.6044
48.42,1785.44,1792.16,-67.0005,-66.9137,-6.23909e-05,28.6084,-80.6043,28.6085,-80.6044
48.43,1784.77,1791.49,-66.9983,-66.9127,0.000669639,28.6084,-80.6043,28.6085,-80.6044
48.44,1784.1,1790.82,-66.9961,-66.9104,0.000448019,28.6084,-80.6043,28.6085,-80.6044
48.45,1783.43,1790.16,-66.9939,-66.9093,0.000212585,28.6084,-80.6043,28.6085,-80.6044
48.46,1782.76,1789.49,-66.9917,-66.9081,0.000183825,28.6084,-80.6043,28.6085,-80.6044
48.47,1782.09,1788.82,-66.9895,-66.9055,0.000976056,28.6084,-80.6043,28.6085,-80.6044
48.48,1781.42,1788.15,-66.9873,-66.9029,0.000810747,28.6084,-80.6043,28.6085,-80.6044
48.49,1780.75,1787.48,-66.9851,-66.8987,4.32474e-05,28.6084,-80.6043,28.6085,-80.6044
48.5,1780.08,1787.08,-66.9829,-66.8958,0.000607377,28.6084,-80.6043,28.6085,-80.6044
48.51,1779.41,1786.41,-66.9807,-66.894,-0.000280288,28.6084,-80.6043,28.6085,-80.6044
48.52,1778.74,1785.74,-66.9785,-66.8926,0.00016435,28.6084,-80.6043,28.6085,-80.6044
48.53,1778.07,1785.07,-66.9763,-66.8886,0.00011446,28.6084,-80.6043,28.6085,-80.6044
48.54,1777.4,1784.41,-66.9741,-66.8853,0.00106086,28.6084,-80.6043,28.6085,-80.6044
48.55,1776.73,1783.74,-66.9719,-66.8817,0.000493084,28.6084,-80.6043,28.6085,-80.6044
48.56,1776.06,1783.07,-66.9697,-66.8783,0.000555799,28.6084,-80.6043,28.6085,-80.6044
48.57,1775.39,1782.4,-66.9675,-66.8765,0.000157033,28.6084,-80.6043,28.6085,-80.6044
48.58,1774.72,1781.73,-66.9653,-66.8734,-0.00032201,28.6084,-80.6043,28.6085,-80.6044
48.59,1774.05,1781.06,-66.9631,-66.8699,-0.00110506,28.6084,-80.6043,28.6085,-80.6044
48.6,1773.38,1780.1,-66.9609,-66.8677,-0.00169134,28.6084,-80.6043,28.6085,-80.6044
48.61,1772.71,1779.44,-66.9587,-66.8661,-0.00105202,28.6084,-80.6043,28.6085,-80.6044
48.62,1772.05,1778.77,-66.9564,-66.8648,-0.000893742,28.6084,-80.6043,28.6085,-80.6044
48.63,1771.38,1778.1,-66.9542,-66.8637,-0.00139221,28.6084,-80.6043,28.6085,-80.6044
48.64,1770.71,1777.43,-66.952,-66.8607,-0.000540923,28.6084,-80.6043,28.6085,-80.6044
48.65,1770.04,1776.76,-66.9498,-66.8603,-0.00138483,28.6084,-80.6043,28.6085,-80.6044
48.66,1769.37,1776.09,-66.9476,-66.8592,-0.00220683,28.6084,-80.6043,28.6085,-80.6044
48.67,1768.7,1775.42,-66.9454,-66.8574,-0.00129199,28.6084,-80.6043,28.6085,-80.6044
48.68,1768.03,1774.76,-66.9431,-66.857,-0.000579328,28.6084,-80.6043,28.6085,-80.6044
48.69,1767.36,1774.09,-66.9409,-66.8539,-0.00155287,28.6084,-80.6043,28.6085,-80.6044
48.7,1766.69,1773.82,-66.9387,-66.8509,-0.000671538,28.6084,-80.6043,28.6085,-80.6044
48.71,1766.02,1773.15,-66.9365,-66.8473,-0.00100128,28.6084,-80.6043,28.6085,-80.6044
48.72,1765.35,1772.49,-66.9342,-66.8466,-8.48552e-05,28.6084,-80.6043,28.6085,-80.6044
48.73,1764.68,1771.82,-66.932,-66.844,0.000818865,28.6084,-80.6043,28.6085,-80.6044
48.74,1764.01,1771.15,-66.9298,-66.8435,-1.15025e-05,28.6084,-80.6043,28.6085,-80.6044
48.75,1763.34,1770.48,-66.9276,-66.8426,-0.000160928,28.6084,-80.6043,28.6085,-80.6044
48.76,1762.67,1769.81,-66.9253,-66.8422,0.000795837,28.6084,-80.6043,28.6085,-80.6044
48.77,1762,1769.14,-66.9231,-66.8392,0.0010734,28.6084,-80.6043,28.6085,-80.6044
48.78,1761.34,1768.48,-66.9209,-66.8381,0.00193495,28.6084,-80.6043,28.6085,-80.6044
48.79,1760.67,1767.81,-66.9186,-66.8366,0.00121701,28.6084,-80.6043,28.6085,-80.6044
48.8,1760,1766.77,-66.9164,-66.8325,0.00104145,28.6084,-80.6043,28.6085,-80.6044
48.81,1759.33,1766.1,-66.9142,-66.8307,0.00162844,28.6084,-80.6043,28.6085,-80.6044
48.82,1758.66,1765.43,-66.9119,-66.8291,0.000813693,28.6084,-80.6043,28.6085,-80.6044
48.83,1757.99,1764.76,-66.9097,-66.8263,-7.00762e-05,28.6084,-80.6043,28.6085,-80.6044
48.84,1757.32,1764.09,-66.9074,-66.8256,-0.000355285,28.6084,-80.6043,28.6085,-80.6044
48.85,1756.65,1763.42,-66.9052,-66.8214,0.000509753,28.6084,-80.6043,28.6085,-80.6044
48.86,1755.98,1762.76,-66.903,-66.8188,0.000177579,28.6084,-80.6043,28.6085,-80.6044
48.87,1755.31,1762.09,-66.9007,-66.8183,0.000286649,28.6084,-80.6043,28.6085,-80.6044
48.88,1754.64,1761.42,-66.8985,-66.8143,-0.000690029,28.6084,-80.6043,28.6085,-80.6044
48.89,1753.98,1760.75,-66.8962,-66.8116,-0.00166135,28.6084,-80.6043,28.6085,-80.6044
48.9,1753.31,1759.56,-66.894,-66.8107,-0.00256834,28.6084,-80.6043,28.6085,-80.6044
48.91,1752.64,1758.89,-66.8917,-66.8101,-0.00211532,28.6084,-80.6043,28.6085,-80.6044
48.92,1751.97,1758.22,-66.8895,-66.807,-0.00238701,28.6084,-80.6043,28.6085,-80.6044
48.93,1751.3,1757.56,-66.8872,-66.8042,-0.00329314,28.6084,-80.6043,28.6085,-80.6044
48.94,1750.63,1756.89,-66.885,-66.8019,-0.00305136,28.6084,-80.6043,28.6085,-80.6044
48.95,1749.96,1756.22,-66.8827,-66.7998,-0.00228871,28.6084,-80.6043,28.6085,-80.6044
48.96,1749.29,1755.55,-66.8805,-66.7968,-0.00278341,28.6084,-80.6043,28.6085,-80.6044
48.97,1748.62,1754.88,-66.8782,-66.7957,-0.00225119,28.6084,-80.6043,28.6085,-80.6044
48.98,1747.96,1754.22,-66.876,-66.7919,-0.00270519,28.6084,-80.6043,28.6085,-80.6044
48.99,1747.29,1753.55,-66.8737,-66.7881,-0.00318545,28.6084,-80.6043,28.6085,-80.6044
49,1746.62,1752.51,-66.8714,-66.7868,-0.00257648,28.6084,-80.6043,28.6084,-80.6042
49.01,1745.95,1751.84,-66.8692,-66.7831,-0.0018479,28.6084,-80.6043,28.6084,-80.6042
49.02,1745.28,1751.17,-66.8669,-66.7827,-0.00174879,28.6084,-80.6043,28.6084,-80.6042
49.03,1744.61,1750.5,-66.8647,-66.7823,-0.00259189,28.6084,-80.6043,28.6084,-80.6042
49.04,1743.94,1749.83,-66.8624,-66.7795,-0.0032017,28.6084,-80.6043,28.6084,-80.6042
49.05,1743.28,1749.17,-66.8601,-66.776,-0.00352909,28.6084,-80.6043,28.6084,-80.6042
49.06,1742.61,1748.5,-66.8579,-66.7735,-0.0036046,28.6084,-80.6043,28.6084,-80.6042
49.07,1741.94,1747.83,-66.8556,-66.7717,-0.00447572,28.6084,-80.6043,28.6084,-80.6042
49.08,1741.27,1747.16,-66.8533,-66.7711,-0.00379093,28.6084,-80.6043,28.6084,-80.6042
49.09,1740.6,1746.5,-66.8511,-66.7671,-0.0032777,28.6084,-80.6043,28.6084,-80.6042
49.1,1739.93,1745.95,-66.8488,-66.7664,-0.00395639,28.6084,-80.6043,28.6084,-80.6042
49.11,1739.26,1745.28,-66.8465,-66.764,-0.00408909,28.6084,-80.6043,28.6084,-80.6042
49.12,1738.6,1744.61,-66.8443,-66.7622,-0.00457433,28.6084,-80.6043,28.6084,-80.6042
49.13,1737.93,1743.94,-66.842,-66.7591,-0.00517596,28.6084,-80.6043,28.6084,-80.6042
49.14,1737.26,1743.28,-66.8397,-66.7584,-0.00555369,28.6084,-80.6043,28.6084,-80.6042
49.15,1736.59,1742.61,-66.8374,-66.7578,-0.00550509,28.6084,-80.6043,28.6084,-80.6042
49.16,1735.92,1741.94,-66.8352,-66.7542,-0.00462625,28.6084,-80.6043,28.6084,-80.6042
49.17,1735.25,1741.27,-66.8329,-66.7517,-0.00483444,28.6084,-80.6043,28.6084,-80.6042
49.18,1734.59,1740.61,-66.8306,-66.7475,-0.00456504,28.6084,-80.6043,28.6084,-80.6042
49.19,1733.92,1739.94,-66.8283,-66.7471,-0.00520335,28.6084,-80.6043,28.6084,-80.6042
49.2,1733.25,1739.77,-66.826,-66.7451,-0.00549185,28.6084,-80.6043,28.6084,-80.6042
49.21,1732.58,1739.1,-66.8238,-66.7418,-0.00501388,28.6084,-80.6043,28.6084,-80.6042
49.22,1731.91,1738.43,-66.8215,-66.7383,-0.0040438,28.6084,-80.6043,28.6084,-80.6042
49.23,1731.24,1737.76,-66.8192,-66.7357,-0.0035432,28.6084,-80.6043,28.6084,-80.6042
49.24,1730.58,1737.1,-66.8169,-66.7325,-0.00319035,28.6084,-80.6043,28.6084,-80.6042
49.25,1729.91,1736.43,-66.8146,-66.7285,-0.00366158,28.6084,-80.6043,28.6084,-80.6042
49.26,1729.24,1735.76,-66.8123,-66.7256,-0.00397237,28.6084,-80.6043,28.6084,-80.6042
49.27,1728.57,1735.1,-66.81,-66.7226,-0.00310973,28.6084,-80.6043,28.6084,-80.6042
49.28,1727.9,1734.43,-66.8078,-66.7221,-0.00239319,28.6084,-80.6043,28.6084,-80.6042
49.29,1727.24,1733.76,-66.8055,-66.7217,-0.00267084,28.6084,-80.6043,28.6084,-80.6042
49.3,1726.57,1733.44,-66.8032,-66.7177,-0.00253246,28.6084,-80.6043,28.6084,-80.6042
49.31,1725.9,1732.78,-66.8009,-66.7166,-0.00328159,28.6084,-80.6043,28.6084,-80.6042
49.32,1725.23,1732.11,-66.7986,-66.7139,-0.00258776,28.6084,-80.6043,28.6084,-80.6042
49.33,1724.56,1731.44,-66.7963,-66.7105,-0.002342,28.6084,-80.6043,28.6084,-80.6042
49.34,1723.9,1730.78,-66.794,-66.7101,-0.00294242,28.6084,-80.6043,28.6084,-80.6042
49.35,1723.23,1730.11,-66.7917,-66.7059,-0.0024067,28.6084,-80.6043,28.6084,-80.6042
49.36,1722.56,1729.44,-66.7894,-66.7052,-0.00197148,28.6084,-80.6043,28.6084,-80.6042
49.37,1721.89,1728.78,-66.7871,-66.7026,-0.002798,28.6084,-80.6043,28.6084,-80.6042
49.38,1721.22,1728.11,-66.7848,-66.7011,-0.00315261,28.6084,-80.6043,28.6084,-80.6042
49.39,1720.56,1727.44,-66.7825,-66.6975,-0.00220178,28.6084,-80.6043,28.6084,-80.6042
49.4,1719.89,1727.05,-66.7802,-66.6963,-0.00301622,28.6084,-80.6043,28.6084,-80.6042
49.41,1719.22,1726.38,-66.7779,-66.6934,-0.0025125,28.6084,-80.6043,28.6084,-80.6042
49.42,1718.55,1725.71,-66.7756,-66.6908,-0.0022559,28.6084,-80.6043,28.6084,-80.6042
49.43,1717.89,1725.05,-66.7733,-66.688,-0.00200477,28.6084,-80.6043,28.6084,-80.6042
49.44,1717.22,1724.38,-66.771,-66.6838,-0.00194103,28.6084,-80.6043,28.6084,-80.6042
49.45,1716.55,1723.71,-66.7687,-66.6827,-0.00254703,28.6084,-80.6043,28.6084,-80.6042
49.46,1715.88,1723.05,-66.7664,-66.6808,-0.00290665,28.6084,-80.6043,28.6084,-80.6042
49.47,1715.21,1722.38,-66.7641,-66.6773,-0.00342676,28.6084,-80.6043,28.6084,-80.6042
49.48,1714.55,1721.71,-66.7618,-66.6767,-0.00358014,28.6084,-80.6043,28.6084,-80.6042
49.49,1713.88,1721.05,-66.7595,-66.6753,-0.00401991,28.6084,-80.6043,28.6084,-80.6042
49.5,1713.21,1720.34,-66.7572,-66.6734,-0.00494877,28.6084,-80.6043,28.6084,-80.6042
49.51,1712.54,1719.68,-66.7549,-66.6715,-0.00473284,28.6084,-80.6043,28.6084,-80.6042
49.52,1711.88,1719.01,-66.7525,-66.6693,-0.00489576,28.6084,-80.6043,28.6084,-80.6042
49.53,1711.21,1718.34,-66.7502,-66.6653,-0.00530188,28.6084,-80.6043,28.6084,-80.6042
49.54,1710.54,1717.68,-66.7479,-66.6634,-0.00597325,28.6084,-80.6043,28.6084,-80.6042
49.55,1709.87,1717.01,-66.7456,-66.6615,-0.00688664,28.6084,-80.6043,28.6084,-80.6042
49.56,1709.21,1716.34,-66.7433,-66.6582,-0.00760348,28.6084,-80.6043,28.6084,-80.6042
49.57,1708.54,1715.68,-66.741,-66.6554,-0.00786172,28.6084,-80.6043,28.6084,-80.6042
49.58,1707.87,1715.01,-66.7387,-66.6521,-0.00836265,28.6084,-80.6043,28.6084,-80.6042
49.59,1707.2,1714.34,-66.7363,-66.6504,-0.00879549,28.6084,-80.6043,28.6084,-80.6042
49.6,1706.54,1713.18,-66.734,-66.6483,-0.00868078,28.6084,-80.6043,28.6084,-80.6042
49.61,1705.87,1712.52,-66.7317,-66.6452,-0.00896521,28.6084,-80.6043,28.6084,-80.6042
49.62,1705.2,1711.85,-66.7294,-66.6412,-0.00827561,28.6084,-80.6043,28.6084,-80.6042
49.63,1704.54,1711.18,-66.7271,-66.6378,-0.00890706,28.6084,-80.6043,28.6084,-80.6042
49.64,1703.87,1710.52,-66.7247,-66.637,-0.00954102,28.6084,-80.6043,28.6084,-80.6042
49.65,1703.2,1709.85,-66.7224,-66.6358,-0.00952755,28.6084,-80.6043,28.6084,-80.6042
49.66,1702.53,1709.18,-66.7201,-66.6342,-0.00887193,28.6084,-80.6043,28.6084,-80.6042
49.67,1701.87,1708.52,-66.7178,-66.63,-0.00842973,28.6084,-80.6043,28.6084,-80.6042
49.68,1701.2,1707.85,-66.7154,-66.6266,-0.00888528,28.6084,-80.6043,28.6084,-80.6042
49.69,1700.53,1707.19,-66.7131,-66.6259,-0.0080397,28.6084,-80.6043,28.6084,-80.6042
49.7,1699.87,1706.72,-66.7108,-66.6229,-0.00872298,28.6084,-80.6043,28.6084,-80.6042
49.71,1699.2,1706.05,-66.7084,-66.6199,-0.00815831,28.6084,-80.6043,28.6084,-80.6042
49.72,1698.53,1705.39,-66.7061,-66.6194,-0.00804785,28.6084,-80.6043,28.6084,-80.6042
49.73,1697.86,1704.72,-66.7038,-66.619,-0.00825465,28.6084,-80.6043,28.6084,-80.6042
49.74,1697.2,1704.05,-66.7015,-66.6153,-0.00830233,28.6084,-80.6043,28.6084,-80.6042
49.75,1696.53,1703.39,-66.6991,-66.6111,-0.00827149,28.6084,-80.6043,28.6084,-80.6042
49.76,1695.86,1702.72,-66.6968,-66.6098,-0.00864801,28.6084,-80.6043,28.6084,-80.6042
49.77,1695.2,1702.06,-66.6945,-66.6078,-0.00947712,28.6084,-80.6043,28.6084,-80.6042
49.78,1694.53,1701.39,-66.6921,-66.6071,-0.00924461,28.6084,-80.6043,28.6084,-80.6042
49.79,1693.86,1700.72,-66.6898,-66.6059,-0.00969291,28.6084,-80.6043,28.6084,-80.6042
49.8,1693.2,1700.27,-66.6874,-66.6022,-0.00925871,28.6084,-80.6043,28.6084,-80.6042
49.81,1692.53,1699.61,-66.6851,-66.5996,-0.00887393,28.6084,-80.6043,28.6084,-80.6042
49.82,1691.86,1698.94,-66.6828,-66.598,-0.00902918,28.6084,-80.6043,28.6084,-80.6042
49.83,1691.19,1698.28,-66.6804,-66.5938,-0.00920004,28.6084,-80.6043,28.6084,-80.6042
49.84,1690.53,1697.61,-66.6781,-66.5921,-0.00894693,28.6084,-80.6043,28.6084,-80.6042
49.85,1689.86,1696.95,-66.6758,-66.5895,-0.00992586,28.6084,-80.6043,28.6084,-80.6042
49.86,1689.19,1696.28,-66.6734,-66.5874,-0.0102153,28.6084,-80.6043,28.6084,-80.6042
49.87,1688.53,1695.61,-66.6711,-66.5869,-0.00924471,28.6084,-80.6043,28.6084,-80.6042
49.88,1687.86,1694.95,-66.6687,-66.585,-0.00935795,28.6084,-80.6043,28.6084,-80.6042
49.89,1687.19,1694.28,-66.6664,-66.5813,-0.00863135,28.6084,-80.6043,28.6084,-80.6042
49.9,1686.53,1693.67,-66.664,-66.5794,-0.00895228,28.6084,-80.6043,28.6084,-80.6042
49.91,1685.86,1693.01,-66.6617,-66.5786,-0.00840926,28.6084,-80.6043,28.6084,-80.6042
49.92,1685.19,1692.34,-66.6593,-66.5775,-0.00780544,28.6084,-80.6043,28.6084,-80.6042
49.93,1684.53,1691.67,-66.657,-66.5756,-0.00800594,28.6084,-80.6043,28.6084,-80.6042
49.94,1683.86,1691.01,-66.6546,-66.575,-0.00855822,28.6084,-80.6043,28.6084,-80.6042
49.95,1683.2,1690.34,-66.6523,-66.5742,-0.00824587,28.6084,-80.6043,28.6084,-80.6042
49.96,1682.53,1689.68,-66.65,-66.5703,-0.00762739,28.6084,-80.6043,28.6084,-80.6042
49.97,1681.86,1689.01,-66.6476,-66.5661,-0.00800712,28.6084,-80.6043,28.6084,-80.6042
49.98,1681.2,1688.35,-66.6452,-66.5627,-0.00826659,28.6084,-80.6043,28.6084,-80.6042
49.99,1680.53,1687.68,-66.6429,-66.5597,-0.00846577,28.6084,-80.6043,28.6084,-80.6042
50,1679.86,1687.11,-66.6405,-66.5556,-0.0081341,28.6084,-80.6043,28.6084,-80.6043
50.01,1679.2,1686.44,-66.6382,-66.5519,-0.00770887,28.6084,-80.6043,28.6084,-80.6043
50.02,1678.53,1685.78,-66.6358,-66.549,-0.00761107,28.6084,-80.6043,28.6084,-80.6043
50.03,1677.86,1685.11,-66.6335,-66.5464,-0.00665218,28.6084,-80.6043,28.6084,-80.6043
50.04,1677.2,1684.45,-66.6311,-66.5434,-0.00712737,28.6084,-80.6043,28.6084,-80.6043
50.05,1676.53,1683.78,-66.6288,-66.5401,-0.00644291,28.6084,-80.6043,28.6084,-80.6043
50.06,1675.86,1683.12,-66.6264,-66.5395,-0.00716547,28.6084,-80.6043,28.6084,-80.6043
50.07,1675.2,1682.45,-66.6241,-66.5381,-0.00788133,28.6084,-80.6043,28.6084,-80.6043
50.08,1674.53,1681.78,-66.6217,-66.5363,-0.00816365,28.6084,-80.6043,28.6084,-80.6043
50.09,1673.87,1681.12,-66.6193,-66.5328,-0.00866297,28.6084,-80.6043,28.6084,-80.6043
50.1,1673.2,1680.13,-66.617,-66.5317,-0.0081551,28.6084,-80.6043,28.6084,-80.6043
50.11,1672.53,1679.46,-66.6146,-66.5291,-0.00890669,28.6084,-80.6043,28.6084,-80.6043
50.12,1671.87,1678.8,-66.6123,-66.5279,-0.00922201,28.6084,-80.6043,28.6084,-80.6043
50.13,1671.2,1678.13,-66.6099,-66.5273,-0.00845878,28.6084,-80.6043,28.6084,-80.6043
50.14,1670.54,1677.47,-66.6075,-66.5262,-0.00872705,28.6084,-80.6043,28.6084,-80.6043
50.15,1669.87,1676.8,-66.6052,-66.5235,-0.00774981,28.6084,-80.6043,28.6084,-80.6043
50.16,1669.2,1676.14,-66.6028,-66.5229,-0.00724936,28.6084,-80.6043,28.6084,-80.6043
50.17,1668.54,1675.47,-66.6004,-66.52,-0.00704862,28.6084,-80.6043,28.6084,-80.6043
50.18,1667.87,1674.8,-66.5981,-66.5184,-0.00683268,28.6084,-80.6043,28.6084,-80.6043
50.19,1667.21,1674.14,-66.5957,-66.5171,-0.00670077,28.6084,-80.6043,28.6084,-80.6043
50.2,1666.54,1673.82,-66.5933,-66.5153,-0.00750987,28.6084,-80.6043,28.6084,-80.6043
50.21,1665.87,1673.16,-66.591,-66.5124,-0.00783501,28.6084,-80.6043,28.6084,-80.6043
50.22,1665.21,1672.49,-66.5886,-66.5089,-0.00711455,28.6084,-80.6043,28.6084,-80.6043
50.23,1664.54,1671.83,-66.5862,-66.5058,-0.00697339,28.6084,-80.6043,28.6084,-80.6043
50.24,1663.88,1671.16,-66.5838,-66.5049,-0.0062447,28.6084,-80.6043,28.6084,-80.6043
50.25,1663.21,1670.5,-66.5815,-66.5033,-0.0059026,28.6084,-80.6043,28.6084,-80.6043
50.26,1662.54,1669.83,-66.5791,-66.4997,-0.00600516,28.6084,-80.6043,28.6084,-80.6043
50.27,1661.88,1669.17,-66.5767,-66.4958,-0.00670793,28.6084,-80.6043,28.6084,-80.6043
50.28,1661.21,1668.5,-66.5744,-66.4933,-0.00617104,28.6084,-80.6043,28.6084,-80.6043
50.29,1660.55,1667.84,-66.572,-66.4917,-0.00540707,28.6084,-80.6043,28.6084,-80.6043
50.3,1659.88,1667.04,-66.5696,-66.4898,-0.00578693,28.6084,-80.6043,28.6084,-80.6043
50.31,1659.22,1666.38,-66.5672,-66.4857,-0.00490973,28.6084,-80.6043,28.6084,-80.6043
50.32,1658.55,1665.71,-66.5649,-66.4832,-0.00507684,28.6084,-80.6043,28.6084,-80.6043
50.33,1657.88,1665.05,-66.5625,-66.4806,-0.00450277,28.6084,-80.6043,28.6084,-80.6043
50.34,1657.22,1664.38,-66.5601,-66.4763,-0.00369176,28.6084,-80.6043,28.6084,-80.6043
50.35,1656.55,1663.72,-66.5577,-66.4724,-0.00346643,28.6084,-80.6043,28.6084,-80.6043
50.36,1655.89,1663.05,-66.5553,-66.4704,-0.0040266,28.6084,-80.6043,28.6084,-80.6043
50.37,1655.22,1662.39,-66.553,-66.4685,-0.00449984,28.6084,-80.6043,28.6084,-80.6043
50.38,1654.56,1661.72,-66.5506,-66.4645,-0.00358868,28.6084,-80.6043,28.6084,-80.6043
50.39,1653.89,1661.06,-66.5482,-66.4626,-0.00302763,28.6084,-80.6043,28.6084,-80.6043
50.4,1653.23,1659.89,-66.5458,-66.4611,-0.00393762,28.6084,-80.6043,28.6084,-80.6043
50.41,1652.56,1659.22,-66.5434,-66.4584,-0.00307394,28.6084,-80.6043,28.6084,-80.6043
50.42,1651.9,1658.56,-66.5411,-66.455,-0.00358408,28.6084,-80.6043,28.6084,-80.6043
50.43,1651.23,1657.89,-66.5387,-66.4519,-0.00447034,28.6084,-80.6043,28.6084,-80.6043
50.44,1650.56,1657.23,-66.5363,-66.451,-0.00534443,28.6084,-80.6043,28.6084,-80.6043
50.45,1649.9,1656.57,-66.5339,-66.4491,-0.00622369,28.6084,-80.6043,28.6084,-80.6043
50.46,1649.23,1655.9,-66.5315,-66.448,-0.00661262,28.6084,-80.6043,28.6084,-80.6043
50.47,1648.57,1655.24,-66.5291,-66.4453,-0.00642802,28.6084,-80.6043,28.6084,-80.6043
50.48,1647.9,1654.57,-66.5267,-66.4415,-0.00666557,28.6084,-80.6043,28.6084,-80.6043
50.49,1647.24,1653.91,-66.5244,-66.4388,-0.00615035,28.6084,-80.6043,28.6084,-80.6043
50.5,1646.57,1653.4,-66.522,-66.4373,-0.00677562,28.6084,-80.6043,28.6084,-80.6043
50.51,1645.91,1652.74,-66.5196,-66.4363,-0.0066309,28.6084,-80.6043,28.6084,-80.6043
50.52,1645.24,1652.08,-66.5172,-66.4342,-0.00683128,28.6084,-80.6043,28.6084,-80.6043
50.53,1644.58,1651.41,-66.5148,-66.4317,-0.00623509,28.6084,-80.6043,28.6084,-80.6043
50.54,1643.91,1650.75,-66.5124,-66.4306,-0.00561901,28.6084,-80.6043,28.6084,-80.6043
50.55,1643.25,1650.08,-66.51,-66.4268,-0.00508473,28.6084,-80.6043,28.6084,-80.6043
50.56,1642.58,1649.42,-66.5076,-66.4243,-0.00453486,28.6084,-80.6043,28.6084,-80.6043
50.57,1641.92,1648.75,-66.5052,-66.4219,-0.00397128,28.6084,-80.6043,28.6084,-80.6043
50.58,1641.25,1648.09,-66.5028,-66.4196,-0.00385242,28.6084,-80.6043,28.6084,-80.6043
50.59,1640.59,1647.43,-66.5004,-66.4156,-0.00377607,28.6084,-80.6043,28.6084,-80.6043
50.6,1639.92,1646.66,-66.498,-66.4115,-0.00283793,28.6084,-80.6043,28.6084,-80.6043
50.61,1639.26,1646,-66.4956,-66.4082,-0.0027114,28.6084,-80.6043,28.6084,-80.6043
50.62,1638.59,1645.33,-66.4932,-66.4066,-0.00354338,28.6084,-80.6043,28.6084,-80.6043
50.63,1637.93,1644.67,-66.4909,-66.4024,-0.00278134,28.6084,-80.6043,28.6084,-80.6043
50.64,1637.26,1644,-66.4885,-66.3987,-0.00336493,28.6084,-80.6043,28.6084,-80.6043
50.65,1636.6,1643.34,-66.4861,-66.398,-0.00436016,28.6084,-80.6043,28.6084,-80.6043
50.66,1635.93,1642.68,-66.4837,-66.3948,-0.00407867,28.6084,-80.6043,28.6084,-80.6043
50.67,1635.27,1642.01,-66.4813,-66.3927,-0.00489539,28.6084,-80.6043,28.6084,-80.6043
50.68,1634.6,1641.35,-66.4789,-66.3916,-0.00544616,28.6084,-80.6043,28.6084,-80.6043
50.69,1633.94,1640.68,-66.4765,-66.3901,-0.0044927,28.6084,-80.6043,28.6084,-80.6043
50.7,1633.27,1639.68,-66.4741,-66.3895,-0.00541447,28.6084,-80.6043,28.6084,-80.6043
50.71,1632.61,1639.01,-66.4717,-66.387,-0.00533111,28.6084,-80.6043,28.6084,-80.6043
50.72,1631.94,1638.35,-66.4693,-66.3854,-0.00569536,28.6084,-80.6043,28.6084,-80.6043
50.73,1631.28,1637.68,-66.4669,-66.3846,-0.00628721,28.6084,-80.6043,28.6084,-80.6043
50.74,1630.61,1637.02,-66.4644,-66.3808,-0.00723226,28.6084,-80.6043,28.6084,-80.6043
50.75,1629.95,1636.36,-66.462,-66.3797,-0.0070921,28.6084,-80.6043,28.6084,-80.6043
50.76,1629.29,1635.69,-66.4596,-66.3783,-0.00661929,28.6084,-80.6043,28.6084,-80.6043
50.77,1628.62,1635.03,-66.4572,-66.3743,-0.00693251,28.6084,-80.6043,28.6084,-80.6043
50.78,1627.96,1634.36,-66.4548,-66.3712,-0.00641766,28.6084,-80.6043,28.6084,-80.6043
50.79,1627.29,1633.7,-66.4524,-66.3701,-0.00563945,28.6084,-80.6043,28.6084,-80.6043
50.8,1626.63,1633.34,-66.45,-66.3664,-0.00626467,28.6084,-80.6043,28.6084,-80.6043
50.81,1625.96,1632.67,-66.4476,-66.3636,-0.00603684,28.6084,-80.6043,28.6084,-80.6043
50.82,1625.3,1632.01,-66.4452,-66.3605,-0.00576636,28.6084,-80.6043,28.6084,-80.6043
50.83,1624.63,1631.35,-66.4428,-66.3568,-0.00487724,28.6084,-80.6043,28.6084,-80.6043
50.84,1623.97,1630.68,-66.4404,-66.3539,-0.00406476,28.6084,-80.6043,28.6084,-80.6043
50.85,1623.31,1630.02,-66.438,-66.3496,-0.00481365,28.6084,-80.6043,28.6084,-80.6043
50.86,1622.64,1629.36,-66.4356,-66.3462,-0.00476294,28.6084,-80.6043,28.6084,-80.6043
50.87,1621.98,1628.69,-66.4331,-66.3441,-0.00562941,28.6084,-80.6043,28.6084,-80.6043
50.88,1621.31,1628.03,-66.4307,-66.3411,-0.00537942,28.6084,-80.6043,28.6084,-80.6043
50.89,1620.65,1627.37,-66.4283,-66.337,-0.00507153,28.6084,-80.6043,28.6084,-80.6043
50.9,1619.98,1626.6,-66.4259,-66.3334,-0.00508575,28.6084,-80.6043,28.6084,-80.6043
50.91,1619.32,1625.93,-66.4235,-66.3294,-0.00534715,28.6084,-80.6043,28.6084,-80.6043
50.92,1618.66,1625.27,-66.4211,-66.3279,-0.00591626,28.6084,-80.6043,28.6084,-80.6043
50.93,1617.99,1624.61,-66.4187,-66.327,-0.00603281,28.6084,-80.6043,28.6084,-80.6043
50.94,1617.33,1623.94,-66.4163,-66.3262,-0.00512775,28.6084,-80.6043,28.6084,-80.6043
50.95,1616.66,1623.28,-66.4138,-66.3232,-0.00475677,28.6084,-80.6043,28.6084,-80.6043
50.96,1616,1622.62,-66.4114,-66.3212,-0.00527072,28.6084,-80.6043,28.6084,-80.6043
50.97,1615.33,1621.95,-66.409,-66.3193,-0.00616207,28.6084,-80.6043,28.6084,-80.6043
50.98,1614.67,1621.29,-66.4066,-66.3186,-0.00655682,28.6084,-80.6043,28.6084,-80.6043
50.99,1614.01,1620.63,-66.4042,-66.3155,-0.00558122,28.6084,-80.6043,28.6084,-80.6043
51,1613.34,1619.93,-66.4018,-66.3139,-0.00499753,28.6084,-80.6043,28.6084,-80.6044
51.01,1612.68,1619.27,-66.3993,-66.3106,-0.00557199,28.6084,-80.6043,28.6084,-80.6044
51.02,1612.01,1618.61,-66.3969,-66.3072,-0.00638786,28.6084,-80.6043,28.6084,-80.6044
51.03,1611.35,1617.94,-66.3945,-66.3043,-0.00694953,28.6084,-80.6043,28.6084,-80.6044
51.04,1610.69,1617.28,-66.3921,-66.3038,-0.00760862,28.6084,-80.6043,28.6084,-80.6044
51.05,1610.02,1616.62,-66.3897,-66.301,-0.00808443,28.6084,-80.6043,28.6084,-80.6044
51.06,1609.36,1615.95,-66.3872,-66.2991,-0.00765406,28.6084,-80.6043,28.6084,-80.6044
51.07,1608.69,1615.29,-66.3848,-66.2958,-0.00767314,28.6084,-80.6043,28.6084,-80.6044
51.08,1608.03,1614.63,-66.3824,-66.2928,-0.00800727,28.6084,-80.6043,28.6084,-80.6044
51.09,1607.37,1613.97,-66.38,-66.2916,-0.00883369,28.6084,-80.6043,28.6084,-80.6044
51.1,1606.7,1613.55,-66.3775,-66.2889,-0.00876566,28.6084,-80.6043,28.6084,-80.6044
51.11,1606.04,1612.89,-66.3751,-66.2879,-0.00809237,28.6084,-80.6043,28.6084,-80.6044
51.12,1605.38,1612.23,-66.3727,-66.2843,-0.00780173,28.6084,-80.6043,28.6084,-80.6044
51.13,1604.71,1611.56,-66.3703,-66.2833,-0.00760323,28.6084,-80.6043,28.6084,-80.6044
51.14,1604.05,1610.9,-66.3678,-66.2814,-0.00673402,28.6084,-80.6043,28.6084,-80.6044
51.15,1603.38,1610.24,-66.3654,-66.2777,-0.00736308,28.6084,-80.6043,28.6084,-80.6044
51.16,1602.72,1609.58,-66.363,-66.2758,-0.00706352,28.6084,-80.6043,28.6084,-80.6044
51.17,1602.06,1608.91,-66.3606,-66.2717,-0.00713393,28.6084,-80.6043,28.6084,-80.6044
51.18,1601.39,1608.25,-66.3581,-66.2702,-0.00787212,28.6084,-80.6043,28.6084,-80.6044
51.19,1600.73,1607.59,-66.3557,-66.2678,-0.00795983,28.6084,-80.6043,28.6084,-80.6044
51.2,1600.07,1606.99,-66.3533,-66.2645,-0.00749528,28.6084,-80.6043,28.6084,-80.6044
51.21,1599.4,1606.33,-66.3509,-66.2607,-0.00762308,28.6084,-80.6043,28.6084,-80.6044
51.22,1598.74,1605.67,-66.3484,-66.259,-0.00841856,28.6084,-80.6043,28.6084,-80.6044
51.23,1598.08,1605.01,-66.346,-66.2555,-0.00840165,28.6084,-80.6043,28.6084,-80.6044
51.24,1597.41,1604.34,-66.3436,-66.2543,-0.00871164,28.6084,-80.6043,28.6084,-80.6044
51.25,1596.75,1603.68,-66.3411,-66.2537,-0.00905132,28.6084,-80.6043,28.6084,-80.6044
51.26,1596.09,1603.02,-66.3387,-66.2532,-0.00829309,28.6084,-80.6043,28.6084,-80.6044
51.27,1595.42,1602.36,-66.3363,-66.2523,-0.00799739,28.6084,-80.6043,28.6084,-80.6044
51.28,1594.76,1601.69,-66.3338,-66.2518,-0.00752375,28.6084,-80.6043,28.6084,-80.6044
51.29,1594.1,1601.03,-66.3314,-66.2513,-0.00665043,28.6084,-80.6043,28.6084,-80.6044
51.3,1593.43,1600.21,-66.329,-66.2486,-0.00721977,28.6084,-80.6043,28.6084,-80.6044
51.31,1592.77,1599.54,-66.3265,-66.247,-0.00796562,28.6084,-80.6043,28.6084,-80.6044
51.32,1592.11,1598.88,-66.3241,-66.2434,-0.007997,28.6084,-80.6043,28.6084,-80.6044
51.33,1591.44,1598.22,-66.3217,-66.242,-0.00850829,28.6084,-80.6043,28.6084,-80.6044
51.34,1590.78,1597.56,-66.3192,-66.2378,-0.00755359,28.6084,-80.6043,28.6084,-80.6044
51.35,1590.12,1596.89,-66.3168,-66.2334,-0.00698856,28.6084,-80.6043,28.6084,-80.6044
51.36,1589.45,1596.23,-66.3144,-66.2314,-0.00716311,28.6084,-80.6043,28.6084,-80.6044
51.37,1588.79,1595.57,-66.3119,-66.2305,-0.00713479,28.6084,-80.6043,28.6084,-80.6044
51.38,1588.13,1594.91,-66.3095,-66.2293,-0.00688783,28.6084,-80.6043,28.6084,-80.6044
51.39,1587.46,1594.25,-66.3071,-66.226,-0.00683431,28.6084,-80.6043,28.6084,-80.6044
51.4,1586.8,1593.2,-66.3046,-66.2229,-0.00776756,28.6084,-80.6043,28.6084,-80.6044
51.41,1586.14,1592.54,-66.3022,-66.2204,-0.00842567,28.6084,-80.6043,28.6084,-80.6044
51.42,1585.48,1591.88,-66.2997,-66.2192,-0.00833141,28.6084,-80.6043,28.6084,-80.6044
51.43,1584.81,1591.21,-66.2973,-66.2152,-0.00891742,28.6084,-80.6043,28.6084,-80.6044
51.44,1584.15,1590.55,-66.2949,-66.2128,-0.00900422,28.6084,-80.6043,28.6084,-80.6044
51.45,1583.49,1589.89,-66.2924,-66.2107,-0.00841787,28.6084,-80.6043,28.6084,-80.6044
51.46,1582.82,1589.23,-66.29,-66.2076,-0.00831906,28.6084,-80.6043,28.6084,-80.6044
51.47,1582.16,1588.57,-66.2875,-66.2049,-0.00904,28.6084,-80.6043,28.6084,-80.6044
51.48,1581.5,1587.9,-66.2851,-66.2012,-0.00841659,28.6084,-80.6043,28.6084,-80.6044
51.49,1580.84,1587.24,-66.2827,-66.2005,-0.00784712,28.6084,-80.6043,28.6084,-80.6044
51.5,1580.17,1586.58,-66.2802,-66.1969,-0.00712212,28.6084,-80.6043,28.6084,-80.6044
51.51,1579.51,1585.92,-66.2778,-66.1956,-0.00616708,28.6084,-80.6043,28.6084,-80.6044
51.52,1578.85,1585.26,-66.2753,-66.1924,-0.00640144,28.6084,-80.6043,28.6084,-80.6044
51.53,1578.18,1584.59,-66.2729,-66.1895,-0.00657341,28.6084,-80.6043,28.6084,-80.6044
51.54,1577.52,1583.93,-66.2704,-66.1854,-0.0070395,28.6084,-80.6043,28.6084,-80.6044
51.55,1576.86,1583.27,-66.268,-66.1832,-0.00716176,28.6084,-80.6043,28.6084,-80.6044
51.56,1576.2,1582.61,-66.2656,-66.1795,-0.0069251,28.6084,-80.6043,28.6084,-80.6044
51.57,1575.53,1581.95,-66.2631,-66.1766,-0.0072068,28.6084,-80.6043,28.6084,-80.6044
51.58,1574.87,1581.29,-66.2607,-66.174,-0.0065608,28.6084,-80.6043,28.6084,-80.6044
51.59,1574.21,1580.62,-66.2582,-66.1702,-0.00559541,28.6084,-80.6043,28.6084,-80.6044
51.6,1573.55,1579.62,-66.2558,-66.1688,-0.00532318,28.6084,-80.6043,28.6084,-80.6044
51.61,1572.88,1578.96,-66.2533,-66.1658,-0.00591625,28.6084,-80.6043,28.6084,-80.6044
51.62,1572.22,1578.29,-66.2509,-66.1622,-0.00571201,28.6084,-80.6043,28.6084,-80.6044
51.63,1571.56,1577.63,-66.2484,-66.1617,-0.00499715,28.6084,-80.6043,28.6084,-80.6044
51.64,1570.9,1576.97,-66.246,-66.1597,-0.00439013,28.6084,-80.6043,28.6084,-80.6044
51.65,1570.23,1576.31,-66.2435,-66.1564,-0.00422314,28.6084,-80.6043,28.6084,-80.6044
51.66,1569.57,1575.65,-66.2411,-66.1559,-0.00382824,28.6084,-80.6043,28.6084,-80.6044
51.67,1568.91,1574.99,-66.2386,-66.1543,-0.00405345,28.6084,-80.6043,28.6084,-80.6044
51.68,1568.25,1574.33,-66.2362,-66.1527,-0.00363684,28.6084,-80.6043,28.6084,-80.6044
51.69,1567.58,1573.66,-66.2337,-66.151,-0.00350604,28.6084,-80.6043,28.6084,-80.6044
51.7,1566.92,1573.29,-66.2313,-66.15,-0.00303435,28.6084,-80.6043,28.6084,-80.6044
51.71,1566.26,1572.62,-66.2288,-66.148,-0.00333065,28.6084,-80.6043,28.6084,-80.6044
51.72,1565.6,1571.96,-66.2264,-66.1446,-0.0037304,28.6084,-80.6043,28.6084,-80.6044
51.73,1564.93,1571.3,-66.2239,-66.1434,-0.00357137,28.6084,-80.6043,28.6084,-80.6044
51.74,1564.27,1570.64,-66.2215,-66.1419,-0.00373101,28.6084,-80.6043,28.6084,-80.6044
51.75,1563.61,1569.98,-66.219,-66.1405,-0.00288956,28.6084,-80.6043,28.6084,-80.6044
51.76,1562.95,1569.32,-66.2166,-66.1392,-0.00305137,28.6084,-80.6043,28.6084,-80.6044
51.77,1562.29,1568.66,-66.2141,-66.136,-0.0024173,28.6084,-80.6043,28.6084,-80.6044
51.78,1561.62,1567.99,-66.2117,-66.1338,-0.0023061,28.6084,-80.6043,28.6084,-80.6044
51.79,1560.96,1567.33,-66.2092,-66.1325,-0.00283054,28.6084,-80.6043,28.6084,-80.6044
51.8,1560.3,1566.9,-66.2068,-66.131,-0.00225578,28.6084,-80.6043,28.6084,-80.6044
51.81,1559.64,1566.24,-66.2043,-66.1295,-0.00309244,28.6084,-80.6043,28.6084,-80.6044
51.82,1558.98,1565.58,-66.2019,-66.1266,-0.00354959,28.6084,-80.6043,28.6084,-80.6044
51.83,1558.31,1564.92,-66.1994,-66.123,-0.00269614,28.6084,-80.6043,28.6084,-80.6044
51.84,1557.65,1564.26,-66.1969,-66.1192,-0.00180479,28.6084,-80.6043,28.6084,-80.6044
51.85,1556.99,1563.6,-66.1945,-66.116,-0.00237629,28.6084,-80.6043,28.6084,-80.6044
51.86,1556.33,1562.94,-66.192,-66.1127,-0.00334744,28.6084,-80.6043,28.6084,-80.6044
51.87,1555.67,1562.28,-66.1896,-66.1085,-0.00430779,28.6084,-80.6043,28.6084,-80.6044
51.88,1555,1561.61,-66.1871,-66.1072,-0.00424712,28.6084,-80.6043,28.6084,-80.6044
51.89,1554.34,1560.95,-66.1847,-66.1056,-0.00402821,28.6084,-80.6043,28.6084,-80.6044
51.9,1553.68,1560.7,-66.1822,-66.1021,-0.00458146,28.6084,-80.6043,28.6084,-80.6044
51.91,1553.02,1560.04,-66.1797,-66.0984,-0.00373837,28.6084,-80.6043,28.6084,-80.6044
51.92,1552.36,1559.38,-66.1773,-66.0954,-0.00353972,28.6084,-80.6043,28.6084,-80.6044
51.93,1551.7,1558.72,-66.1748,-66.093,-0.00284915,28.6084,-80.6043,28.6084,-80.6044
51.94,1551.03,1558.06,-66.1724,-66.0892,-0.00234381,28.6084,-80.6043,28.6084,-80.6044
51.95,1550.37,1557.4,-66.1699,-66.0862,-0.00318488,28.6084,-80.6043,28.6084,-80.6044
51.96,1549.71,1556.73,-66.1674,-66.0828,-0.00275621,28.6084,-80.6043,28.6084,-80.6044
51.97,1549.05,1556.07,-66.165,-66.0795,-0.00176206,28.6084,-80.6043,28.6084,-80.6044
51.98,1548.39,1555.41,-66.1625,-66.077,-0.00149019,28.6084,-80.6043,28.6084,-80.6044
51.99,1547.73,1554.75,-66.1601,-66.0732,-0.00159021,28.6084,-80.6043,28.6084,-80.6044
52,1547.06,1553.65,-66.1576,-66.0716,-0.00249391,28.6084,-80.6043,28.6084,-80.6043
52.01,1546.4,1552.99,-66.1551,-66.0705,-0.00149598,28.6084,-80.6043,28.6084,-80.6043
52.02,1545.74,1552.33,-66.1527,-66.068,-0.00227264,28.6084,-80.6043,28.6084,-80.6043
52.03,1545.08,1551.67,-66.1502,-66.0665,-0.00184156,28.6084,-80.6043,28.6084,-80.6043
52.04,1544.42,1551.01,-66.1477,-66.0623,-0.00196093,28.6084,-80.6043,28.6084,-80.6043
52.05,1543.76,1550.35,-66.1453,-66.0592,-0.00180607,28.6084,-80.6043,28.6084,-80.6043
52.06,1543.09,1549.69,-66.1428,-66.0586,-0.00257761,28.6084,-80.6043,28.6084,-80.6043
52.07,1542.43,1549.02,-66.1404,-66.0565,-0.00182411,28.6084,-80.6043,28.6084,-80.6043
52.08,1541.77,1548.36,-66.1379,-66.0525,-0.00271335,28.6084,-80.6043,28.6084,-80.6043
52.09,1541.11,1547.7,-66.1354,-66.0482,-0.00252825,28.6084,-80.6043,28.6084,-80.6043
52.1,1540.45,1546.79,-66.133,-66.0447,-0.0021974,28.6084,-80.6043,28.6084,-80.6043
52.11,1539.79,1546.13,-66.1305,-66.0419,-0.00259468,28.6084,-80.6043,28.6084,-80.6043
52.12,1539.13,1545.47,-66.128,-66.0397,-0.00214665,28.6084,-80.6043,28.6084,-80.6043
52.13,1538.47,1544.81,-66.1256,-66.0368,-0.0022033,28.6084,-80.6043,28.6084,-80.6043
52.14,1537.8,1544.15,-66.1231,-66.0328,-0.00137767,28.6084,-80.6043,28.6084,-80.6043
52.15,1537.14,1543.49,-66.1206,-66.0305,-0.00221122,28.6084,-80.6043,28.6084,-80.6043
52.16,1536.48,1542.83,-66.1182,-66.0283,-0.00121133,28.6084,-80.6043,28.6084,-80.6043
52.17,1535.82,1542.17,-66.1157,-66.0256,-0.00115794,28.6084,-80.6043,28.6084,-80.6043
52.18,1535.16,1541.51,-66.1132,-66.024,-0.00157608,28.6084,-80.6043,28.6084,-80.6043
52.19,1534.5,1540.85,-66.1108,-66.0217,-0.00114503,28.6084,-80.6043,28.6084,-80.6043
52.2,1533.84,1539.92,-66.1083,-66.0175,-0.00206472,28.6084,-80.6043,28.6084,-80.6043
52.21,1533.18,1539.26,-66.1058,-66.014,-0.00213897,28.6084,-80.6043,28.6084,-80.6043
52.22,1532.52,1538.6,-66.1034,-66.011,-0.00132067,28.6084,-80.6043,28.6084,-80.6043
52.23,1531.85,1537.94,-66.1009,-66.0085,-0.00114443,28.6084,-80.6043,28.6084,-80.6043
52.24,1531.19,1537.28,-66.0984,-66.006,-0.0015685,28.6084,-80.6043,28.6084,-80.6043
52.25,1530.53,1536.62,-66.096,-66.0045,-0.00238584,28.6084,-80.6043,28.6084,-80.6043
52.26,1529.87,1535.96,-66.0935,-66.0018,-0.00227603,28.6084,-80.6043,28.6084,-80.6043
52.27,1529.21,1535.3,-66.091,-65.9993,-0.00270401,28.6084,-80.6043,28.6084,-80.6043
52.28,1528.55,1534.64,-66.0885,-65.9982,-0.00173094,28.6084,-80.6043,28.6084,-80.6043
52.29,1527.89,1533.98,-66.0861,-65.997,-0.00259575,28.6084,-80.6043,28.6084,-80.6043
52.3,1527.23,1532.85,-66.0836,-65.9947,-0.00306987,28.6084,-80.6043,28.6084,-80.6043
52.31,1526.57,1532.19,-66.0811,-65.9923,-0.00239319,28.6084,-80.6043,28.6084,-80.6043
52.32,1525.91,1531.53,-66.0787,-65.9918,-0.00192853,28.6084,-80.6043,28.6084,-80.6043
52.33,1525.25,1530.87,-66.0762,-65.9908,-0.00198446,28.6084,-80.6043,28.6084,-80.6043
52.34,1524.58,1530.21,-66.0737,-65.9885,-0.00286988,28.6084,-80.6043,28.6084,-80.6043
52.35,1523.92,1529.55,-66.0712,-65.986,-0.00346385,28.6084,-80.6043,28.6084,-80.6043
52.36,1523.26,1528.89,-66.0688,-65.9851,-0.00251373,28.6084,-80.6043,28.6084,-80.6043
52.37,1522.6,1528.23,-66.0663,-65.9813,-0.00349635,28.6084,-80.6043,28.6084,-80.6043
52.38,1521.94,1527.57,-66.0638,-65.9789,-0.00365026,28.6084,-80.6043,28.6084,-80.6043
52.39,1521.28,1526.91,-66.0613,-65.9764,-0.0030877,28.6084,-80.6043,28.6084,-80.6043
52.4,1520.62,1526.24,-66.0589,-65.9732,-0.00288425,28.6084,-80.6043,28.6084,-80.6043
52.41,1519.96,1525.58,-66.0564,-65.9713,-0.00365108,28.6084,-80.6043,28.6084,-80.6043
52.42,1519.3,1524.92,-66.0539,-65.9683,-0.00387853,28.6084,-80.6043,28.6084,-80.6043
52.43,1518.64,1524.26,-66.0514,-65.9674,-0.00326053,28.6084,-80.6043,28.6084,-80.6043
52.44,1517.98,1523.6,-66.049,-65.9652,-0.00313994,28.6084,-80.6043,28.6084,-80.6043
52.45,1517.32,1522.94,-66.0465,-65.9644,-0.00226697,28.6084,-80.6043,28.6084,-80.6043
52.46,1516.66,1522.28,-66.044,-65.9638,-0.00144641,28.6084,-80.6043,28.6084,-80.6043
52.47,1516,1521.62,-66.0415,-65.9596,-0.00094691,28.6084,-80.6043,28.6084,-80.6043
52.48,1515.34,1520.96,-66.0391,-65.959,-0.00111125,28.6084,-80.6043,28.6084,-80.6043
52.49,1514.68,1520.3,-66.0366,-65.9577,-0.00191757,28.6084,-80.6043,28.6084,-80.6043
52.5,1514.02,1519.41,-66.0341,-65.9535,-0.00211634,28.6084,-80.6043,28.6084,-80.6043
52.51,1513.36,1518.75,-66.0316,-65.9522,-0.00264525,28.6084,-80.6043,28.6084,-80.6043
52.52,1512.7,1518.09,-66.0292,-65.9509,-0.00284846,28.6084,-80.6043,28.6084,-80.6043
52.53,1512.04,1517.43,-66.0267,-65.9478,-0.00241754,28.6084,-80.6043,28.6084,-80.6043
52.54,1511.38,1516.77,-66.0242,-65.9466,-0.00274718,28.6084,-80.6043,28.6084,-80.6043
52.55,1510.71,1516.11,-66.0217,-65.9449,-0.00270128,28.6084,-80.6043,28.6084,-80.6043
52.56,1510.05,1515.45,-66.0193,-65.9421,-0.00283374,28.6084,-80.6043,28.6084,-80.6043
52.57,1509.39,1514.79,-66.0168,-65.941,-0.00192784,28.6084,-80.6043,28.6084,-80.6043
52.58,1508.73,1514.13,-66.0143,-65.9384,-0.00100539,28.6084,-80.6043,28.6084,-80.6043
52.59,1508.07,1513.47,-66.0118,-65.9363,-0.00181102,28.6084,-80.6043,28.6084,-80.6043
52.6,1507.41,1513.27,-66.0093,-65.9357,-0.0021244,28.6084,-80.6043,28.6084,-80.6043
52.61,1506.75,1512.61,-66.0069,-65.9348,-0.00254619,28.6084,-80.6043,28.6084,-80.6043
52.62,1506.09,1511.95,-66.0044,-65.9308,-0.00158021,28.6084,-80.6043,28.6084,-80.6043
52.63,1505.43,1511.29,-66.0019,-65.9275,-0.00245629,28.6084,-80.6043,28.6084,-80.6043
52.64,1504.77,1510.64,-65.9994,-65.9267,-0.00218239,28.6084,-80.6043,28.6084,-80.6043
52.65,1504.11,1509.98,-65.9969,-65.9244,-0.00262997,28.6084,-80.6043,28.6084,-80.6043
52.66,1503.45,1509.32,-65.9945,-65.9217,-0.00223373,28.6084,-80.6043,28.6084,-80.6043
52.67,1502.79,1508.66,-65.992,-65.9193,-0.00135287,28.6084,-80.6043,28.6084,-80.6043
52.68,1502.13,1508,-65.9895,-65.9174,-0.0019594,28.6084,-80.6043,28.6084,-80.6043
52.69,1501.47,1507.34,-65.987,-65.9165,-0.00157562,28.6084,-80.6043,28.6084,-80.6043
52.7,1500.81,1507.13,-65.9845,-65.9139,-0.00128951,28.6084,-80.6043,28.6084,-80.6043
52.71,1500.15,1506.47,-65.982,-65.9124,-0.000698954,28.6084,-80.6043,28.6084,-80.6043
52.72,1499.49,1505.81,-65.9796,-65.9111,-0.000729802,28.6084,-80.6043,28.6084,-80.6043
52.73,1498.84,1505.15,-65.9771,-65.9076,-0.000493112,28.6084,-80.6043,28.6084,-80.6043
52.74,1498.18,1504.49,-65.9746,-65.9048,8.62271e-05,28.6084,-80.6043,28.6084,-80.6043
52.75,1497.52,1503.84,-65.9721,-65.9004,0.000478954,28.6084,-80.6043,28.6084,-80.6043
52.76,1496.86,1503.18,-65.9696,-65.897,-1.95249e-05,28.6084,-80.6043,28.6084,-80.6043
52.77,1496.2,1502.52,-65.9671,-65.8943,0.000412684,28.6084,-80.6043,28.6084,-80.6043
52.78,1495.54,1501.86,-65.9647,-65.89,0.000658033,28.6084,-80.6043,28.6084,-80.6043
52.79,1494.88,1501.2,-65.9622,-65.8863,0.000847329,28.6084,-80.6043,28.6084,-80.6043
52.8,1494.22,1500.95,-65.9597,-65.8855,-8.38154e-06,28.6084,-80.6043,28.6084,-80.6043
52.81,1493.56,1500.29,-65.9572,-65.8844,9.84598e-05,28.6084,-80.6043,28.6084,-80.6043
52.82,1492.9,1499.63,-65.9547,-65.8836,-0.000621386,28.6084,-80.6043,28.6084,-80.6043
52.83,1492.24,1498.97,-65.9522,-65.8802,-0.00122695,28.6084,-80.6043,28.6084,-80.6043
52.84,1491.58,1498.31,-65.9498,-65.8764,-0.0016988,28.6084,-80.6043,28.6084,-80.6043
52.85,1490.92,1497.66,-65.9473,-65.8725,-0.00251773,28.6084,-80.6043,28.6084,-80.6043
52.86,1490.26,1497,-65.9448,-65.8712,-0.00224663,28.6084,-80.6043,28.6084,-80.6043
52.87,1489.6,1496.34,-65.9423,-65.8695,-0.00185394,28.6084,-80.6043,28.6084,-80.6043
52.88,1488.94,1495.68,-65.9398,-65.8674,-0.00101314,28.6084,-80.6043,28.6084,-80.6043
52.89,1488.28,1495.02,-65.9373,-65.8658,-0.00164969,28.6084,-80.6043,28.6084,-80.6043
52.9,1487.62,1494.57,-65.9348,-65.8618,-0.00070076,28.6084,-80.6043,28.6084,-80.6043
52.91,1486.96,1493.91,-65.9324,-65.8577,-0.000630393,28.6084,-80.6043,28.6084,-80.6043
52.92,1486.3,1493.25,-65.9299,-65.8547,-0.00144937,28.6084,-80.6043,28.6084,-80.6043
52.93,1485.64,1492.59,-65.9274,-65.8535,-0.00159562,28.6084,-80.6043,28.6084,-80.6043
52.94,1484.99,1491.93,-65.9249,-65.8503,-0.0021094,28.6084,-80.6043,28.6084,-80.6043
52.95,1484.33,1491.27,-65.9224,-65.8478,-0.00146571,28.6084,-80.6043,28.6084,-80.6043
52.96,1483.67,1490.61,-65.9199,-65.8472,-0.00236083,28.6084,-80.6043,28.6084,-80.6043
52.97,1483.01,1489.96,-65.9174,-65.8431,-0.00302773,28.6084,-80.6043,28.6084,-80.6043
52.98,1482.35,1489.3,-65.9149,-65.8394,-0.00383539,28.6084,-80.6043,28.6084,-80.6043
52.99,1481.69,1488.64,-65.9125,-65.835,-0.00470204,28.6084,-80.6043,28.6084,-80.6043
53,1481.03,1487.51,-65.91,-65.8307,-0.00552392,28.6084,-80.6043,28.6084,-80.6043
53.01,1480.37,1486.85,-65.9075,-65.8291,-0.00574169,28.6084,-80.6043,28.6084,-80.6043
53.02,1479.71,1486.2,-65.905,-65.8276,-0.00645016,28.6084,-80.6043,28.6084,-80.6043
53.03,1479.05,1485.54,-65.9025,-65.8264,-0.00699546,28.6084,-80.6043,28.6084,-80.6043
53.04,1478.39,1484.88,-65.9,-65.8256,-0.00734267,28.6084,-80.6043,28.6084,-80.6043
53.05,1477.74,1484.22,-65.8975,-65.8221,-0.00695959,28.6084,-80.6043,28.6084,-80.6043
53.06,1477.08,1483.56,-65.895,-65.8199,-0.00611881,28.6084,-80.6043,28.6084,-80.6043
53.07,1476.42,1482.9,-65.8925,-65.819,-0.00691467,28.6084,-80.6043,28.6084,-80.6043
53.08,1475.76,1482.25,-65.89,-65.8178,-0.0066798,28.6084,-80.6043,28.6084,-80.6043
53.09,1475.1,1481.59,-65.8876,-65.8136,-0.00729985,28.6084,-80.6043,28.6084,-80.6043
53.1,1474.44,1480.95,-65.8851,-65.8105,-0.00665411,28.6084,-80.6043,28.6084,-80.6043
53.11,1473.78,1480.29,-65.8826,-65.8086,-0.00581604,28.6084,-80.6043,28.6084,-80.6043
53.12,1473.12,1479.63,-65.8801,-65.8066,-0.00573774,28.6084,-80.6043,28.6084,-80.6043
53.13,1472.46,1478.97,-65.8776,-65.8027,-0.00584953,28.6084,-80.6043,28.6084,-80.6043
53.14,1471.81,1478.31,-65.8751,-65.799,-0.0059946,28.6084,-80.6043,28.6084,-80.6043
53.15,1471.15,1477.66,-65.8726,-65.7951,-0.00540985,28.6084,-80.6043,28.6084,-80.6043
53.16,1470.49,1477,-65.8701,-65.7931,-0.00611638,28.6084,-80.6043,28.6084,-80.6043
53.17,1469.83,1476.34,-65.8676,-65.7924,-0.00604183,28.6084,-80.6043,28.6084,-80.6043
53.18,1469.17,1475.68,-65.8651,-65.7906,-0.00649661,28.6084,-80.6043,28.6084,-80.6043
53.19,1468.51,1475.02,-65.8626,-65.7877,-0.0061632,28.6084,-80.6043,28.6084,-80.6043
53.2,1467.85,1474.28,-65.8601,-65.787,-0.00658436,28.6084,-80.6043,28.6084,-80.6043
53.21,1467.2,1473.62,-65.8577,-65.7862,-0.00676869,28.6084,-80.6043,28.6084,-80.6043
53.22,1466.54,1472.96,-65.8552,-65.785,-0.00753063,28.6084,-80.6043,28.6084,-80.6043
53.23,1465.88,1472.31,-65.8527,-65.7844,-0.00831143,28.6084,-80.6043,28.6084,-80.6043
53.24,1465.22,1471.65,-65.8502,-65.7826,-0.00792114,28.6084,-80.6043,28.6084,-80.6043
53.25,1464.56,1470.99,-65.8477,-65.7784,-0.00759007,28.6084,-80.6043,28.6084,-80.6043
53.26,1463.9,1470.33,-65.8452,-65.7773,-0.00688707,28.6084,-80.6043,28.6084,-80.6043
53.27,1463.24,1469.68,-65.8427,-65.7767,-0.00647352,28.6084,-80.6043,28.6084,-80.6043
53.28,1462.59,1469.02,-65.8402,-65.7734,-0.00654416,28.6084,-80.6043,28.6084,-80.6043
53.29,1461.93,1468.36,-65.8377,-65.7708,-0.00727526,28.6084,-80.6043,28.6084,-80.6043
53.3,1461.27,1468.11,-65.8352,-65.7691,-0.00764179,28.6084,-80.6043,28.6084,-80.6043
53.31,1460.61,1467.45,-65.8327,-65.7665,-0.00791782,28.6084,-80.6043,28.6084,-80.6043
53.32,1459.95,1466.79,-65.8302,-65.7657,-0.00734392,28.6084,-80.6043,28.6084,-80.6043
53.33,1459.29,1466.13,-65.8277,-65.7627,-0.00702168,28.6084,-80.6043,28.6084,-80.6043
53.34,1458.64,1465.48,-65.8252,-65.7604,-0.00668221,28.6084,-80.6043,28.6084,-80.6043
53.35,1457.98,1464.82,-65.8227,-65.7561,-0.00660767,28.6084,-80.6043,28.6084,-80.6043
53.36,1457.32,1464.16,-65.8202,-65.7531,-0.00689093,28.6084,-80.6043,28.6084,-80.6043
53.37,1456.66,1463.5,-65.8178,-65.7497,-0.00640233,28.6084,-80.6043,28.6084,-80.6043
53.38,1456,1462.85,-65.8153,-65.7477,-0.00573722,28.6084,-80.6043,28.6084,-80.6043
53.39,1455.35,1462.19,-65.8128,-65.747,-0.00657964,28.6084,-80.6043,28.6084,-80.6043
53.4,1454.69,1461.39,-65.8103,-65.7434,-0.00614197,28.6084,-80.6043,28.6084,-80.6043
53.41,1454.03,1460.73,-65.8078,-65.7419,-0.00566315,28.6084,-80.6043,28.6084,-80.6043
53.42,1453.37,1460.07,-65.8053,-65.7376,-0.00601613,28.6084,-80.6043,28.6084,-80.6043
53.43,1452.71,1459.41,-65.8028,-65.7363,-0.00606104,28.6084,-80.6043,28.6084,-80.6043
53.44,1452.05,1458.76,-65.8003,-65.734,-0.00605305,28.6084,-80.6043,28.6084,-80.6043
53.45,1451.4,1458.1,-65.7978,-65.7303,-0.00508522,28.6084,-80.6043,28.6084,-80.6043
53.46,1450.74,1457.44,-65.7953,-65.726,-0.00577268,28.6084,-80.6043,28.6084,-80.6043
53.47,1450.08,1456.79,-65.7928,-65.7253,-0.00529753,28.6084,-80.6043,28.6084,-80.6043
53.48,1449.42,1456.13,-65.7903,-65.7217,-0.00488098,28.6084,-80.6043,28.6084,-80.6043
53.49,1448.77,1455.47,-65.7878,-65.7204,-0.00495978,28.6084,-80.6043,28.6084,-80.6043
53.5,1448.11,1454.85,-65.7853,-65.7173,-0.00450277,28.6084,-80.6043,28.6084,-80.6043
53.51,1447.45,1454.19,-65.7828,-65.7164,-0.00459985,28.6084,-80.6043,28.6084,-80.6043
53.52,1446.79,1453.54,-65.7803,-65.7126,-0.0047982,28.6084,-80.6043,28.6084,-80.6043
53.53,1446.13,1452.88,-65.7778,-65.711,-0.00403127,28.6084,-80.6043,28.6084,-80.6043
53.54,1445.48,1452.22,-65.7753,-65.7086,-0.00493319,28.6084,-80.6043,28.6084,-80.6043
53.55,1444.82,1451.57,-65.7728,-65.7057,-0.00448113,28.6084,-80.6043,28.6084,-80.6043
53.56,1444.16,1450.91,-65.7703,-65.7025,-0.00479771,28.6084,-80.6043,28.6084,-80.6043
53.57,1443.5,1450.25,-65.7678,-65.6993,-0.00381958,28.6084,-80.6043,28.6084,-80.6043
53.58,1442.85,1449.6,-65.7653,-65.6966,-0.00450606,28.6084,-80.6043,28.6084,-80.6043
53.59,1442.19,1448.94,-65.7628,-65.6943,-0.00540645,28.6084,-80.6043,28.6084,-80.6043
53.6,1441.53,1447.72,-65.7603,-65.69,-0.00554457,28.6084,-80.6043,28.6084,-80.6043
53.61,1440.87,1447.06,-65.7578,-65.6895,-0.00558837,28.6084,-80.6043,28.6084,-80.6043
53.62,1440.22,1446.4,-65.7553,-65.6861,-0.00479204,28.6084,-80.6043,28.6084,-80.6043
53.63,1439.56,1445.74,-65.7528,-65.6848,-0.00393355,28.6084,-80.6043,28.6084,-80.6043
53.64,1438.9,1445.09,-65.7503,-65.6829,-0.00324318,28.6084,-80.6043,28.6084,-80.6043
53.65,1438.24,1444.43,-65.7478,-65.6797,-0.00335392,28.6084,-80.6043,28.6084,-80.6043
53.66,1437.59,1443.77,-65.7453,-65.6758,-0.0041355,28.6084,-80.6043,28.6084,-80.6043
53.67,1436.93,1443.12,-65.7428,-65.6742,-0.00460911,28.6084,-80.6043,28.6084,-80.6043
53.68,1436.27,1442.46,-65.7403,-65.6721,-0.0052926,28.6084,-80.6043,28.6084,-80.6043
53.69,1435.61,1441.8,-65.7378,-65.6686,-0.00540808,28.6084,-80.6043,28.6084,-80.6043
53.7,1434.96,1440.73,-65.7353,-65.6651,-0.00547039,28.6084,-80.6043,28.6084,-80.6043
53.71,1434.3,1440.07,-65.7328,-65.6642,-0.00617427,28.6084,-80.6043,28.6084,-80.6043
53.72,1433.64,1439.41,-65.7303,-65.6633,-0.00587813,28.6084,-80.6043,28.6084,-80.6043
53.73,1432.98,1438.76,-65.7278,-65.6616,-0.0057903,28.6084,-80.6043,28.6084,-80.6043
53.74,1432.33,1438.1,-65.7253,-65.6583,-0.00627859,28.6084,-80.6043,28.6084,-80.6043
53.75,1431.67,1437.44,-65.7228,-65.6539,-0.00588198,28.6084,-80.6043,28.6084,-80.6043
53.76,1431.01,1436.79,-65.7203,-65.6519,-0.00597608,28.6084,-80.6043,28.6084,-80.6043
53.77,1430.35,1436.13,-65.7178,-65.6497,-0.00645342,28.6084,-80.6043,28.6084,-80.6043
53.78,1429.7,1435.47,-65.7153,-65.6466,-0.0067223,28.6084,-80.6043,28.6084,-80.6043
53.79,1429.04,1434.82,-65.7128,-65.6436,-0.00675328,28.6084,-80.6043,28.6084,-80.6043
53.8,1428.38,1433.78,-65.7103,-65.643,-0.00762383,28.6084,-80.6043,28.6084,-80.6043
53.81,1427.73,1433.12,-65.7078,-65.6412,-0.00794481,28.6084,-80.6043,28.6084,-80.6043
53.82,1427.07,1432.47,-65.7053,-65.6382,-0.00789332,28.6084,-80.6043,28.6084,-80.6043
53.83,1426.41,1431.81,-65.7028,-65.6357,-0.00818754,28.6084,-80.6043,28.6084,-80.6043
53.84,1425.76,1431.15,-65.7003,-65.6313,-0.0086709,28.6084,-80.6043,28.6084,-80.6043
53.85,1425.1,1430.5,-65.6978,-65.6276,-0.00951924,28.6084,-80.6043,28.6084,-80.6043
53.86,1424.44,1429.84,-65.6953,-65.6256,-0.00857965,28.6084,-80.6043,28.6084,-80.6043
53.87,1423.78,1429.18,-65.6928,-65.6244,-0.00956234,28.6084,-80.6043,28.6084,-80.6043
53.88,1423.13,1428.53,-65.6903,-65.6228,-0.00912908,28.6084,-80.6043,28.6084,-80.6043
53.89,1422.47,1427.87,-65.6878,-65.6195,-0.00906813,28.6084,-80.6043,28.6084,-80.6043
53.9,1421.81,1426.9,-65.6853,-65.6162,-0.00925846,28.6084,-80.6043,28.6084,-80.6043
53.91,1421.16,1426.24,-65.6828,-65.6121,-0.00857616,28.6084,-80.6043,28.6084,-80.6043
53.92,1420.5,1425.59,-65.6803,-65.611,-0.00800864,28.6084,-80.6043,28.6084,-80.6043
53.93,1419.84,1424.93,-65.6778,-65.6097,-0.00745852,28.6084,-80.6043,28.6084,-80.6043
53.94,1419.19,1424.27,-65.6753,-65.6081,-0.00799849,28.6084,-80.6043,28.6084,-80.6043
53.95,1418.53,1423.62,-65.6728,-65.6043,-0.00776819,28.6084,-80.6043,28.6084,-80.6043
53.96,1417.87,1422.96,-65.6703,-65.6023,-0.00840961,28.6084,-80.6043,28.6084,-80.6043
53.97,1417.22,1422.31,-65.6678,-65.6009,-0.00763305,28.6084,-80.6043,28.6084,-80.6043
53.98,1416.56,1421.65,-65.6653,-65.5977,-0.00747681,28.6084,-80.6043,28.6084,-80.6043
53.99,1415.9,1420.99,-65.6628,-65.5938,-0.00660606,28.6084,-80.6043,28.6084,-80.6043
54,1415.25,1420.06,-65.6603,-65.5916,-0.00574183,28.6084,-80.6043,28.6085,-80.6044
54.01,1414.59,1419.41,-65.6578,-65.59,-0.00653215,28.6084,-80.6043,28.6085,-80.6044
54.02,1413.93,1418.75,-65.6553,-65.5894,-0.00718269,28.6084,-80.6043,28.6085,-80.6044
54.03,1413.28,1418.1,-65.6527,-65.5869,-0.00735072,28.6084,-80.6043,28.6085,-80.6044
54.04,1412.62,1417.44,-65.6502,-65.5861,-0.00703595,28.6084,-80.6043,28.6085,-80.6044
54.05,1411.96,1416.79,-65.6477,-65.5845,-0.00758929,28.6084,-80.6043,28.6085,-80.6044
54.06,1411.31,1416.13,-65.6452,-65.5823,-0.0076616,28.6084,-80.6043,28.6085,-80.6044
54.07,1410.65,1415.47,-65.6427,-65.5778,-0.00724277,28.6084,-80.6043,28.6085,-80.6044
54.08,1409.99,1414.82,-65.6402,-65.5745,-0.00656643,28.6084,-80.6043,28.6085,-80.6044
54.09,1409.34,1414.16,-65.6377,-65.5727,-0.00745364,28.6084,-80.6043,28.6085,-80.6044
54.1,1408.68,1413.48,-65.6352,-65.5721,-0.00735405,28.6084,-80.6043,28.6085,-80.6044
54.11,1408.03,1412.83,-65.6327,-65.5678,-0.00809822,28.6084,-80.6043,28.6085,-80.6044
54.12,1407.37,1412.17,-65.6302,-65.5641,-0.00783844,28.6084,-80.6043,28.6085,-80.6044
54.13,1406.71,1411.52,-65.6277,-65.5615,-0.00737229,28.6084,-80.6043,28.6085,-80.6044
54.14,1406.06,1410.86,-65.6252,-65.5573,-0.00657745,28.6084,-80.6043,28.6085,-80.6044
54.15,1405.4,1410.21,-65.6227,-65.5535,-0.00711651,28.6084,-80.6043,28.6085,-80.6044
54.16,1404.74,1409.55,-65.6202,-65.5508,-0.00679776,28.6084,-80.6043,28.6085,-80.6044
54.17,1404.09,1408.9,-65.6177,-65.5493,-0.00636492,28.6084,-80.6043,28.6085,-80.6044
54.18,1403.43,1408.24,-65.6152,-65.5481,-0.00604972,28.6084,-80.6043,28.6085,-80.6044
54.19,1402.78,1407.58,-65.6127,-65.5445,-0.0053903,28.6084,-80.6043,28.6085,-80.6044
54.2,1402.12,1407.23,-65.6102,-65.5403,-0.00637407,28.6084,-80.6043,28.6085,-80.6044
54.21,1401.46,1406.58,-65.6077,-65.5387,-0.00736106,28.6084,-80.6043,28.6085,-80.6044
54.22,1400.81,1405.92,-65.6052,-65.5343,-0.00821616,28.6084,-80.6043,28.6085,-80.6044
54.23,1400.15,1405.27,-65.6026,-65.5304,-0.00860651,28.6084,-80.6043,28.6085,-80.6044
54.24,1399.5,1404.61,-65.6001,-65.5294,-0.00788224,28.6084,-80.6043,28.6085,-80.6044
54.25,1398.84,1403.96,-65.5976,-65.5255,-0.00873521,28.6084,-80.6043,28.6085,-80.6044
54.26,1398.18,1403.3,-65.5951,-65.5227,-0.00777013,28.6084,-80.6043,28.6085,-80.6044
54.27,1397.53,1402.65,-65.5926,-65.5187,-0.00839705,28.6084,-80.6043,28.6085,-80.6044
54.28,1396.87,1401.99,-65.5901,-65.5162,-0.00818196,28.6084,-80.6043,28.6085,-80.6044
54.29,1396.22,1401.34,-65.5876,-65.5152,-0.00836649,28.6084,-80.6043,28.6085,-80.6044
54.3,1395.56,1400.64,-65.5851,-65.5129,-0.00868077,28.6084,-80.6043,28.6085,-80.6044
54.31,1394.9,1399.98,-65.5826,-65.5086,-0.00851181,28.6084,-80.6043,28.6085,-80.6044
54.32,1394.25,1399.33,-65.5801,-65.5055,-0.00895749,28.6084,-80.6043,28.6085,-80.6044
54.33,1393.59,1398.67,-65.5776,-65.504,-0.00905625,28.6084,-80.6043,28.6085,-80.6044
54.34,1392.94,1398.02,-65.5751,-65.503,-0.00974261,28.6084,-80.6043,28.6085,-80.6044
54.35,1392.28,1397.36,-65.5726,-65.5007,-0.00998716,28.6084,-80.6043,28.6085,-80.6044
54.36,1391.63,1396.71,-65.5701,-65.4981,-0.0100567,28.6084,-80.6043,28.6085,-80.6044
54.37,1390.97,1396.05,-65.5676,-65.4961,-0.00984098,28.6084,-80.6043,28.6085,-80.6044
54.38,1390.31,1395.4,-65.5651,-65.4944,-0.00951535,28.6084,-80.6043,28.6085,-80.6044
54.39,1389.66,1394.74,-65.5625,-65.4909,-0.0101713,28.6084,-80.6043,28.6085,-80.6044
54.4,1389,1393.77,-65.56,-65.4883,-0.00955084,28.6084,-80.6043,28.6085,-80.6044
54.41,1388.35,1393.12,-65.5575,-65.4849,-0.00918145,28.6084,-80.6043,28.6085,-80.6044
54.42,1387.69,1392.46,-65.555,-65.4808,-0.0101609,28.6084,-80.6043,28.6085,-80.6044
54.43,1387.04,1391.81,-65.5525,-65.4791,-0.0111056,28.6084,-80.6043,28.6085,-80.6044
54.44,1386.38,1391.16,-65.55,-65.4769,-0.0106302,28.6084,-80.6043,28.6085,-80.6044
54.45,1385.73,1390.5,-65.5475,-65.4749,-0.0108954,28.6084,-80.6043,28.6085,-80.6044
54.46,1385.07,1389.85,-65.545,-65.471,-0.00998544,28.6084,-80.6043,28.6085,-80.6044
54.47,1384.41,1389.19,-65.5425,-65.4704,-0.0107461,28.6084,-80.6043,28.6085,-80.6044
54.48,1383.76,1388.54,-65.54,-65.4691,-0.0107783,28.6084,-80.6043,28.6085,-80.6044
54.49,1383.1,1387.88,-65.5375,-65.4677,-0.0110705,28.6084,-80.6043,28.6085,-80.6044
54.5,1382.45,1387.34,-65.535,-65.4634,-0.010862,28.6084,-80.6043,28.6085,-80.6044
54.51,1381.79,1386.68,-65.5325,-65.4593,-0.00993746,28.6084,-80.6043,28.6085,-80.6044
54.52,1381.14,1386.03,-65.53,-65.4568,-0.00950192,28.6084,-80.6043,28.6085,-80.6044
54.53,1380.48,1385.38,-65.5274,-65.4538,-0.0100343,28.6084,-80.6043,28.6085,-80.6044
54.54,1379.83,1384.72,-65.5249,-65.4498,-0.0107492,28.6084,-80.6043,28.6085,-80.6044
54.55,1379.17,1384.07,-65.5224,-65.4491,-0.0105122,28.6084,-80.6043,28.6085,-80.6044
54.56,1378.52,1383.41,-65.5199,-65.446,-0.0100548,28.6084,-80.6043,28.6085,-80.6044
54.57,1377.86,1382.76,-65.5174,-65.4434,-0.00974919,28.6084,-80.6043,28.6085,-80.6044
54.58,1377.21,1382.1,-65.5149,-65.4428,-0.00962651,28.6084,-80.6043,28.6085,-80.6044
54.59,1376.55,1381.45,-65.5124,-65.442,-0.00910915,28.6084,-80.6043,28.6085,-80.6044
54.6,1375.9,1380.8,-65.5099,-65.4377,-0.00923266,28.6084,-80.6043,28.6085,-80.6044
54.61,1375.24,1380.15,-65.5074,-65.4348,-0.00928963,28.6084,-80.6043,28.6085,-80.6044
54.62,1374.59,1379.49,-65.5049,-65.4314,-0.010122,28.6084,-80.6043,28.6085,-80.6044
54.63,1373.93,1378.84,-65.5024,-65.4271,-0.00922707,28.6084,-80.6043,28.6085,-80.6044
54.64,1373.28,1378.18,-65.4999,-65.4249,-0.00843099,28.6084,-80.6043,28.6085,-80.6044
54.65,1372.62,1377.53,-65.4973,-65.4221,-0.00877708,28.6084,-80.6043,28.6085,-80.6044
54.66,1371.97,1376.88,-65.4948,-65.4204,-0.00874907,28.6084,-80.6043,28.6085,-80.6044
54.67,1371.31,1376.22,-65.4923,-65.4166,-0.00970173,28.6084,-80.6043,28.6085,-80.6044
54.68,1370.66,1375.57,-65.4898,-65.4155,-0.0105859,28.6084,-80.6043,28.6085,-80.6044
54.69,1370,1374.91,-65.4873,-65.4114,-0.0110227,28.6084,-80.6043,28.6085,-80.6044
54.7,1369.35,1374.74,-65.4848,-65.4105,-0.0109588,28.6084,-80.6043,28.6085,-80.6044
54.71,1368.69,1374.09,-65.4823,-65.4063,-0.0118274,28.6084,-80.6043,28.6085,-80.6044
54.72,1368.04,1373.44,-65.4798,-65.4034,-0.011124,28.6084,-80.6043,28.6085,-80.6044
54.73,1367.38,1372.78,-65.4773,-65.4004,-0.0108286,28.6084,-80.6043,28.6085,-80.6044
54.74,1366.73,1372.13,-65.4748,-65.3975,-0.0107109,28.6084,-80.6043,28.6085,-80.6044
54.75,1366.07,1371.47,-65.4723,-65.3966,-0.0112878,28.6084,-80.6043,28.6085,-80.6044
54.76,1365.42,1370.82,-65.4698,-65.3943,-0.0111729,28.6084,-80.6043,28.6085,-80.6044
54.77,1364.76,1370.17,-65.4672,-65.3901,-0.011114,28.6084,-80.6043,28.6085,-80.6044
54.78,1364.11,1369.51,-65.4647,-65.3875,-0.0103541,28.6084,-80.6043,28.6085,-80.6044
54.79,1363.45,1368.86,-65.4622,-65.3831,-0.0105323,28.6084,-80.6043,28.6085,-80.6044
54.8,1362.8,1368.58,-65.4597,-65.3809,-0.0109441,28.6084,-80.6043,28.6085,-80.6044
54.81,1362.15,1367.93,-65.4572,-65.3775,-0.0117078,28.6084,-80.6043,28.6085,-80.6044
54.82,1361.49,1367.28,-65.4547,-65.3741,-0.0125382,28.6084,-80.6043,28.6085,-80.6044
54.83,1360.84,1366.62,-65.4522,-65.3729,-0.0122304,28.6084,-80.6043,28.6085,-80.6044
54.84,1360.18,1365.97,-65.4497,-65.3709,-0.0126742,28.6084,-80.6043,28.6085,-80.6044
54.85,1359.53,1365.32,-65.4472,-65.3696,-0.0130933,28.6084,-80.6043,28.6085,-80.6044
54.86,1358.87,1364.66,-65.4447,-65.3687,-0.0135901,28.6084,-80.6043,28.6085,-80.6044
54.87,1358.22,1364.01,-65.4422,-65.3647,-0.0126692,28.6084,-80.6043,28.6085,-80.6044
54.88,1357.56,1363.36,-65.4396,-65.3607,-0.0126392,28.6084,-80.6043,28.6085,-80.6044
54.89,1356.91,1362.7,-65.4371,-65.3579,-0.0127642,28.6084,-80.6043,28.6085,-80.6044
54.9,1356.26,1362.5,-65.4346,-65.355,-0.0121994,28.6084,-80.6043,28.6085,-80.6044
54.91,1355.6,1361.85,-65.4321,-65.3509,-0.0117696,28.6084,-80.6043,28.6085,-80.6044
54.92,1354.95,1361.2,-65.4296,-65.3488,-0.0114271,28.6084,-80.6043,28.6085,-80.6044
54.93,1354.29,1360.54,-65.4271,-65.3459,-0.0116677,28.6084,-80.6043,28.6085,-80.6044
54.94,1353.64,1359.89,-65.4246,-65.345,-0.0126147,28.6084,-80.6043,28.6085,-80.6044
54.95,1352.98,1359.24,-65.4221,-65.3418,-0.0120169,28.6084,-80.6043,28.6085,-80.6044
54.96,1352.33,1358.58,-65.4196,-65.3374,-0.011433,28.6084,-80.6043,28.6085,-80.6044
54.97,1351.68,1357.93,-65.4171,-65.3348,-0.012319,28.6084,-80.6043,28.6085,-80.6044
54.98,1351.02,1357.28,-65.4146,-65.3304,-0.0129324,28.6084,-80.6043,28.6085,-80.6044
54.99,1350.37,1356.62,-65.412,-65.3282,-0.0134402,28.6084,-80.6043,28.6085,-80.6044
55,1349.71,1355.59,-65.4095,-65.3262,-0.0130125,28.6084,-80.6043,28.6084,-80.6043
55.01,1349.06,1354.94,-65.407,-65.3242,-0.0128502,28.6084,-80.6043,28.6084,-80.6043
55.02,1348.4,1354.28,-65.4045,-65.3202,-0.0119564,28.6084,-80.6043,28.6084,-80.6043
55.03,1347.75,1353.63,-65.402,-65.3169,-0.0116192,28.6084,-80.6043,28.6084,-80.6043
55.04,1347.1,1352.98,-65.3995,-65.3131,-0.0109083,28.6084,-80.6043,28.6084,-80.6043
55.05,1346.44,1352.33,-65.397,-65.311,-0.0114232,28.6084,-80.6043,28.6084,-80.6043
55.06,1345.79,1351.67,-65.3945,-65.3084,-0.0104664,28.6084,-80.6043,28.6084,-80.6043
55.07,1345.14,1351.02,-65.392,-65.3054,-0.0102489,28.6084,-80.6043,28.6084,-80.6043
55.08,1344.48,1350.37,-65.3895,-65.3049,-0.0106567,28.6084,-80.6043,28.6084,-80.6043
55.09,1343.83,1349.71,-65.3869,-65.3027,-0.00970244,28.6084,-80.6043,28.6084,-80.6043
55.1,1343.17,1349.19,-65.3844,-65.3019,-0.00880856,28.6084,-80.6043,28.6084,-80.6043
55.11,1342.52,1348.54,-65.3819,-65.3012,-0.00952812,28.6084,-80.6043,28.6084,-80.6043
55.12,1341.87,1347.88,-65.3794,-65.2989,-0.0099236,28.6084,-80.6043,28.6084,-80.6043
55.13,1341.21,1347.23,-65.3769,-65.2963,-0.010581,28.6084,-80.6043,28.6084,-80.6043
55.14,1340.56,1346.58,-65.3744,-65.2932,-0.0112806,28.6084,-80.6043,28.6084,-80.6043
55.15,1339.9,1345.93,-65.3719,-65.2896,-0.0103355,28.6084,-80.6043,28.6084,-80.6043
55.16,1339.25,1345.27,-65.3694,-65.2865,-0.00963832,28.6084,-80.6043,28.6084,-80.6043
55.17,1338.6,1344.62,-65.3669,-65.2825,-0.00942533,28.6084,-80.6043,28.6084,-80.6043
55.18,1337.94,1343.97,-65.3644,-65.2798,-0.00937057,28.6084,-80.6043,28.6084,-80.6043
55.19,1337.29,1343.31,-65.3618,-65.2776,-0.00956837,28.6084,-80.6043,28.6084,-80.6043
55.2,1336.64,1342.2,-65.3593,-65.2734,-0.00921017,28.6084,-80.6043,28.6084,-80.6043
55.21,1335.98,1341.55,-65.3568,-65.2692,-0.00960739,28.6084,-80.6043,28.6084,-80.6043
55.22,1335.33,1340.9,-65.3543,-65.2666,-0.00881891,28.6084,-80.6043,28.6084,-80.6043
55.23,1334.68,1340.25,-65.3518,-65.2637,-0.00793078,28.6084,-80.6043,28.6084,-80.6043
55.24,1334.02,1339.59,-65.3493,-65.2597,-0.00755971,28.6084,-80.6043,28.6084,-80.6043
55.25,1333.37,1338.94,-65.3468,-65.2556,-0.00674864,28.6084,-80.6043,28.6084,-80.6043
55.26,1332.72,1338.29,-65.3443,-65.2521,-0.00768619,28.6084,-80.6043,28.6084,-80.6043
55.27,1332.06,1337.64,-65.3418,-65.2502,-0.00859834,28.6084,-80.6043,28.6084,-80.6043
55.28,1331.41,1336.98,-65.3393,-65.2474,-0.00852963,28.6084,-80.6043,28.6084,-80.6043
55.29,1330.76,1336.33,-65.3368,-65.2441,-0.00812804,28.6084,-80.6043,28.6084,-80.6043
55.3,1330.1,1336.1,-65.3342,-65.2425,-0.00778079,28.6084,-80.6043,28.6084,-80.6043
55.31,1329.45,1335.45,-65.3317,-65.2405,-0.00771605,28.6084,-80.6043,28.6084,-80.6043
55.32,1328.8,1334.79,-65.3292,-65.2361,-0.00735382,28.6084,-80.6043,28.6084,-80.6043
55.33,1328.14,1334.14,-65.3267,-65.2354,-0.00754705,28.6084,-80.6043,28.6084,-80.6043
55.34,1327.49,1333.49,-65.3242,-65.2346,-0.0066057,28.6084,-80.6043,28.6084,-80.6043
55.35,1326.84,1332.84,-65.3217,-65.2337,-0.00758581,28.6084,-80.6043,28.6084,-80.6043
55.36,1326.18,1332.18,-65.3192,-65.2298,-0.00781806,28.6084,-80.6043,28.6084,-80.6043
55.37,1325.53,1331.53,-65.3167,-65.2271,-0.00730959,28.6084,-80.6043,28.6084,-80.6043
55.38,1324.88,1330.88,-65.3142,-65.2226,-0.00732866,28.6084,-80.6043,28.6084,-80.6043
55.39,1324.22,1330.23,-65.3117,-65.2196,-0.00699488,28.6084,-80.6043,28.6084,-80.6043
55.4,1323.57,1329.2,-65.3091,-65.2176,-0.00693256,28.6084,-80.6043,28.6084,-80.6043
55.41,1322.92,1328.55,-65.3066,-65.2154,-0.00614416,28.6084,-80.6043,28.6084,-80.6043
55.42,1322.26,1327.89,-65.3041,-65.2131,-0.00521753,28.6084,-80.6043,28.6084,-80.6043
55.43,1321.61,1327.24,-65.3016,-65.2109,-0.0059104,28.6084,-80.6043,28.6084,-80.6043
55.44,1320.96,1326.59,-65.2991,-65.2077,-0.00547964,28.6084,-80.6043,28.6084,-80.6043
55.45,1320.3,1325.94,-65.2966,-65.2039,-0.00643065,28.6084,-80.6043,28.6084,-80.6043
55.46,1319.65,1325.29,-65.2941,-65.2,-0.00671153,28.6084,-80.6043,28.6084,-80.6043
55.47,1319,1324.63,-65.2916,-65.1955,-0.00664767,28.6084,-80.6043,28.6084,-80.6043
55.48,1318.35,1323.98,-65.2891,-65.1933,-0.00685815,28.6084,-80.6043,28.6084,-80.6043
55.49,1317.69,1323.33,-65.2866,-65.1904,-0.00707819,28.6084,-80.6043,28.6084,-80.6043
55.5,1317.04,1322.61,-65.284,-65.1879,-0.00682999,28.6084,-80.6043,28.6084,-80.6043
55.51,1316.39,1321.96,-65.2815,-65.1864,-0.00748899,28.6084,-80.6043,28.6084,-80.6043
55.52,1315.73,1321.31,-65.279,-65.1859,-0.00680404,28.6084,-80.6043,28.6084,-80.6043
55.53,1315.08,1320.66,-65.2765,-65.1828,-0.0065444,28.6084,-80.6043,28.6084,-80.6043
55.54,1314.43,1320.01,-65.274,-65.1802,-0.00745951,28.6084,-80.6043,28.6084,-80.6043
55.55,1313.78,1319.36,-65.2715,-65.1791,-0.00662368,28.6084,-80.6043,28.6084,-80.6043
55.56,1313.12,1318.7,-65.269,-65.1767,-0.00751331,28.6084,-80.6043,28.6084,-80.6043
55.57,1312.47,1318.05,-65.2665,-65.1747,-0.0076764,28.6084,-80.6043,28.6084,-80.6043
55.58,1311.82,1317.4,-65.264,-65.1723,-0.0076285,28.6084,-80.6043,28.6084,-80.6043
55.59,1311.17,1316.75,-65.2615,-65.1715,-0.00823025,28.6084,-80.6043,28.6084,-80.6043
55.6,1310.51,1316.49,-65.2589,-65.1695,-0.00901612,28.6084,-80.6043,28.6084,-80.6043
55.61,1309.86,1315.83,-65.2564,-65.1688,-0.00981924,28.6084,-80.6043,28.6084,-80.6043
55.62,1309.21,1315.18,-65.2539,-65.166,-0.0105592,28.6084,-80.6043,28.6084,-80.6043
55.63,1308.56,1314.53,-65.2514,-65.1635,-0.0111672,28.6084,-80.6043,28.6084,-80.6043
55.64,1307.9,1313.88,-65.2489,-65.1609,-0.0102263,28.6084,-80.6043,28.6084,-80.6043
55.65,1307.25,1313.23,-65.2464,-65.1571,-0.0096864,28.6084,-80.6043,28.6084,-80.6043
55.66,1306.6,1312.58,-65.2439,-65.1533,-0.00870516,28.6084,-80.6043,28.6084,-80.6043
55.67,1305.95,1311.93,-65.2414,-65.1497,-0.00835708,28.6084,-80.6043,28.6084,-80.6043
55.68,1305.29,1311.27,-65.2389,-65.1466,-0.00854913,28.6084,-80.6043,28.6084,-80.6043
55.69,1304.64,1310.62,-65.2364,-65.1453,-0.00816107,28.6084,-80.6043,28.6084,-80.6043
55.7,1303.99,1310.17,-65.2338,-65.1426,-0.00895844,28.6084,-80.6043,28.6084,-80.6043
55.71,1303.34,1309.52,-65.2313,-65.1415,-0.00901504,28.6084,-80.6043,28.6084,-80.6043
55.72,1302.68,1308.87,-65.2288,-65.1387,-0.00980727,28.6084,-80.6043,28.6084,-80.6043
55.73,1302.03,1308.22,-65.2263,-65.1342,-0.00950688,28.6084,-80.6043,28.6084,-80.6043
55.74,1301.38,1307.57,-65.2238,-65.1325,-0.00981328,28.6084,-80.6043,28.6084,-80.6043
55.75,1300.73,1306.91,-65.2213,-65.1289,-0.0101074,28.6084,-80.6043,28.6084,-80.6043
55.76,1300.08,1306.26,-65.2188,-65.1282,-0.00939599,28.6084,-80.6043,28.6084,-80.6043
55.77,1299.42,1305.61,-65.2163,-65.1239,-0.010021,28.6084,-80.6043,28.6084,-80.6043
55.78,1298.77,1304.96,-65.2138,-65.122,-0.0107593,28.6084,-80.6043,28.6084,-80.6043
55.79,1298.12,1304.31,-65.2113,-65.1187,-0.0111206,28.6084,-80.6043,28.6084,-80.6043
55.8,1297.47,1303.75,-65.2088,-65.1144,-0.0111658,28.6084,-80.6043,28.6084,-80.6043
55.81,1296.81,1303.09,-65.2062,-65.1133,-0.0116626,28.6084,-80.6043,28.6084,-80.6043
55.82,1296.16,1302.44,-65.2037,-65.1095,-0.0114763,28.6084,-80.6043,28.6084,-80.6043
55.83,1295.51,1301.79,-65.2012,-65.1063,-0.0124596,28.6084,-80.6043,28.6084,-80.6043
55.84,1294.86,1301.14,-65.1987,-65.1047,-0.0130185,28.6084,-80.6043,28.6084,-80.6043
55.85,1294.21,1300.49,-65.1962,-65.1037,-0.0131458,28.6084,-80.6043,28.6084,-80.6043
55.86,1293.55,1299.84,-65.1937,-65.0998,-0.0129831,28.6084,-80.6043,28.6084,-80.6043
55.87,1292.9,1299.19,-65.1912,-65.0993,-0.012094,28.6084,-80.6043,28.6084,-80.6043
55.88,1292.25,1298.54,-65.1887,-65.0965,-0.0117856,28.6084,-80.6043,28.6084,-80.6043
55.89,1291.6,1297.89,-65.1862,-65.095,-0.0109379,28.6084,-80.6043,28.6084,-80.6043
55.9,1290.95,1297.64,-65.1837,-65.0928,-0.0107369,28.6084,-80.6043,28.6084,-80.6043
55.91,1290.3,1296.98,-65.1812,-65.0884,-0.0106663,28.6084,-80.6043,28.6084,-80.6043
55.92,1289.64,1296.33,-65.1786,-65.0872,-0.0104343,28.6084,-80.6043,28.6084,-80.6043
55.93,1288.99,1295.68,-65.1761,-65.0841,-0.00968162,28.6084,-80.6043,28.6084,-80.6043
55.94,1288.34,1295.03,-65.1736,-65.0798,-0.00944748,28.6084,-80.6043,28.6084,-80.6043
55.95,1287.69,1294.38,-65.1711,-65.0779,-0.0102748,28.6084,-80.6043,28.6084,-80.6043
55.96,1287.04,1293.73,-65.1686,-65.0751,-0.0100642,28.6084,-80.6043,28.6084,-80.6043
55.97,1286.39,1293.08,-65.1661,-65.071,-0.0107606,28.6084,-80.6043,28.6084,-80.6043
55.98,1285.73,1292.43,-65.1636,-65.0694,-0.00992127,28.6084,-80.6043,28.6084,-80.6043
55.99,1285.08,1291.78,-65.1611,-65.0672,-0.00995845,28.6084,-80.6043,28.6084,-80.6043
56,1284.43,1290.81,-65.1586,-65.0665,-0.00920782,28.6084,-80.6043,28.6084,-80.6044
56.01,1283.78,1290.16,-65.1561,-65.0647,-0.00844921,28.6084,-80.6043,28.6084,-80.6044
56.02,1283.13,1289.51,-65.1536,-65.0622,-0.009226,28.6084,-80.6043,28.6084,-80.6044
56.03,1282.48,1288.86,-65.151,-65.0579,-0.00999671,28.6084,-80.6043,28.6084,-80.6044
56.04,1281.82,1288.21,-65.1485,-65.057,-0.0105726,28.6084,-80.6043,28.6084,-80.6044
56.05,1281.17,1287.56,-65.146,-65.0539,-0.011049,28.6084,-80.6043,28.6084,-80.6044
56.06,1280.52,1286.91,-65.1435,-65.0501,-0.0114169,28.6084,-80.6043,28.6084,-80.6044
56.07,1279.87,1286.26,-65.141,-65.049,-0.0108899,28.6084,-80.6043,28.6084,-80.6044
56.08,1279.22,1285.61,-65.1385,-65.0448,-0.0109062,28.6084,-80.6043,28.6084,-80.6044
56.09,1278.57,1284.96,-65.136,-65.0409,-0.0109226,28.6084,-80.6043,28.6084,-80.6044
56.1,1277.92,1284.36,-65.1335,-65.04,-0.0104004,28.6084,-80.6043,28.6084,-80.6044
56.11,1277.26,1283.71,-65.131,-65.0369,-0.0100388,28.6084,-80.6043,28.6084,-80.6044
56.12,1276.61,1283.06,-65.1285,-65.036,-0.00935978,28.6084,-80.6043,28.6084,-80.6044
56.13,1275.96,1282.41,-65.126,-65.0327,-0.00844413,28.6084,-80.6043,28.6084,-80.6044
56.14,1275.31,1281.76,-65.1235,-65.0315,-0.00880241,28.6084,-80.6043,28.6084,-80.6044
56.15,1274.66,1281.11,-65.1209,-65.0277,-0.00894607,28.6084,-80.6043,28.6084,-80.6044
56.16,1274.01,1280.46,-65.1184,-65.0251,-0.00920484,28.6084,-80.6043,28.6084,-80.6044
56.17,1273.36,1279.81,-65.1159,-65.0209,-0.00896439,28.6084,-80.6043,28.6084,-80.6044
56.18,1272.71,1279.16,-65.1134,-65.0191,-0.00985044,28.6084,-80.6043,28.6084,-80.6044
56.19,1272.05,1278.51,-65.1109,-65.0157,-0.00979524,28.6084,-80.6043,28.6084,-80.6044
56.2,1271.4,1277.66,-65.1084,-65.0124,-0.00884535,28.6084,-80.6043,28.6084,-80.6044
56.21,1270.75,1277.01,-65.1059,-65.0105,-0.00961926,28.6084,-80.6043,28.6084,-80.6044
56.22,1270.1,1276.36,-65.1034,-65.0095,-0.00870699,28.6084,-80.6043,28.6084,-80.6044
56.23,1269.45,1275.71,-65.1009,-65.0066,-0.00776888,28.6084,-80.6043,28.6084,-80.6044
56.24,1268.8,1275.06,-65.0984,-65.0043,-0.0073647,28.6084,-80.6043,28.6084,-80.6044
56.25,1268.15,1274.41,-65.0959,-65.0008,-0.00818179,28.6084,-80.6043,28.6084,-80.6044
56.26,1267.5,1273.76,-65.0934,-65.0001,-0.00835985,28.6084,-80.6043,28.6084,-80.6044
56.27,1266.85,1273.11,-65.0908,-64.9989,-0.00756049,28.6084,-80.6043,28.6084,-80.6044
56.28,1266.2,1272.46,-65.0883,-64.9979,-0.00829692,28.6084,-80.6043,28.6084,-80.6044
56.29,1265.55,1271.81,-65.0858,-64.9971,-0.00841299,28.6084,-80.6043,28.6084,-80.6044
56.3,1264.89,1270.64,-65.0833,-64.9928,-0.00843416,28.6084,-80.6043,28.6084,-80.6044
56.31,1264.24,1269.99,-65.0808,-64.9884,-0.00857067,28.6084,-80.6043,28.6084,-80.6044
56.32,1263.59,1269.34,-65.0783,-64.9857,-0.00826054,28.6084,-80.6043,28.6084,-80.6044
56.33,1262.94,1268.69,-65.0758,-64.9832,-0.00869258,28.6084,-80.6043,28.6084,-80.6044
56.34,1262.29,1268.04,-65.0733,-64.982,-0.00930129,28.6084,-80.6043,28.6084,-80.6044
56.35,1261.64,1267.39,-65.0708,-64.9804,-0.00922454,28.6084,-80.6043,28.6084,-80.6044
56.36,1260.99,1266.74,-65.0683,-64.979,-0.00948061,28.6084,-80.6043,28.6084,-80.6044
56.37,1260.34,1266.09,-65.0658,-64.9759,-0.0101311,28.6084,-80.6043,28.6084,-80.6044
56.38,1259.69,1265.44,-65.0633,-64.9715,-0.00987777,28.6084,-80.6043,28.6084,-80.6044
56.39,1259.04,1264.79,-65.0608,-64.9685,-0.00951985,28.6084,-80.6043,28.6084,-80.6044
56.4,1258.39,1263.99,-65.0583,-64.9665,-0.00909158,28.6084,-80.6043,28.6084,-80.6044
56.41,1257.74,1263.34,-65.0557,-64.9631,-0.00831539,28.6084,-80.6043,28.6084,-80.6044
56.42,1257.09,1262.69,-65.0532,-64.96,-0.00753759,28.6084,-80.6043,28.6084,-80.6044
56.43,1256.44,1262.04,-65.0507,-64.9594,-0.00713747,28.6084,-80.6043,28.6084,-80.6044
56.44,1255.79,1261.4,-65.0482,-64.9576,-0.00615986,28.6084,-80.6043,28.6084,-80.6044
56.45,1255.13,1260.75,-65.0457,-64.9563,-0.00659696,28.6084,-80.6043,28.6084,-80.6044
56.46,1254.48,1260.1,-65.0432,-64.9545,-0.00635453,28.6084,-80.6043,28.6084,-80.6044
56.47,1253.83,1259.45,-65.0407,-64.9506,-0.00538773,28.6084,-80.6043,28.6084,-80.6044
56.48,1253.18,1258.8,-65.0382,-64.9497,-0.00611524,28.6084,-80.6043,28.6084,-80.6044
56.49,1252.53,1258.15,-65.0357,-64.9485,-0.00650408,28.6084,-80.6043,28.6084,-80.6044
56.5,1251.88,1257.79,-65.0332,-64.9464,-0.0060952,28.6084,-80.6043,28.6084,-80.6044
56.51,1251.23,1257.14,-65.0307,-64.9438,-0.00637114,28.6084,-80.6043,28.6084,-80.6044
56.52,1250.58,1256.49,-65.0282,-64.9405,-0.00588313,28.6084,-80.6043,28.6084,-80.6044
56.53,1249.93,1255.84,-65.0257,-64.936,-0.00623978,28.6084,-80.6043,28.6084,-80.6044
56.54,1249.28,1255.19,-65.0232,-64.9338,-0.00654878,28.6084,-80.6043,28.6084,-80.6044
56.55,1248.63,1254.54,-65.0207,-64.9332,-0.00722457,28.6084,-80.6043,28.6084,-80.6044
56.56,1247.98,1253.89,-65.0181,-64.9322,-0.00637675,28.6084,-80.6043,28.6084,-80.6044
56.57,1247.33,1253.24,-65.0156,-64.9285,-0.00737236,28.6084,-80.6043,28.6084,-80.6044
56.58,1246.68,1252.6,-65.0131,-64.9242,-0.00737039,28.6084,-80.6043,28.6084,-80.6044
56.59,1246.03,1251.95,-65.0106,-64.9224,-0.0065052,28.6084,-80.6043,28.6084,-80.6044
56.6,1245.38,1251.56,-65.0081,-64.9191,-0.00627619,28.6084,-80.6043,28.6084,-80.6044
56.61,1244.73,1250.91,-65.0056,-64.9176,-0.00634264,28.6084,-80.6043,28.6084,-80.6044
56.62,1244.08,1250.26,-65.0031,-64.9161,-0.00649941,28.6084,-80.6043,28.6084,-80.6044
56.63,1243.43,1249.61,-65.0006,-64.9132,-0.00667863,28.6084,-80.6043,28.6084,-80.6044
56.64,1242.78,1248.96,-64.9981,-64.9098,-0.00568226,28.6084,-80.6043,28.6084,-80.6044
56.65,1242.13,1248.31,-64.9956,-64.9088,-0.00617942,28.6084,-80.6043,28.6084,-80.6044
56.66,1241.48,1247.66,-64.9931,-64.9052,-0.00622571,28.6084,-80.6043,28.6084,-80.6044
56.67,1240.83,1247.01,-64.9906,-64.9009,-0.00620705,28.6084,-80.6043,28.6084,-80.6044
56.68,1240.18,1246.36,-64.9881,-64.8986,-0.00666286,28.6084,-80.6043,28.6084,-80.6044
56.69,1239.53,1245.72,-64.9856,-64.8943,-0.00604081,28.6084,-80.6043,28.6084,-80.6044
56.7,1238.88,1244.85,-64.9831,-64.8926,-0.00685201,28.6084,-80.6043,28.6084,-80.6044
56.71,1238.23,1244.2,-64.9806,-64.8884,-0.00606135,28.6084,-80.6043,28.6084,-80.6044
56.72,1237.58,1243.55,-64.9781,-64.8842,-0.00671014,28.6084,-80.6043,28.6084,-80.6044
56.73,1236.93,1242.9,-64.9756,-64.8821,-0.00719099,28.6084,-80.6043,28.6084,-80.6044
56.74,1236.28,1242.25,-64.9731,-64.8811,-0.00801745,28.6084,-80.6043,28.6084,-80.6044
56.75,1235.63,1241.6,-64.9705,-64.8771,-0.0082792,28.6084,-80.6043,28.6084,-80.6044
56.76,1234.98,1240.95,-64.968,-64.875,-0.00859749,28.6084,-80.6043,28.6084,-80.6044
56.77,1234.33,1240.3,-64.9655,-64.8721,-0.00795736,28.6084,-80.6043,28.6084,-80.6044
56.78,1233.68,1239.65,-64.963,-64.8678,-0.00890969,28.6084,-80.6043,28.6084,-80.6044
56.79,1233.03,1239.01,-64.9605,-64.8651,-0.00802557,28.6084,-80.6043,28.6084,-80.6044
56.8,1232.38,1238.08,-64.958,-64.864,-0.0074282,28.6084,-80.6043,28.6084,-80.6044
56.81,1231.74,1237.43,-64.9555,-64.8607,-0.00693001,28.6084,-80.6043,28.6084,-80.6044
56.82,1231.09,1236.78,-64.953,-64.8593,-0.00776794,28.6084,-80.6043,28.6084,-80.6044
56.83,1230.44,1236.13,-64.9505,-64.8588,-0.0084699,28.6084,-80.6043,28.6084,-80.6044
56.84,1229.79,1235.48,-64.948,-64.8547,-0.00881171,28.6084,-80.6043,28.6084,-80.6044
56.85,1229.14,1234.83,-64.9455,-64.8532,-0.00817895,28.6084,-80.6043,28.6084,-80.6044
56.86,1228.49,1234.19,-64.943,-64.8505,-0.00890145,28.6084,-80.6043,28.6084,-80.6044
56.87,1227.84,1233.54,-64.9405,-64.847,-0.00842841,28.6084,-80.6043,28.6084,-80.6044
56.88,1227.19,1232.89,-64.938,-64.8443,-0.00942349,28.6084,-80.6043,28.6084,-80.6044
56.89,1226.54,1232.24,-64.9355,-64.8405,-0.00917982,28.6084,-80.6043,28.6084,-80.6044
56.9,1225.89,1231.72,-64.933,-64.8364,-0.00975213,28.6084,-80.6043,28.6084,-80.6044
56.91,1225.24,1231.07,-64.9305,-64.8359,-0.00909755,28.6084,-80.6043,28.6084,-80.6044
56.92,1224.59,1230.42,-64.928,-64.832,-0.009775,28.6084,-80.6043,28.6084,-80.6044
56.93,1223.94,1229.78,-64.9255,-64.8281,-0.00999978,28.6084,-80.6043,28.6084,-80.6044
56.94,1223.29,1229.13,-64.923,-64.8272,-0.00902022,28.6084,-80.6043,28.6084,-80.6044
56.95,1222.64,1228.48,-64.9205,-64.8259,-0.00839876,28.6084,-80.6043,28.6084,-80.6044
56.96,1221.99,1227.83,-64.918,-64.823,-0.00752799,28.6084,-80.6043,28.6084,-80.6044
56.97,1221.35,1227.18,-64.9155,-64.8224,-0.00715534,28.6084,-80.6043,28.6084,-80.6044
56.98,1220.7,1226.54,-64.913,-64.8181,-0.00780239,28.6084,-80.6043,28.6084,-80.6044
56.99,1220.05,1225.89,-64.9104,-64.8152,-0.00823105,28.6084,-80.6043,28.6084,-80.6044
57,1219.4,1224.96,-64.9079,-64.8131,-0.00844153,28.6084,-80.6043,28.6083,-80.6043
57.01,1218.75,1224.31,-64.9054,-64.8092,-0.00916623,28.6084,-80.6043,28.6083,-80.6043
57.02,1218.1,1223.66,-64.9029,-64.807,-0.00873512,28.6084,-80.6043,28.6083,-80.6043
57.03,1217.45,1223.01,-64.9004,-64.8064,-0.0084518,28.6084,-80.6043,28.6083,-80.6043
57.04,1216.8,1222.36,-64.8979,-64.8029,-0.00898369,28.6084,-80.6043,28.6083,-80.6043
57.05,1216.15,1221.72,-64.8954,-64.8006,-0.00883133,28.6084,-80.6043,28.6083,-80.6043
57.06,1215.5,1221.07,-64.8929,-64.7985,-0.00919118,28.6084,-80.6043,28.6083,-80.6043
57.07,1214.86,1220.42,-64.8904,-64.7941,-0.00919384,28.6084,-80.6043,28.6083,-80.6043
57.08,1214.21,1219.77,-64.8879,-64.7924,-0.00989368,28.6084,-80.6043,28.6083,-80.6043
57.09,1213.56,1219.12,-64.8854,-64.7906,-0.00906338,28.6084,-80.6043,28.6083,-80.6043
57.1,1212.91,1218.56,-64.8829,-64.7898,-0.00938968,28.6084,-80.6043,28.6083,-80.6043
57.11,1212.26,1217.91,-64.8804,-64.7869,-0.00936303,28.6084,-80.6043,28.6083,-80.6043
57.12,1211.61,1217.27,-64.8779,-64.7857,-0.00970761,28.6084,-80.6043,28.6083,-80.6043
57.13,1210.96,1216.62,-64.8754,-64.7814,-0.00955838,28.6084,-80.6043,28.6083,-80.6043
57.14,1210.31,1215.97,-64.8729,-64.7802,-0.00957463,28.6084,-80.6043,28.6083,-80.6043
57.15,1209.67,1215.32,-64.8704,-64.7769,-0.00905985,28.6084,-80.6043,28.6083,-80.6043
57.16,1209.02,1214.68,-64.8679,-64.774,-0.00835509,28.6084,-80.6043,28.6083,-80.6043
57.17,1208.37,1214.03,-64.8654,-64.7728,-0.0087528,28.6084,-80.6043,28.6083,-80.6043
57.18,1207.72,1213.38,-64.8629,-64.7688,-0.00809907,28.6084,-80.6043,28.6083,-80.6043
57.19,1207.07,1212.73,-64.8604,-64.7682,-0.00889289,28.6084,-80.6043,28.6083,-80.6043
57.2,1206.42,1211.64,-64.8579,-64.7665,-0.00866656,28.6084,-80.6043,28.6083,-80.6043
57.21,1205.77,1211,-64.8554,-64.764,-0.00851266,28.6084,-80.6043,28.6083,-80.6043
57.22,1205.12,1210.35,-64.8529,-64.7595,-0.00766115,28.6084,-80.6043,28.6083,-80.6043
57.23,1204.48,1209.7,-64.8504,-64.7561,-0.00804817,28.6084,-80.6043,28.6083,-80.6043
57.24,1203.83,1209.05,-64.8479,-64.7522,-0.00742319,28.6084,-80.6043,28.6083,-80.6043
57.25,1203.18,1208.41,-64.8454,-64.7491,-0.00753843,28.6084,-80.6043,28.6083,-80.6043
57.26,1202.53,1207.76,-64.8429,-64.7452,-0.0082251,28.6084,-80.6043,28.6083,-80.6043
57.27,1201.88,1207.11,-64.8404,-64.7422,-0.00886063,28.6084,-80.6043,28.6083,-80.6043
57.28,1201.23,1206.46,-64.8379,-64.7414,-0.00946691,28.6084,-80.6043,28.6083,-80.6043
57.29,1200.59,1205.82,-64.8354,-64.7394,-0.0093034,28.6084,-80.6043,28.6083,-80.6043
57.3,1199.94,1205.35,-64.8329,-64.7353,-0.0100755,28.6084,-80.6043,28.6083,-80.6043
57.31,1199.29,1204.7,-64.8304,-64.7341,-0.0104773,28.6084,-80.6043,28.6083,-80.6043
57.32,1198.64,1204.05,-64.8279,-64.7318,-0.0102162,28.6084,-80.6043,28.6083,-80.6043
57.33,1197.99,1203.4,-64.8254,-64.7308,-0.0102053,28.6084,-80.6043,28.6083,-80.6043
57.34,1197.34,1202.76,-64.8229,-64.7273,-0.0103616,28.6084,-80.6043,28.6083,-80.6043
57.35,1196.7,1202.11,-64.8204,-64.7263,-0.0108975,28.6084,-80.6043,28.6083,-80.6043
57.36,1196.05,1201.46,-64.8179,-64.7257,-0.0105064,28.6084,-80.6043,28.6083,-80.6043
57.37,1195.4,1200.81,-64.8154,-64.7243,-0.00957941,28.6084,-80.6043,28.6083,-80.6043
57.38,1194.75,1200.17,-64.8129,-64.7221,-0.00950818,28.6084,-80.6043,28.6083,-80.6043
57.39,1194.1,1199.52,-64.8104,-64.7184,-0.010038,28.6084,-80.6043,28.6083,-80.6043
57.4,1193.46,1199.18,-64.8079,-64.7172,-0.0105444,28.6084,-80.6043,28.6083,-80.6043
57.41,1192.81,1198.53,-64.8054,-64.7163,-0.00980642,28.6084,-80.6043,28.6083,-80.6043
57.42,1192.16,1197.88,-64.8029,-64.7147,-0.00995542,28.6084,-80.6043,28.6083,-80.6043
57.43,1191.51,1197.24,-64.8004,-64.714,-0.00969861,28.6084,-80.6043,28.6083,-80.6043
57.44,1190.86,1196.59,-64.7979,-64.7134,-0.00874864,28.6084,-80.6043,28.6083,-80.6043
57.45,1190.22,1195.94,-64.7954,-64.71,-0.00939943,28.6084,-80.6043,28.6083,-80.6043
57.46,1189.57,1195.29,-64.7929,-64.7065,-0.0103165,28.6084,-80.6043,28.6083,-80.6043
57.47,1188.92,1194.65,-64.7904,-64.7034,-0.0105825,28.6084,-80.6043,28.6083,-80.6043
57.48,1188.27,1194,-64.7879,-64.7023,-0.0112853,28.6084,-80.6043,28.6083,-80.6043
57.49,1187.62,1193.35,-64.7854,-64.7014,-0.0111067,28.6084,-80.6043,28.6083,-80.6043
57.5,1186.98,1192.55,-64.7829,-64.6998,-0.0114414,28.6084,-80.6043,28.6083,-80.6043
57.51,1186.33,1191.9,-64.7804,-64.6968,-0.0113177,28.6084,-80.6043,28.6083,-80.6043
57.52,1185.68,1191.26,-64.7779,-64.6939,-0.011547,28.6084,-80.6043,28.6083,-80.6043
57.53,1185.03,1190.61,-64.7754,-64.693,-0.0117572,28.6084,-80.6043,28.6083,-80.6043
57.54,1184.39,1189.96,-64.7729,-64.6901,-0.0122044,28.6084,-80.6043,28.6083,-80.6043
57.55,1183.74,1189.32,-64.7704,-64.687,-0.0117842,28.6084,-80.6043,28.6083,-80.6043
57.56,1183.09,1188.67,-64.7679,-64.6841,-0.0117629,28.6084,-80.6043,28.6083,-80.6043
57.57,1182.44,1188.02,-64.7654,-64.6796,-0.0126878,28.6084,-80.6043,28.6083,-80.6043
57.58,1181.79,1187.38,-64.7629,-64.6768,-0.012467,28.6084,-80.6043,28.6083,-80.6043
57.59,1181.15,1186.73,-64.7604,-64.6761,-0.012364,28.6084,-80.6043,28.6083,-80.6043
57.6,1180.5,1186.57,-64.7579,-64.6742,-0.0129253,28.6084,-80.6043,28.6083,-80.6043
57.61,1179.85,1185.92,-64.7554,-64.6726,-0.0122004,28.6084,-80.6043,28.6083,-80.6043
57.62,1179.2,1185.28,-64.7529,-64.6695,-0.012077,28.6084,-80.6043,28.6083,-80.6043
57.63,1178.56,1184.63,-64.7504,-64.6689,-0.0115657,28.6084,-80.6043,28.6083,-80.6043
57.64,1177.91,1183.98,-64.7479,-64.6678,-0.0120093,28.6084,-80.6043,28.6083,-80.6043
57.65,1177.26,1183.34,-64.7454,-64.667,-0.0114533,28.6084,-80.6043,28.6083,-80.6043
57.66,1176.61,1182.69,-64.7429,-64.6655,-0.011153,28.6084,-80.6043,28.6083,-80.6043
57.67,1175.97,1182.04,-64.7404,-64.6635,-0.0109002,28.6084,-80.6043,28.6083,-80.6043
57.68,1175.32,1181.4,-64.7379,-64.6601,-0.0103735,28.6084,-80.6043,28.6083,-80.6043
57.69,1174.67,1180.75,-64.7354,-64.6586,-0.0113256,28.6084,-80.6043,28.6083,-80.6043
57.7,1174.02,1179.97,-64.7329,-64.6565,-0.0104115,28.6084,-80.6043,28.6083,-80.6043
57.71,1173.38,1179.33,-64.7304,-64.6534,-0.00953347,28.6084,-80.6043,28.6083,-80.6043
57.72,1172.73,1178.68,-64.7279,-64.6502,-0.00954914,28.6084,-80.6043,28.6083,-80.6043
57.73,1172.08,1178.03,-64.7254,-64.6475,-0.00911264,28.6084,-80.6043,28.6083,-80.6043
57.74,1171.44,1177.39,-64.723,-64.6469,-0.00830832,28.6084,-80.6043,28.6083,-80.6043
57.75,1170.79,1176.74,-64.7205,-64.6426,-0.00864498,28.6084,-80.6043,28.6083,-80.6043
57.76,1170.14,1176.09,-64.718,-64.6409,-0.00804483,28.6084,-80.6043,28.6083,-80.6043
57.77,1169.49,1175.45,-64.7155,-64.6365,-0.00732879,28.6084,-80.6043,28.6083,-80.6043
57.78,1168.85,1174.8,-64.713,-64.6327,-0.00684409,28.6084,-80.6043,28.6083,-80.6043
57.79,1168.2,1174.15,-64.7105,-64.6322,-0.00766544,28.6084,-80.6043,28.6083,-80.6043
57.8,1167.55,1173.91,-64.708,-64.6284,-0.00709155,28.6084,-80.6043,28.6083,-80.6043
57.81,1166.91,1173.26,-64.7055,-64.6266,-0.00778072,28.6084,-80.6043,28.6083,-80.6043
57.82,1166.26,1172.62,-64.703,-64.6223,-0.00832379,28.6084,-80.6043,28.6083,-80.6043
57.83,1165.61,1171.97,-64.7005,-64.6181,-0.00891656,28.6084,-80.6043,28.6083,-80.6043
57.84,1164.96,1171.33,-64.698,-64.6166,-0.00926907,28.6084,-80.6043,28.6083,-80.6043
57.85,1164.32,1170.68,-64.6955,-64.6154,-0.0084922,28.6084,-80.6043,28.6083,-80.6043
57.86,1163.67,1170.03,-64.693,-64.614,-0.00929288,28.6084,-80.6043,28.6083,-80.6043
57.87,1163.02,1169.39,-64.6905,-64.6112,-0.00882978,28.6084,-80.6043,28.6083,-80.6043
57.88,1162.38,1168.74,-64.688,-64.6082,-0.00926942,28.6084,-80.6043,28.6083,-80.6043
57.89,1161.73,1168.1,-64.6855,-64.6046,-0.00916693,28.6084,-80.6043,28.6083,-80.6043
57.9,1161.08,1167.38,-64.683,-64.6032,-0.00995315,28.6084,-80.6043,28.6083,-80.6043
57.91,1160.44,1166.73,-64.6805,-64.5993,-0.010766,28.6084,-80.6043,28.6083,-80.6043
57.92,1159.79,1166.08,-64.678,-64.596,-0.0101081,28.6084,-80.6043,28.6083,-80.6043
57.93,1159.14,1165.44,-64.6755,-64.5921,-0.00967885,28.6084,-80.6043,28.6083,-80.6043
57.94,1158.5,1164.79,-64.673,-64.588,-0.0093456,28.6084,-80.6043,28.6083,-80.6043
57.95,1157.85,1164.15,-64.6705,-64.5855,-0.00984835,28.6084,-80.6043,28.6083,-80.6043
57.96,1157.2,1163.5,-64.6681,-64.5844,-0.00953443,28.6084,-80.6043,28.6083,-80.6043
57.97,1156.56,1162.85,-64.6656,-64.5831,-0.00978252,28.6084,-80.6043,28.6083,-80.6043
57.98,1155.91,1162.21,-64.6631,-64.5803,-0.00996459,28.6084,-80.6043,28.6083,-80.6043
57.99,1155.26,1161.56,-64.6606,-64.5773,-0.00916567,28.6084,-80.6043,28.6083,-80.6043
58,1154.62,1160.39,-64.6581,-64.5745,-0.009132,28.6084,-80.6043,28.6083,-80.6044
58.01,1153.97,1159.74,-64.6556,-64.5735,-0.00997446,28.6084,-80.6043,28.6083,-80.6044
58.02,1153.32,1159.1,-64.6531,-64.5704,-0.00923528,28.6084,-80.6043,28.6083,-80.6044
58.03,1152.68,1158.45,-64.6506,-64.5676,-0.00873026,28.6084,-80.6043,28.6083,-80.6044
58.04,1152.03,1157.8,-64.6481,-64.5642,-0.00854103,28.6084,-80.6043,28.6083,-80.6044
58.05,1151.38,1157.16,-64.6456,-64.5603,-0.00869541,28.6084,-80.6043,28.6083,-80.6044
58.06,1150.74,1156.51,-64.6431,-64.5582,-0.00833137,28.6084,-80.6043,28.6083,-80.6044
58.07,1150.09,1155.87,-64.6406,-64.5571,-0.00864761,28.6084,-80.6043,28.6083,-80.6044
58.08,1149.44,1155.22,-64.6381,-64.5552,-0.00836969,28.6084,-80.6043,28.6083,-80.6044
58.09,1148.8,1154.58,-64.6356,-64.5524,-0.00837742,28.6084,-80.6043,28.6083,-80.6044
58.1,1148.15,1154.1,-64.6331,-64.5507,-0.00778572,28.6084,-80.6043,28.6083,-80.6044
58.11,1147.51,1153.46,-64.6307,-64.5467,-0.00837609,28.6084,-80.6043,28.6083,-80.6044
58.12,1146.86,1152.81,-64.6282,-64.5442,-0.00783391,28.6084,-80.6043,28.6083,-80.6044
58.13,1146.21,1152.17,-64.6257,-64.5406,-0.00879923,28.6084,-80.6043,28.6083,-80.6044
58.14,1145.57,1151.52,-64.6232,-64.5365,-0.00891187,28.6084,-80.6043,28.6083,-80.6044
58.15,1144.92,1150.88,-64.6207,-64.5356,-0.0083512,28.6084,-80.6043,28.6083,-80.6044
58.16,1144.27,1150.23,-64.6182,-64.5321,-0.0084411,28.6084,-80.6043,28.6083,-80.6044
58.17,1143.63,1149.59,-64.6157,-64.5299,-0.00817786,28.6084,-80.6043,28.6083,-80.6044
58.18,1142.98,1148.94,-64.6132,-64.5293,-0.00882093,28.6084,-80.6043,28.6083,-80.6044
58.19,1142.34,1148.3,-64.6107,-64.5274,-0.00856812,28.6084,-80.6043,28.6083,-80.6044
58.2,1141.69,1148.01,-64.6082,-64.5268,-0.00802488,28.6084,-80.6043,28.6083,-80.6044
58.21,1141.04,1147.36,-64.6057,-64.5261,-0.00720682,28.6084,-80.6043,28.6083,-80.6044
58.22,1140.4,1146.72,-64.6032,-64.524,-0.00809639,28.6084,-80.6043,28.6083,-80.6044
58.23,1139.75,1146.07,-64.6008,-64.5214,-0.00713163,28.6084,-80.6043,28.6083,-80.6044
58.24,1139.11,1145.43,-64.5983,-64.5187,-0.00644381,28.6084,-80.6043,28.6083,-80.6044
58.25,1138.46,1144.78,-64.5958,-64.5151,-0.00659692,28.6084,-80.6043,28.6083,-80.6044
58.26,1137.81,1144.14,-64.5933,-64.5117,-0.00563083,28.6084,-80.6043,28.6083,-80.6044
58.27,1137.17,1143.49,-64.5908,-64.5075,-0.00565757,28.6084,-80.6043,28.6083,-80.6044
58.28,1136.52,1142.85,-64.5883,-64.504,-0.00477501,28.6084,-80.6043,28.6083,-80.6044
58.29,1135.88,1142.2,-64.5858,-64.5019,-0.00537271,28.6084,-80.6043,28.6083,-80.6044
58.3,1135.23,1141.71,-64.5833,-64.5013,-0.00601892,28.6084,-80.6043,28.6083,-80.6044
58.31,1134.58,1141.07,-64.5808,-64.4969,-0.00581322,28.6084,-80.6043,28.6083,-80.6044
58.32,1133.94,1140.42,-64.5783,-64.4941,-0.00576476,28.6084,-80.6043,28.6083,-80.6044
58.33,1133.29,1139.78,-64.5758,-64.4904,-0.00487754,28.6084,-80.6043,28.6083,-80.6044
58.34,1132.65,1139.13,-64.5734,-64.4894,-0.00426581,28.6084,-80.6043,28.6083,-80.6044
58.35,1132,1138.49,-64.5709,-64.486,-0.00486455,28.6084,-80.6043,28.6083,-80.6044
58.36,1131.36,1137.84,-64.5684,-64.4835,-0.00461602,28.6084,-80.6043,28.6083,-80.6044
58.37,1130.71,1137.2,-64.5659,-64.4806,-0.00448073,28.6084,-80.6043,28.6083,-80.6044
58.38,1130.06,1136.55,-64.5634,-64.4794,-0.00433096,28.6084,-80.6043,28.6083,-80.6044
58.39,1129.42,1135.91,-64.5609,-64.4785,-0.00529864,28.6084,-80.6043,28.6083,-80.6044
58.4,1128.77,1135.19,-64.5584,-64.4766,-0.00521376,28.6084,-80.6043,28.6083,-80.6044
58.41,1128.13,1134.54,-64.5559,-64.4731,-0.00528099,28.6084,-80.6043,28.6083,-80.6044
58.42,1127.48,1133.9,-64.5534,-64.4718,-0.00609374,28.6084,-80.6043,28.6083,-80.6044
58.43,1126.84,1133.25,-64.5509,-64.4697,-0.00586393,28.6084,-80.6043,28.6083,-80.6044
58.44,1126.19,1132.61,-64.5485,-64.468,-0.00597384,28.6084,-80.6043,28.6083,-80.6044
58.45,1125.55,1131.96,-64.546,-64.4643,-0.00645793,28.6084,-80.6043,28.6083,-80.6044
58.46,1124.9,1131.32,-64.5435,-64.4601,-0.00666863,28.6084,-80.6043,28.6083,-80.6044
58.47,1124.26,1130.68,-64.541,-64.4562,-0.00674522,28.6084,-80.6043,28.6083,-80.6044
58.48,1123.61,1130.03,-64.5385,-64.455,-0.00615248,28.6084,-80.6043,28.6083,-80.6044
58.49,1122.96,1129.39,-64.536,-64.4521,-0.00518884,28.6084,-80.6043,28.6083,-80.6044
58.5,1122.32,1128.52,-64.5335,-64.4495,-0.0045629,28.6084,-80.6043,28.6083,-80.6044
58.51,1121.67,1127.87,-64.531,-64.4471,-0.00475194,28.6084,-80.6043,28.6083,-80.6044
58.52,1121.03,1127.23,-64.5286,-64.4463,-0.00513569,28.6084,-80.6043,28.6083,-80.6044
58.53,1120.38,1126.58,-64.5261,-64.4419,-0.00577391,28.6084,-80.6043,28.6083,-80.6044
58.54,1119.74,1125.94,-64.5236,-64.4401,-0.00610695,28.6084,-80.6043,28.6083,-80.6044
58.55,1119.09,1125.29,-64.5211,-64.4368,-0.00699497,28.6084,-80.6043,28.6083,-80.6044
58.56,1118.45,1124.65,-64.5186,-64.4336,-0.00761554,28.6084,-80.6043,28.6083,-80.6044
58.57,1117.8,1124.01,-64.5161,-64.432,-0.007089,28.6084,-80.6043,28.6083,-80.6044
58.58,1117.16,1123.36,-64.5136,-64.4291,-0.00631055,28.6084,-80.6043,28.6083,-80.6044
58.59,1116.51,1122.72,-64.5111,-64.4284,-0.00722571,28.6084,-80.6043,28.6083,-80.6044
58.6,1115.87,1121.67,-64.5087,-64.4252,-0.00759371,28.6084,-80.6043,28.6083,-80.6044
58.61,1115.22,1121.02,-64.5062,-64.4208,-0.00825619,28.6084,-80.6043,28.6083,-80.6044
58.62,1114.58,1120.38,-64.5037,-64.4185,-0.00875292,28.6084,-80.6043,28.6083,-80.6044
58.63,1113.93,1119.74,-64.5012,-64.4142,-0.00964503,28.6084,-80.6043,28.6083,-80.6044
58.64,1113.29,1119.09,-64.4987,-64.4128,-0.00969155,28.6084,-80.6043,28.6083,-80.6044
58.65,1112.64,1118.45,-64.4962,-64.4088,-0.00923613,28.6084,-80.6043,28.6083,-80.6044
58.66,1112,1117.8,-64.4937,-64.4059,-0.00969135,28.6084,-80.6043,28.6083,-80.6044
58.67,1111.35,1117.16,-64.4913,-64.4022,-0.00884987,28.6084,-80.6043,28.6083,-80.6044
58.68,1110.71,1116.52,-64.4888,-64.4007,-0.00790889,28.6084,-80.6043,28.6083,-80.6044
58.69,1110.06,1115.87,-64.4863,-64.3993,-0.00773643,28.6084,-80.6043,28.6083,-80.6044
58.7,1109.42,1114.8,-64.4838,-64.396,-0.00813438,28.6084,-80.6043,28.6083,-80.6044
58.71,1108.77,1114.16,-64.4813,-64.3945,-0.00798367,28.6084,-80.6043,28.6083,-80.6044
58.72,1108.13,1113.52,-64.4788,-64.3939,-0.00802186,28.6084,-80.6043,28.6083,-80.6044
58.73,1107.48,1112.87,-64.4763,-64.3916,-0.00886749,28.6084,-80.6043,28.6083,-80.6044
58.74,1106.84,1112.23,-64.4739,-64.389,-0.00957627,28.6084,-80.6043,28.6083,-80.6044
58.75,1106.19,1111.58,-64.4714,-64.387,-0.00956982,28.6084,-80.6043,28.6083,-80.6044
58.76,1105.55,1110.94,-64.4689,-64.3856,-0.00944593,28.6084,-80.6043,28.6083,-80.6044
58.77,1104.9,1110.3,-64.4664,-64.3813,-0.00950008,28.6084,-80.6043,28.6083,-80.6044
58.78,1104.26,1109.65,-64.4639,-64.3787,-0.00850254,28.6084,-80.6043,28.6083,-80.6044
58.79,1103.62,1109.01,-64.4614,-64.3754,-0.00949491,28.6084,-80.6043,28.6083,-80.6044
58.8,1102.97,1108.79,-64.4589,-64.3715,-0.00962673,28.6084,-80.6043,28.6083,-80.6044
58.81,1102.33,1108.15,-64.4565,-64.3685,-0.0101794,28.6084,-80.6043,28.6083,-80.6044
58.82,1101.68,1107.5,-64.454,-64.3659,-0.0103977,28.6084,-80.6043,28.6083,-80.6044
58.83,1101.04,1106.86,-64.4515,-64.3646,-0.00983329,28.6084,-80.6043,28.6083,-80.6044
58.84,1100.39,1106.21,-64.449,-64.3602,-0.00905729,28.6084,-80.6043,28.6083,-80.6044
58.85,1099.75,1105.57,-64.4465,-64.3594,-0.00959144,28.6084,-80.6043,28.6083,-80.6044
58.86,1099.1,1104.93,-64.444,-64.3559,-0.00927426,28.6084,-80.6043,28.6083,-80.6044
58.87,1098.46,1104.28,-64.4416,-64.3544,-0.00976939,28.6084,-80.6043,28.6083,-80.6044
58.88,1097.82,1103.64,-64.4391,-64.3534,-0.0101109,28.6084,-80.6043,28.6083,-80.6044
58.89,1097.17,1103,-64.4366,-64.3498,-0.0105733,28.6084,-80.6043,28.6083,-80.6044
58.9,1096.53,1101.99,-64.4341,-64.3464,-0.0110154,28.6084,-80.6043,28.6083,-80.6044
58.91,1095.88,1101.35,-64.4316,-64.344,-0.0115677,28.6084,-80.6043,28.6083,-80.6044
58.92,1095.24,1100.7,-64.4291,-64.3396,-0.0109448,28.6084,-80.6043,28.6083,-80.6044
58.93,1094.59,1100.06,-64.4267,-64.3383,-0.0106061,28.6084,-80.6043,28.6083,-80.6044
58.94,1093.95,1099.42,-64.4242,-64.3345,-0.0114296,28.6084,-80.6043,28.6083,-80.6044
58.95,1093.3,1098.77,-64.4217,-64.3336,-0.0115661,28.6084,-80.6043,28.6083,-80.6044
58.96,1092.66,1098.13,-64.4192,-64.3322,-0.0119118,28.6084,-80.6043,28.6083,-80.6044
58.97,1092.02,1097.49,-64.4167,-64.3279,-0.0116775,28.6084,-80.6043,28.6083,-80.6044
58.98,1091.37,1096.84,-64.4142,-64.3253,-0.0111753,28.6084,-80.6043,28.6083,-80.6044
58.99,1090.73,1096.2,-64.4118,-64.3225,-0.0113567,28.6084,-80.6043,28.6083,-80.6044
59,1090.08,1095.37,-64.4093,-64.3186,-0.0107024,28.6084,-80.6043,28.6084,-80.6044
59.01,1089.44,1094.73,-64.4068,-64.3174,-0.011544,28.6084,-80.6043,28.6084,-80.6044
59.02,1088.8,1094.09,-64.4043,-64.3161,-0.0107742,28.6084,-80.6043,28.6084,-80.6044
59.03,1088.15,1093.44,-64.4018,-64.3151,-0.0107982,28.6084,-80.6043,28.6084,-80.6044
59.04,1087.51,1092.8,-64.3994,-64.3131,-0.0109676,28.6084,-80.6043,28.6084,-80.6044
59.05,1086.86,1092.16,-64.3969,-64.3098,-0.0112917,28.6084,-80.6043,28.6084,-80.6044
59.06,1086.22,1091.51,-64.3944,-64.3084,-0.0104229,28.6084,-80.6043,28.6084,-80.6044
59.07,1085.58,1090.87,-64.3919,-64.3079,-0.0113388,28.6084,-80.6043,28.6084,-80.6044
59.08,1084.93,1090.23,-64.3894,-64.3073,-0.0121173,28.6084,-80.6043,28.6084,-80.6044
59.09,1084.29,1089.58,-64.3869,-64.305,-0.0126193,28.6084,-80.6043,28.6084,-80.6044
59.1,1083.64,1088.98,-64.3845,-64.3027,-0.012734,28.6084,-80.6043,28.6084,-80.6044
59.11,1083,1088.34,-64.382,-64.2988,-0.0133464,28.6084,-80.6043,28.6084,-80.6044
59.12,1082.36,1087.7,-64.3795,-64.2965,-0.0136093,28.6084,-80.6043,28.6084,-80.6044
59.13,1081.71,1087.06,-64.377,-64.2959,-0.0140343,28.6084,-80.6043,28.6084,-80.6044
59.14,1081.07,1086.41,-64.3745,-64.2932,-0.0139922,28.6084,-80.6043,28.6084,-80.6044
59.15,1080.43,1085.77,-64.3721,-64.2912,-0.0130269,28.6084,-80.6043,28.6084,-80.6044
59.16,1079.78,1085.13,-64.3696,-64.2902,-0.0124765,28.6084,-80.6043,28.6084,-80.6044
59.17,1079.14,1084.48,-64.3671,-64.289,-0.0134324,28.6084,-80.6043,28.6084,-80.6044
59.18,1078.49,1083.84,-64.3646,-64.2849,-0.013073,28.6084,-80.6043,28.6084,-80.6044
59.19,1077.85,1083.2,-64.3621,-64.2828,-0.0134303,28.6084,-80.6043,28.6084,-80.6044
59.2,1077.21,1083.06,-64.3597,-64.2808,-0.0129604,28.6084,-80.6043,28.6084,-80.6044
59.21,1076.56,1082.42,-64.3572,-64.2781,-0.0124759,28.6084,-80.6043,28.6084,-80.6044
59.22,1075.92,1081.77,-64.3547,-64.2752,-0.0127787,28.6084,-80.6043,28.6084,-80.6044
59.23,1075.28,1081.13,-64.3522,-64.2714,-0.0136508,28.6084,-80.6043,28.6084,-80.6044
59.24,1074.63,1080.49,-64.3498,-64.2685,-0.014069,28.6084,-80.6043,28.6084,-80.6044
59.25,1073.99,1079.85,-64.3473,-64.266,-0.0141415,28.6084,-80.6043,28.6084,-80.6044
59.26,1073.35,1079.2,-64.3448,-64.2645,-0.0137407,28.6084,-80.6043,28.6084,-80.6044
59.27,1072.7,1078.56,-64.3423,-64.2603,-0.0135034,28.6084,-80.6043,28.6084,-80.6044
59.28,1072.06,1077.92,-64.3398,-64.2569,-0.0140802,28.6084,-80.6043,28.6084,-80.6044
59.29,1071.42,1077.28,-64.3374,-64.2558,-0.014581,28.6084,-80.6043,28.6084,-80.6044
59.3,1070.77,1076.45,-64.3349,-64.253,-0.0152796,28.6084,-80.6043,28.6084,-80.6044
59.31,1070.13,1075.81,-64.3324,-64.251,-0.0155948,28.6084,-80.6043,28.6084,-80.6044
59.32,1069.49,1075.17,-64.3299,-64.2489,-0.0160756,28.6084,-80.6043,28.6084,-80.6044
59.33,1068.84,1074.52,-64.3275,-64.2483,-0.0154641,28.6084,-80.6043,28.6084,-80.6044
59.34,1068.2,1073.88,-64.325,-64.2455,-0.0156368,28.6084,-80.6043,28.6084,-80.6044
59.35,1067.56,1073.24,-64.3225,-64.2428,-0.0163786,28.6084,-80.6043,28.6084,-80.6044
59.36,1066.91,1072.6,-64.32,-64.2394,-0.0168127,28.6084,-80.6043,28.6084,-80.6044
59.37,1066.27,1071.95,-64.3175,-64.2361,-0.0176363,28.6084,-80.6043,28.6084,-80.6044
59.38,1065.63,1071.31,-64.3151,-64.235,-0.0170698,28.6084,-80.6043,28.6084,-80.6044
59.39,1064.98,1070.67,-64.3126,-64.2318,-0.0172162,28.6084,-80.6043,28.6084,-80.6044
59.4,1064.34,1069.89,-64.3101,-64.2302,-0.0179171,28.6084,-80.6043,28.6084,-80.6044
59.41,1063.7,1069.25,-64.3076,-64.227,-0.0187698,28.6084,-80.6043,28.6084,-80.6044
59.42,1063.05,1068.61,-64.3052,-64.2253,-0.0183322,28.6084,-80.6043,28.6084,-80.6044
59.43,1062.41,1067.96,-64.3027,-64.2237,-0.0184049,28.6084,-80.6043,28.6084,-80.6044
59.44,1061.77,1067.32,-64.3002,-64.2194,-0.0176777,28.6084,-80.6043,28.6084,-80.6044
59.45,1061.13,1066.68,-64.2977,-64.2164,-0.0179675,28.6084,-80.6043,28.6084,-80.6044
59.46,1060.48,1066.04,-64.2953,-64.2151,-0.017054,28.6084,-80.6043,28.6084,-80.6044
59.47,1059.84,1065.4,-64.2928,-64.2116,-0.0171006,28.6084,-80.6043,28.6084,-80.6044
59.48,1059.2,1064.75,-64.2903,-64.2072,-0.0169613,28.6084,-80.6043,28.6084,-80.6044
59.49,1058.55,1064.11,-64.2878,-64.2065,-0.0171763,28.6084,-80.6043,28.6084,-80.6044
59.5,1057.91,1063.98,-64.2854,-64.2055,-0.0178027,28.6084,-80.6043,28.6084,-80.6044
59.51,1057.27,1063.34,-64.2829,-64.2045,-0.0169905,28.6084,-80.6043,28.6084,-80.6044
59.52,1056.63,1062.7,-64.2804,-64.2032,-0.0169321,28.6084,-80.6043,28.6084,-80.6044
59.53,1055.98,1062.06,-64.2779,-64.2,-0.0161199,28.6084,-80.6043,28.6084,-80.6044
59.54,1055.34,1061.41,-64.2755,-64.1957,-0.0151615,28.6084,-80.6043,28.6084,-80.6044
59.55,1054.7,1060.77,-64.273,-64.195,-0.0148956,28.6084,-80.6043,28.6084,-80.6044
59.56,1054.05,1060.13,-64.2705,-64.1906,-0.015637,28.6084,-80.6043,28.6084,-80.6044
59.57,1053.41,1059.49,-64.268,-64.1864,-0.0152605,28.6084,-80.6043,28.6084,-80.6044
59.58,1052.77,1058.85,-64.2656,-64.1843,-0.0154761,28.6084,-80.6043,28.6084,-80.6044
59.59,1052.13,1058.21,-64.2631,-64.1812,-0.0159196,28.6084,-80.6043,28.6084,-80.6044
59.6,1051.48,1057.43,-64.2606,-64.1807,-0.0168964,28.6084,-80.6043,28.6084,-80.6044
59.61,1050.84,1056.79,-64.2581,-64.1782,-0.0163455,28.6084